airport,year,month,arr_flights,arr_del15,carrier_ct,weather_ct,nas_ct,security_ct,late_aircraft_ct,arr_cancelled,arr_diverted,arr_delay,carrier_delay,weather_delay,nas_delay,security_delay,late_aircraft_delay,airport_name
ABE,2025,8,424.0,97.0,32.33,10.100000000000001,12.15,0.0,42.42,4.0,0.0,7910.0,1992.0,1894.0,503.0,0.0,3521.0,"Allentown/Bethlehem/Easton, PA: Lehigh Valley International"
ABE,2025,9,388.0,54.0,15.05,5.779999999999999,14.92,0.0,18.23,0.0,0.0,3098.0,698.0,310.0,615.0,0.0,1475.0,"Allentown/Bethlehem/Easton, PA: Lehigh Valley International"
ABE,2025,10,441.0,83.0,30.64,3.48,16.01,0.0,32.86,0.0,0.0,4760.0,1876.0,357.0,600.0,0.0,1927.0,"Allentown/Bethlehem/Easton, PA: Lehigh Valley International"
ABE,2025,11,432.0,93.0,27.76,5.07,19.26,0.43,40.48,13.0,1.0,7057.0,2109.0,394.0,952.0,13.0,3589.0,"Allentown/Bethlehem/Easton, PA: Lehigh Valley International"
ABE,2025,12,449.0,136.0,44.39,7.01,24.35,0.0,60.24,12.0,0.0,12230.0,3654.0,1907.0,1179.0,0.0,5490.0,"Allentown/Bethlehem/Easton, PA: Lehigh Valley International"
ABE,2026,1,384.0,91.0,31.560000000000002,3.54,12.260000000000002,0.0,43.629999999999995,25.0,1.0,10039.0,2866.0,1154.0,843.0,0.0,5176.0,"Allentown/Bethlehem/Easton, PA: Lehigh Valley International"
ABE,2026,2,366.0,78.0,21.28,1.18,27.32,0.0,28.23,18.0,0.0,7432.0,1627.0,1318.0,1918.0,0.0,2569.0,"Allentown/Bethlehem/Easton, PA: Lehigh Valley International"
ABE,2026,3,423.0,120.0,29.17,7.3,29.87,0.11,53.56,17.0,1.0,9848.0,2826.0,563.0,1309.0,3.0,5147.0,"Allentown/Bethlehem/Easton, PA: Lehigh Valley International"
ABE,2026,4,388.0,104.0,28.11,1.7600000000000002,24.25,0.0,49.870000000000005,3.0,0.0,7173.0,1806.0,197.0,1059.0,0.0,4111.0,"Allentown/Bethlehem/Easton, PA: Lehigh Valley International"
ABE,2026,5,430.0,109.0,26.919999999999998,7.2,26.43,0.0,48.45,3.0,0.0,6820.0,1621.0,379.0,1475.0,0.0,3345.0,"Allentown/Bethlehem/Easton, PA: Lehigh Valley International"
ABE,2026,6,490.0,133.0,40.68,7.8100000000000005,27.27,0.0,57.25,10.0,2.0,13438.0,4241.0,2196.0,1880.0,0.0,5121.0,"Allentown/Bethlehem/Easton, PA: Lehigh Valley International"
ABE,2026,7,510.0,159.0,44.82,16.2,34.06,0.36,63.559999999999995,19.0,2.0,16878.0,5010.0,2792.0,2558.0,33.0,6485.0,"Allentown/Bethlehem/Easton, PA: Lehigh Valley International"
ABI,2025,8,151.0,40.0,5.8,2.62,9.26,0.0,22.32,2.0,0.0,2551.0,220.0,222.0,402.0,0.0,1707.0,"Abilene, TX: Abilene Regional"
ABI,2025,9,145.0,35.0,13.2,1.13,9.8,0.0,10.88,2.0,0.0,1602.0,506.0,45.0,409.0,0.0,642.0,"Abilene, TX: Abilene Regional"
ABI,2025,10,150.0,31.0,8.35,3.15,7.69,0.0,11.8,3.0,0.0,1634.0,294.0,228.0,328.0,0.0,784.0,"Abilene, TX: Abilene Regional"
ABI,2025,11,142.0,23.0,6.55,1.18,6.74,0.0,8.54,6.0,0.0,1310.0,209.0,90.0,419.0,0.0,592.0,"Abilene, TX: Abilene Regional"
ABI,2025,12,148.0,27.0,8.83,1.82,1.36,0.0,14.99,0.0,0.0,1308.0,435.0,61.0,42.0,0.0,770.0,"Abilene, TX: Abilene Regional"
ABI,2026,1,148.0,18.0,7.99,0.78,2.31,0.0,6.91,13.0,0.0,877.0,277.0,67.0,67.0,0.0,466.0,"Abilene, TX: Abilene Regional"
ABI,2026,2,124.0,15.0,7.04,0.0,2.47,0.0,5.5,1.0,0.0,795.0,394.0,0.0,91.0,0.0,310.0,"Abilene, TX: Abilene Regional"
ABI,2026,3,195.0,24.0,7.9399999999999995,2.0,2.35,0.0,11.71,1.0,0.0,1362.0,446.0,114.0,79.0,0.0,723.0,"Abilene, TX: Abilene Regional"
ABI,2026,4,236.0,42.0,14.88,4.43,5.77,0.0,16.92,1.0,0.0,2623.0,745.0,523.0,219.0,0.0,1136.0,"Abilene, TX: Abilene Regional"
ABI,2026,5,244.0,41.0,20.95,0.22,5.38,0.0,14.45,5.0,0.0,2888.0,1091.0,34.0,310.0,0.0,1453.0,"Abilene, TX: Abilene Regional"
ABI,2026,6,262.0,45.0,20.08,3.16,8.11,0.0,13.65,4.0,2.0,3185.0,665.0,441.0,607.0,0.0,1472.0,"Abilene, TX: Abilene Regional"
ABI,2026,7,274.0,52.0,18.35,2.89,14.149999999999999,0.0,16.619999999999997,0.0,0.0,3188.0,890.0,247.0,807.0,0.0,1244.0,"Abilene, TX: Abilene Regional"
ABQ,2025,8,2274.0,469.0,158.54,10.9,61.190000000000005,0.75,237.64,17.0,2.0,29709.0,8651.0,1389.0,3049.0,15.0,16605.0,"Albuquerque, NM: Albuquerque International Sunport"
ABQ,2025,9,2165.0,401.0,136.33,12.83,77.66,0.0,174.19,9.0,0.0,20161.0,6032.0,1040.0,3325.0,0.0,9764.0,"Albuquerque, NM: Albuquerque International Sunport"
ABQ,2025,10,2491.0,470.0,170.08,5.87,75.31,0.0,218.74,11.0,0.0,25085.0,9768.0,586.0,2640.0,0.0,12091.0,"Albuquerque, NM: Albuquerque International Sunport"
ABQ,2025,11,2116.0,344.0,132.4,16.380000000000003,49.65,0.92,144.64000000000001,30.0,0.0,19338.0,7849.0,1240.0,1940.0,36.0,8273.0,"Albuquerque, NM: Albuquerque International Sunport"
ABQ,2025,12,2164.0,465.0,171.64999999999998,7.82,47.37,0.0,238.16999999999996,7.0,2.0,26739.0,9022.0,577.0,2053.0,0.0,15087.0,"Albuquerque, NM: Albuquerque International Sunport"
ABQ,2026,1,1842.0,285.0,106.51,7.36,48.15,3.6,119.37,42.0,0.0,14561.0,5154.0,578.0,2229.0,237.0,6363.0,"Albuquerque, NM: Albuquerque International Sunport"
ABQ,2026,2,1745.0,271.0,103.49,9.0,45.260000000000005,0.42,112.83000000000001,5.0,4.0,13723.0,5071.0,383.0,1870.0,11.0,6388.0,"Albuquerque, NM: Albuquerque International Sunport"
ABQ,2026,3,2082.0,419.0,168.69,12.5,34.16,0.69,202.97,24.0,0.0,27363.0,11200.0,1082.0,2107.0,24.0,12950.0,"Albuquerque, NM: Albuquerque International Sunport"
ABQ,2026,4,2061.0,440.0,150.21,16.32,70.18,0.0,203.3,6.0,5.0,23964.0,7441.0,1670.0,2971.0,0.0,11882.0,"Albuquerque, NM: Albuquerque International Sunport"
ABQ,2026,5,2243.0,521.0,207.32,15.629999999999999,59.5,0.09,238.45999999999998,19.0,8.0,29865.0,11368.0,1418.0,2399.0,4.0,14676.0,"Albuquerque, NM: Albuquerque International Sunport"
ABQ,2026,6,2251.0,638.0,240.37,20.48,78.82,0.0,298.34,20.0,2.0,35725.0,12202.0,2367.0,3229.0,0.0,17927.0,"Albuquerque, NM: Albuquerque International Sunport"
ABQ,2026,7,2316.0,617.0,226.32999999999998,15.620000000000001,83.07000000000001,1.06,289.92,17.0,3.0,41845.0,14516.0,1668.0,3762.0,33.0,21716.0,"Albuquerque, NM: Albuquerque International Sunport"
ABR,2025,8,62.0,4.0,2.0,1.0,1.0,0.0,0.0,0.0,1.0,113.0,71.0,16.0,26.0,0.0,0.0,"Aberdeen, SD: Aberdeen Regional"
ABR,2025,9,60.0,3.0,1.94,1.0,0.06,0.0,0.0,0.0,0.0,80.0,45.0,34.0,1.0,0.0,0.0,"Aberdeen, SD: Aberdeen Regional"
ABR,2025,10,77.0,4.0,2.0,1.99,0.01,0.0,0.0,0.0,0.0,320.0,34.0,284.0,2.0,0.0,0.0,"Aberdeen, SD: Aberdeen Regional"
ABR,2025,11,73.0,5.0,1.93,1.58,1.49,0.0,0.0,3.0,0.0,1227.0,460.0,655.0,112.0,0.0,0.0,"Aberdeen, SD: Aberdeen Regional"
ABR,2025,12,59.0,19.0,11.54,5.32,2.14,0.0,0.0,1.0,0.0,2891.0,2070.0,646.0,175.0,0.0,0.0,"Aberdeen, SD: Aberdeen Regional"
ABR,2026,1,61.0,12.0,6.07,3.0,2.93,0.0,0.0,2.0,0.0,825.0,272.0,393.0,160.0,0.0,0.0,"Aberdeen, SD: Aberdeen Regional"
ABR,2026,2,56.0,11.0,8.23,1.19,1.58,0.0,0.0,1.0,0.0,1298.0,1183.0,40.0,75.0,0.0,0.0,"Aberdeen, SD: Aberdeen Regional"
ABR,2026,3,62.0,11.0,9.71,1.0,0.29,0.0,0.0,3.0,1.0,587.0,334.0,244.0,9.0,0.0,0.0,"Aberdeen, SD: Aberdeen Regional"
ABR,2026,4,60.0,7.0,3.67,2.0,1.33,0.0,0.0,1.0,0.0,381.0,112.0,205.0,64.0,0.0,0.0,"Aberdeen, SD: Aberdeen Regional"
ABR,2026,5,62.0,6.0,3.12,2.0,0.88,0.0,0.0,0.0,0.0,971.0,87.0,842.0,42.0,0.0,0.0,"Aberdeen, SD: Aberdeen Regional"
ABR,2026,6,60.0,4.0,2.74,0.0,1.26,0.0,0.0,0.0,0.0,347.0,248.0,0.0,99.0,0.0,0.0,"Aberdeen, SD: Aberdeen Regional"
ABR,2026,7,62.0,8.0,5.95,2.0,0.05,0.0,0.0,0.0,1.0,1400.0,1329.0,58.0,13.0,0.0,0.0,"Aberdeen, SD: Aberdeen Regional"
ABY,2025,8,87.0,28.0,18.94,5.0,4.06,0.0,0.0,1.0,0.0,3367.0,1966.0,1125.0,276.0,0.0,0.0,"Albany, GA: Southwest Georgia Regional"
ABY,2025,9,86.0,13.0,5.34,0.0,0.96,0.0,6.7,0.0,0.0,669.0,294.0,0.0,54.0,0.0,321.0,"Albany, GA: Southwest Georgia Regional"
ABY,2025,10,88.0,12.0,9.020000000000001,1.39,1.19,0.0,0.39,0.0,0.0,848.0,775.0,28.0,32.0,0.0,13.0,"Albany, GA: Southwest Georgia Regional"
ABY,2025,11,84.0,13.0,10.18,0.04,1.5,0.0,1.27,6.0,0.0,1117.0,834.0,7.0,76.0,0.0,200.0,"Albany, GA: Southwest Georgia Regional"
ABY,2025,12,79.0,27.0,15.719999999999999,4.8,0.36,0.0,6.12,1.0,0.0,3764.0,1974.0,1108.0,99.0,0.0,583.0,"Albany, GA: Southwest Georgia Regional"
ABY,2026,1,83.0,10.0,4.35,0.0,2.74,0.0,2.91,6.0,0.0,354.0,164.0,0.0,71.0,0.0,119.0,"Albany, GA: Southwest Georgia Regional"
ABY,2026,2,78.0,9.0,2.16,0.96,1.98,0.0,3.9,0.0,1.0,438.0,84.0,26.0,84.0,0.0,244.0,"Albany, GA: Southwest Georgia Regional"
ABY,2026,3,92.0,28.0,11.85,0.91,5.5,0.0,9.74,2.0,0.0,1775.0,979.0,87.0,196.0,0.0,513.0,"Albany, GA: Southwest Georgia Regional"
ABY,2026,4,90.0,28.0,8.96,3.05,4.89,0.0,11.11,1.0,0.0,2298.0,321.0,855.0,154.0,0.0,968.0,"Albany, GA: Southwest Georgia Regional"
ABY,2026,5,93.0,28.0,9.55,0.78,6.67,0.0,11.0,0.0,0.0,1932.0,660.0,31.0,348.0,0.0,893.0,"Albany, GA: Southwest Georgia Regional"
ABY,2026,6,90.0,22.0,7.54,1.0,3.32,0.0,10.14,0.0,0.0,1095.0,321.0,16.0,256.0,0.0,502.0,"Albany, GA: Southwest Georgia Regional"
ABY,2026,7,92.0,34.0,10.01,1.19,5.09,0.0,17.72,2.0,1.0,3163.0,906.0,42.0,324.0,0.0,1891.0,"Albany, GA: Southwest Georgia Regional"
ACK,2025,8,543.0,68.0,20.21,0.39,16.59,0.0,30.810000000000002,1.0,1.0,4196.0,1129.0,22.0,810.0,0.0,2235.0,"Nantucket, MA: Nantucket Memorial"
ACK,2025,9,222.0,34.0,13.8,1.39,6.17,0.0,12.639999999999999,0.0,0.0,1742.0,634.0,93.0,203.0,0.0,812.0,"Nantucket, MA: Nantucket Memorial"
ACK,2025,10,71.0,15.0,1.99,1.21,5.38,0.0,6.42,3.0,1.0,1157.0,162.0,173.0,316.0,0.0,506.0,"Nantucket, MA: Nantucket Memorial"
ACK,2026,5,80.0,17.0,4.76,2.6,5.24,0.0,4.4,1.0,0.0,989.0,235.0,206.0,250.0,0.0,298.0,"Nantucket, MA: Nantucket Memorial"
ACK,2026,6,416.0,71.0,17.36,2.83,25.6,0.0,25.22,5.0,4.0,4333.0,1066.0,451.0,995.0,0.0,1821.0,"Nantucket, MA: Nantucket Memorial"
ACK,2026,7,607.0,131.0,31.18,3.3600000000000003,41.85,0.0,54.620000000000005,60.0,6.0,10266.0,1803.0,1110.0,1763.0,0.0,5590.0,"Nantucket, MA: Nantucket Memorial"
ACT,2025,8,95.0,29.0,10.18,2.23,5.01,0.0,11.58,2.0,0.0,1456.0,266.0,352.0,187.0,0.0,651.0,"Waco, TX: Waco Regional"
ACT,2025,9,90.0,17.0,6.7,2.22,3.13,0.0,4.95,1.0,0.0,1480.0,390.0,101.0,231.0,0.0,758.0,"Waco, TX: Waco Regional"
ACT,2025,10,92.0,16.0,4.84,0.64,2.2199999999999998,0.0,8.31,1.0,0.0,768.0,177.0,67.0,59.0,0.0,465.0,"Waco, TX: Waco Regional"
ACT,2025,11,87.0,18.0,6.01,1.42,2.56,0.0,8.02,12.0,0.0,1618.0,343.0,593.0,100.0,0.0,582.0,"Waco, TX: Waco Regional"
ACT,2025,12,91.0,15.0,8.290000000000001,1.0,2.14,0.0,3.56,0.0,0.0,1541.0,844.0,26.0,67.0,0.0,604.0,"Waco, TX: Waco Regional"
ACT,2026,1,93.0,14.0,10.68,0.0,0.08,0.0,3.24,11.0,0.0,1698.0,1607.0,0.0,30.0,0.0,61.0,"Waco, TX: Waco Regional"
ACT,2026,2,69.0,11.0,4.68,1.0,0.08,0.0,5.24,0.0,0.0,1004.0,537.0,85.0,13.0,0.0,369.0,"Waco, TX: Waco Regional"
ACT,2026,3,93.0,16.0,4.720000000000001,0.64,1.35,0.0,9.29,3.0,0.0,1154.0,325.0,16.0,62.0,0.0,751.0,"Waco, TX: Waco Regional"
ACT,2026,4,89.0,9.0,1.0,2.21,0.8,0.0,4.99,2.0,0.0,704.0,15.0,319.0,51.0,0.0,319.0,"Waco, TX: Waco Regional"
ACT,2026,5,93.0,17.0,6.67,3.55,1.3900000000000001,0.0,5.39,5.0,0.0,802.0,305.0,181.0,45.0,0.0,271.0,"Waco, TX: Waco Regional"
ACT,2026,6,90.0,22.0,6.66,3.44,3.36,0.0,8.54,5.0,0.0,1169.0,232.0,229.0,229.0,0.0,479.0,"Waco, TX: Waco Regional"
ACT,2026,7,92.0,15.0,5.1,2.0300000000000002,1.52,0.0,6.36,0.0,0.0,1223.0,256.0,145.0,148.0,0.0,674.0,"Waco, TX: Waco Regional"
ACV,2025,8,186.0,32.0,15.42,3.82,4.57,0.0,8.19,5.0,9.0,2002.0,533.0,831.0,167.0,0.0,471.0,"Arcata/Eureka, CA: California Redwood Coast Humboldt County"
ACV,2025,9,157.0,20.0,8.13,3.96,3.96,0.0,3.95,0.0,5.0,3223.0,392.0,2491.0,189.0,0.0,151.0,"Arcata/Eureka, CA: California Redwood Coast Humboldt County"
ACV,2025,10,184.0,29.0,13.04,1.0,10.96,0.0,4.0,0.0,3.0,2084.0,691.0,40.0,668.0,0.0,685.0,"Arcata/Eureka, CA: California Redwood Coast Humboldt County"
ACV,2025,11,179.0,25.0,9.38,0.0,10.32,0.0,5.3,6.0,3.0,1366.0,344.0,0.0,766.0,0.0,256.0,"Arcata/Eureka, CA: California Redwood Coast Humboldt County"
ACV,2025,12,179.0,42.0,15.01,4.0,10.48,0.0,12.51,5.0,5.0,3558.0,557.0,870.0,790.0,0.0,1341.0,"Arcata/Eureka, CA: California Redwood Coast Humboldt County"
ACV,2026,1,160.0,30.0,13.13,3.89,6.0,0.0,6.98,3.0,3.0,2410.0,806.0,309.0,303.0,0.0,992.0,"Arcata/Eureka, CA: California Redwood Coast Humboldt County"
ACV,2026,2,137.0,37.0,18.28,0.95,7.95,0.0,9.82,0.0,1.0,4621.0,2567.0,571.0,736.0,0.0,747.0,"Arcata/Eureka, CA: California Redwood Coast Humboldt County"
ACV,2026,3,148.0,24.0,13.88,0.0,2.13,0.0,8.0,2.0,1.0,1690.0,1002.0,0.0,88.0,0.0,600.0,"Arcata/Eureka, CA: California Redwood Coast Humboldt County"
ACV,2026,4,194.0,44.0,19.11,0.0,11.36,0.0,13.53,2.0,1.0,3259.0,1779.0,0.0,701.0,0.0,779.0,"Arcata/Eureka, CA: California Redwood Coast Humboldt County"
ACV,2026,5,217.0,42.0,9.13,1.0,20.01,0.0,11.86,3.0,5.0,2204.0,431.0,107.0,1100.0,0.0,566.0,"Arcata/Eureka, CA: California Redwood Coast Humboldt County"
ACV,2026,6,225.0,68.0,20.03,5.88,24.14,0.0,17.95,17.0,9.0,5985.0,565.0,1500.0,1834.0,0.0,2086.0,"Arcata/Eureka, CA: California Redwood Coast Humboldt County"
ACV,2026,7,234.0,77.0,16.87,4.62,33.66,0.0,21.86,2.0,1.0,5824.0,893.0,1396.0,1868.0,0.0,1667.0,"Arcata/Eureka, CA: California Redwood Coast Humboldt County"
ACY,2025,8,346.0,74.0,16.53,6.73,34.73,0.0,16.0,4.0,1.0,5393.0,1613.0,471.0,2128.0,0.0,1181.0,"Atlantic City, NJ: Atlantic City International"
ACY,2025,9,282.0,26.0,7.4,0.77,7.29,0.0,10.54,0.0,0.0,1982.0,633.0,25.0,369.0,0.0,955.0,"Atlantic City, NJ: Atlantic City International"
ACY,2025,10,221.0,36.0,11.05,0.64,12.1,0.0,12.21,1.0,0.0,3543.0,1163.0,219.0,1463.0,0.0,698.0,"Atlantic City, NJ: Atlantic City International"
ACY,2025,11,190.0,37.0,11.7,0.0,19.29,0.0,6.0,4.0,0.0,2228.0,484.0,0.0,1201.0,0.0,543.0,"Atlantic City, NJ: Atlantic City International"
ACY,2025,12,175.0,64.0,21.810000000000002,1.0,20.11,0.5,20.57,3.0,0.0,4723.0,1484.0,19.0,1241.0,11.0,1968.0,"Atlantic City, NJ: Atlantic City International"
ACY,2026,1,212.0,68.0,24.54,1.0,19.09,0.0,23.349999999999998,15.0,1.0,4931.0,2480.0,16.0,1063.0,0.0,1372.0,"Atlantic City, NJ: Atlantic City International"
ACY,2026,2,233.0,69.0,18.47,2.13,24.82,0.36,23.220000000000002,40.0,2.0,5167.0,1147.0,441.0,1625.0,16.0,1938.0,"Atlantic City, NJ: Atlantic City International"
ACY,2026,3,228.0,97.0,25.96,3.97,37.48,0.0,29.59,30.0,2.0,7039.0,2029.0,180.0,2091.0,0.0,2739.0,"Atlantic City, NJ: Atlantic City International"
ACY,2026,4,220.0,75.0,26.54,0.41,25.36,0.94,21.759999999999998,5.0,0.0,5668.0,2735.0,16.0,1095.0,28.0,1794.0,"Atlantic City, NJ: Atlantic City International"
ACY,2026,5,59.0,19.0,6.66,1.18,5.66,0.0,5.489999999999999,2.0,1.0,2050.0,1371.0,54.0,242.0,0.0,383.0,"Atlantic City, NJ: Atlantic City International"
ACY,2026,6,54.0,25.0,8.98,0.0,4.42,0.0,11.6,0.0,0.0,1839.0,605.0,0.0,297.0,0.0,937.0,"Atlantic City, NJ: Atlantic City International"
ACY,2026,7,55.0,28.0,4.21,2.69,5.45,0.0,15.65,1.0,0.0,2383.0,156.0,252.0,393.0,0.0,1582.0,"Atlantic City, NJ: Atlantic City International"
ADK,2025,8,9.0,0.0,0.0,0.0,0.0,0.0,0.0,2.0,0.0,0.0,0.0,0.0,0.0,0.0,0.0,"Adak Island, AK: Adak"
ADK,2025,9,8.0,2.0,2.0,0.0,0.0,0.0,0.0,2.0,0.0,242.0,242.0,0.0,0.0,0.0,0.0,"Adak Island, AK: Adak"
ADK,2025,10,9.0,0.0,0.0,0.0,0.0,0.0,0.0,0.0,0.0,0.0,0.0,0.0,0.0,0.0,0.0,"Adak Island, AK: Adak"
ADK,2025,11,9.0,1.0,1.0,0.0,0.0,0.0,0.0,0.0,0.0,32.0,32.0,0.0,0.0,0.0,0.0,"Adak Island, AK: Adak"
ADK,2025,12,9.0,1.0,0.0,0.0,0.35,0.0,0.65,0.0,0.0,75.0,0.0,0.0,26.0,0.0,49.0,"Adak Island, AK: Adak"
ADK,2026,1,9.0,0.0,0.0,0.0,0.0,0.0,0.0,1.0,0.0,0.0,0.0,0.0,0.0,0.0,0.0,"Adak Island, AK: Adak"
ADK,2026,2,8.0,3.0,2.0,0.0,1.0,0.0,0.0,0.0,0.0,81.0,54.0,0.0,27.0,0.0,0.0,"Adak Island, AK: Adak"
ADK,2026,3,8.0,1.0,0.0,0.0,0.0,0.0,1.0,0.0,0.0,34.0,0.0,0.0,0.0,0.0,34.0,"Adak Island, AK: Adak"
ADK,2026,4,9.0,2.0,0.0,0.0,1.0,0.0,1.0,0.0,0.0,159.0,0.0,0.0,39.0,0.0,120.0,"Adak Island, AK: Adak"
ADK,2026,5,9.0,1.0,0.0,0.0,0.0,0.0,1.0,0.0,0.0,217.0,0.0,0.0,0.0,0.0,217.0,"Adak Island, AK: Adak"
ADK,2026,6,8.0,0.0,0.0,0.0,0.0,0.0,0.0,0.0,0.0,0.0,0.0,0.0,0.0,0.0,0.0,"Adak Island, AK: Adak"
ADK,2026,7,9.0,0.0,0.0,0.0,0.0,0.0,0.0,0.0,0.0,0.0,0.0,0.0,0.0,0.0,0.0,"Adak Island, AK: Adak"
ADQ,2025,8,93.0,15.0,5.02,0.81,3.57,0.0,5.6,4.0,0.0,617.0,202.0,82.0,122.0,0.0,211.0,"Kodiak, AK: Kodiak Airport"
ADQ,2025,9,90.0,10.0,2.78,0.0,1.26,0.0,5.97,1.0,0.0,331.0,87.0,0.0,39.0,0.0,205.0,"Kodiak, AK: Kodiak Airport"
ADQ,2025,10,65.0,14.0,4.02,2.0,2.7,0.0,5.29,3.0,0.0,896.0,550.0,125.0,64.0,0.0,157.0,"Kodiak, AK: Kodiak Airport"
ADQ,2025,11,58.0,5.0,1.81,0.59,0.66,0.0,1.94,2.0,0.0,321.0,111.0,37.0,57.0,0.0,116.0,"Kodiak, AK: Kodiak Airport"
ADQ,2025,12,59.0,8.0,1.2,0.0,0.12,0.0,6.68,9.0,0.0,226.0,42.0,0.0,8.0,0.0,176.0,"Kodiak, AK: Kodiak Airport"
ADQ,2026,1,60.0,12.0,2.41,0.85,1.38,0.0,7.36,10.0,1.0,1421.0,306.0,51.0,164.0,0.0,900.0,"Kodiak, AK: Kodiak Airport"
ADQ,2026,2,56.0,9.0,2.0,1.11,0.38,0.0,5.51,4.0,0.0,502.0,123.0,49.0,28.0,0.0,302.0,"Kodiak, AK: Kodiak Airport"
ADQ,2026,3,62.0,17.0,3.38,3.47,1.01,0.0,9.15,2.0,0.0,931.0,216.0,211.0,33.0,0.0,471.0,"Kodiak, AK: Kodiak Airport"
ADQ,2026,4,60.0,4.0,1.0,0.0,0.0,0.0,3.0,2.0,0.0,163.0,40.0,0.0,0.0,0.0,123.0,"Kodiak, AK: Kodiak Airport"
ADQ,2026,5,81.0,4.0,2.0,0.0,1.0,1.0,0.0,1.0,0.0,129.0,94.0,0.0,15.0,20.0,0.0,"Kodiak, AK: Kodiak Airport"
ADQ,2026,6,90.0,9.0,1.08,2.0,1.0,0.0,4.92,1.0,0.0,423.0,22.0,130.0,19.0,0.0,252.0,"Kodiak, AK: Kodiak Airport"
ADQ,2026,7,92.0,15.0,5.17,1.0,0.0,0.0,8.83,1.0,0.0,696.0,361.0,34.0,0.0,0.0,301.0,"Kodiak, AK: Kodiak Airport"
AEX,2025,8,184.0,34.0,15.510000000000002,6.4,4.13,0.0,7.960000000000001,7.0,0.0,2009.0,669.0,687.0,253.0,0.0,400.0,"Alexandria, LA: Alexandria International"
AEX,2025,9,180.0,22.0,12.24,1.0,3.5700000000000003,0.0,5.1899999999999995,2.0,1.0,2149.0,1485.0,93.0,316.0,0.0,255.0,"Alexandria, LA: Alexandria International"
AEX,2025,10,184.0,27.0,9.4,5.25,4.59,0.0,7.76,2.0,1.0,1542.0,390.0,584.0,214.0,0.0,354.0,"Alexandria, LA: Alexandria International"
AEX,2025,11,174.0,24.0,9.84,2.37,5.72,0.0,6.0600000000000005,14.0,0.0,1478.0,452.0,357.0,251.0,0.0,418.0,"Alexandria, LA: Alexandria International"
AEX,2025,12,172.0,43.0,11.94,4.58,5.38,0.0,21.11,0.0,1.0,2958.0,717.0,258.0,276.0,0.0,1707.0,"Alexandria, LA: Alexandria International"
AEX,2026,1,150.0,23.0,8.99,1.24,5.09,0.0,7.68,8.0,1.0,1465.0,608.0,20.0,323.0,0.0,514.0,"Alexandria, LA: Alexandria International"
AEX,2026,2,148.0,13.0,5.83,0.0,2.6100000000000003,0.0,4.57,0.0,1.0,617.0,233.0,0.0,88.0,0.0,296.0,"Alexandria, LA: Alexandria International"
AEX,2026,3,184.0,38.0,14.129999999999999,1.0,8.47,0.0,14.41,6.0,1.0,3117.0,1203.0,40.0,644.0,0.0,1230.0,"Alexandria, LA: Alexandria International"
AEX,2026,4,180.0,32.0,9.65,1.31,2.8200000000000003,0.0,18.21,2.0,1.0,2247.0,520.0,177.0,146.0,0.0,1404.0,"Alexandria, LA: Alexandria International"
AEX,2026,5,204.0,46.0,14.27,1.27,10.75,0.0,19.71,5.0,0.0,3067.0,889.0,117.0,502.0,0.0,1559.0,"Alexandria, LA: Alexandria International"
AEX,2026,6,240.0,37.0,8.3,3.7199999999999998,5.13,0.0,19.85,7.0,1.0,3205.0,952.0,427.0,471.0,0.0,1355.0,"Alexandria, LA: Alexandria International"
AEX,2026,7,246.0,59.0,17.97,3.2800000000000002,10.67,0.0,27.06,2.0,1.0,4758.0,1234.0,319.0,559.0,0.0,2646.0,"Alexandria, LA: Alexandria International"
AGS,2025,8,459.0,85.0,27.55,5.41,25.05,0.0,27.0,2.0,0.0,7904.0,2391.0,1004.0,1227.0,0.0,3282.0,"Augusta, GA: Augusta Regional at Bush Field"
AGS,2025,9,455.0,63.0,29.4,3.39,13.09,0.0,17.12,1.0,0.0,3702.0,1900.0,150.0,539.0,0.0,1113.0,"Augusta, GA: Augusta Regional at Bush Field"
AGS,2025,10,460.0,68.0,22.82,4.46,8.719999999999999,1.0,31.009999999999998,3.0,0.0,4687.0,1470.0,1098.0,328.0,28.0,1763.0,"Augusta, GA: Augusta Regional at Bush Field"
AGS,2025,11,424.0,75.0,30.24,7.4399999999999995,7.84,0.0,29.479999999999997,23.0,1.0,8659.0,3429.0,1667.0,773.0,0.0,2790.0,"Augusta, GA: Augusta Regional at Bush Field"
AGS,2025,12,436.0,94.0,37.85,3.8000000000000003,9.89,0.0,42.44,6.0,1.0,9026.0,4325.0,523.0,706.0,0.0,3472.0,"Augusta, GA: Augusta Regional at Bush Field"
AGS,2026,1,397.0,67.0,28.11,7.83,5.14,0.0,25.92,37.0,0.0,3926.0,1621.0,389.0,212.0,0.0,1704.0,"Augusta, GA: Augusta Regional at Bush Field"
AGS,2026,2,386.0,71.0,23.93,3.5,16.57,0.0,27.0,11.0,1.0,6226.0,2518.0,206.0,665.0,0.0,2837.0,"Augusta, GA: Augusta Regional at Bush Field"
AGS,2026,3,467.0,137.0,46.36,4.41,23.17,0.0,63.06,19.0,1.0,10160.0,3650.0,389.0,1245.0,0.0,4876.0,"Augusta, GA: Augusta Regional at Bush Field"
AGS,2026,4,599.0,175.0,41.08,7.53,76.12,0.0,50.26,0.0,0.0,10690.0,3047.0,598.0,3557.0,0.0,3488.0,"Augusta, GA: Augusta Regional at Bush Field"
AGS,2026,5,507.0,101.0,30.32,7.12,20.07,0.0,43.49,10.0,2.0,8350.0,2949.0,502.0,1500.0,0.0,3399.0,"Augusta, GA: Augusta Regional at Bush Field"
AGS,2026,6,487.0,91.0,29.62,7.72,11.73,0.33,41.58,11.0,0.0,7336.0,1364.0,677.0,1087.0,38.0,4170.0,"Augusta, GA: Augusta Regional at Bush Field"
AGS,2026,7,498.0,171.0,54.42,11.68,24.38,0.0,80.53,15.0,0.0,15341.0,5127.0,1536.0,1200.0,0.0,7478.0,"Augusta, GA: Augusta Regional at Bush Field"
AKN,2025,8,68.0,3.0,0.0,0.0,1.12,0.0,1.88,1.0,0.0,65.0,0.0,0.0,25.0,0.0,40.0,"King Salmon, AK: King Salmon Airport"
AKN,2025,9,60.0,4.0,2.0,0.0,0.0,0.0,2.0,3.0,0.0,119.0,77.0,0.0,0.0,0.0,42.0,"King Salmon, AK: King Salmon Airport"
AKN,2025,10,34.0,2.0,1.0,0.0,0.0,0.0,1.0,1.0,0.0,86.0,71.0,0.0,0.0,0.0,15.0,"King Salmon, AK: King Salmon Airport"
AKN,2025,11,28.0,0.0,0.0,0.0,0.0,0.0,0.0,0.0,0.0,0.0,0.0,0.0,0.0,0.0,0.0,"King Salmon, AK: King Salmon Airport"
AKN,2025,12,25.0,3.0,1.0,0.0,0.0,0.0,2.0,2.0,0.0,75.0,32.0,0.0,0.0,0.0,43.0,"King Salmon, AK: King Salmon Airport"
AKN,2026,1,17.0,3.0,1.51,1.0,0.49,0.0,0.0,3.0,0.0,111.0,67.0,25.0,19.0,0.0,0.0,"King Salmon, AK: King Salmon Airport"
AKN,2026,2,16.0,1.0,0.0,0.0,0.03,0.0,0.97,1.0,0.0,216.0,0.0,0.0,6.0,0.0,210.0,"King Salmon, AK: King Salmon Airport"
AKN,2026,3,18.0,2.0,1.73,0.0,0.27,0.0,0.0,0.0,0.0,51.0,47.0,0.0,4.0,0.0,0.0,"King Salmon, AK: King Salmon Airport"
AKN,2026,4,21.0,3.0,2.28,0.0,0.0,0.0,0.72,1.0,0.0,135.0,101.0,0.0,0.0,0.0,34.0,"King Salmon, AK: King Salmon Airport"
AKN,2026,5,50.0,7.0,3.45,0.0,0.8400000000000001,0.0,2.71,0.0,0.0,292.0,180.0,0.0,29.0,0.0,83.0,"King Salmon, AK: King Salmon Airport"
AKN,2026,6,66.0,11.0,7.98,0.0,0.02,0.0,3.0,0.0,1.0,587.0,462.0,0.0,1.0,0.0,124.0,"King Salmon, AK: King Salmon Airport"
AKN,2026,7,70.0,3.0,1.88,0.0,0.13,0.0,1.0,1.0,0.0,86.0,65.0,0.0,6.0,0.0,15.0,"King Salmon, AK: King Salmon Airport"
ALB,2025,8,1486.0,371.0,136.09,17.22,67.54,3.3,146.84,14.0,3.0,25009.0,8064.0,1383.0,3283.0,141.0,12138.0,"Albany, NY: Albany International"
ALB,2025,9,1325.0,203.0,78.07000000000001,4.3,50.03,0.0,70.62,2.0,4.0,10667.0,3831.0,334.0,1568.0,0.0,4934.0,"Albany, NY: Albany International"
ALB,2025,10,1464.0,316.0,115.33,6.39,76.39,0.37,117.52000000000001,3.0,3.0,18011.0,5824.0,612.0,2983.0,17.0,8575.0,"Albany, NY: Albany International"
ALB,2025,11,1385.0,295.0,94.13,11.61,68.77,0.13,120.37,29.0,2.0,19985.0,6085.0,955.0,3023.0,14.0,9908.0,"Albany, NY: Albany International"
ALB,2025,12,1374.0,462.0,162.1,14.39,87.78,1.2000000000000002,196.52,34.0,2.0,40128.0,13849.0,3200.0,4602.0,80.0,18397.0,"Albany, NY: Albany International"
ALB,2026,1,1199.0,269.0,101.88,21.450000000000003,51.26,1.41,93.00999999999999,67.0,2.0,20747.0,7764.0,2291.0,2329.0,36.0,8327.0,"Albany, NY: Albany International"
ALB,2026,2,1233.0,309.0,117.46000000000001,9.45,72.51,0.04,109.57000000000001,31.0,1.0,20833.0,8663.0,2175.0,2850.0,1.0,7144.0,"Albany, NY: Albany International"
ALB,2026,3,1354.0,376.0,142.5,16.74,69.56,2.84,144.39,45.0,5.0,30388.0,10662.0,2323.0,3448.0,221.0,13734.0,"Albany, NY: Albany International"
ALB,2026,4,1442.0,265.0,89.82,7.359999999999999,49.62,2.0,116.22999999999999,11.0,0.0,15501.0,4997.0,886.0,2019.0,87.0,7512.0,"Albany, NY: Albany International"
ALB,2026,5,1505.0,291.0,97.38,7.83,46.92,0.17,138.71,9.0,0.0,18725.0,4904.0,729.0,2385.0,12.0,10695.0,"Albany, NY: Albany International"
ALB,2026,6,1460.0,349.0,121.39999999999999,12.5,51.52,1.81,161.77,38.0,0.0,28030.0,8447.0,1503.0,2785.0,54.0,15241.0,"Albany, NY: Albany International"
ALB,2026,7,1511.0,478.0,154.53,28.37,88.59,1.86,204.66,53.0,2.0,39657.0,9982.0,5386.0,5104.0,117.0,19068.0,"Albany, NY: Albany International"
ALO,2025,8,55.0,9.0,1.0,2.8,1.04,0.0,4.16,0.0,0.0,451.0,18.0,145.0,36.0,0.0,252.0,"Waterloo, IA: Waterloo Regional"
ALO,2025,9,52.0,10.0,5.45,0.0,1.48,0.0,3.08,0.0,0.0,301.0,196.0,0.0,31.0,0.0,74.0,"Waterloo, IA: Waterloo Regional"
ALO,2025,10,61.0,9.0,1.76,1.0,1.91,0.0,4.32,0.0,0.0,482.0,63.0,72.0,84.0,0.0,263.0,"Waterloo, IA: Waterloo Regional"
ALO,2025,11,54.0,10.0,0.26,1.38,0.29,0.0,8.07,3.0,1.0,683.0,29.0,87.0,31.0,0.0,536.0,"Waterloo, IA: Waterloo Regional"
ALO,2025,12,56.0,21.0,1.01,2.5,7.88,0.0,9.61,5.0,0.0,2040.0,16.0,351.0,647.0,0.0,1026.0,"Waterloo, IA: Waterloo Regional"
ALO,2026,1,54.0,21.0,1.0,4.97,8.23,0.0,6.8,0.0,0.0,1667.0,66.0,754.0,457.0,0.0,390.0,"Waterloo, IA: Waterloo Regional"
ALO,2026,2,48.0,7.0,1.86,0.06,2.7,0.0,2.37,0.0,1.0,546.0,139.0,12.0,115.0,0.0,280.0,"Waterloo, IA: Waterloo Regional"
ALO,2026,3,53.0,17.0,2.55,1.98,3.61,0.0,8.87,4.0,0.0,1000.0,105.0,126.0,117.0,0.0,652.0,"Waterloo, IA: Waterloo Regional"
ALO,2026,4,59.0,23.0,5.72,1.76,3.62,0.0,11.89,3.0,0.0,2302.0,524.0,204.0,282.0,0.0,1292.0,"Waterloo, IA: Waterloo Regional"
ALO,2026,5,59.0,10.0,2.57,0.43,2.03,0.0,4.98,0.0,1.0,634.0,107.0,50.0,70.0,0.0,407.0,"Waterloo, IA: Waterloo Regional"
ALO,2026,6,51.0,14.0,3.69,2.98,1.44,0.0,5.89,6.0,0.0,2395.0,462.0,561.0,209.0,0.0,1163.0,"Waterloo, IA: Waterloo Regional"
ALO,2026,7,54.0,15.0,5.33,1.28,1.63,0.0,6.77,6.0,0.0,790.0,167.0,148.0,88.0,0.0,387.0,"Waterloo, IA: Waterloo Regional"
ALW,2025,8,62.0,11.0,1.11,0.0,1.09,0.0,8.8,2.0,0.0,377.0,43.0,0.0,42.0,0.0,292.0,"Walla Walla, WA: Walla Walla Regional"
ALW,2025,9,60.0,6.0,3.16,0.0,0.91,0.0,1.93,0.0,0.0,289.0,120.0,0.0,28.0,0.0,141.0,"Walla Walla, WA: Walla Walla Regional"
ALW,2025,10,62.0,7.0,4.0,0.0,1.0,0.0,2.0,1.0,0.0,249.0,148.0,0.0,28.0,0.0,73.0,"Walla Walla, WA: Walla Walla Regional"
ALW,2025,11,59.0,6.0,3.0,2.0,1.0,0.0,0.0,3.0,0.0,281.0,78.0,184.0,19.0,0.0,0.0,"Walla Walla, WA: Walla Walla Regional"
ALW,2025,12,62.0,9.0,2.45,0.0,0.6,0.0,5.95,4.0,1.0,405.0,64.0,0.0,14.0,0.0,327.0,"Walla Walla, WA: Walla Walla Regional"
ALW,2026,1,62.0,4.0,1.0,1.0,0.73,0.0,1.27,3.0,0.0,114.0,20.0,28.0,19.0,0.0,47.0,"Walla Walla, WA: Walla Walla Regional"
ALW,2026,2,56.0,5.0,1.73,1.0,0.27,0.0,2.0,1.0,0.0,266.0,127.0,87.0,21.0,0.0,31.0,"Walla Walla, WA: Walla Walla Regional"
ALW,2026,3,62.0,8.0,3.0,0.11,0.1,0.0,4.8,1.0,0.0,388.0,147.0,15.0,14.0,0.0,212.0,"Walla Walla, WA: Walla Walla Regional"
ALW,2026,4,60.0,4.0,2.0,0.0,0.61,0.0,1.39,0.0,0.0,247.0,139.0,0.0,17.0,0.0,91.0,"Walla Walla, WA: Walla Walla Regional"
ALW,2026,5,62.0,6.0,1.35,0.0,1.64,0.0,3.01,1.0,1.0,257.0,79.0,0.0,73.0,0.0,105.0,"Walla Walla, WA: Walla Walla Regional"
ALW,2026,6,60.0,10.0,5.03,0.0,0.64,0.0,4.33,0.0,0.0,305.0,167.0,0.0,19.0,0.0,119.0,"Walla Walla, WA: Walla Walla Regional"
ALW,2026,7,62.0,15.0,1.48,0.0,4.04,0.0,9.48,0.0,0.0,530.0,78.0,0.0,115.0,0.0,337.0,"Walla Walla, WA: Walla Walla Regional"
AMA,2025,8,520.0,108.0,33.41,7.02,20.36,0.0,47.21,4.0,4.0,8184.0,2480.0,475.0,1040.0,0.0,4189.0,"Amarillo, TX: Rick Husband Amarillo International"
AMA,2025,9,496.0,73.0,21.41,3.7800000000000002,19.95,0.0,27.849999999999998,3.0,2.0,3914.0,1003.0,273.0,1000.0,0.0,1638.0,"Amarillo, TX: Rick Husband Amarillo International"
AMA,2025,10,536.0,77.0,21.85,6.98,16.41,0.0,31.76,2.0,0.0,4054.0,906.0,381.0,678.0,0.0,2089.0,"Amarillo, TX: Rick Husband Amarillo International"
AMA,2025,11,511.0,88.0,33.13,4.51,19.48,0.0,30.87,16.0,2.0,6362.0,2420.0,651.0,922.0,0.0,2369.0,"Amarillo, TX: Rick Husband Amarillo International"
AMA,2025,12,482.0,65.0,23.79,2.9299999999999997,14.04,0.0,24.23,0.0,1.0,3940.0,1741.0,320.0,645.0,0.0,1234.0,"Amarillo, TX: Rick Husband Amarillo International"
AMA,2026,1,447.0,56.0,24.490000000000002,4.9799999999999995,7.59,0.22,18.73,27.0,0.0,4552.0,1627.0,556.0,384.0,10.0,1975.0,"Amarillo, TX: Rick Husband Amarillo International"
AMA,2026,2,424.0,47.0,16.740000000000002,1.71,8.33,0.0,20.22,2.0,0.0,2730.0,823.0,155.0,382.0,0.0,1370.0,"Amarillo, TX: Rick Husband Amarillo International"
AMA,2026,3,490.0,91.0,38.730000000000004,6.96,11.129999999999999,1.0,33.2,7.0,1.0,5688.0,1545.0,1445.0,538.0,41.0,2119.0,"Amarillo, TX: Rick Husband Amarillo International"
AMA,2026,4,462.0,96.0,37.22,7.8999999999999995,12.18,1.0,37.69,3.0,0.0,4501.0,1551.0,431.0,446.0,63.0,2010.0,"Amarillo, TX: Rick Husband Amarillo International"
AMA,2026,5,501.0,131.0,46.879999999999995,8.0,20.91,0.0,54.2,8.0,0.0,8355.0,2248.0,668.0,1169.0,0.0,4110.0,"Amarillo, TX: Rick Husband Amarillo International"
AMA,2026,6,496.0,162.0,53.58,17.060000000000002,21.72,0.0,69.64,11.0,0.0,12544.0,3115.0,1611.0,1201.0,0.0,6617.0,"Amarillo, TX: Rick Husband Amarillo International"
AMA,2026,7,511.0,134.0,49.91,3.86,18.189999999999998,0.32,61.71,3.0,0.0,12282.0,3954.0,726.0,1124.0,6.0,6472.0,"Amarillo, TX: Rick Husband Amarillo International"
ANC,2025,8,2587.0,577.0,172.46,13.4,162.63,14.81,213.69,36.0,4.0,29590.0,9229.0,1667.0,5650.0,419.0,12625.0,"Anchorage, AK: Ted Stevens Anchorage International"
ANC,2025,9,2065.0,233.0,84.37,2.73,50.22,13.73,81.97,18.0,0.0,13006.0,6344.0,219.0,1704.0,457.0,4282.0,"Anchorage, AK: Ted Stevens Anchorage International"
ANC,2025,10,1737.0,332.0,89.55,4.91,99.74999999999999,7.36,130.42000000000002,40.0,1.0,20393.0,7116.0,560.0,3033.0,297.0,9387.0,"Anchorage, AK: Ted Stevens Anchorage International"
ANC,2025,11,1587.0,242.0,63.0,8.99,75.3,5.25,89.46000000000001,31.0,2.0,12560.0,4414.0,501.0,2467.0,114.0,5064.0,"Anchorage, AK: Ted Stevens Anchorage International"
ANC,2025,12,1620.0,602.0,168.57,18.51,216.58,9.95,188.39,82.0,10.0,35532.0,11999.0,1295.0,8516.0,332.0,13390.0,"Anchorage, AK: Ted Stevens Anchorage International"
ANC,2026,1,1549.0,395.0,102.06,20.479999999999997,101.68,9.11,161.68,88.0,2.0,27073.0,7020.0,2011.0,4303.0,269.0,13470.0,"Anchorage, AK: Ted Stevens Anchorage International"
ANC,2026,2,1376.0,277.0,79.31,17.150000000000002,78.1,2.74,99.71000000000001,31.0,1.0,14179.0,4358.0,1042.0,2551.0,99.0,6129.0,"Anchorage, AK: Ted Stevens Anchorage International"
ANC,2026,3,1598.0,375.0,114.33999999999999,19.18,93.06,3.36,145.06,20.0,2.0,23346.0,6288.0,1700.0,3722.0,92.0,11544.0,"Anchorage, AK: Ted Stevens Anchorage International"
ANC,2026,4,1540.0,208.0,62.23,7.52,54.120000000000005,3.44,80.69,10.0,2.0,10607.0,4058.0,196.0,1775.0,164.0,4414.0,"Anchorage, AK: Ted Stevens Anchorage International"
ANC,2026,5,2070.0,356.0,125.82000000000001,3.23,92.24,2.51,132.18,16.0,6.0,19311.0,7445.0,431.0,3209.0,64.0,8162.0,"Anchorage, AK: Ted Stevens Anchorage International"
ANC,2026,6,2582.0,488.0,168.94,16.38,113.37,1.81,187.49,30.0,5.0,26857.0,9866.0,1123.0,3836.0,49.0,11983.0,"Anchorage, AK: Ted Stevens Anchorage International"
ANC,2026,7,2790.0,605.0,235.86,18.580000000000002,136.39,4.67,209.51000000000002,27.0,15.0,34658.0,13428.0,2215.0,4904.0,143.0,13968.0,"Anchorage, AK: Ted Stevens Anchorage International"
APN,2025,8,53.0,3.0,2.7,0.0,0.3,0.0,0.0,0.0,0.0,281.0,258.0,0.0,23.0,0.0,0.0,"Alpena, MI: Alpena County Regional"
APN,2025,9,53.0,1.0,0.71,0.0,0.29,0.0,0.0,0.0,0.0,17.0,12.0,0.0,5.0,0.0,0.0,"Alpena, MI: Alpena County Regional"
APN,2025,10,53.0,5.0,4.0,1.0,0.0,0.0,0.0,0.0,0.0,563.0,547.0,16.0,0.0,0.0,0.0,"Alpena, MI: Alpena County Regional"
APN,2025,11,52.0,6.0,5.94,0.0,0.06,0.0,0.0,4.0,1.0,483.0,480.0,0.0,3.0,0.0,0.0,"Alpena, MI: Alpena County Regional"
APN,2025,12,53.0,12.0,9.5,0.0,2.5,0.0,0.0,6.0,0.0,1267.0,1078.0,0.0,189.0,0.0,0.0,"Alpena, MI: Alpena County Regional"
APN,2026,1,53.0,19.0,12.27,3.49,3.23,0.0,0.0,1.0,0.0,949.0,600.0,219.0,130.0,0.0,0.0,"Alpena, MI: Alpena County Regional"
APN,2026,2,48.0,10.0,4.73,3.62,1.65,0.0,0.0,5.0,0.0,1061.0,508.0,422.0,131.0,0.0,0.0,"Alpena, MI: Alpena County Regional"
APN,2026,3,53.0,12.0,5.8,4.13,2.06,0.0,0.0,11.0,1.0,1001.0,468.0,434.0,99.0,0.0,0.0,"Alpena, MI: Alpena County Regional"
APN,2026,4,51.0,14.0,8.47,4.32,1.2,0.0,0.0,1.0,1.0,1191.0,833.0,328.0,30.0,0.0,0.0,"Alpena, MI: Alpena County Regional"
APN,2026,5,56.0,12.0,10.0,2.0,0.0,0.0,0.0,0.0,0.0,839.0,599.0,240.0,0.0,0.0,0.0,"Alpena, MI: Alpena County Regional"
APN,2026,6,51.0,4.0,4.0,0.0,0.0,0.0,0.0,0.0,1.0,209.0,209.0,0.0,0.0,0.0,0.0,"Alpena, MI: Alpena County Regional"
APN,2026,7,55.0,8.0,6.65,0.9,0.45,0.0,0.0,0.0,0.0,526.0,445.0,62.0,19.0,0.0,0.0,"Alpena, MI: Alpena County Regional"
ART,2025,8,62.0,5.0,0.91,0.0,0.36,0.0,3.73,0.0,0.0,432.0,52.0,0.0,24.0,0.0,356.0,"Watertown, NY: Watertown International"
ART,2025,9,60.0,4.0,2.44,0.0,0.56,0.0,1.0,1.0,1.0,199.0,96.0,0.0,33.0,0.0,70.0,"Watertown, NY: Watertown International"
ART,2025,10,62.0,8.0,3.0,0.01,1.15,0.0,3.84,0.0,2.0,772.0,202.0,5.0,82.0,0.0,483.0,"Watertown, NY: Watertown International"
ART,2025,11,57.0,7.0,0.0,2.0,1.07,0.0,3.93,0.0,2.0,391.0,0.0,146.0,34.0,0.0,211.0,"Watertown, NY: Watertown International"
ART,2025,12,59.0,17.0,2.81,7.99,1.8,0.0,4.39,2.0,1.0,5570.0,280.0,3366.0,207.0,0.0,1717.0,"Watertown, NY: Watertown International"
ART,2026,1,62.0,12.0,1.14,5.76,2.69,0.0,2.41,5.0,1.0,3784.0,50.0,3121.0,229.0,0.0,384.0,"Watertown, NY: Watertown International"
ART,2026,2,56.0,12.0,1.87,1.13,2.02,0.0,6.98,4.0,3.0,446.0,61.0,54.0,84.0,0.0,247.0,"Watertown, NY: Watertown International"
ART,2026,3,62.0,12.0,4.52,1.08,4.51,0.0,1.89,2.0,5.0,932.0,212.0,228.0,189.0,0.0,303.0,"Watertown, NY: Watertown International"
ART,2026,4,60.0,5.0,2.39,0.67,1.94,0.0,0.0,0.0,13.0,145.0,50.0,45.0,50.0,0.0,0.0,"Watertown, NY: Watertown International"
ART,2026,5,62.0,6.0,2.72,0.0,1.06,0.0,2.22,1.0,21.0,316.0,160.0,0.0,59.0,0.0,97.0,"Watertown, NY: Watertown International"
ART,2026,6,60.0,8.0,3.12,0.0,0.0,0.0,4.88,2.0,11.0,383.0,157.0,0.0,0.0,0.0,226.0,"Watertown, NY: Watertown International"
ART,2026,7,62.0,13.0,3.01,1.63,2.11,0.0,6.25,8.0,12.0,1080.0,126.0,477.0,184.0,0.0,293.0,"Watertown, NY: Watertown International"
ASE,2025,8,658.0,189.0,79.25,28.21,46.25,0.0,35.28,14.0,31.0,18625.0,7005.0,3688.0,3911.0,0.0,4021.0,"Aspen, CO: Aspen Pitkin County Sardy Field"
ASE,2025,9,549.0,96.0,56.38,5.98,22.27,0.0,11.37,1.0,7.0,6153.0,3324.0,406.0,1588.0,0.0,835.0,"Aspen, CO: Aspen Pitkin County Sardy Field"
ASE,2025,10,446.0,86.0,47.49,13.7,12.37,0.0,12.43,0.0,12.0,5290.0,2587.0,1175.0,756.0,0.0,772.0,"Aspen, CO: Aspen Pitkin County Sardy Field"
ASE,2025,11,327.0,39.0,18.92,9.73,5.35,0.0,5.0,9.0,7.0,2874.0,1141.0,989.0,238.0,0.0,506.0,"Aspen, CO: Aspen Pitkin County Sardy Field"
ASE,2025,12,807.0,307.0,105.29,39.34,124.91,0.0,37.46,17.0,34.0,31525.0,10140.0,4989.0,13173.0,0.0,3223.0,"Aspen, CO: Aspen Pitkin County Sardy Field"
ASE,2026,1,1037.0,256.0,93.41,42.76,84.68,0.0,35.16,69.0,41.0,23301.0,7952.0,4244.0,8087.0,0.0,3018.0,"Aspen, CO: Aspen Pitkin County Sardy Field"
ASE,2026,2,1012.0,332.0,120.53,47.54,138.31,0.0,25.63,76.0,49.0,32855.0,9996.0,6196.0,13198.0,0.0,3465.0,"Aspen, CO: Aspen Pitkin County Sardy Field"
ASE,2026,3,1188.0,254.0,114.07,26.39,63.9,0.0,49.63,71.0,55.0,22622.0,10256.0,2247.0,5210.0,0.0,4909.0,"Aspen, CO: Aspen Pitkin County Sardy Field"
ASE,2026,4,474.0,81.0,34.03,16.54,10.64,0.73,19.06,10.0,9.0,7229.0,1601.0,2027.0,758.0,16.0,2827.0,"Aspen, CO: Aspen Pitkin County Sardy Field"
ASE,2026,5,189.0,32.0,14.56,2.85,3.85,0.0,10.74,0.0,1.0,2341.0,589.0,256.0,1063.0,0.0,433.0,"Aspen, CO: Aspen Pitkin County Sardy Field"
ASE,2026,6,627.0,198.0,92.26,26.03,42.5,0.0,37.2,22.0,35.0,21215.0,7381.0,4942.0,2964.0,0.0,5928.0,"Aspen, CO: Aspen Pitkin County Sardy Field"
ASE,2026,7,759.0,260.0,124.03,31.33,49.51,0.0,55.13,18.0,21.0,27249.0,7509.0,6997.0,2742.0,0.0,10001.0,"Aspen, CO: Aspen Pitkin County Sardy Field"
ATL,2025,8,29917.0,5015.0,1561.09,258.25,1191.9499999999998,5.91,1997.81,320.0,128.0,384530.0,151993.0,25389.0,61978.0,361.0,144809.0,"Atlanta, GA: Hartsfield-Jackson Atlanta International"
ATL,2025,9,28280.0,2793.0,975.35,99.42,562.33,3.82,1152.04,21.0,10.0,202639.0,96769.0,8129.0,22977.0,358.0,74406.0,"Atlanta, GA: Hartsfield-Jackson Atlanta International"
ATL,2025,10,30134.0,4162.0,1348.32,68.41,1014.8899999999999,4.85,1725.51,60.0,50.0,284026.0,119843.0,6798.0,41923.0,383.0,115079.0,"Atlanta, GA: Hartsfield-Jackson Atlanta International"
ATL,2025,11,28281.0,4479.0,1273.32,83.83,1302.49,5.7,1813.64,794.0,77.0,375263.0,132635.0,7604.0,91423.0,198.0,143403.0,"Atlanta, GA: Hartsfield-Jackson Atlanta International"
ATL,2025,12,29073.0,6166.0,1864.4199999999998,185.85999999999999,1345.49,8.64,2761.6000000000004,711.0,60.0,532350.0,193788.0,27042.0,81894.0,497.0,229129.0,"Atlanta, GA: Hartsfield-Jackson Atlanta International"
ATL,2026,1,27230.0,4529.0,1367.99,270.31,1128.3500000000001,5.380000000000001,1757.0100000000002,1370.0,50.0,374955.0,145754.0,49755.0,49744.0,259.0,129443.0,"Atlanta, GA: Hartsfield-Jackson Atlanta International"
ATL,2026,2,25675.0,3779.0,1363.4,108.76,820.1800000000001,5.96,1480.72,405.0,22.0,276156.0,127521.0,11006.0,33545.0,393.0,103691.0,"Atlanta, GA: Hartsfield-Jackson Atlanta International"
ATL,2026,3,30052.0,6117.0,1824.44,198.6,1618.6299999999999,8.26,2467.08,1025.0,106.0,541757.0,192200.0,28773.0,111840.0,345.0,208599.0,"Atlanta, GA: Hartsfield-Jackson Atlanta International"
ATL,2026,4,29804.0,4233.0,1252.51,103.07,974.56,3.96,1898.9099999999999,277.0,40.0,311744.0,122525.0,9841.0,43241.0,152.0,135985.0,"Atlanta, GA: Hartsfield-Jackson Atlanta International"
ATL,2026,5,30766.0,5859.0,1641.74,192.63,1835.78,5.96,2181.91,356.0,61.0,429747.0,160285.0,18975.0,95683.0,377.0,154136.0,"Atlanta, GA: Hartsfield-Jackson Atlanta International"
ATL,2026,6,29972.0,4893.0,1481.48,241.73,1235.26,2.76,1931.76,422.0,74.0,404488.0,154374.0,24627.0,73357.0,283.0,151847.0,"Atlanta, GA: Hartsfield-Jackson Atlanta International"
ATL,2026,7,31116.0,8518.0,2188.07,431.03,2572.12,7.359999999999999,3318.41,781.0,319.0,751035.0,229833.0,50055.0,183452.0,352.0,287107.0,"Atlanta, GA: Hartsfield-Jackson Atlanta International"
ATW,2025,8,657.0,136.0,52.02,10.53,26.46,0.0,47.0,10.0,0.0,11715.0,5591.0,1057.0,1106.0,0.0,3961.0,"Appleton, WI: Appleton International"
ATW,2025,9,643.0,100.0,32.13,11.57,29.709999999999997,0.0,26.57,1.0,1.0,5766.0,1535.0,791.0,1405.0,0.0,2035.0,"Appleton, WI: Appleton International"
ATW,2025,10,718.0,123.0,46.98,2.86,26.93,0.0,46.230000000000004,1.0,0.0,9466.0,4641.0,368.0,976.0,0.0,3481.0,"Appleton, WI: Appleton International"
ATW,2025,11,711.0,153.0,61.53,7.58,27.72,0.0,56.18,34.0,13.0,13977.0,5430.0,1145.0,2134.0,0.0,5268.0,"Appleton, WI: Appleton International"
ATW,2025,12,728.0,277.0,94.50999999999999,27.12,58.2,0.78,96.38,14.0,2.0,25773.0,8765.0,3331.0,3598.0,105.0,9974.0,"Appleton, WI: Appleton International"
ATW,2026,1,725.0,230.0,84.58,30.779999999999998,54.67,0.0,59.980000000000004,17.0,1.0,19108.0,7709.0,3340.0,3575.0,0.0,4484.0,"Appleton, WI: Appleton International"
ATW,2026,2,695.0,195.0,87.00999999999999,12.379999999999999,54.0,0.0,41.61,1.0,3.0,12726.0,6692.0,954.0,2584.0,0.0,2496.0,"Appleton, WI: Appleton International"
ATW,2026,3,864.0,239.0,97.46,27.68,50.83,0.66,62.39,85.0,13.0,23946.0,10807.0,3196.0,3469.0,19.0,6455.0,"Appleton, WI: Appleton International"
ATW,2026,4,838.0,216.0,91.56,24.46,40.07,0.0,59.919999999999995,32.0,6.0,20647.0,8400.0,3508.0,3040.0,0.0,5699.0,"Appleton, WI: Appleton International"
ATW,2026,5,817.0,174.0,68.18,10.92,35.18,0.0,59.74,4.0,1.0,16059.0,7820.0,1030.0,1603.0,0.0,5606.0,"Appleton, WI: Appleton International"
ATW,2026,6,801.0,161.0,54.67,14.1,34.45,0.0,57.769999999999996,17.0,1.0,11713.0,3758.0,1875.0,1574.0,0.0,4506.0,"Appleton, WI: Appleton International"
ATW,2026,7,826.0,195.0,79.86,15.64,29.78,0.0,69.72,16.0,7.0,16090.0,5772.0,1560.0,1606.0,0.0,7152.0,"Appleton, WI: Appleton International"
ATY,2025,8,62.0,11.0,7.88,0.0,0.24,0.88,2.0,0.0,1.0,877.0,632.0,0.0,11.0,37.0,197.0,"Watertown, SD: Watertown Regional"
ATY,2025,9,60.0,6.0,4.99,0.0,0.01,0.0,1.0,0.0,0.0,243.0,220.0,0.0,1.0,0.0,22.0,"Watertown, SD: Watertown Regional"
ATY,2025,10,62.0,5.0,2.98,0.0,1.7,0.0,0.32,0.0,0.0,1702.0,1406.0,0.0,290.0,0.0,6.0,"Watertown, SD: Watertown Regional"
ATY,2025,11,60.0,6.0,4.24,0.93,0.82,0.0,0.0,0.0,0.0,2031.0,1251.0,629.0,151.0,0.0,0.0,"Watertown, SD: Watertown Regional"
ATY,2025,12,61.0,16.0,10.61,3.75,0.75,0.0,0.89,1.0,0.0,1235.0,769.0,311.0,91.0,0.0,64.0,"Watertown, SD: Watertown Regional"
ATY,2026,1,61.0,12.0,5.42,1.0,1.76,0.0,3.83,1.0,0.0,1092.0,626.0,73.0,55.0,0.0,338.0,"Watertown, SD: Watertown Regional"
ATY,2026,2,56.0,9.0,5.42,0.75,0.83,0.0,2.0,0.0,0.0,1932.0,1630.0,101.0,62.0,0.0,139.0,"Watertown, SD: Watertown Regional"
ATY,2026,3,62.0,7.0,4.45,1.55,1.0,0.0,0.0,5.0,0.0,1145.0,101.0,843.0,201.0,0.0,0.0,"Watertown, SD: Watertown Regional"
ATY,2026,4,60.0,7.0,3.06,2.52,1.42,0.0,0.0,0.0,1.0,243.0,93.0,106.0,44.0,0.0,0.0,"Watertown, SD: Watertown Regional"
ATY,2026,5,62.0,5.0,2.79,1.0,0.21,0.0,1.0,0.0,0.0,328.0,240.0,34.0,23.0,0.0,31.0,"Watertown, SD: Watertown Regional"
ATY,2026,6,60.0,6.0,2.44,1.81,0.75,0.0,1.0,0.0,0.0,319.0,120.0,146.0,30.0,0.0,23.0,"Watertown, SD: Watertown Regional"
ATY,2026,7,62.0,7.0,5.65,0.0,0.51,0.0,0.84,0.0,0.0,1499.0,1181.0,0.0,67.0,0.0,251.0,"Watertown, SD: Watertown Regional"
AUS,2025,8,7341.0,1592.0,556.43,69.77,369.57,2.0,594.25,63.0,10.0,104193.0,40570.0,5819.0,16475.0,43.0,41286.0,"Austin, TX: Austin - Bergstrom International"
AUS,2025,9,6978.0,1026.0,388.71,28.9,186.53,0.0,421.86,20.0,6.0,64644.0,26321.0,1722.0,9045.0,0.0,27556.0,"Austin, TX: Austin - Bergstrom International"
AUS,2025,10,7947.0,1682.0,536.72,31.4,469.6,0.45999999999999996,643.81,29.0,21.0,96124.0,35094.0,2429.0,18566.0,9.0,40026.0,"Austin, TX: Austin - Bergstrom International"
AUS,2025,11,7460.0,1729.0,451.35,39.07,667.5699999999999,1.88,568.15,69.0,17.0,112118.0,31057.0,3662.0,35135.0,184.0,41987.0,"Austin, TX: Austin - Bergstrom International"
AUS,2025,12,7642.0,1848.0,625.94,50.54,378.6,4.8100000000000005,788.11,43.0,3.0,115202.0,39568.0,5678.0,16132.0,189.0,53635.0,"Austin, TX: Austin - Bergstrom International"
AUS,2026,1,6808.0,1190.0,415.67,55.96,309.95,4.8100000000000005,403.59999999999997,313.0,5.0,81728.0,30449.0,6432.0,17509.0,292.0,27046.0,"Austin, TX: Austin - Bergstrom International"
AUS,2026,2,6559.0,1068.0,412.29,32.07,225.91,0.24,397.47,70.0,3.0,64251.0,27168.0,3019.0,8634.0,8.0,25422.0,"Austin, TX: Austin - Bergstrom International"
AUS,2026,3,8081.0,1834.0,636.4,52.370000000000005,397.74,7.49,738.97,125.0,8.0,122154.0,40333.0,5869.0,19459.0,315.0,56066.0,"Austin, TX: Austin - Bergstrom International"
AUS,2026,4,7746.0,1536.0,520.3199999999999,27.29,368.78999999999996,3.91,614.72,36.0,5.0,90409.0,34894.0,2833.0,14907.0,190.0,37522.0,"Austin, TX: Austin - Bergstrom International"
AUS,2026,5,7942.0,2075.0,626.64,62.83,628.21,1.93,754.39,56.0,44.0,127613.0,40478.0,6754.0,28299.0,167.0,51652.0,"Austin, TX: Austin - Bergstrom International"
AUS,2026,6,8013.0,2433.0,742.66,80.28,565.0,5.65,1039.41,72.0,15.0,152763.0,48060.0,7819.0,24244.0,387.0,72253.0,"Austin, TX: Austin - Bergstrom International"
AUS,2026,7,8311.0,2534.0,845.25,98.53999999999999,531.77,3.79,1054.67,97.0,21.0,167462.0,59195.0,8824.0,23205.0,122.0,76116.0,"Austin, TX: Austin - Bergstrom International"
AVL,2025,8,1237.0,300.0,78.5,26.92,68.87,0.0,125.69999999999999,12.0,5.0,26917.0,7209.0,6274.0,3181.0,0.0,10253.0,"Asheville, NC: Asheville Regional"
AVL,2025,9,1174.0,185.0,68.86,12.14,40.56,0.0,63.43,2.0,4.0,13674.0,4353.0,1282.0,2269.0,0.0,5770.0,"Asheville, NC: Asheville Regional"
AVL,2025,10,1285.0,268.0,75.66,15.69,81.56,0.0,95.11,4.0,5.0,14566.0,3818.0,1074.0,3620.0,0.0,6054.0,"Asheville, NC: Asheville Regional"
AVL,2025,11,1056.0,216.0,62.9,7.48,54.97,1.99,88.65,23.0,0.0,15612.0,3575.0,632.0,2846.0,149.0,8410.0,"Asheville, NC: Asheville Regional"
AVL,2025,12,1026.0,313.0,81.36,13.0,64.78999999999999,1.22,152.62,14.0,0.0,24053.0,6837.0,1273.0,3114.0,37.0,12792.0,"Asheville, NC: Asheville Regional"
AVL,2026,1,885.0,176.0,48.13,8.08,33.23,0.0,86.55,82.0,0.0,13845.0,3910.0,724.0,1615.0,0.0,7596.0,"Asheville, NC: Asheville Regional"
AVL,2026,2,825.0,167.0,42.03,9.97,33.76,0.32,80.95,21.0,3.0,13303.0,3255.0,2083.0,1390.0,9.0,6566.0,"Asheville, NC: Asheville Regional"
AVL,2026,3,1038.0,246.0,73.0,12.65,51.46,0.4,108.49,25.0,1.0,19867.0,5658.0,1482.0,3013.0,16.0,9698.0,"Asheville, NC: Asheville Regional"
AVL,2026,4,1124.0,209.0,69.82000000000001,11.96,45.08,0.73,81.41,9.0,0.0,13819.0,4436.0,2091.0,1782.0,16.0,5494.0,"Asheville, NC: Asheville Regional"
AVL,2026,5,1230.0,258.0,66.8,8.5,61.17,0.68,120.84,12.0,0.0,18886.0,4155.0,2535.0,3262.0,24.0,8910.0,"Asheville, NC: Asheville Regional"
AVL,2026,6,1308.0,321.0,91.24,16.98,73.51,1.0,138.27,36.0,7.0,28690.0,8700.0,3630.0,3615.0,34.0,12711.0,"Asheville, NC: Asheville Regional"
AVL,2026,7,1395.0,438.0,106.03,29.990000000000002,113.83,2.8200000000000003,185.33,46.0,7.0,38734.0,9966.0,3537.0,6815.0,766.0,17650.0,"Asheville, NC: Asheville Regional"
AVP,2025,8,265.0,37.0,14.469999999999999,1.01,4.55,0.03,16.93,7.0,1.0,2983.0,705.0,58.0,144.0,1.0,2075.0,"Scranton/Wilkes-Barre, PA: Wilkes Barre Scranton International"
AVP,2025,9,287.0,38.0,13.91,0.86,9.61,0.0,13.61,0.0,1.0,2393.0,1068.0,131.0,291.0,0.0,903.0,"Scranton/Wilkes-Barre, PA: Wilkes Barre Scranton International"
AVP,2025,10,271.0,51.0,17.9,1.1,4.85,0.0,27.16,0.0,0.0,3950.0,2036.0,46.0,170.0,0.0,1698.0,"Scranton/Wilkes-Barre, PA: Wilkes Barre Scranton International"
AVP,2025,11,267.0,53.0,15.65,1.71,9.75,1.0,24.91,14.0,2.0,4473.0,948.0,95.0,949.0,74.0,2407.0,"Scranton/Wilkes-Barre, PA: Wilkes Barre Scranton International"
AVP,2025,12,257.0,95.0,23.88,5.260000000000001,19.05,0.2,46.61,5.0,1.0,8784.0,2160.0,531.0,1161.0,10.0,4922.0,"Scranton/Wilkes-Barre, PA: Wilkes Barre Scranton International"
AVP,2026,1,223.0,56.0,17.67,1.31,14.57,0.0,22.45,20.0,0.0,4634.0,1705.0,94.0,676.0,0.0,2159.0,"Scranton/Wilkes-Barre, PA: Wilkes Barre Scranton International"
AVP,2026,2,243.0,58.0,18.09,3.37,19.37,0.0,17.17,7.0,1.0,4116.0,1844.0,204.0,753.0,0.0,1315.0,"Scranton/Wilkes-Barre, PA: Wilkes Barre Scranton International"
AVP,2026,3,321.0,78.0,27.04,6.5,9.35,0.0,35.1,9.0,0.0,7026.0,1805.0,714.0,582.0,0.0,3925.0,"Scranton/Wilkes-Barre, PA: Wilkes Barre Scranton International"
AVP,2026,4,320.0,70.0,19.61,1.01,15.66,0.0,33.72,6.0,1.0,3803.0,942.0,30.0,486.0,0.0,2345.0,"Scranton/Wilkes-Barre, PA: Wilkes Barre Scranton International"
AVP,2026,5,325.0,67.0,23.57,2.77,10.11,0.0,30.55,3.0,0.0,5580.0,2411.0,368.0,489.0,0.0,2312.0,"Scranton/Wilkes-Barre, PA: Wilkes Barre Scranton International"
AVP,2026,6,269.0,63.0,17.65,3.88,7.24,0.0,34.24,11.0,0.0,5872.0,1119.0,748.0,374.0,0.0,3631.0,"Scranton/Wilkes-Barre, PA: Wilkes Barre Scranton International"
AVP,2026,7,278.0,74.0,18.4,4.32,17.25,0.0,34.019999999999996,11.0,2.0,5514.0,1233.0,502.0,845.0,0.0,2934.0,"Scranton/Wilkes-Barre, PA: Wilkes Barre Scranton International"
AZA,2025,8,392.0,62.0,14.47,4.25,14.07,0.0,29.22,0.0,1.0,5263.0,1345.0,212.0,1050.0,0.0,2656.0,"Phoenix, AZ: Mesa Gateway"
AZA,2025,9,313.0,35.0,12.22,3.29,4.54,0.0,14.96,0.0,0.0,2133.0,972.0,238.0,170.0,0.0,753.0,"Phoenix, AZ: Mesa Gateway"
AZA,2025,10,532.0,125.0,29.36,10.4,36.73,1.59,46.92,2.0,1.0,10738.0,4545.0,1357.0,1321.0,35.0,3480.0,"Phoenix, AZ: Mesa Gateway"
AZA,2025,11,547.0,118.0,17.58,5.92,41.42,0.0,53.08,3.0,0.0,12267.0,3627.0,1021.0,2368.0,0.0,5251.0,"Phoenix, AZ: Mesa Gateway"
AZA,2025,12,630.0,215.0,43.98,20.14,82.26,1.3,67.33,5.0,0.0,19518.0,5643.0,3593.0,3679.0,47.0,6556.0,"Phoenix, AZ: Mesa Gateway"
AZA,2026,1,524.0,124.0,33.92,13.57,39.66,0.92,35.93,1.0,0.0,11853.0,6734.0,933.0,1822.0,82.0,2282.0,"Phoenix, AZ: Mesa Gateway"
AZA,2026,2,530.0,97.0,18.47,6.98,38.65,0.0,32.9,0.0,0.0,6844.0,2440.0,915.0,1248.0,0.0,2241.0,"Phoenix, AZ: Mesa Gateway"
AZA,2026,3,785.0,155.0,30.41,10.18,45.73,1.81,66.87,5.0,1.0,14539.0,5218.0,1763.0,2418.0,61.0,5079.0,"Phoenix, AZ: Mesa Gateway"
AZA,2026,4,543.0,163.0,38.39,6.66,49.21,1.97,66.77,0.0,0.0,14741.0,6194.0,901.0,2410.0,61.0,5175.0,"Phoenix, AZ: Mesa Gateway"
AZA,2026,5,480.0,116.0,24.7,12.55,24.12,0.0,54.64,0.0,0.0,8802.0,3272.0,972.0,766.0,0.0,3792.0,"Phoenix, AZ: Mesa Gateway"
AZA,2026,6,504.0,132.0,27.18,4.93,46.05,0.0,53.84,3.0,0.0,11046.0,5093.0,509.0,1922.0,0.0,3522.0,"Phoenix, AZ: Mesa Gateway"
AZA,2026,7,524.0,138.0,30.33,4.42,43.68,0.0,59.57,4.0,3.0,13228.0,3233.0,242.0,5077.0,0.0,4676.0,"Phoenix, AZ: Mesa Gateway"
AZO,2025,8,172.0,38.0,21.330000000000002,3.3899999999999997,5.28,0.0,8.0,2.0,0.0,2421.0,1797.0,91.0,185.0,0.0,348.0,"Kalamazoo, MI: Kalamazoo/Battle Creek International"
AZO,2025,9,172.0,19.0,6.359999999999999,5.87,2.2,0.0,4.57,1.0,0.0,1195.0,337.0,429.0,68.0,0.0,361.0,"Kalamazoo, MI: Kalamazoo/Battle Creek International"
AZO,2025,10,179.0,22.0,10.04,0.54,4.36,0.0,7.0600000000000005,0.0,2.0,1470.0,955.0,50.0,99.0,0.0,366.0,"Kalamazoo, MI: Kalamazoo/Battle Creek International"
AZO,2025,11,171.0,27.0,14.780000000000001,4.99,3.23,0.0,4.0,19.0,0.0,2905.0,1385.0,904.0,252.0,0.0,364.0,"Kalamazoo, MI: Kalamazoo/Battle Creek International"
AZO,2025,12,168.0,56.0,22.740000000000002,9.66,11.79,0.0,11.8,7.0,0.0,6140.0,3270.0,855.0,918.0,0.0,1097.0,"Kalamazoo, MI: Kalamazoo/Battle Creek International"
AZO,2026,1,141.0,62.0,27.89,15.45,12.19,0.0,6.47,4.0,1.0,6734.0,4003.0,1382.0,724.0,0.0,625.0,"Kalamazoo, MI: Kalamazoo/Battle Creek International"
AZO,2026,2,143.0,46.0,22.27,9.719999999999999,8.05,0.0,5.96,0.0,1.0,5906.0,3531.0,1559.0,439.0,0.0,377.0,"Kalamazoo, MI: Kalamazoo/Battle Creek International"
AZO,2026,3,180.0,55.0,29.290000000000003,7.960000000000001,8.9,0.0,8.87,10.0,0.0,4791.0,2775.0,873.0,413.0,0.0,730.0,"Kalamazoo, MI: Kalamazoo/Battle Creek International"
AZO,2026,4,176.0,38.0,15.169999999999998,4.08,5.13,0.0,13.620000000000001,6.0,0.0,2770.0,1053.0,389.0,369.0,0.0,959.0,"Kalamazoo, MI: Kalamazoo/Battle Creek International"
AZO,2026,5,171.0,37.0,19.03,6.77,4.74,0.0,6.46,1.0,1.0,4245.0,2042.0,1573.0,164.0,0.0,466.0,"Kalamazoo, MI: Kalamazoo/Battle Creek International"
AZO,2026,6,174.0,40.0,15.31,5.45,4.79,0.0,14.45,4.0,0.0,3395.0,1058.0,581.0,276.0,0.0,1480.0,"Kalamazoo, MI: Kalamazoo/Battle Creek International"
AZO,2026,7,182.0,48.0,26.63,8.31,5.69,0.0,7.37,12.0,1.0,3722.0,1717.0,719.0,286.0,0.0,1000.0,"Kalamazoo, MI: Kalamazoo/Battle Creek International"
BDL,2025,8,2148.0,521.0,212.39000000000001,25.44,105.32,1.7000000000000002,176.17,22.0,5.0,38804.0,16106.0,2505.0,5294.0,106.0,14793.0,"Hartford, CT: Bradley International"
BDL,2025,9,1831.0,310.0,119.5,9.08,71.78,0.0,109.64,6.0,5.0,20230.0,6991.0,1233.0,3744.0,0.0,8262.0,"Hartford, CT: Bradley International"
BDL,2025,10,2028.0,398.0,139.21,7.48,100.36999999999999,1.88,149.05,1.0,10.0,23202.0,8525.0,400.0,3747.0,51.0,10479.0,"Hartford, CT: Bradley International"
BDL,2025,11,1954.0,410.0,150.43,4.37,88.42,0.21,166.6,37.0,1.0,27239.0,8403.0,480.0,4680.0,8.0,13668.0,"Hartford, CT: Bradley International"
BDL,2025,12,1942.0,573.0,209.36,11.45,111.78,2.2,238.18,31.0,7.0,38532.0,12851.0,1447.0,5231.0,99.0,18904.0,"Hartford, CT: Bradley International"
BDL,2026,1,1769.0,374.0,132.39000000000001,16.48,76.15,1.39,147.59,134.0,2.0,25313.0,7545.0,1723.0,3473.0,72.0,12500.0,"Hartford, CT: Bradley International"
BDL,2026,2,1749.0,435.0,153.60999999999999,5.87,107.69,1.0,166.83,116.0,0.0,26390.0,8948.0,1244.0,4311.0,42.0,11845.0,"Hartford, CT: Bradley International"
BDL,2026,3,1947.0,557.0,197.20000000000002,13.37,104.8,1.29,240.35,57.0,5.0,40587.0,13673.0,1437.0,4644.0,117.0,20716.0,"Hartford, CT: Bradley International"
BDL,2026,4,2021.0,445.0,140.47,4.56,99.60000000000001,0.76,199.62,17.0,0.0,28302.0,9508.0,420.0,4148.0,13.0,14213.0,"Hartford, CT: Bradley International"
BDL,2026,5,2088.0,402.0,136.1,7.36,77.78,0.0,180.75,16.0,3.0,24492.0,7302.0,703.0,3747.0,0.0,12740.0,"Hartford, CT: Bradley International"
BDL,2026,6,2015.0,435.0,159.17,20.09,77.63,0.88,177.21,34.0,2.0,30249.0,10315.0,2181.0,3633.0,38.0,14082.0,"Hartford, CT: Bradley International"
BDL,2026,7,2003.0,657.0,217.13,33.1,159.57,0.09,247.07999999999998,81.0,6.0,46000.0,14285.0,4163.0,8854.0,8.0,18690.0,"Hartford, CT: Bradley International"
BET,2025,8,76.0,14.0,2.83,1.0,0.37,1.0,8.8,1.0,0.0,772.0,177.0,47.0,19.0,26.0,503.0,"Bethel, AK: Bethel Airport"
BET,2025,9,72.0,8.0,4.2,0.0,0.0,0.0,3.8,1.0,0.0,343.0,167.0,0.0,0.0,0.0,176.0,"Bethel, AK: Bethel Airport"
BET,2025,10,76.0,11.0,2.36,0.0,1.94,0.0,6.7,3.0,1.0,475.0,90.0,0.0,52.0,0.0,333.0,"Bethel, AK: Bethel Airport"
BET,2025,11,70.0,8.0,3.56,0.7,1.3,0.0,2.45,5.0,0.0,428.0,230.0,27.0,65.0,0.0,106.0,"Bethel, AK: Bethel Airport"
BET,2025,12,72.0,14.0,6.25,1.0,1.43,0.0,5.32,6.0,0.0,771.0,405.0,40.0,31.0,0.0,295.0,"Bethel, AK: Bethel Airport"
BET,2026,1,73.0,22.0,9.81,4.5,3.67,0.0,4.02,7.0,0.0,1350.0,550.0,353.0,202.0,0.0,245.0,"Bethel, AK: Bethel Airport"
BET,2026,2,68.0,14.0,5.45,3.23,2.48,0.0,2.85,3.0,0.0,806.0,321.0,215.0,113.0,0.0,157.0,"Bethel, AK: Bethel Airport"
BET,2026,3,76.0,11.0,6.04,0.43,1.58,0.0,2.96,0.0,0.0,472.0,177.0,17.0,48.0,0.0,230.0,"Bethel, AK: Bethel Airport"
BET,2026,4,74.0,8.0,4.220000000000001,0.0,1.09,0.0,2.7,0.0,0.0,262.0,105.0,0.0,43.0,0.0,114.0,"Bethel, AK: Bethel Airport"
BET,2026,5,75.0,7.0,4.01,0.0,0.33999999999999997,0.04,2.61,1.0,0.0,278.0,206.0,0.0,14.0,1.0,57.0,"Bethel, AK: Bethel Airport"
BET,2026,6,72.0,9.0,5.18,1.0,0.0,0.0,2.82,3.0,0.0,380.0,287.0,33.0,0.0,0.0,60.0,"Bethel, AK: Bethel Airport"
BET,2026,7,75.0,7.0,5.0,0.0,0.1,0.0,1.9,0.0,0.0,413.0,125.0,0.0,4.0,0.0,284.0,"Bethel, AK: Bethel Airport"
BFF,2025,8,54.0,17.0,5.51,4.47,2.27,0.0,4.75,2.0,0.0,1479.0,553.0,231.0,157.0,0.0,538.0,"Scottsbluff, NE: Scottsbluff W Neb Regional Wm B Heilig Field"
BFF,2025,9,51.0,4.0,3.0,0.99,0.01,0.0,0.0,0.0,0.0,299.0,176.0,122.0,1.0,0.0,0.0,"Scottsbluff, NE: Scottsbluff W Neb Regional Wm B Heilig Field"
BFF,2025,10,53.0,8.0,2.78,0.0,1.26,1.0,2.96,0.0,0.0,401.0,74.0,0.0,40.0,59.0,228.0,"Scottsbluff, NE: Scottsbluff W Neb Regional Wm B Heilig Field"
BFF,2025,11,51.0,7.0,2.9,0.0,0.95,0.0,3.15,1.0,0.0,282.0,130.0,0.0,52.0,0.0,100.0,"Scottsbluff, NE: Scottsbluff W Neb Regional Wm B Heilig Field"
BFF,2025,12,54.0,16.0,6.12,1.0,3.6,0.0,5.28,0.0,0.0,954.0,299.0,101.0,222.0,0.0,332.0,"Scottsbluff, NE: Scottsbluff W Neb Regional Wm B Heilig Field"
BFF,2026,1,53.0,12.0,4.27,0.97,1.96,0.0,4.8,0.0,0.0,663.0,161.0,37.0,108.0,0.0,357.0,"Scottsbluff, NE: Scottsbluff W Neb Regional Wm B Heilig Field"
BFF,2026,2,48.0,4.0,0.44,0.0,0.56,0.0,3.0,0.0,0.0,149.0,7.0,0.0,9.0,0.0,133.0,"Scottsbluff, NE: Scottsbluff W Neb Regional Wm B Heilig Field"
BFF,2026,3,53.0,5.0,1.48,0.0,1.54,0.0,1.98,3.0,0.0,409.0,70.0,0.0,75.0,0.0,264.0,"Scottsbluff, NE: Scottsbluff W Neb Regional Wm B Heilig Field"
BFF,2026,4,51.0,7.0,1.81,2.0,0.54,0.0,2.65,0.0,0.0,922.0,156.0,390.0,47.0,0.0,329.0,"Scottsbluff, NE: Scottsbluff W Neb Regional Wm B Heilig Field"
BFF,2026,5,54.0,11.0,6.43,0.0,0.58,0.0,3.98,1.0,0.0,590.0,361.0,0.0,47.0,0.0,182.0,"Scottsbluff, NE: Scottsbluff W Neb Regional Wm B Heilig Field"
BFF,2026,6,51.0,14.0,7.93,1.0,1.64,0.0,3.43,0.0,1.0,786.0,413.0,84.0,176.0,0.0,113.0,"Scottsbluff, NE: Scottsbluff W Neb Regional Wm B Heilig Field"
BFF,2026,7,53.0,16.0,7.0,0.89,2.02,0.0,6.09,1.0,0.0,1193.0,348.0,113.0,194.0,0.0,538.0,"Scottsbluff, NE: Scottsbluff W Neb Regional Wm B Heilig Field"
BFL,2025,8,225.0,63.0,19.96,4.65,15.760000000000002,0.65,21.97,1.0,0.0,4697.0,1302.0,634.0,849.0,15.0,1897.0,"Bakersfield, CA: Meadows Field"
BFL,2025,9,211.0,43.0,16.419999999999998,0.54,10.719999999999999,0.0,15.31,4.0,0.0,2692.0,1220.0,57.0,615.0,0.0,800.0,"Bakersfield, CA: Meadows Field"
BFL,2025,10,257.0,60.0,24.689999999999998,0.18,6.77,0.0,28.36,1.0,1.0,3975.0,1244.0,41.0,298.0,0.0,2392.0,"Bakersfield, CA: Meadows Field"
BFL,2025,11,276.0,58.0,25.57,2.92,6.41,0.0,23.1,8.0,0.0,5407.0,2462.0,895.0,332.0,0.0,1718.0,"Bakersfield, CA: Meadows Field"
BFL,2025,12,282.0,86.0,26.21,12.01,12.26,0.0,35.519999999999996,3.0,5.0,8528.0,2375.0,1943.0,591.0,0.0,3619.0,"Bakersfield, CA: Meadows Field"
BFL,2026,1,264.0,69.0,22.82,21.49,6.05,0.0,18.65,16.0,5.0,10222.0,2046.0,5228.0,604.0,0.0,2344.0,"Bakersfield, CA: Meadows Field"
BFL,2026,2,195.0,47.0,27.29,6.75,5.15,0.0,7.81,2.0,1.0,3266.0,2094.0,382.0,294.0,0.0,496.0,"Bakersfield, CA: Meadows Field"
BFL,2026,3,215.0,30.0,15.0,0.82,2.49,0.0,11.69,0.0,0.0,2620.0,1497.0,235.0,146.0,0.0,742.0,"Bakersfield, CA: Meadows Field"
BFL,2026,4,230.0,52.0,25.69,1.6800000000000002,6.449999999999999,0.0,18.17,0.0,0.0,2958.0,1143.0,153.0,245.0,0.0,1417.0,"Bakersfield, CA: Meadows Field"
BFL,2026,5,252.0,35.0,12.719999999999999,1.16,5.92,0.0,15.19,2.0,0.0,2849.0,1266.0,108.0,328.0,0.0,1147.0,"Bakersfield, CA: Meadows Field"
BFL,2026,6,257.0,90.0,24.64,2.05,27.49,0.0,35.82,3.0,1.0,7047.0,1909.0,72.0,1371.0,0.0,3695.0,"Bakersfield, CA: Meadows Field"
BFL,2026,7,263.0,91.0,38.58,0.44,16.5,0.0,35.5,0.0,1.0,10162.0,5185.0,40.0,1241.0,0.0,3696.0,"Bakersfield, CA: Meadows Field"
BGM,2025,8,31.0,2.0,2.0,0.0,0.0,0.0,0.0,0.0,0.0,94.0,94.0,0.0,0.0,0.0,0.0,"Binghamton, NY: Greater Binghamton/Edwin A. Link Field"
BGM,2025,9,30.0,4.0,2.0,0.96,0.04,1.0,0.0,0.0,0.0,140.0,84.0,25.0,1.0,30.0,0.0,"Binghamton, NY: Greater Binghamton/Edwin A. Link Field"
BGM,2025,10,31.0,2.0,2.0,0.0,0.0,0.0,0.0,0.0,0.0,71.0,71.0,0.0,0.0,0.0,0.0,"Binghamton, NY: Greater Binghamton/Edwin A. Link Field"
BGM,2025,11,29.0,2.0,2.0,0.0,0.0,0.0,0.0,2.0,0.0,98.0,98.0,0.0,0.0,0.0,0.0,"Binghamton, NY: Greater Binghamton/Edwin A. Link Field"
BGM,2025,12,30.0,11.0,4.8,3.18,0.99,0.0,2.03,1.0,0.0,1025.0,477.0,218.0,154.0,0.0,176.0,"Binghamton, NY: Greater Binghamton/Edwin A. Link Field"
BGM,2026,1,31.0,19.0,12.51,4.21,1.96,0.0,0.33,2.0,0.0,2004.0,1571.0,227.0,159.0,0.0,47.0,"Binghamton, NY: Greater Binghamton/Edwin A. Link Field"
BGM,2026,2,14.0,8.0,4.71,2.85,0.43,0.0,0.0,0.0,0.0,421.0,283.0,106.0,32.0,0.0,0.0,"Binghamton, NY: Greater Binghamton/Edwin A. Link Field"
BGM,2026,5,25.0,3.0,3.0,0.0,0.0,0.0,0.0,0.0,0.0,111.0,111.0,0.0,0.0,0.0,0.0,"Binghamton, NY: Greater Binghamton/Edwin A. Link Field"
BGM,2026,6,30.0,3.0,2.0,1.0,0.0,0.0,0.0,0.0,0.0,149.0,123.0,26.0,0.0,0.0,0.0,"Binghamton, NY: Greater Binghamton/Edwin A. Link Field"
BGM,2026,7,31.0,5.0,3.0,1.98,0.02,0.0,0.0,0.0,0.0,250.0,116.0,132.0,2.0,0.0,0.0,"Binghamton, NY: Greater Binghamton/Edwin A. Link Field"
BGR,2025,8,695.0,129.0,47.16,3.02,22.900000000000002,0.0,55.910000000000004,12.0,6.0,11062.0,3400.0,900.0,1169.0,0.0,5593.0,"Bangor, ME: Bangor International"
BGR,2025,9,669.0,96.0,32.69,2.72,19.44,0.0,41.15,7.0,4.0,7191.0,2557.0,645.0,672.0,0.0,3317.0,"Bangor, ME: Bangor International"
BGR,2025,10,654.0,135.0,28.15,0.99,49.260000000000005,0.0,56.61,5.0,1.0,7542.0,1733.0,333.0,1820.0,0.0,3656.0,"Bangor, ME: Bangor International"
BGR,2025,11,386.0,89.0,17.88,2.86,17.099999999999998,0.0,51.169999999999995,12.0,2.0,8743.0,1583.0,292.0,920.0,0.0,5948.0,"Bangor, ME: Bangor International"
BGR,2025,12,376.0,121.0,36.0,5.28,17.06,0.27,62.4,29.0,2.0,11563.0,3143.0,609.0,1684.0,42.0,6085.0,"Bangor, ME: Bangor International"
BGR,2026,1,316.0,66.0,19.619999999999997,3.0,11.39,0.0,31.980000000000004,44.0,1.0,4357.0,1083.0,185.0,664.0,0.0,2425.0,"Bangor, ME: Bangor International"
BGR,2026,2,329.0,84.0,26.15,4.02,17.35,1.38,35.1,20.0,1.0,5988.0,2176.0,269.0,730.0,89.0,2724.0,"Bangor, ME: Bangor International"
BGR,2026,3,419.0,114.0,33.16,4.33,19.77,0.0,56.76,22.0,1.0,9902.0,2738.0,510.0,738.0,0.0,5916.0,"Bangor, ME: Bangor International"
BGR,2026,4,471.0,89.0,26.06,0.73,11.86,0.0,50.37,3.0,1.0,6489.0,2384.0,76.0,539.0,0.0,3490.0,"Bangor, ME: Bangor International"
BGR,2026,5,584.0,106.0,32.83,2.02,23.57,1.3900000000000001,46.18,6.0,1.0,7115.0,2648.0,382.0,942.0,44.0,3099.0,"Bangor, ME: Bangor International"
BGR,2026,6,712.0,154.0,42.67,5.4,36.28,0.0,69.65,28.0,3.0,9885.0,3068.0,428.0,1806.0,0.0,4583.0,"Bangor, ME: Bangor International"
BGR,2026,7,720.0,206.0,61.540000000000006,2.8099999999999996,46.95,0.0,94.68,59.0,1.0,18361.0,6616.0,700.0,2817.0,0.0,8228.0,"Bangor, ME: Bangor International"
BHM,2025,8,1840.0,391.0,124.55,25.78,82.68,0.0,157.99,14.0,5.0,28773.0,8165.0,3797.0,4002.0,0.0,12809.0,"Birmingham, AL: Birmingham-Shuttlesworth International"
BHM,2025,9,1734.0,227.0,84.55,5.2299999999999995,60.07,0.61,76.53,6.0,0.0,14354.0,4482.0,1021.0,2560.0,11.0,6280.0,"Birmingham, AL: Birmingham-Shuttlesworth International"
BHM,2025,10,1948.0,363.0,130.13,8.79,80.49,1.47,142.1,6.0,2.0,20614.0,7158.0,1453.0,3220.0,33.0,8750.0,"Birmingham, AL: Birmingham-Shuttlesworth International"
BHM,2025,11,1761.0,322.0,120.05999999999999,5.64,57.68,1.6,137.01999999999998,48.0,1.0,24590.0,8852.0,780.0,3123.0,38.0,11797.0,"Birmingham, AL: Birmingham-Shuttlesworth International"
BHM,2025,12,1706.0,460.0,171.21,12.09,71.77,1.11,203.81,23.0,2.0,33757.0,10827.0,1678.0,3479.0,199.0,17574.0,"Birmingham, AL: Birmingham-Shuttlesworth International"
BHM,2026,1,1517.0,284.0,96.49000000000001,15.55,58.21,0.93,112.78,70.0,0.0,20458.0,6802.0,1760.0,2613.0,41.0,9242.0,"Birmingham, AL: Birmingham-Shuttlesworth International"
BHM,2026,2,1422.0,271.0,104.28999999999999,6.21,55.66,1.03,103.81,18.0,1.0,14857.0,5422.0,278.0,1994.0,29.0,7134.0,"Birmingham, AL: Birmingham-Shuttlesworth International"
BHM,2026,3,1720.0,439.0,148.47,18.31,72.98,0.61,198.63,73.0,5.0,33121.0,10682.0,1983.0,4148.0,20.0,16288.0,"Birmingham, AL: Birmingham-Shuttlesworth International"
BHM,2026,4,1784.0,356.0,130.57999999999998,11.8,57.17,2.0,154.44,19.0,4.0,22503.0,8245.0,951.0,2613.0,70.0,10624.0,"Birmingham, AL: Birmingham-Shuttlesworth International"
BHM,2026,5,1903.0,462.0,169.21,15.540000000000001,102.86,0.91,173.49,21.0,4.0,27631.0,10234.0,1902.0,4517.0,31.0,10947.0,"Birmingham, AL: Birmingham-Shuttlesworth International"
BHM,2026,6,1753.0,489.0,171.78,18.32,75.51,0.28,223.12,50.0,6.0,34667.0,12222.0,2410.0,4012.0,38.0,15985.0,"Birmingham, AL: Birmingham-Shuttlesworth International"
BHM,2026,7,1814.0,579.0,188.77,27.07,116.42,0.06,246.67,45.0,2.0,45343.0,14918.0,4684.0,5843.0,5.0,19893.0,"Birmingham, AL: Birmingham-Shuttlesworth International"
BIH,2025,8,31.0,5.0,4.53,0.0,0.47,0.0,0.0,1.0,1.0,237.0,220.0,0.0,17.0,0.0,0.0,"Bishop, CA: Bishop Airport"
BIH,2025,9,17.0,1.0,0.94,0.0,0.06,0.0,0.0,0.0,0.0,77.0,72.0,0.0,5.0,0.0,0.0,"Bishop, CA: Bishop Airport"
BIH,2025,10,4.0,4.0,1.0,0.0,0.0,0.0,3.0,0.0,0.0,254.0,60.0,0.0,0.0,0.0,194.0,"Bishop, CA: Bishop Airport"
BIH,2025,12,41.0,15.0,6.3,2.0,2.7,0.0,4.0,0.0,0.0,1236.0,456.0,211.0,96.0,0.0,473.0,"Bishop, CA: Bishop Airport"
BIH,2026,1,69.0,11.0,7.55,0.0,1.45,0.0,2.0,1.0,0.0,486.0,315.0,0.0,35.0,0.0,136.0,"Bishop, CA: Bishop Airport"
BIH,2026,2,65.0,21.0,14.76,0.0,1.82,0.0,4.42,4.0,1.0,1079.0,672.0,0.0,100.0,0.0,307.0,"Bishop, CA: Bishop Airport"
BIH,2026,3,73.0,11.0,6.61,0.0,3.44,0.0,0.94,1.0,1.0,703.0,427.0,0.0,160.0,0.0,116.0,"Bishop, CA: Bishop Airport"
BIH,2026,4,28.0,4.0,0.98,0.0,2.02,0.0,1.0,0.0,0.0,616.0,292.0,0.0,148.0,0.0,176.0,"Bishop, CA: Bishop Airport"
BIH,2026,5,7.0,1.0,0.0,0.0,0.1,0.0,0.9,1.0,0.0,30.0,0.0,0.0,3.0,0.0,27.0,"Bishop, CA: Bishop Airport"
BIH,2026,6,19.0,10.0,2.0,0.0,6.16,0.0,1.84,1.0,0.0,606.0,124.0,0.0,405.0,0.0,77.0,"Bishop, CA: Bishop Airport"
BIH,2026,7,31.0,14.0,1.0,0.0,10.78,0.0,2.22,0.0,0.0,447.0,29.0,0.0,375.0,0.0,43.0,"Bishop, CA: Bishop Airport"
BIL,2025,8,598.0,136.0,45.29,6.7,24.72,0.0,59.3,3.0,0.0,6848.0,2085.0,330.0,1065.0,0.0,3368.0,"Billings, MT: Billings Logan International"
BIL,2025,9,570.0,82.0,31.11,3.88,21.2,0.0,25.82,1.0,3.0,4195.0,1865.0,177.0,677.0,0.0,1476.0,"Billings, MT: Billings Logan International"
BIL,2025,10,552.0,62.0,24.55,1.15,15.11,0.0,21.17,1.0,1.0,4563.0,2343.0,573.0,550.0,0.0,1097.0,"Billings, MT: Billings Logan International"
BIL,2025,11,456.0,49.0,20.42,0.75,14.98,0.62,12.21,7.0,0.0,2187.0,797.0,15.0,566.0,23.0,786.0,"Billings, MT: Billings Logan International"
BIL,2025,12,457.0,85.0,38.25,3.98,14.12,1.0,27.64,5.0,3.0,4250.0,1998.0,216.0,456.0,23.0,1557.0,"Billings, MT: Billings Logan International"
BIL,2026,1,419.0,69.0,28.85,2.1500000000000004,14.04,0.0,23.96,2.0,1.0,3449.0,1595.0,139.0,522.0,0.0,1193.0,"Billings, MT: Billings Logan International"
BIL,2026,2,391.0,57.0,29.97,2.6799999999999997,6.71,0.0,17.64,2.0,1.0,3155.0,1784.0,186.0,234.0,0.0,951.0,"Billings, MT: Billings Logan International"
BIL,2026,3,458.0,71.0,29.59,4.25,16.060000000000002,0.0,21.1,7.0,4.0,3945.0,1651.0,527.0,680.0,0.0,1087.0,"Billings, MT: Billings Logan International"
BIL,2026,4,425.0,49.0,13.92,3.3600000000000003,4.65,0.0,27.09,0.0,0.0,2250.0,525.0,282.0,169.0,0.0,1274.0,"Billings, MT: Billings Logan International"
BIL,2026,5,495.0,72.0,32.82,2.8,16.92,0.0,19.470000000000002,0.0,0.0,5064.0,2334.0,208.0,678.0,0.0,1844.0,"Billings, MT: Billings Logan International"
BIL,2026,6,532.0,100.0,54.6,5.630000000000001,13.92,0.0,25.86,3.0,3.0,4882.0,2554.0,376.0,535.0,0.0,1417.0,"Billings, MT: Billings Logan International"
BIL,2026,7,559.0,116.0,44.03,7.25,18.78,1.0,44.95,4.0,5.0,7745.0,2133.0,1093.0,876.0,20.0,3623.0,"Billings, MT: Billings Logan International"
BIS,2025,8,412.0,100.0,43.24,6.94,20.39,0.0,29.430000000000003,1.0,0.0,9041.0,4098.0,1098.0,1098.0,0.0,2747.0,"Bismarck/Mandan, ND: Bismarck Municipal"
BIS,2025,9,390.0,69.0,37.12,4.96,14.030000000000001,0.0,12.91,0.0,0.0,3231.0,1616.0,117.0,694.0,0.0,804.0,"Bismarck/Mandan, ND: Bismarck Municipal"
BIS,2025,10,391.0,57.0,24.03,3.36,13.93,0.0,15.68,0.0,1.0,2547.0,1125.0,134.0,548.0,0.0,740.0,"Bismarck/Mandan, ND: Bismarck Municipal"
BIS,2025,11,377.0,55.0,20.7,3.82,18.05,0.0,12.42,7.0,0.0,4130.0,1984.0,411.0,907.0,0.0,828.0,"Bismarck/Mandan, ND: Bismarck Municipal"
BIS,2025,12,401.0,128.0,45.44,10.75,38.21,0.0,33.6,5.0,4.0,10457.0,3660.0,815.0,3106.0,0.0,2876.0,"Bismarck/Mandan, ND: Bismarck Municipal"
BIS,2026,1,358.0,76.0,35.75,0.9900000000000001,14.25,1.0,24.02,6.0,0.0,4868.0,2472.0,65.0,611.0,87.0,1633.0,"Bismarck/Mandan, ND: Bismarck Municipal"
BIS,2026,2,338.0,50.0,21.369999999999997,4.64,6.72,0.0,17.26,0.0,0.0,6132.0,2983.0,696.0,666.0,0.0,1787.0,"Bismarck/Mandan, ND: Bismarck Municipal"
BIS,2026,3,389.0,81.0,38.290000000000006,4.37,19.939999999999998,0.0,18.4,9.0,0.0,6479.0,3010.0,655.0,1143.0,0.0,1671.0,"Bismarck/Mandan, ND: Bismarck Municipal"
BIS,2026,4,388.0,64.0,25.78,8.0,7.5600000000000005,0.0,22.66,1.0,0.0,3711.0,1712.0,409.0,348.0,0.0,1242.0,"Bismarck/Mandan, ND: Bismarck Municipal"
BIS,2026,5,386.0,66.0,35.83,2.99,12.75,0.0,14.43,0.0,0.0,6141.0,4206.0,258.0,685.0,0.0,992.0,"Bismarck/Mandan, ND: Bismarck Municipal"
BIS,2026,6,374.0,74.0,24.97,13.01,13.31,0.0,22.689999999999998,4.0,1.0,5328.0,1391.0,1077.0,761.0,0.0,2099.0,"Bismarck/Mandan, ND: Bismarck Municipal"
BIS,2026,7,382.0,86.0,31.91,6.11,17.23,0.0,30.76,2.0,0.0,5675.0,1623.0,638.0,1201.0,0.0,2213.0,"Bismarck/Mandan, ND: Bismarck Municipal"
BJI,2025,8,62.0,6.0,5.0,1.0,0.0,0.0,0.0,0.0,0.0,566.0,449.0,117.0,0.0,0.0,0.0,"Bemidji, MN: Bemidji Regional"
BJI,2025,9,60.0,5.0,2.63,1.72,0.65,0.0,0.0,0.0,0.0,207.0,95.0,93.0,19.0,0.0,0.0,"Bemidji, MN: Bemidji Regional"
BJI,2025,10,62.0,4.0,2.0,2.0,0.0,0.0,0.0,0.0,0.0,287.0,164.0,123.0,0.0,0.0,0.0,"Bemidji, MN: Bemidji Regional"
BJI,2025,11,59.0,9.0,7.57,0.77,0.66,0.0,0.0,0.0,0.0,1065.0,793.0,148.0,124.0,0.0,0.0,"Bemidji, MN: Bemidji Regional"
BJI,2025,12,62.0,22.0,10.56,7.17,4.27,0.0,0.0,1.0,1.0,1836.0,868.0,697.0,271.0,0.0,0.0,"Bemidji, MN: Bemidji Regional"
BJI,2026,1,61.0,20.0,15.42,3.63,0.95,0.0,0.0,1.0,0.0,2201.0,1347.0,807.0,47.0,0.0,0.0,"Bemidji, MN: Bemidji Regional"
BJI,2026,2,56.0,11.0,10.48,0.0,0.52,0.0,0.0,1.0,0.0,1645.0,1587.0,0.0,58.0,0.0,0.0,"Bemidji, MN: Bemidji Regional"
BJI,2026,3,62.0,10.0,8.1,1.0,0.9,0.0,0.0,3.0,0.0,1351.0,1259.0,29.0,63.0,0.0,0.0,"Bemidji, MN: Bemidji Regional"
BJI,2026,4,60.0,6.0,4.02,1.0,0.98,0.0,0.0,1.0,0.0,1040.0,909.0,88.0,43.0,0.0,0.0,"Bemidji, MN: Bemidji Regional"
BJI,2026,5,62.0,3.0,2.0,0.99,0.01,0.0,0.0,1.0,0.0,1426.0,682.0,737.0,7.0,0.0,0.0,"Bemidji, MN: Bemidji Regional"
BJI,2026,6,60.0,7.0,5.73,0.1,1.17,0.0,0.0,1.0,0.0,1003.0,932.0,2.0,69.0,0.0,0.0,"Bemidji, MN: Bemidji Regional"
BJI,2026,7,62.0,8.0,7.58,0.0,0.42,0.0,0.0,0.0,1.0,1730.0,1706.0,0.0,24.0,0.0,0.0,"Bemidji, MN: Bemidji Regional"
BLI,2025,8,201.0,34.0,13.59,1.0,6.3,0.0,13.1,1.0,0.0,2694.0,1977.0,36.0,218.0,0.0,463.0,"Bellingham, WA: Bellingham International"
BLI,2025,9,188.0,23.0,5.37,2.0,3.66,0.0,11.969999999999999,0.0,1.0,971.0,246.0,41.0,164.0,0.0,520.0,"Bellingham, WA: Bellingham International"
BLI,2025,10,209.0,26.0,8.95,3.0,2.0300000000000002,0.0,12.030000000000001,2.0,0.0,1739.0,740.0,154.0,109.0,0.0,736.0,"Bellingham, WA: Bellingham International"
BLI,2025,11,194.0,24.0,4.300000000000001,0.0,8.69,0.63,10.379999999999999,16.0,1.0,858.0,120.0,0.0,244.0,10.0,484.0,"Bellingham, WA: Bellingham International"
BLI,2025,12,216.0,44.0,8.66,1.0,12.17,0.0,22.18,3.0,0.0,2923.0,550.0,163.0,804.0,0.0,1406.0,"Bellingham, WA: Bellingham International"
BLI,2026,1,163.0,25.0,6.950000000000001,3.04,5.14,0.0,9.879999999999999,6.0,0.0,3305.0,307.0,1831.0,324.0,0.0,843.0,"Bellingham, WA: Bellingham International"
BLI,2026,2,146.0,9.0,0.9,1.0,2.41,0.0,4.68,2.0,0.0,327.0,19.0,38.0,71.0,0.0,199.0,"Bellingham, WA: Bellingham International"
BLI,2026,3,197.0,28.0,7.88,2.21,8.27,0.0,9.65,2.0,0.0,2461.0,1334.0,76.0,250.0,0.0,801.0,"Bellingham, WA: Bellingham International"
BLI,2026,4,209.0,23.0,5.83,0.0,7.76,0.0,9.4,0.0,0.0,1216.0,277.0,0.0,277.0,0.0,662.0,"Bellingham, WA: Bellingham International"
BLI,2026,5,205.0,34.0,4.66,0.0,8.25,0.07,21.02,1.0,0.0,2447.0,223.0,0.0,244.0,9.0,1971.0,"Bellingham, WA: Bellingham International"
BLI,2026,6,175.0,32.0,6.470000000000001,2.0,5.99,0.0,17.54,1.0,0.0,2242.0,765.0,49.0,229.0,0.0,1199.0,"Bellingham, WA: Bellingham International"
BLI,2026,7,182.0,22.0,7.03,0.0,1.93,0.0,13.04,1.0,0.0,1115.0,394.0,0.0,79.0,0.0,642.0,"Bellingham, WA: Bellingham International"
BLV,2025,8,135.0,33.0,10.47,3.52,6.37,0.0,12.64,0.0,0.0,2795.0,1531.0,276.0,330.0,0.0,658.0,"Belleville, IL: Scott AFB MidAmerica St Louis"
BLV,2025,9,83.0,13.0,3.54,2.44,2.0,0.0,5.03,0.0,0.0,705.0,166.0,266.0,99.0,0.0,174.0,"Belleville, IL: Scott AFB MidAmerica St Louis"
BLV,2025,10,87.0,21.0,3.52,2.5,5.74,0.0,9.24,0.0,0.0,1124.0,211.0,253.0,197.0,0.0,463.0,"Belleville, IL: Scott AFB MidAmerica St Louis"
BLV,2025,11,78.0,16.0,6.05,3.55,2.36,0.0,4.04,1.0,0.0,923.0,449.0,113.0,104.0,0.0,257.0,"Belleville, IL: Scott AFB MidAmerica St Louis"
BLV,2025,12,101.0,16.0,2.38,1.67,4.82,0.0,7.13,1.0,0.0,1021.0,152.0,156.0,286.0,0.0,427.0,"Belleville, IL: Scott AFB MidAmerica St Louis"
BLV,2026,1,77.0,12.0,2.85,0.85,2.33,0.0,5.98,0.0,0.0,799.0,174.0,88.0,64.0,0.0,473.0,"Belleville, IL: Scott AFB MidAmerica St Louis"
BLV,2026,2,85.0,20.0,10.23,0.79,6.72,0.0,2.26,0.0,0.0,1656.0,1093.0,68.0,340.0,0.0,155.0,"Belleville, IL: Scott AFB MidAmerica St Louis"
BLV,2026,3,137.0,41.0,11.32,5.41,9.63,0.0,14.64,2.0,0.0,4164.0,805.0,2024.0,505.0,0.0,830.0,"Belleville, IL: Scott AFB MidAmerica St Louis"
BLV,2026,4,100.0,21.0,2.32,3.97,4.81,0.0,9.9,0.0,0.0,1166.0,144.0,342.0,173.0,0.0,507.0,"Belleville, IL: Scott AFB MidAmerica St Louis"
BLV,2026,5,140.0,37.0,11.7,1.59,8.41,0.0,15.3,1.0,0.0,4013.0,2425.0,161.0,696.0,0.0,731.0,"Belleville, IL: Scott AFB MidAmerica St Louis"
BLV,2026,6,181.0,64.0,18.72,2.83,19.75,0.87,21.82,2.0,0.0,4477.0,1463.0,583.0,935.0,13.0,1483.0,"Belleville, IL: Scott AFB MidAmerica St Louis"
BLV,2026,7,190.0,54.0,14.81,5.13,11.25,0.0,22.8,2.0,1.0,5212.0,2132.0,538.0,683.0,0.0,1859.0,"Belleville, IL: Scott AFB MidAmerica St Louis"
BMI,2025,8,204.0,42.0,11.489999999999998,5.65,6.8,0.0,18.080000000000002,2.0,0.0,2817.0,709.0,785.0,314.0,0.0,1009.0,"Bloomington/Normal, IL: Central Il Regional Airport at Bloomington"
BMI,2025,9,197.0,24.0,8.65,0.96,7.38,0.0,7.010000000000001,1.0,0.0,1198.0,310.0,66.0,411.0,0.0,411.0,"Bloomington/Normal, IL: Central Il Regional Airport at Bloomington"
BMI,2025,10,207.0,26.0,11.87,1.48,6.26,0.0,6.39,0.0,0.0,1150.0,474.0,127.0,197.0,0.0,352.0,"Bloomington/Normal, IL: Central Il Regional Airport at Bloomington"
BMI,2025,11,221.0,38.0,8.21,3.53,7.64,0.0,18.61,16.0,1.0,3169.0,706.0,669.0,415.0,0.0,1379.0,"Bloomington/Normal, IL: Central Il Regional Airport at Bloomington"
BMI,2025,12,228.0,60.0,16.29,3.9299999999999997,15.07,0.0,24.73,3.0,1.0,4416.0,1013.0,348.0,770.0,0.0,2285.0,"Bloomington/Normal, IL: Central Il Regional Airport at Bloomington"
BMI,2026,1,200.0,37.0,11.48,5.56,7.22,0.0,12.74,8.0,0.0,2681.0,513.0,551.0,473.0,0.0,1144.0,"Bloomington/Normal, IL: Central Il Regional Airport at Bloomington"
BMI,2026,2,205.0,30.0,5.73,2.09,6.59,0.0,15.600000000000001,0.0,1.0,1398.0,276.0,111.0,254.0,0.0,757.0,"Bloomington/Normal, IL: Central Il Regional Airport at Bloomington"
BMI,2026,3,272.0,69.0,24.62,7.8,17.94,0.0,18.64,8.0,3.0,4643.0,1582.0,906.0,890.0,0.0,1265.0,"Bloomington/Normal, IL: Central Il Regional Airport at Bloomington"
BMI,2026,4,266.0,50.0,15.97,5.21,7.17,0.0,21.64,5.0,1.0,3329.0,679.0,443.0,439.0,0.0,1768.0,"Bloomington/Normal, IL: Central Il Regional Airport at Bloomington"
BMI,2026,5,274.0,60.0,19.1,3.55,10.92,0.0,26.43,1.0,1.0,5315.0,2493.0,332.0,582.0,0.0,1908.0,"Bloomington/Normal, IL: Central Il Regional Airport at Bloomington"
BMI,2026,6,234.0,59.0,14.0,6.56,13.96,0.0,24.5,3.0,1.0,5286.0,1233.0,696.0,1166.0,0.0,2191.0,"Bloomington/Normal, IL: Central Il Regional Airport at Bloomington"
BMI,2026,7,236.0,65.0,24.299999999999997,5.09,9.92,0.0,25.689999999999998,8.0,0.0,6228.0,2544.0,549.0,690.0,0.0,2445.0,"Bloomington/Normal, IL: Central Il Regional Airport at Bloomington"
BNA,2025,8,9346.0,1729.0,522.85,71.94,303.35,1.67,829.21,68.0,5.0,108248.0,33658.0,6025.0,13577.0,71.0,54917.0,"Nashville, TN: Nashville International"
BNA,2025,9,9006.0,1294.0,431.54,36.65,305.76,1.61,518.4499999999999,22.0,14.0,75059.0,24786.0,3302.0,11959.0,34.0,34978.0,"Nashville, TN: Nashville International"
BNA,2025,10,10132.0,2432.0,677.39,29.41,750.3399999999999,7.35,967.54,43.0,10.0,141362.0,37929.0,2295.0,41096.0,337.0,59705.0,"Nashville, TN: Nashville International"
BNA,2025,11,9114.0,1993.0,528.64,37.74,662.54,2.5300000000000002,761.51,119.0,10.0,130912.0,33613.0,4363.0,39596.0,114.0,53226.0,"Nashville, TN: Nashville International"
BNA,2025,12,9012.0,2378.0,689.13,49.11,601.69,5.15,1032.8999999999999,88.0,9.0,148869.0,41855.0,7388.0,27022.0,438.0,72166.0,"Nashville, TN: Nashville International"
BNA,2026,1,8065.0,1231.0,423.42,58.96,283.61,2.85,462.15999999999997,570.0,5.0,75755.0,25261.0,6344.0,14048.0,92.0,30010.0,"Nashville, TN: Nashville International"
BNA,2026,2,7737.0,1374.0,462.14000000000004,25.44,315.49,3.48,567.47,131.0,10.0,71873.0,24288.0,2407.0,11186.0,239.0,33753.0,"Nashville, TN: Nashville International"
BNA,2026,3,9797.0,2474.0,787.11,64.21,502.65,13.530000000000001,1105.5,219.0,11.0,160666.0,49309.0,8884.0,25381.0,595.0,76278.0,"Nashville, TN: Nashville International"
BNA,2026,4,9841.0,2007.0,551.88,40.98,467.47,5.27,941.3900000000001,52.0,10.0,112351.0,32891.0,4169.0,22184.0,141.0,52966.0,"Nashville, TN: Nashville International"
BNA,2026,5,10139.0,2764.0,817.1899999999999,53.41,740.21,9.59,1142.62,64.0,15.0,154133.0,47718.0,6157.0,29730.0,443.0,69967.0,"Nashville, TN: Nashville International"
BNA,2026,6,10002.0,2932.0,862.3000000000001,90.47,646.97,4.45,1326.83,117.0,23.0,176372.0,49223.0,8555.0,31491.0,139.0,86771.0,"Nashville, TN: Nashville International"
BNA,2026,7,10388.0,3303.0,962.4300000000001,103.17999999999999,845.36,10.28,1379.76,232.0,45.0,211508.0,60490.0,11070.0,42061.0,381.0,96891.0,"Nashville, TN: Nashville International"
BOI,2025,8,2479.0,459.0,195.76000000000002,22.96,72.33,0.0,167.96,6.0,1.0,27423.0,11746.0,1561.0,2654.0,0.0,11462.0,"Boise, ID: Boise Air Terminal"
BOI,2025,9,2366.0,345.0,132.33,13.57,68.56,1.06,129.49,7.0,2.0,17676.0,6030.0,1468.0,2335.0,30.0,7813.0,"Boise, ID: Boise Air Terminal"
BOI,2025,10,2485.0,394.0,149.91,10.42,70.28999999999999,0.0,163.39,11.0,1.0,20808.0,8746.0,1005.0,2380.0,0.0,8677.0,"Boise, ID: Boise Air Terminal"
BOI,2025,11,2416.0,367.0,126.16,15.429999999999998,82.5,0.95,139.95,39.0,23.0,22013.0,6510.0,1733.0,4391.0,19.0,7727.0,"Boise, ID: Boise Air Terminal"
BOI,2025,12,2524.0,553.0,196.84,19.55,104.8,0.64,231.15,9.0,6.0,34223.0,11936.0,1676.0,5130.0,47.0,15434.0,"Boise, ID: Boise Air Terminal"
BOI,2026,1,2353.0,408.0,141.1,25.759999999999998,81.58,0.0,159.56,21.0,3.0,22569.0,8008.0,1679.0,3750.0,0.0,9132.0,"Boise, ID: Boise Air Terminal"
BOI,2026,2,2157.0,316.0,124.52,16.439999999999998,58.76,0.0,116.27000000000001,5.0,2.0,18988.0,6902.0,1241.0,2108.0,0.0,8737.0,"Boise, ID: Boise Air Terminal"
BOI,2026,3,2504.0,427.0,151.25,21.509999999999998,83.59,0.0,169.65,25.0,0.0,27644.0,9601.0,1996.0,4022.0,0.0,11928.0,"Boise, ID: Boise Air Terminal"
BOI,2026,4,2436.0,383.0,140.93,8.629999999999999,68.63,1.0,163.81,11.0,1.0,20439.0,8647.0,442.0,3104.0,78.0,8168.0,"Boise, ID: Boise Air Terminal"
BOI,2026,5,2424.0,504.0,175.78,6.85,88.94,0.0,232.43,8.0,0.0,28150.0,10059.0,307.0,4010.0,0.0,13774.0,"Boise, ID: Boise Air Terminal"
BOI,2026,6,2448.0,594.0,200.82,15.25,102.61999999999999,0.0,275.32,19.0,0.0,34117.0,10862.0,1018.0,4499.0,0.0,17738.0,"Boise, ID: Boise Air Terminal"
BOI,2026,7,2554.0,568.0,213.5,20.36,71.11,0.0,263.03,12.0,8.0,31596.0,12519.0,1522.0,3217.0,0.0,14338.0,"Boise, ID: Boise Air Terminal"
BOS,2025,8,12576.0,2681.0,804.7,90.72,862.37,2.75,920.44,109.0,20.0,194207.0,61630.0,7245.0,47032.0,101.0,78199.0,"Boston, MA: Logan International"
BOS,2025,9,11712.0,4215.0,520.99,83.89,2897.31,2.18,710.62,153.0,12.0,307727.0,48464.0,7037.0,188791.0,108.0,63327.0,"Boston, MA: Logan International"
BOS,2025,10,12757.0,4463.0,608.52,53.29,2858.6,1.73,940.86,182.0,13.0,342723.0,51564.0,6140.0,199411.0,105.0,85503.0,"Boston, MA: Logan International"
BOS,2025,11,11502.0,2488.0,618.8,28.53,972.3599999999999,8.34,859.99,321.0,25.0,203614.0,55146.0,2674.0,69644.0,333.0,75817.0,"Boston, MA: Logan International"
BOS,2025,12,11357.0,2999.0,918.52,64.33,735.75,2.4899999999999998,1277.93,205.0,14.0,224352.0,68313.0,8875.0,37300.0,99.0,109765.0,"Boston, MA: Logan International"
BOS,2026,1,10401.0,2184.0,694.88,61.06,571.15,3.3499999999999996,853.56,777.0,17.0,174687.0,60844.0,9354.0,31058.0,229.0,73202.0,"Boston, MA: Logan International"
BOS,2026,2,10338.0,2356.0,599.68,55.68,785.64,2.2399999999999998,912.76,824.0,7.0,173438.0,45335.0,12166.0,37883.0,105.0,77949.0,"Boston, MA: Logan International"
BOS,2026,3,12414.0,3219.0,931.97,57.17,1038.3899999999999,11.74,1179.73,330.0,11.0,235149.0,72865.0,6413.0,52905.0,628.0,102338.0,"Boston, MA: Logan International"
BOS,2026,4,12651.0,3043.0,626.11,43.730000000000004,1366.88,9.93,996.34,43.0,9.0,184902.0,46581.0,3371.0,63834.0,344.0,70772.0,"Boston, MA: Logan International"
BOS,2026,5,12702.0,2562.0,658.74,76.05,952.72,3.86,870.6,73.0,11.0,164001.0,45348.0,7041.0,46364.0,238.0,65010.0,"Boston, MA: Logan International"
BOS,2026,6,12690.0,3014.0,684.5699999999999,88.07,1106.93,1.95,1132.48,221.0,10.0,235177.0,56094.0,9846.0,70137.0,595.0,98505.0,"Boston, MA: Logan International"
BOS,2026,7,13277.0,4174.0,950.19,112.3,1643.31,4.18,1464.03,777.0,45.0,365591.0,95574.0,11556.0,120985.0,242.0,137234.0,"Boston, MA: Logan International"
BPT,2025,8,62.0,13.0,8.0,4.99,0.01,0.0,0.0,1.0,0.0,2040.0,1479.0,560.0,1.0,0.0,0.0,"Beaumont/Port Arthur, TX: Jack Brooks Regional"
BPT,2025,9,58.0,7.0,3.0,2.37,0.63,0.0,1.0,1.0,1.0,1428.0,612.0,716.0,83.0,0.0,17.0,"Beaumont/Port Arthur, TX: Jack Brooks Regional"
BPT,2025,10,62.0,12.0,3.34,3.0,1.3,0.0,4.36,1.0,0.0,1240.0,588.0,429.0,50.0,0.0,173.0,"Beaumont/Port Arthur, TX: Jack Brooks Regional"
BPT,2025,11,59.0,14.0,4.0,4.0,1.0,0.0,5.0,1.0,0.0,1592.0,320.0,1016.0,21.0,0.0,235.0,"Beaumont/Port Arthur, TX: Jack Brooks Regional"
BPT,2025,12,62.0,17.0,8.94,4.0,0.4,0.0,3.66,2.0,1.0,3734.0,327.0,2527.0,44.0,0.0,836.0,"Beaumont/Port Arthur, TX: Jack Brooks Regional"
BPT,2026,1,61.0,10.0,4.12,0.45,1.84,0.0,3.59,4.0,0.0,674.0,360.0,37.0,78.0,0.0,199.0,"Beaumont/Port Arthur, TX: Jack Brooks Regional"
BPT,2026,2,51.0,7.0,5.65,1.0,0.0,0.0,0.35,4.0,0.0,335.0,269.0,41.0,0.0,0.0,25.0,"Beaumont/Port Arthur, TX: Jack Brooks Regional"
BPT,2026,3,62.0,11.0,6.0,0.0,0.0,0.0,5.0,4.0,1.0,1233.0,959.0,0.0,1.0,0.0,273.0,"Beaumont/Port Arthur, TX: Jack Brooks Regional"
BPT,2026,4,60.0,14.0,7.0,3.54,0.48,0.0,2.98,1.0,0.0,1672.0,983.0,278.0,38.0,0.0,373.0,"Beaumont/Port Arthur, TX: Jack Brooks Regional"
BPT,2026,5,61.0,15.0,4.99,2.91,1.23,0.0,5.87,2.0,0.0,1321.0,341.0,575.0,57.0,0.0,348.0,"Beaumont/Port Arthur, TX: Jack Brooks Regional"
BPT,2026,6,60.0,9.0,3.58,2.0,3.43,0.0,0.0,3.0,0.0,1594.0,773.0,360.0,461.0,0.0,0.0,"Beaumont/Port Arthur, TX: Jack Brooks Regional"
BPT,2026,7,64.0,18.0,5.74,3.69,4.27,0.0,4.29,0.0,0.0,2036.0,218.0,302.0,278.0,0.0,1238.0,"Beaumont/Port Arthur, TX: Jack Brooks Regional"
BQK,2025,8,93.0,16.0,8.03,1.08,2.49,0.0,4.4,0.0,0.0,880.0,489.0,36.0,74.0,0.0,281.0,"Brunswick, GA: Brunswick Golden Isles"
BQK,2025,9,90.0,9.0,5.52,0.0,0.72,0.0,2.75,0.0,1.0,546.0,320.0,0.0,29.0,0.0,197.0,"Brunswick, GA: Brunswick Golden Isles"
BQK,2025,10,92.0,9.0,2.2,0.0,1.36,0.0,5.44,0.0,0.0,577.0,98.0,0.0,187.0,0.0,292.0,"Brunswick, GA: Brunswick Golden Isles"
BQK,2025,11,88.0,19.0,7.28,1.0,2.62,0.0,8.1,3.0,0.0,1215.0,379.0,95.0,63.0,0.0,678.0,"Brunswick, GA: Brunswick Golden Isles"
BQK,2025,12,81.0,24.0,9.65,1.03,1.87,0.0,11.46,0.0,0.0,1842.0,649.0,58.0,218.0,0.0,917.0,"Brunswick, GA: Brunswick Golden Isles"
BQK,2026,1,89.0,16.0,6.48,0.06,3.2800000000000002,0.0,6.18,4.0,0.0,905.0,245.0,7.0,163.0,0.0,490.0,"Brunswick, GA: Brunswick Golden Isles"
BQK,2026,2,84.0,18.0,5.99,0.15,5.03,0.0,6.83,0.0,1.0,1063.0,321.0,19.0,285.0,0.0,438.0,"Brunswick, GA: Brunswick Golden Isles"
BQK,2026,3,93.0,24.0,13.97,0.93,0.32,0.0,8.79,2.0,1.0,2096.0,1135.0,141.0,27.0,0.0,793.0,"Brunswick, GA: Brunswick Golden Isles"
BQK,2026,4,90.0,18.0,7.75,0.06,0.44,0.0,9.75,0.0,0.0,885.0,396.0,5.0,26.0,0.0,458.0,"Brunswick, GA: Brunswick Golden Isles"
BQK,2026,5,93.0,25.0,7.99,1.32,5.72,0.0,9.98,0.0,1.0,2158.0,412.0,602.0,265.0,0.0,879.0,"Brunswick, GA: Brunswick Golden Isles"
BQK,2026,6,90.0,15.0,4.92,0.37,3.22,0.0,6.49,2.0,0.0,1361.0,291.0,63.0,381.0,0.0,626.0,"Brunswick, GA: Brunswick Golden Isles"
BQK,2026,7,92.0,30.0,9.66,1.03,4.66,0.0,14.66,3.0,1.0,2985.0,596.0,112.0,275.0,0.0,2002.0,"Brunswick, GA: Brunswick Golden Isles"
BQN,2025,8,218.0,66.0,22.990000000000002,5.18,15.399999999999999,0.0,22.43,2.0,1.0,4748.0,1534.0,698.0,577.0,0.0,1939.0,"Aguadilla, PR: Rafael Hernandez"
BQN,2025,9,121.0,28.0,7.16,2.94,9.46,0.79,7.65,1.0,1.0,1169.0,301.0,87.0,349.0,52.0,380.0,"Aguadilla, PR: Rafael Hernandez"
BQN,2025,10,161.0,43.0,17.63,0.52,15.129999999999999,0.0,9.72,1.0,1.0,2087.0,889.0,65.0,627.0,0.0,506.0,"Aguadilla, PR: Rafael Hernandez"
BQN,2025,11,198.0,59.0,29.02,0.0,11.95,0.0,18.03,3.0,0.0,4419.0,1842.0,0.0,761.0,0.0,1816.0,"Aguadilla, PR: Rafael Hernandez"
BQN,2025,12,224.0,87.0,34.519999999999996,0.32,22.060000000000002,0.0,30.11,3.0,0.0,5414.0,1852.0,39.0,1050.0,0.0,2473.0,"Aguadilla, PR: Rafael Hernandez"
BQN,2026,1,174.0,48.0,19.240000000000002,0.0,11.67,0.09,17.01,11.0,1.0,3014.0,875.0,0.0,810.0,4.0,1325.0,"Aguadilla, PR: Rafael Hernandez"
BQN,2026,2,155.0,47.0,19.65,0.87,7.31,0.0,19.17,8.0,0.0,3019.0,1139.0,34.0,486.0,0.0,1360.0,"Aguadilla, PR: Rafael Hernandez"
BQN,2026,3,167.0,56.0,24.96,0.03,13.06,0.0,17.94,3.0,4.0,3890.0,1608.0,5.0,974.0,0.0,1303.0,"Aguadilla, PR: Rafael Hernandez"
BQN,2026,4,173.0,50.0,23.1,0.52,8.799999999999999,1.54,16.05,0.0,2.0,2749.0,1268.0,16.0,639.0,30.0,796.0,"Aguadilla, PR: Rafael Hernandez"
BQN,2026,5,189.0,39.0,20.18,0.65,7.8,0.0,10.370000000000001,0.0,1.0,2153.0,1267.0,169.0,208.0,0.0,509.0,"Aguadilla, PR: Rafael Hernandez"
BQN,2026,6,212.0,52.0,19.73,3.12,10.37,0.0,18.759999999999998,0.0,4.0,4463.0,1173.0,158.0,1157.0,0.0,1975.0,"Aguadilla, PR: Rafael Hernandez"
BQN,2026,7,226.0,76.0,26.88,5.31,14.48,0.18,29.15,9.0,2.0,4905.0,1417.0,483.0,712.0,20.0,2273.0,"Aguadilla, PR: Rafael Hernandez"
BRD,2025,8,53.0,6.0,2.94,1.98,1.08,0.0,0.0,0.0,0.0,500.0,282.0,129.0,89.0,0.0,0.0,"Brainerd, MN: Brainerd Lakes Regional"
BRD,2025,9,53.0,7.0,3.0,3.75,0.25,0.0,0.0,0.0,0.0,435.0,78.0,337.0,20.0,0.0,0.0,"Brainerd, MN: Brainerd Lakes Regional"
BRD,2025,10,53.0,5.0,3.0,1.0,1.0,0.0,0.0,0.0,0.0,220.0,115.0,42.0,63.0,0.0,0.0,"Brainerd, MN: Brainerd Lakes Regional"
BRD,2025,11,52.0,6.0,3.86,0.6,1.55,0.0,0.0,3.0,0.0,580.0,392.0,72.0,116.0,0.0,0.0,"Brainerd, MN: Brainerd Lakes Regional"
BRD,2025,12,53.0,19.0,6.85,8.48,3.67,0.0,0.0,3.0,0.0,1200.0,374.0,585.0,241.0,0.0,0.0,"Brainerd, MN: Brainerd Lakes Regional"
BRD,2026,1,53.0,13.0,8.96,2.41,1.63,0.0,0.0,0.0,0.0,1317.0,623.0,601.0,93.0,0.0,0.0,"Brainerd, MN: Brainerd Lakes Regional"
BRD,2026,2,48.0,11.0,8.79,1.64,0.57,0.0,0.0,0.0,0.0,1436.0,1105.0,244.0,87.0,0.0,0.0,"Brainerd, MN: Brainerd Lakes Regional"
BRD,2026,3,54.0,6.0,6.0,0.0,0.0,0.0,0.0,3.0,0.0,351.0,351.0,0.0,0.0,0.0,0.0,"Brainerd, MN: Brainerd Lakes Regional"
BRD,2026,4,51.0,4.0,3.0,1.0,0.0,0.0,0.0,1.0,0.0,326.0,261.0,65.0,0.0,0.0,0.0,"Brainerd, MN: Brainerd Lakes Regional"
BRD,2026,5,56.0,0.0,0.0,0.0,0.0,0.0,0.0,0.0,0.0,0.0,0.0,0.0,0.0,0.0,0.0,"Brainerd, MN: Brainerd Lakes Regional"
BRD,2026,6,51.0,5.0,2.88,1.98,0.14,0.0,0.0,0.0,0.0,1172.0,1005.0,155.0,12.0,0.0,0.0,"Brainerd, MN: Brainerd Lakes Regional"
BRD,2026,7,55.0,5.0,2.95,2.0,0.05,0.0,0.0,0.0,0.0,204.0,95.0,107.0,2.0,0.0,0.0,"Brainerd, MN: Brainerd Lakes Regional"
BRO,2025,8,247.0,49.0,14.51,3.44,9.44,0.0,21.619999999999997,2.0,0.0,3075.0,657.0,505.0,393.0,0.0,1520.0,"Brownsville, TX: Brownsville South Padre Island International"
BRO,2025,9,236.0,34.0,12.26,0.92,8.27,0.0,12.55,1.0,0.0,1855.0,453.0,22.0,695.0,0.0,685.0,"Brownsville, TX: Brownsville South Padre Island International"
BRO,2025,10,247.0,33.0,16.42,1.32,5.01,0.0,10.26,2.0,0.0,2541.0,1458.0,42.0,167.0,0.0,874.0,"Brownsville, TX: Brownsville South Padre Island International"
BRO,2025,11,243.0,38.0,15.64,1.4500000000000002,10.52,0.0,10.379999999999999,13.0,1.0,2163.0,778.0,135.0,381.0,0.0,869.0,"Brownsville, TX: Brownsville South Padre Island International"
BRO,2025,12,243.0,35.0,17.380000000000003,1.0,4.71,0.0,11.92,0.0,1.0,1845.0,1045.0,15.0,136.0,0.0,649.0,"Brownsville, TX: Brownsville South Padre Island International"
BRO,2026,1,237.0,39.0,9.81,1.9,9.57,0.0,17.71,8.0,0.0,2111.0,390.0,343.0,354.0,0.0,1024.0,"Brownsville, TX: Brownsville South Padre Island International"
BRO,2026,2,211.0,15.0,9.64,0.53,1.2,0.0,3.62,1.0,1.0,748.0,466.0,39.0,50.0,0.0,193.0,"Brownsville, TX: Brownsville South Padre Island International"
BRO,2026,3,246.0,32.0,12.31,0.99,4.67,0.0,14.04,4.0,0.0,2414.0,819.0,161.0,205.0,0.0,1229.0,"Brownsville, TX: Brownsville South Padre Island International"
BRO,2026,4,239.0,39.0,8.65,2.19,8.67,0.0,19.5,1.0,0.0,2059.0,354.0,101.0,347.0,0.0,1257.0,"Brownsville, TX: Brownsville South Padre Island International"
BRO,2026,5,248.0,43.0,12.809999999999999,2.6500000000000004,10.91,0.0,16.62,6.0,2.0,4378.0,2383.0,235.0,411.0,0.0,1349.0,"Brownsville, TX: Brownsville South Padre Island International"
BRO,2026,6,231.0,48.0,12.86,2.74,10.98,0.0,21.43,6.0,0.0,4520.0,1143.0,168.0,449.0,0.0,2760.0,"Brownsville, TX: Brownsville South Padre Island International"
BRO,2026,7,231.0,39.0,9.58,0.76,9.379999999999999,0.0,19.270000000000003,0.0,0.0,2108.0,385.0,16.0,323.0,0.0,1384.0,"Brownsville, TX: Brownsville South Padre Island International"
BRW,2025,8,35.0,13.0,7.7,0.0,2.2,0.0,3.09,3.0,1.0,917.0,768.0,0.0,62.0,0.0,87.0,"Barrow, AK: Wiley Post/Will Rogers Memorial"
BRW,2025,9,35.0,4.0,0.05,0.0,0.0,0.0,3.95,0.0,0.0,183.0,2.0,0.0,0.0,0.0,181.0,"Barrow, AK: Wiley Post/Will Rogers Memorial"
BRW,2025,10,35.0,9.0,5.52,0.0,0.6,0.0,2.89,2.0,0.0,720.0,583.0,0.0,16.0,0.0,121.0,"Barrow, AK: Wiley Post/Will Rogers Memorial"
BRW,2025,11,32.0,7.0,1.0,2.18,0.8200000000000001,0.0,3.0,0.0,0.0,342.0,15.0,168.0,39.0,0.0,120.0,"Barrow, AK: Wiley Post/Will Rogers Memorial"
BRW,2025,12,33.0,13.0,5.63,0.57,1.22,0.0,5.57,3.0,1.0,859.0,338.0,69.0,104.0,0.0,348.0,"Barrow, AK: Wiley Post/Will Rogers Memorial"
BRW,2026,1,34.0,15.0,4.0,3.67,2.87,0.0,4.46,0.0,0.0,937.0,217.0,378.0,120.0,0.0,222.0,"Barrow, AK: Wiley Post/Will Rogers Memorial"
BRW,2026,2,32.0,6.0,2.45,0.39,1.6800000000000002,0.0,1.48,0.0,1.0,397.0,205.0,54.0,55.0,0.0,83.0,"Barrow, AK: Wiley Post/Will Rogers Memorial"
BRW,2026,3,36.0,6.0,3.09,0.15,0.12,0.0,2.64,0.0,0.0,147.0,60.0,8.0,2.0,0.0,77.0,"Barrow, AK: Wiley Post/Will Rogers Memorial"
BRW,2026,4,34.0,7.0,3.13,1.31,0.0,0.0,2.56,1.0,0.0,357.0,187.0,62.0,0.0,0.0,108.0,"Barrow, AK: Wiley Post/Will Rogers Memorial"
BRW,2026,5,35.0,2.0,2.0,0.0,0.0,0.0,0.0,1.0,0.0,53.0,53.0,0.0,0.0,0.0,0.0,"Barrow, AK: Wiley Post/Will Rogers Memorial"
BRW,2026,6,35.0,5.0,2.16,0.0,0.0,0.0,2.84,3.0,1.0,247.0,59.0,0.0,0.0,0.0,188.0,"Barrow, AK: Wiley Post/Will Rogers Memorial"
BRW,2026,7,35.0,6.0,2.26,0.0,0.74,0.0,3.0,1.0,1.0,215.0,94.0,0.0,28.0,0.0,93.0,"Barrow, AK: Wiley Post/Will Rogers Memorial"
BTM,2025,8,62.0,15.0,4.24,1.98,5.0,0.0,3.78,0.0,0.0,1578.0,954.0,206.0,297.0,0.0,121.0,"Butte, MT: Bert Mooney"
BTM,2025,9,60.0,6.0,2.47,1.0,2.53,0.0,0.0,0.0,0.0,274.0,129.0,28.0,117.0,0.0,0.0,"Butte, MT: Bert Mooney"
BTM,2025,10,62.0,7.0,3.0,0.0,1.54,0.0,2.46,0.0,0.0,372.0,228.0,0.0,72.0,0.0,72.0,"Butte, MT: Bert Mooney"
BTM,2025,11,59.0,1.0,0.0,1.0,0.0,0.0,0.0,1.0,0.0,33.0,0.0,33.0,0.0,0.0,0.0,"Butte, MT: Bert Mooney"
BTM,2025,12,60.0,7.0,2.28,1.98,1.8,0.0,0.94,0.0,1.0,622.0,60.0,442.0,61.0,0.0,59.0,"Butte, MT: Bert Mooney"
BTM,2026,1,61.0,6.0,2.0,0.0,1.23,0.0,2.77,0.0,0.0,337.0,52.0,0.0,46.0,0.0,239.0,"Butte, MT: Bert Mooney"
BTM,2026,2,56.0,7.0,1.86,0.88,1.79,0.0,2.46,0.0,0.0,329.0,55.0,68.0,105.0,0.0,101.0,"Butte, MT: Bert Mooney"
BTM,2026,3,62.0,6.0,2.02,0.0,1.4,0.0,2.58,1.0,0.0,504.0,199.0,0.0,64.0,0.0,241.0,"Butte, MT: Bert Mooney"
BTM,2026,4,60.0,11.0,8.0,1.0,1.0,0.0,1.0,1.0,0.0,1781.0,1102.0,647.0,15.0,0.0,17.0,"Butte, MT: Bert Mooney"
BTM,2026,5,62.0,18.0,8.63,1.0,2.32,0.0,6.05,0.0,1.0,2785.0,1288.0,37.0,114.0,0.0,1346.0,"Butte, MT: Bert Mooney"
BTM,2026,6,60.0,17.0,7.07,0.0,2.41,0.0,7.52,0.0,0.0,1707.0,458.0,0.0,155.0,0.0,1094.0,"Butte, MT: Bert Mooney"
BTM,2026,7,62.0,14.0,6.11,2.73,3.16,0.0,2.0,0.0,1.0,1637.0,319.0,295.0,115.0,0.0,908.0,"Butte, MT: Bert Mooney"
BTR,2025,8,588.0,148.0,49.35,14.79,33.49,0.2,50.160000000000004,7.0,1.0,11892.0,3900.0,1214.0,1395.0,32.0,5351.0,"Baton Rouge, LA: Baton Rouge Metropolitan/Ryan Field"
BTR,2025,9,578.0,74.0,34.69,2.44,10.14,0.0,26.71,3.0,1.0,5451.0,2283.0,273.0,469.0,0.0,2426.0,"Baton Rouge, LA: Baton Rouge Metropolitan/Ryan Field"
BTR,2025,10,661.0,93.0,40.300000000000004,3.17,18.46,0.0,31.060000000000002,4.0,2.0,8276.0,3188.0,885.0,945.0,0.0,3258.0,"Baton Rouge, LA: Baton Rouge Metropolitan/Ryan Field"
BTR,2025,11,610.0,110.0,42.54,10.32,17.32,0.0,39.82,23.0,0.0,7739.0,2832.0,1062.0,771.0,0.0,3074.0,"Baton Rouge, LA: Baton Rouge Metropolitan/Ryan Field"
BTR,2025,12,574.0,138.0,47.87,14.48,17.84,0.0,57.800000000000004,1.0,0.0,10822.0,3091.0,1609.0,746.0,0.0,5376.0,"Baton Rouge, LA: Baton Rouge Metropolitan/Ryan Field"
BTR,2026,1,552.0,83.0,33.18,5.789999999999999,15.19,0.0,28.86,34.0,1.0,7159.0,2074.0,727.0,621.0,0.0,3737.0,"Baton Rouge, LA: Baton Rouge Metropolitan/Ryan Field"
BTR,2026,2,509.0,77.0,36.64,4.11,9.860000000000001,0.0,26.400000000000002,6.0,0.0,4421.0,2399.0,187.0,403.0,0.0,1432.0,"Baton Rouge, LA: Baton Rouge Metropolitan/Ryan Field"
BTR,2026,3,621.0,128.0,53.14,7.12,20.71,0.1,46.91,27.0,1.0,12358.0,4567.0,991.0,1102.0,29.0,5669.0,"Baton Rouge, LA: Baton Rouge Metropolitan/Ryan Field"
BTR,2026,4,642.0,125.0,35.82,7.18,20.25,0.0,61.74,6.0,2.0,8294.0,2025.0,323.0,944.0,0.0,5002.0,"Baton Rouge, LA: Baton Rouge Metropolitan/Ryan Field"
BTR,2026,5,636.0,132.0,43.81,5.83,29.75,0.69,51.94,19.0,5.0,8374.0,2560.0,325.0,1213.0,11.0,4265.0,"Baton Rouge, LA: Baton Rouge Metropolitan/Ryan Field"
BTR,2026,6,594.0,164.0,53.34,18.52,25.419999999999998,0.0,66.73,22.0,4.0,14352.0,4278.0,2179.0,1502.0,0.0,6393.0,"Baton Rouge, LA: Baton Rouge Metropolitan/Ryan Field"
BTR,2026,7,584.0,166.0,59.85,12.52,29.88,0.0,63.78,10.0,2.0,13552.0,4542.0,1469.0,1621.0,0.0,5920.0,"Baton Rouge, LA: Baton Rouge Metropolitan/Ryan Field"
BTV,2025,8,868.0,174.0,67.51,4.97,43.83,0.0,57.7,15.0,0.0,13713.0,5214.0,1017.0,1763.0,0.0,5719.0,"Burlington, VT: Patrick Leahy Burlington International"
BTV,2025,9,817.0,125.0,34.58,1.95,29.72,0.0,58.76,4.0,6.0,8936.0,3016.0,709.0,1011.0,0.0,4200.0,"Burlington, VT: Patrick Leahy Burlington International"
BTV,2025,10,951.0,209.0,71.55,2.17,63.25,0.0,72.03,9.0,6.0,12514.0,5193.0,294.0,2429.0,0.0,4598.0,"Burlington, VT: Patrick Leahy Burlington International"
BTV,2025,11,681.0,163.0,46.45,0.29,36.72,1.79,77.74,16.0,4.0,12981.0,3438.0,32.0,1708.0,269.0,7534.0,"Burlington, VT: Patrick Leahy Burlington International"
BTV,2025,12,674.0,259.0,62.01,8.65,70.57,0.0,117.75,21.0,4.0,26734.0,7138.0,2338.0,3574.0,0.0,13684.0,"Burlington, VT: Patrick Leahy Burlington International"
BTV,2026,1,677.0,171.0,56.34,11.07,47.0,0.0,56.59,57.0,2.0,14186.0,4272.0,1101.0,1893.0,0.0,6920.0,"Burlington, VT: Patrick Leahy Burlington International"
BTV,2026,2,635.0,178.0,62.239999999999995,7.859999999999999,56.63,0.11,51.18,26.0,2.0,12686.0,4292.0,482.0,2289.0,2.0,5621.0,"Burlington, VT: Patrick Leahy Burlington International"
BTV,2026,3,709.0,188.0,60.33,6.989999999999999,47.21,1.0,72.47,40.0,9.0,16198.0,5561.0,692.0,2257.0,68.0,7620.0,"Burlington, VT: Patrick Leahy Burlington International"
BTV,2026,4,790.0,182.0,60.66,9.2,36.84,0.0,75.32,3.0,4.0,16217.0,4902.0,2612.0,1889.0,0.0,6814.0,"Burlington, VT: Patrick Leahy Burlington International"
BTV,2026,5,862.0,155.0,50.629999999999995,4.4399999999999995,41.98,0.0,57.94,14.0,1.0,9102.0,2916.0,226.0,1408.0,0.0,4552.0,"Burlington, VT: Patrick Leahy Burlington International"
BTV,2026,6,907.0,198.0,76.63,6.25,45.019999999999996,0.0,70.09,46.0,0.0,15117.0,5926.0,1166.0,2543.0,0.0,5482.0,"Burlington, VT: Patrick Leahy Burlington International"
BTV,2026,7,946.0,321.0,116.35,15.34,78.21,0.72,110.39,68.0,2.0,27905.0,10670.0,3148.0,4063.0,31.0,9993.0,"Burlington, VT: Patrick Leahy Burlington International"
BUF,2025,8,2477.0,582.0,183.01,21.38,138.27,0.68,238.64000000000001,22.0,7.0,40987.0,11466.0,2646.0,6352.0,32.0,20491.0,"Buffalo, NY: Buffalo Niagara International"
BUF,2025,9,2207.0,363.0,133.18,7.76,97.9,0.26,123.89,15.0,1.0,21522.0,7299.0,1135.0,4191.0,29.0,8868.0,"Buffalo, NY: Buffalo Niagara International"
BUF,2025,10,2317.0,506.0,150.68,7.46,125.43,2.0,220.43,17.0,2.0,27886.0,7788.0,731.0,4684.0,127.0,14556.0,"Buffalo, NY: Buffalo Niagara International"
BUF,2025,11,2117.0,512.0,167.98,10.53,118.33,0.64,214.52,71.0,2.0,39048.0,10684.0,1919.0,6243.0,11.0,20191.0,"Buffalo, NY: Buffalo Niagara International"
BUF,2025,12,1977.0,667.0,216.66,21.27,131.46,1.41,296.2,113.0,5.0,52147.0,18062.0,3082.0,6273.0,154.0,24576.0,"Buffalo, NY: Buffalo Niagara International"
BUF,2026,1,1783.0,461.0,145.02,26.14,107.41,0.76,181.69,119.0,1.0,32509.0,10329.0,2705.0,4539.0,76.0,14860.0,"Buffalo, NY: Buffalo Niagara International"
BUF,2026,2,1794.0,483.0,148.39,25.71,119.59,0.96,188.34,78.0,12.0,42647.0,9434.0,6478.0,5411.0,160.0,21164.0,"Buffalo, NY: Buffalo Niagara International"
BUF,2026,3,2112.0,609.0,209.13,20.650000000000002,102.83,5.52,270.85,72.0,4.0,44104.0,14235.0,2255.0,5436.0,217.0,21961.0,"Buffalo, NY: Buffalo Niagara International"
BUF,2026,4,2152.0,470.0,162.76,10.05,87.64,0.0,209.56,13.0,0.0,28695.0,10526.0,641.0,3400.0,0.0,14128.0,"Buffalo, NY: Buffalo Niagara International"
BUF,2026,5,2369.0,525.0,184.85,12.71,106.62,0.0,220.78,25.0,3.0,31766.0,10127.0,1076.0,4614.0,0.0,15949.0,"Buffalo, NY: Buffalo Niagara International"
BUF,2026,6,2339.0,566.0,182.96,22.52,103.74,0.0,256.78,73.0,4.0,42060.0,13164.0,1929.0,5571.0,0.0,21396.0,"Buffalo, NY: Buffalo Niagara International"
BUF,2026,7,2408.0,767.0,253.72,27.14,160.96,1.33,323.85,164.0,2.0,55744.0,16197.0,3659.0,9199.0,91.0,26598.0,"Buffalo, NY: Buffalo Niagara International"
BUR,2025,8,2656.0,525.0,196.34,6.07,88.75,0.38,233.47,19.0,4.0,30726.0,12122.0,638.0,4463.0,8.0,13495.0,"Burbank, CA: Bob Hope"
BUR,2025,9,2526.0,395.0,139.43,3.8499999999999996,74.53999999999999,0.0,177.19,12.0,4.0,20247.0,6646.0,292.0,3890.0,0.0,9419.0,"Burbank, CA: Bob Hope"
BUR,2025,10,2695.0,611.0,190.81,7.61,152.22,0.0,260.35,23.0,16.0,35332.0,11163.0,413.0,8771.0,0.0,14985.0,"Burbank, CA: Bob Hope"
BUR,2025,11,2604.0,499.0,150.39,17.87,102.02000000000001,0.0,227.70999999999998,48.0,18.0,28296.0,7587.0,1027.0,5555.0,0.0,13938.0,"Burbank, CA: Bob Hope"
BUR,2025,12,2623.0,598.0,195.18,20.650000000000002,127.15,0.27,254.76,50.0,32.0,35853.0,10790.0,1948.0,6730.0,12.0,16373.0,"Burbank, CA: Bob Hope"
BUR,2026,1,2261.0,367.0,125.25,11.75,78.76,0.03,151.21,24.0,2.0,19802.0,6988.0,1309.0,3631.0,2.0,7872.0,"Burbank, CA: Bob Hope"
BUR,2026,2,2185.0,351.0,134.9,5.3,67.53,2.0,141.24,46.0,13.0,19268.0,7221.0,659.0,2867.0,171.0,8350.0,"Burbank, CA: Bob Hope"
BUR,2026,3,2568.0,397.0,163.0,6.920000000000001,38.92,1.0,186.15,33.0,5.0,26067.0,10811.0,660.0,1998.0,46.0,12470.0,"Burbank, CA: Bob Hope"
BUR,2026,4,2473.0,440.0,140.67,4.890000000000001,67.93,0.0,226.5,16.0,3.0,21040.0,6515.0,280.0,2458.0,0.0,11787.0,"Burbank, CA: Bob Hope"
BUR,2026,5,2521.0,522.0,174.71,2.96,69.49000000000001,0.0,274.85,28.0,2.0,30643.0,9415.0,305.0,2652.0,0.0,18271.0,"Burbank, CA: Bob Hope"
BUR,2026,6,2535.0,627.0,189.35000000000002,4.97,71.7,0.0,359.96999999999997,23.0,3.0,37080.0,11284.0,1035.0,3206.0,0.0,21390.0,"Burbank, CA: Bob Hope"
BUR,2026,7,2626.0,604.0,188.72,11.690000000000001,75.39,0.52,327.66999999999996,27.0,5.0,34535.0,11447.0,1030.0,2779.0,29.0,19250.0,"Burbank, CA: Bob Hope"
BWI,2025,8,8397.0,1717.0,524.09,65.98,423.83000000000004,0.52,702.56,76.0,15.0,104690.0,32192.0,5795.0,22450.0,22.0,44231.0,"Baltimore, MD: Baltimore/Washington International Thurgood Marshall"
BWI,2025,9,7984.0,1078.0,325.74,38.33,308.87,0.95,403.11,13.0,13.0,60622.0,18913.0,3407.0,14573.0,18.0,23636.0,"Baltimore, MD: Baltimore/Washington International Thurgood Marshall"
BWI,2025,10,8501.0,1447.0,463.58000000000004,9.41,216.85000000000002,5.11,752.03,17.0,3.0,73416.0,24051.0,796.0,8319.0,124.0,40126.0,"Baltimore, MD: Baltimore/Washington International Thurgood Marshall"
BWI,2025,11,7736.0,1193.0,387.09999999999997,11.879999999999999,222.09,7.93,564.0,148.0,1.0,70668.0,22519.0,1202.0,10636.0,268.0,36043.0,"Baltimore, MD: Baltimore/Washington International Thurgood Marshall"
BWI,2025,12,7864.0,1808.0,582.4,19.3,357.54,6.71,842.05,107.0,2.0,99209.0,32838.0,1356.0,14338.0,469.0,50208.0,"Baltimore, MD: Baltimore/Washington International Thurgood Marshall"
BWI,2026,1,6932.0,965.0,359.82,18.53,208.9,1.1,376.66999999999996,380.0,2.0,53625.0,22672.0,2734.0,7358.0,18.0,20843.0,"Baltimore, MD: Baltimore/Washington International Thurgood Marshall"
BWI,2026,2,6551.0,1138.0,400.84000000000003,11.71,263.0,2.26,460.2,245.0,41.0,57931.0,21186.0,906.0,10996.0,55.0,24788.0,"Baltimore, MD: Baltimore/Washington International Thurgood Marshall"
BWI,2026,3,7799.0,1872.0,630.08,32.17,357.95,12.79,838.0,203.0,47.0,112616.0,34913.0,4135.0,21803.0,503.0,51054.0,"Baltimore, MD: Baltimore/Washington International Thurgood Marshall"
BWI,2026,4,8043.0,1389.0,437.90999999999997,22.59,255.82999999999998,5.54,667.1400000000001,29.0,15.0,70835.0,23332.0,2213.0,10621.0,302.0,34367.0,"Baltimore, MD: Baltimore/Washington International Thurgood Marshall"
BWI,2026,5,8169.0,1598.0,531.32,31.409999999999997,263.03,9.37,762.86,28.0,11.0,89800.0,26608.0,2748.0,15335.0,376.0,44733.0,"Baltimore, MD: Baltimore/Washington International Thurgood Marshall"
BWI,2026,6,8047.0,1873.0,562.55,49.059999999999995,321.59999999999997,6.26,933.5199999999999,68.0,36.0,116488.0,33164.0,5096.0,21467.0,152.0,56609.0,"Baltimore, MD: Baltimore/Washington International Thurgood Marshall"
BWI,2026,7,8488.0,2354.0,687.3,81.28999999999999,549.98,11.16,1023.2700000000001,273.0,143.0,153205.0,40159.0,8523.0,38171.0,511.0,65605.0,"Baltimore, MD: Baltimore/Washington International Thurgood Marshall"
BZN,2025,8,1430.0,294.0,112.5,8.89,63.5,0.0,109.08999999999999,9.0,9.0,16382.0,6459.0,646.0,2428.0,0.0,6849.0,"Bozeman, MT: Bozeman Yellowstone International"
BZN,2025,9,1166.0,159.0,55.94,3.01,38.33,0.0,61.73,2.0,1.0,7558.0,2714.0,139.0,1178.0,0.0,3527.0,"Bozeman, MT: Bozeman Yellowstone International"
BZN,2025,10,969.0,132.0,53.33,1.3499999999999999,32.31,0.0,45.03,1.0,1.0,6278.0,2920.0,52.0,1021.0,0.0,2285.0,"Bozeman, MT: Bozeman Yellowstone International"
BZN,2025,11,777.0,97.0,36.09,8.03,23.12,0.0,27.77,14.0,12.0,6923.0,2485.0,1323.0,877.0,0.0,1843.0,"Bozeman, MT: Bozeman Yellowstone International"
BZN,2025,12,1022.0,259.0,81.38,6.77,97.09,0.0,73.78,11.0,8.0,14506.0,5104.0,519.0,4058.0,0.0,4825.0,"Bozeman, MT: Bozeman Yellowstone International"
BZN,2026,1,994.0,187.0,76.31,11.14,47.86,0.37,51.29,12.0,1.0,9446.0,3467.0,1161.0,1994.0,25.0,2799.0,"Bozeman, MT: Bozeman Yellowstone International"
BZN,2026,2,958.0,179.0,83.75999999999999,5.91,56.45,0.21,32.67,6.0,1.0,8500.0,3944.0,420.0,2112.0,7.0,2017.0,"Bozeman, MT: Bozeman Yellowstone International"
BZN,2026,3,1139.0,305.0,97.43,13.16,105.37,1.3,87.74,14.0,1.0,18523.0,4963.0,2101.0,4245.0,87.0,7127.0,"Bozeman, MT: Bozeman Yellowstone International"
BZN,2026,4,827.0,118.0,50.6,8.1,22.11,0.0,37.19,3.0,3.0,6862.0,2462.0,783.0,1126.0,0.0,2491.0,"Bozeman, MT: Bozeman Yellowstone International"
BZN,2026,5,931.0,181.0,75.97,7.21,29.340000000000003,1.0,67.47999999999999,3.0,0.0,9763.0,3859.0,579.0,1182.0,26.0,4117.0,"Bozeman, MT: Bozeman Yellowstone International"
BZN,2026,6,1361.0,333.0,115.38,11.61,73.69,0.0,132.34,6.0,2.0,19470.0,7003.0,944.0,3017.0,0.0,8506.0,"Bozeman, MT: Bozeman Yellowstone International"
BZN,2026,7,1504.0,389.0,144.01,7.59,96.53999999999999,0.0,140.86,19.0,8.0,21825.0,7892.0,735.0,4424.0,0.0,8774.0,"Bozeman, MT: Bozeman Yellowstone International"
CAE,2025,8,953.0,214.0,70.11,11.14,50.019999999999996,1.0,81.74,11.0,4.0,16034.0,5470.0,947.0,2427.0,26.0,7164.0,"Columbia, SC: Columbia Metropolitan"
CAE,2025,9,931.0,135.0,49.91,6.11,28.62,0.0,50.37,4.0,2.0,8327.0,3378.0,549.0,933.0,0.0,3467.0,"Columbia, SC: Columbia Metropolitan"
CAE,2025,10,1059.0,178.0,68.0,1.43,45.49,0.0,63.09,7.0,2.0,9203.0,3258.0,107.0,1617.0,0.0,4221.0,"Columbia, SC: Columbia Metropolitan"
CAE,2025,11,936.0,167.0,48.61,5.0,37.21,0.06,76.13,36.0,1.0,12362.0,3724.0,406.0,2222.0,13.0,5997.0,"Columbia, SC: Columbia Metropolitan"
CAE,2025,12,892.0,259.0,93.63,10.72,45.769999999999996,1.08,107.78999999999999,9.0,3.0,18453.0,5568.0,1181.0,2372.0,40.0,9292.0,"Columbia, SC: Columbia Metropolitan"
CAE,2026,1,921.0,181.0,61.92,14.39,40.78,0.0,63.95,78.0,3.0,14306.0,3845.0,1710.0,1711.0,0.0,7040.0,"Columbia, SC: Columbia Metropolitan"
CAE,2026,2,869.0,180.0,65.8,6.970000000000001,31.580000000000002,0.36,75.29,30.0,0.0,12866.0,4110.0,559.0,1658.0,97.0,6442.0,"Columbia, SC: Columbia Metropolitan"
CAE,2026,3,1015.0,219.0,52.94,12.32,45.870000000000005,0.33,107.53,42.0,0.0,18898.0,4060.0,2344.0,2495.0,7.0,9992.0,"Columbia, SC: Columbia Metropolitan"
CAE,2026,4,1087.0,187.0,58.51,4.21,33.910000000000004,0.0,90.37,12.0,2.0,15366.0,4862.0,780.0,2330.0,0.0,7394.0,"Columbia, SC: Columbia Metropolitan"
CAE,2026,5,1117.0,211.0,62.49,6.41,51.1,0.0,91.00999999999999,9.0,1.0,13203.0,3231.0,603.0,2192.0,0.0,7177.0,"Columbia, SC: Columbia Metropolitan"
CAE,2026,6,1067.0,180.0,58.83,7.52,38.09,0.0,75.59,36.0,0.0,13905.0,4330.0,809.0,2540.0,0.0,6226.0,"Columbia, SC: Columbia Metropolitan"
CAE,2026,7,1093.0,310.0,81.7,13.19,67.5,0.0,147.62,41.0,3.0,24949.0,5589.0,1664.0,3467.0,0.0,14229.0,"Columbia, SC: Columbia Metropolitan"
CAK,2025,8,378.0,90.0,33.99,8.940000000000001,8.97,0.0,38.1,6.0,0.0,7986.0,3154.0,1138.0,669.0,0.0,3025.0,"Akron, OH: Akron-Canton Regional"
CAK,2025,9,326.0,61.0,29.810000000000002,2.76,9.42,0.0,18.990000000000002,0.0,0.0,3603.0,1628.0,353.0,400.0,0.0,1222.0,"Akron, OH: Akron-Canton Regional"
CAK,2025,10,394.0,63.0,27.29,2.67,14.6,0.0,18.45,0.0,0.0,2865.0,1112.0,183.0,595.0,0.0,975.0,"Akron, OH: Akron-Canton Regional"
CAK,2025,11,366.0,97.0,28.15,4.2700000000000005,22.32,0.0,42.25,17.0,0.0,7932.0,1708.0,702.0,1837.0,0.0,3685.0,"Akron, OH: Akron-Canton Regional"
CAK,2025,12,388.0,163.0,47.36,4.8999999999999995,30.5,0.0,80.24,14.0,3.0,21667.0,7458.0,1671.0,2244.0,0.0,10294.0,"Akron, OH: Akron-Canton Regional"
CAK,2026,1,352.0,107.0,29.189999999999998,7.54,22.8,0.0,47.480000000000004,27.0,0.0,9238.0,1521.0,660.0,1508.0,0.0,5549.0,"Akron, OH: Akron-Canton Regional"
CAK,2026,2,340.0,107.0,37.58,6.3100000000000005,22.980000000000004,0.0,40.150000000000006,9.0,3.0,9341.0,3095.0,1236.0,1146.0,0.0,3864.0,"Akron, OH: Akron-Canton Regional"
CAK,2026,3,446.0,156.0,47.730000000000004,14.11,35.01,0.0,59.15,29.0,1.0,14726.0,3890.0,1443.0,2115.0,0.0,7278.0,"Akron, OH: Akron-Canton Regional"
CAK,2026,4,450.0,141.0,48.83,7.67,22.71,0.0,61.78,17.0,1.0,13537.0,4628.0,871.0,1549.0,0.0,6489.0,"Akron, OH: Akron-Canton Regional"
CAK,2026,5,485.0,140.0,49.67,6.07,31.42,2.0,50.839999999999996,5.0,0.0,9148.0,2748.0,752.0,1902.0,64.0,3682.0,"Akron, OH: Akron-Canton Regional"
CAK,2026,6,499.0,154.0,43.73,15.969999999999999,40.11,0.06,54.11,15.0,1.0,12283.0,4369.0,1614.0,1855.0,10.0,4435.0,"Akron, OH: Akron-Canton Regional"
CAK,2026,7,505.0,160.0,58.59,10.8,33.66,0.0,56.94,14.0,3.0,11879.0,3875.0,1258.0,1510.0,0.0,5236.0,"Akron, OH: Akron-Canton Regional"
CDC,2025,8,52.0,4.0,3.9,0.0,0.1,0.0,0.0,0.0,0.0,120.0,118.0,0.0,2.0,0.0,0.0,"Cedar City, UT: Cedar City Regional"
CDC,2025,9,53.0,2.0,2.0,0.0,0.0,0.0,0.0,0.0,0.0,118.0,118.0,0.0,0.0,0.0,0.0,"Cedar City, UT: Cedar City Regional"
CDC,2025,10,54.0,3.0,2.0,0.46,0.54,0.0,0.0,0.0,0.0,170.0,144.0,12.0,14.0,0.0,0.0,"Cedar City, UT: Cedar City Regional"
CDC,2025,11,51.0,1.0,1.0,0.0,0.0,0.0,0.0,3.0,0.0,107.0,107.0,0.0,0.0,0.0,0.0,"Cedar City, UT: Cedar City Regional"
CDC,2025,12,54.0,4.0,4.0,0.0,0.0,0.0,0.0,0.0,0.0,188.0,188.0,0.0,0.0,0.0,0.0,"Cedar City, UT: Cedar City Regional"
CDC,2026,1,53.0,2.0,1.0,1.0,0.0,0.0,0.0,0.0,0.0,219.0,189.0,30.0,0.0,0.0,0.0,"Cedar City, UT: Cedar City Regional"
CDC,2026,2,48.0,2.0,1.0,0.57,0.43,0.0,0.0,0.0,0.0,228.0,16.0,121.0,91.0,0.0,0.0,"Cedar City, UT: Cedar City Regional"
CDC,2026,3,53.0,1.0,1.0,0.0,0.0,0.0,0.0,0.0,0.0,20.0,20.0,0.0,0.0,0.0,0.0,"Cedar City, UT: Cedar City Regional"
CDC,2026,4,51.0,6.0,3.0,2.16,0.84,0.0,0.0,0.0,0.0,285.0,78.0,143.0,64.0,0.0,0.0,"Cedar City, UT: Cedar City Regional"
CDC,2026,5,54.0,2.0,2.0,0.0,0.0,0.0,0.0,0.0,1.0,182.0,182.0,0.0,0.0,0.0,0.0,"Cedar City, UT: Cedar City Regional"
CDC,2026,6,51.0,3.0,2.0,1.0,0.0,0.0,0.0,0.0,0.0,404.0,196.0,208.0,0.0,0.0,0.0,"Cedar City, UT: Cedar City Regional"
CDC,2026,7,55.0,5.0,3.95,1.0,0.05,0.0,0.0,0.0,0.0,176.0,147.0,24.0,5.0,0.0,0.0,"Cedar City, UT: Cedar City Regional"
CDV,2025,8,62.0,8.0,1.25,0.0,0.0,0.0,6.75,0.0,0.0,239.0,36.0,0.0,0.0,0.0,203.0,"Cordova, AK: Merle K Mudhole Smith"
CDV,2025,9,60.0,1.0,0.0,0.0,0.26,0.0,0.74,2.0,0.0,35.0,0.0,0.0,9.0,0.0,26.0,"Cordova, AK: Merle K Mudhole Smith"
CDV,2025,10,62.0,8.0,2.12,0.0,1.72,0.0,4.16,0.0,0.0,401.0,94.0,0.0,95.0,0.0,212.0,"Cordova, AK: Merle K Mudhole Smith"
CDV,2025,11,57.0,9.0,1.33,0.0,4.05,0.0,3.62,0.0,0.0,421.0,35.0,0.0,131.0,0.0,255.0,"Cordova, AK: Merle K Mudhole Smith"
CDV,2025,12,60.0,11.0,0.0,0.93,1.58,0.0,8.49,6.0,2.0,964.0,0.0,139.0,67.0,0.0,758.0,"Cordova, AK: Merle K Mudhole Smith"
CDV,2026,1,60.0,11.0,3.12,1.33,1.31,0.0,5.24,3.0,6.0,1116.0,101.0,304.0,237.0,0.0,474.0,"Cordova, AK: Merle K Mudhole Smith"
CDV,2026,2,56.0,9.0,2.0,1.0,1.0,0.0,5.0,1.0,1.0,457.0,124.0,92.0,15.0,0.0,226.0,"Cordova, AK: Merle K Mudhole Smith"
CDV,2026,3,62.0,10.0,0.69,1.66,2.65,0.0,5.0,2.0,0.0,777.0,25.0,90.0,80.0,0.0,582.0,"Cordova, AK: Merle K Mudhole Smith"
CDV,2026,4,60.0,7.0,3.6,0.0,0.6,0.0,2.79,0.0,0.0,273.0,144.0,0.0,36.0,0.0,93.0,"Cordova, AK: Merle K Mudhole Smith"
CDV,2026,5,62.0,9.0,3.56,0.0,1.09,0.0,4.35,1.0,0.0,484.0,205.0,0.0,36.0,0.0,243.0,"Cordova, AK: Merle K Mudhole Smith"
CDV,2026,6,60.0,6.0,3.0,0.0,0.0,0.0,3.0,0.0,0.0,380.0,204.0,0.0,0.0,0.0,176.0,"Cordova, AK: Merle K Mudhole Smith"
CDV,2026,7,62.0,8.0,5.39,0.0,0.0,0.0,2.61,0.0,0.0,284.0,165.0,0.0,0.0,0.0,119.0,"Cordova, AK: Merle K Mudhole Smith"
CHA,2025,8,892.0,175.0,55.3,13.25,42.36,2.54,61.56,9.0,3.0,16287.0,5622.0,2021.0,2177.0,922.0,5545.0,"Chattanooga, TN: Lovell Field"
CHA,2025,9,891.0,123.0,48.49,3.97,17.99,0.0,52.53,1.0,0.0,8747.0,3597.0,447.0,951.0,0.0,3752.0,"Chattanooga, TN: Lovell Field"
CHA,2025,10,1029.0,183.0,65.83,5.489999999999999,39.8,0.07,71.83,7.0,1.0,11785.0,4477.0,382.0,1765.0,2.0,5159.0,"Chattanooga, TN: Lovell Field"
CHA,2025,11,949.0,214.0,73.88,5.25,42.58,0.0,92.3,36.0,2.0,17325.0,5344.0,1377.0,2689.0,0.0,7915.0,"Chattanooga, TN: Lovell Field"
CHA,2025,12,893.0,259.0,69.86,7.91,51.370000000000005,0.12,129.75,11.0,4.0,23455.0,5997.0,819.0,2773.0,8.0,13858.0,"Chattanooga, TN: Lovell Field"
CHA,2026,1,769.0,135.0,39.6,8.41,27.54,0.0,59.48,61.0,2.0,9431.0,2505.0,788.0,1075.0,0.0,5063.0,"Chattanooga, TN: Lovell Field"
CHA,2026,2,733.0,163.0,56.78,5.34,28.36,0.0,72.53,10.0,0.0,11006.0,3790.0,365.0,1076.0,0.0,5775.0,"Chattanooga, TN: Lovell Field"
CHA,2026,3,953.0,274.0,87.66,11.11,49.45,0.0,125.77000000000001,41.0,0.0,24360.0,8689.0,1039.0,3085.0,0.0,11547.0,"Chattanooga, TN: Lovell Field"
CHA,2026,4,1088.0,247.0,92.59,10.75,43.38,0.16,100.13,18.0,0.0,18172.0,6551.0,1012.0,2088.0,30.0,8491.0,"Chattanooga, TN: Lovell Field"
CHA,2026,5,1069.0,224.0,72.28,14.68,35.25,0.0,101.78999999999999,16.0,0.0,18511.0,5942.0,1683.0,1625.0,0.0,9261.0,"Chattanooga, TN: Lovell Field"
CHA,2026,6,999.0,248.0,68.59,18.57,53.1,0.0,107.73,31.0,0.0,19159.0,4995.0,2513.0,2500.0,0.0,9151.0,"Chattanooga, TN: Lovell Field"
CHA,2026,7,1016.0,328.0,103.85,16.7,61.25,0.0,146.22,37.0,5.0,32809.0,11798.0,1123.0,4681.0,0.0,15207.0,"Chattanooga, TN: Lovell Field"
CHO,2025,8,556.0,90.0,31.34,5.18,13.29,0.0,40.2,6.0,6.0,7363.0,1799.0,1448.0,671.0,0.0,3445.0,"Charlottesville, VA: Charlottesville Albemarle"
CHO,2025,9,609.0,92.0,40.57,5.59,13.35,0.0,32.49,2.0,2.0,6645.0,2722.0,648.0,458.0,0.0,2817.0,"Charlottesville, VA: Charlottesville Albemarle"
CHO,2025,10,637.0,103.0,49.64,0.0,26.84,0.0,26.52,2.0,1.0,5406.0,2669.0,0.0,987.0,0.0,1750.0,"Charlottesville, VA: Charlottesville Albemarle"
CHO,2025,11,634.0,110.0,41.15,1.0299999999999998,26.41,0.0,41.42,28.0,0.0,9004.0,3507.0,238.0,1714.0,0.0,3545.0,"Charlottesville, VA: Charlottesville Albemarle"
CHO,2025,12,613.0,161.0,51.19,7.43,30.13,0.0,72.27000000000001,23.0,6.0,18548.0,4385.0,2058.0,1835.0,0.0,10270.0,"Charlottesville, VA: Charlottesville Albemarle"
CHO,2026,1,547.0,96.0,35.730000000000004,5.34,15.93,0.0,39.010000000000005,43.0,1.0,11324.0,6247.0,406.0,747.0,0.0,3924.0,"Charlottesville, VA: Charlottesville Albemarle"
CHO,2026,2,501.0,105.0,37.07,3.04,26.32,0.0,38.58,13.0,1.0,7480.0,3121.0,266.0,1227.0,0.0,2866.0,"Charlottesville, VA: Charlottesville Albemarle"
CHO,2026,3,623.0,182.0,64.77,12.11,34.620000000000005,0.6000000000000001,69.9,29.0,8.0,16243.0,4957.0,2563.0,1968.0,38.0,6717.0,"Charlottesville, VA: Charlottesville Albemarle"
CHO,2026,4,661.0,141.0,52.9,5.73,27.500000000000004,0.0,54.88,10.0,1.0,12996.0,3754.0,1012.0,1179.0,0.0,7051.0,"Charlottesville, VA: Charlottesville Albemarle"
CHO,2026,5,647.0,125.0,37.71,5.22,23.51,0.0,58.57,6.0,1.0,9520.0,2170.0,365.0,1515.0,0.0,5470.0,"Charlottesville, VA: Charlottesville Albemarle"
CHO,2026,6,585.0,105.0,30.599999999999998,5.569999999999999,28.93,0.0,39.9,11.0,1.0,8714.0,2451.0,830.0,1375.0,0.0,4058.0,"Charlottesville, VA: Charlottesville Albemarle"
CHO,2026,7,601.0,163.0,42.9,10.63,30.52,0.0,78.93,17.0,1.0,12788.0,2754.0,1092.0,1705.0,0.0,7237.0,"Charlottesville, VA: Charlottesville Albemarle"
CHS,2025,8,2266.0,521.0,176.81,10.92,129.63,0.0,203.63000000000002,28.0,9.0,36695.0,12671.0,1325.0,5301.0,0.0,17398.0,"Charleston, SC: Charleston AFB/International"
CHS,2025,9,2098.0,330.0,119.23,10.98,74.91,0.14,124.76,6.0,0.0,19952.0,6934.0,1303.0,2838.0,5.0,8872.0,"Charleston, SC: Charleston AFB/International"
CHS,2025,10,2411.0,506.0,158.28,4.08,139.57999999999998,0.0,204.09,14.0,2.0,30003.0,9650.0,527.0,5721.0,0.0,14105.0,"Charleston, SC: Charleston AFB/International"
CHS,2025,11,2335.0,485.0,156.48,8.73,133.34,1.2,185.2,49.0,1.0,33399.0,9674.0,599.0,6435.0,73.0,16618.0,"Charleston, SC: Charleston AFB/International"
CHS,2025,12,2293.0,656.0,215.19,17.1,167.48000000000002,1.64,254.60999999999999,46.0,12.0,43570.0,13863.0,2253.0,7731.0,94.0,19629.0,"Charleston, SC: Charleston AFB/International"
CHS,2026,1,2043.0,422.0,153.7,19.919999999999998,114.16,0.0,134.22,150.0,4.0,29876.0,10746.0,3018.0,5212.0,0.0,10900.0,"Charleston, SC: Charleston AFB/International"
CHS,2026,2,1908.0,390.0,136.78,14.84,98.34,0.06,139.97,51.0,1.0,25099.0,10033.0,1269.0,3949.0,2.0,9846.0,"Charleston, SC: Charleston AFB/International"
CHS,2026,3,2427.0,603.0,230.62,22.91,115.14,0.98,233.34,92.0,0.0,41679.0,14307.0,1928.0,6764.0,48.0,18632.0,"Charleston, SC: Charleston AFB/International"
CHS,2026,4,2481.0,497.0,164.2,8.709999999999999,132.33,0.2,191.53,16.0,2.0,31269.0,10906.0,944.0,4965.0,12.0,14442.0,"Charleston, SC: Charleston AFB/International"
CHS,2026,5,2539.0,531.0,172.87,10.61,134.03,0.0,213.49,19.0,0.0,31734.0,10064.0,1368.0,5497.0,0.0,14805.0,"Charleston, SC: Charleston AFB/International"
CHS,2026,6,2416.0,590.0,176.57000000000002,18.07,121.06,0.0,274.31,57.0,4.0,39364.0,10870.0,2388.0,5566.0,0.0,20540.0,"Charleston, SC: Charleston AFB/International"
CHS,2026,7,2507.0,809.0,230.45,24.7,208.58,3.4,341.85,94.0,20.0,60242.0,17552.0,3443.0,11829.0,159.0,27259.0,"Charleston, SC: Charleston AFB/International"
CID,2025,8,817.0,176.0,62.31,11.03,32.37,0.0,70.28,9.0,2.0,12351.0,4658.0,793.0,1639.0,0.0,5261.0,"Cedar Rapids/Iowa City, IA: The Eastern Iowa"
CID,2025,9,774.0,134.0,47.91,6.22,31.37,0.0,48.519999999999996,4.0,0.0,8120.0,2739.0,501.0,1473.0,0.0,3407.0,"Cedar Rapids/Iowa City, IA: The Eastern Iowa"
CID,2025,10,866.0,161.0,60.47,3.65,32.65,0.0,64.22,1.0,1.0,8932.0,3603.0,343.0,1238.0,0.0,3748.0,"Cedar Rapids/Iowa City, IA: The Eastern Iowa"
CID,2025,11,845.0,217.0,61.56,16.68,55.54,0.0,83.19,48.0,5.0,17514.0,3513.0,3493.0,3050.0,0.0,7458.0,"Cedar Rapids/Iowa City, IA: The Eastern Iowa"
CID,2025,12,813.0,286.0,77.57,25.62,82.07000000000001,0.0,100.74,42.0,9.0,34313.0,8045.0,5064.0,5115.0,0.0,16089.0,"Cedar Rapids/Iowa City, IA: The Eastern Iowa"
CID,2026,1,776.0,209.0,75.98,15.11,54.730000000000004,0.0,63.22,25.0,3.0,15016.0,6132.0,1297.0,2488.0,0.0,5099.0,"Cedar Rapids/Iowa City, IA: The Eastern Iowa"
CID,2026,2,757.0,207.0,76.11,14.979999999999999,49.41,0.0,66.48,3.0,1.0,14263.0,5859.0,1729.0,2090.0,0.0,4585.0,"Cedar Rapids/Iowa City, IA: The Eastern Iowa"
CID,2026,3,868.0,263.0,95.14,15.219999999999999,54.34,0.0,98.30000000000001,44.0,1.0,22039.0,6555.0,2563.0,3006.0,0.0,9915.0,"Cedar Rapids/Iowa City, IA: The Eastern Iowa"
CID,2026,4,823.0,230.0,76.93,22.44,44.53,1.41,84.71000000000001,23.0,0.0,16721.0,4911.0,3072.0,2230.0,129.0,6379.0,"Cedar Rapids/Iowa City, IA: The Eastern Iowa"
CID,2026,5,882.0,221.0,75.72,10.91,47.32,0.0,87.05,3.0,1.0,18565.0,4973.0,3255.0,1831.0,0.0,8506.0,"Cedar Rapids/Iowa City, IA: The Eastern Iowa"
CID,2026,6,809.0,196.0,58.74,11.74,41.82,0.0,83.69,15.0,1.0,14898.0,4825.0,897.0,2205.0,0.0,6971.0,"Cedar Rapids/Iowa City, IA: The Eastern Iowa"
CID,2026,7,828.0,236.0,74.46,6.86,51.96,1.0,101.72,12.0,3.0,20662.0,6331.0,1046.0,2926.0,48.0,10311.0,"Cedar Rapids/Iowa City, IA: The Eastern Iowa"
CIU,2025,8,93.0,14.0,9.17,2.0,1.66,0.0,1.17,1.0,0.0,862.0,650.0,105.0,55.0,0.0,52.0,"Sault Ste. Marie, MI: Chippewa County International"
CIU,2025,9,88.0,17.0,8.0,5.93,0.15,1.0,1.92,0.0,0.0,984.0,433.0,331.0,5.0,18.0,197.0,"Sault Ste. Marie, MI: Chippewa County International"
CIU,2025,10,62.0,8.0,7.98,0.0,0.02,0.0,0.0,0.0,0.0,614.0,612.0,0.0,2.0,0.0,0.0,"Sault Ste. Marie, MI: Chippewa County International"
CIU,2025,11,58.0,11.0,9.51,0.53,0.97,0.0,0.0,0.0,0.0,990.0,859.0,41.0,90.0,0.0,0.0,"Sault Ste. Marie, MI: Chippewa County International"
CIU,2025,12,62.0,16.0,9.83,4.34,1.82,0.0,0.0,6.0,0.0,1272.0,420.0,715.0,137.0,0.0,0.0,"Sault Ste. Marie, MI: Chippewa County International"
CIU,2026,1,62.0,22.0,14.88,5.29,1.83,0.0,0.0,8.0,1.0,2138.0,1467.0,579.0,92.0,0.0,0.0,"Sault Ste. Marie, MI: Chippewa County International"
CIU,2026,2,56.0,20.0,13.32,5.7,0.98,0.0,0.0,6.0,2.0,2972.0,2035.0,813.0,124.0,0.0,0.0,"Sault Ste. Marie, MI: Chippewa County International"
CIU,2026,3,62.0,15.0,9.75,4.09,1.16,0.0,0.0,11.0,2.0,2369.0,1861.0,435.0,73.0,0.0,0.0,"Sault Ste. Marie, MI: Chippewa County International"
CIU,2026,4,56.0,13.0,8.78,3.0,1.22,0.0,0.0,4.0,3.0,1726.0,1152.0,510.0,64.0,0.0,0.0,"Sault Ste. Marie, MI: Chippewa County International"
CIU,2026,5,65.0,12.0,7.28,2.0,1.29,0.0,1.43,1.0,1.0,1126.0,704.0,204.0,83.0,0.0,135.0,"Sault Ste. Marie, MI: Chippewa County International"
CIU,2026,6,73.0,13.0,8.89,1.39,2.2,0.0,0.53,0.0,0.0,463.0,345.0,52.0,58.0,0.0,8.0,"Sault Ste. Marie, MI: Chippewa County International"
CIU,2026,7,85.0,24.0,14.77,3.68,2.93,0.0,2.62,4.0,2.0,2858.0,1037.0,1329.0,235.0,0.0,257.0,"Sault Ste. Marie, MI: Chippewa County International"
CKB,2025,8,21.0,9.0,2.38,2.3,0.63,0.0,3.7,1.0,0.0,867.0,304.0,356.0,20.0,0.0,187.0,"Clarksburg/Fairmont, WV: North Central West Virginia"
CKB,2025,9,8.0,1.0,0.0,1.0,0.0,0.0,0.0,0.0,0.0,55.0,0.0,55.0,0.0,0.0,0.0,"Clarksburg/Fairmont, WV: North Central West Virginia"
CKB,2025,10,9.0,8.0,4.36,0.9,0.24,0.0,2.5,0.0,0.0,977.0,611.0,132.0,29.0,0.0,205.0,"Clarksburg/Fairmont, WV: North Central West Virginia"
CKB,2025,11,9.0,5.0,2.14,1.0,1.3,0.0,0.56,0.0,0.0,487.0,223.0,193.0,53.0,0.0,18.0,"Clarksburg/Fairmont, WV: North Central West Virginia"
CKB,2025,12,11.0,5.0,1.71,0.0,2.62,0.0,0.67,0.0,0.0,155.0,85.0,0.0,55.0,0.0,15.0,"Clarksburg/Fairmont, WV: North Central West Virginia"
CKB,2026,1,9.0,5.0,0.79,1.46,1.95,0.0,0.81,0.0,0.0,342.0,42.0,211.0,59.0,0.0,30.0,"Clarksburg/Fairmont, WV: North Central West Virginia"
CKB,2026,2,13.0,5.0,2.78,0.0,1.35,0.0,0.88,0.0,0.0,602.0,469.0,0.0,105.0,0.0,28.0,"Clarksburg/Fairmont, WV: North Central West Virginia"
CKB,2026,3,18.0,4.0,0.45,0.32,0.32,0.0,2.91,2.0,0.0,243.0,16.0,29.0,19.0,0.0,179.0,"Clarksburg/Fairmont, WV: North Central West Virginia"
CKB,2026,4,47.0,22.0,11.02,0.85,2.03,0.0,8.1,1.0,0.0,3695.0,2502.0,71.0,185.0,0.0,937.0,"Clarksburg/Fairmont, WV: North Central West Virginia"
CKB,2026,5,78.0,28.0,10.92,2.9000000000000004,3.21,0.0,10.97,2.0,0.0,1691.0,726.0,338.0,169.0,0.0,458.0,"Clarksburg/Fairmont, WV: North Central West Virginia"
CKB,2026,6,89.0,29.0,13.55,0.11,5.989999999999999,0.0,9.35,1.0,1.0,2256.0,933.0,7.0,541.0,0.0,775.0,"Clarksburg/Fairmont, WV: North Central West Virginia"
CKB,2026,7,93.0,28.0,9.73,2.36,3.96,0.0,11.94,0.0,0.0,2684.0,699.0,185.0,192.0,0.0,1608.0,"Clarksburg/Fairmont, WV: North Central West Virginia"
CLD,2025,8,61.0,5.0,0.99,1.0,0.06,0.0,2.95,0.0,0.0,469.0,20.0,212.0,1.0,0.0,236.0,"Carlsbad, CA: McClellan-Palomar"
CLD,2025,9,60.0,6.0,1.28,0.0,2.66,0.0,2.06,1.0,0.0,213.0,47.0,0.0,77.0,0.0,89.0,"Carlsbad, CA: McClellan-Palomar"
CLD,2025,10,62.0,10.0,1.08,0.0,3.35,0.0,5.57,0.0,0.0,439.0,25.0,0.0,93.0,0.0,321.0,"Carlsbad, CA: McClellan-Palomar"
CLD,2025,11,60.0,11.0,1.78,0.86,1.74,0.0,6.62,1.0,1.0,508.0,51.0,61.0,79.0,0.0,317.0,"Carlsbad, CA: McClellan-Palomar"
CLD,2025,12,61.0,11.0,4.18,0.0,1.08,0.0,5.74,0.0,0.0,392.0,113.0,0.0,24.0,0.0,255.0,"Carlsbad, CA: McClellan-Palomar"
CLD,2026,1,62.0,16.0,4.56,0.0,3.94,0.0,7.51,0.0,0.0,763.0,168.0,0.0,183.0,0.0,412.0,"Carlsbad, CA: McClellan-Palomar"
CLD,2026,2,59.0,6.0,1.41,0.0,1.85,0.0,2.73,9.0,0.0,172.0,36.0,0.0,72.0,0.0,64.0,"Carlsbad, CA: McClellan-Palomar"
CLD,2026,3,74.0,8.0,1.11,0.0,0.3,0.0,6.59,0.0,0.0,449.0,72.0,0.0,10.0,0.0,367.0,"Carlsbad, CA: McClellan-Palomar"
CLD,2026,4,180.0,20.0,10.29,0.0,8.64,0.0,1.07,1.0,0.0,1054.0,544.0,0.0,478.0,0.0,32.0,"Carlsbad, CA: McClellan-Palomar"
CLD,2026,5,204.0,49.0,17.57,0.89,12.75,0.0,17.79,0.0,1.0,2718.0,828.0,88.0,711.0,0.0,1091.0,"Carlsbad, CA: McClellan-Palomar"
CLD,2026,6,240.0,72.0,30.84,2.83,10.63,0.0,27.71,0.0,0.0,4373.0,1735.0,289.0,456.0,0.0,1893.0,"Carlsbad, CA: McClellan-Palomar"
CLD,2026,7,243.0,72.0,31.98,2.72,13.12,0.0,24.18,0.0,2.0,7105.0,2940.0,282.0,2276.0,0.0,1607.0,"Carlsbad, CA: McClellan-Palomar"
CLE,2025,8,3954.0,899.0,314.75,34.33,163.91,0.0,386.06,63.0,1.0,64182.0,22005.0,4309.0,6753.0,0.0,31115.0,"Cleveland, OH: Cleveland-Hopkins International"
CLE,2025,9,3657.0,548.0,204.49,15.97,112.27,0.0,215.28,20.0,3.0,37134.0,12181.0,1807.0,5433.0,0.0,17713.0,"Cleveland, OH: Cleveland-Hopkins International"
CLE,2025,10,3932.0,790.0,268.38,6.93,169.57,0.0,345.1,20.0,0.0,48501.0,17144.0,625.0,6606.0,0.0,24126.0,"Cleveland, OH: Cleveland-Hopkins International"
CLE,2025,11,3664.0,793.0,247.69,16.54,182.79,1.35,344.66,90.0,3.0,53130.0,17121.0,1355.0,8650.0,51.0,25953.0,"Cleveland, OH: Cleveland-Hopkins International"
CLE,2025,12,3652.0,1050.0,314.75,42.68,227.8,0.06,464.68,109.0,7.0,79007.0,23666.0,4442.0,10547.0,12.0,40340.0,"Cleveland, OH: Cleveland-Hopkins International"
CLE,2026,1,3310.0,799.0,293.92,43.56,185.18,3.98,272.37,172.0,5.0,56458.0,21143.0,5282.0,8829.0,185.0,21019.0,"Cleveland, OH: Cleveland-Hopkins International"
CLE,2026,2,3197.0,696.0,251.15,19.49,197.53,1.69,226.16,74.0,14.0,41794.0,16965.0,1311.0,7125.0,96.0,16297.0,"Cleveland, OH: Cleveland-Hopkins International"
CLE,2026,3,4031.0,1145.0,370.98,37.58,266.88,1.57,467.99,142.0,18.0,83317.0,25897.0,5572.0,13138.0,35.0,38675.0,"Cleveland, OH: Cleveland-Hopkins International"
CLE,2026,4,3885.0,794.0,255.55,20.98,175.28,1.0,341.17,39.0,7.0,54682.0,16795.0,2018.0,8692.0,15.0,27162.0,"Cleveland, OH: Cleveland-Hopkins International"
CLE,2026,5,4082.0,809.0,241.72,29.34,181.96,0.95,355.04999999999995,37.0,5.0,50804.0,14994.0,2496.0,7917.0,21.0,25376.0,"Cleveland, OH: Cleveland-Hopkins International"
CLE,2026,6,4045.0,958.0,302.18,40.62,183.24,0.12,431.84999999999997,91.0,6.0,75693.0,21504.0,5606.0,10304.0,12.0,38267.0,"Cleveland, OH: Cleveland-Hopkins International"
CLE,2026,7,4117.0,1182.0,403.43,40.43,243.77,1.58,492.79,185.0,3.0,91616.0,26862.0,5689.0,14911.0,81.0,44073.0,"Cleveland, OH: Cleveland-Hopkins International"
CLL,2025,8,119.0,22.0,3.95,2.0,5.74,0.0,10.3,5.0,0.0,958.0,148.0,67.0,162.0,0.0,581.0,"College Station/Bryan, TX: Easterwood Field"
CLL,2025,9,120.0,13.0,2.38,0.93,5.41,0.0,4.28,1.0,1.0,677.0,85.0,94.0,169.0,0.0,329.0,"College Station/Bryan, TX: Easterwood Field"
CLL,2025,10,125.0,18.0,9.08,0.92,1.45,0.0,6.55,2.0,0.0,1146.0,494.0,45.0,97.0,0.0,510.0,"College Station/Bryan, TX: Easterwood Field"
CLL,2025,11,114.0,12.0,3.49,1.14,3.71,0.0,3.65,5.0,1.0,580.0,257.0,58.0,129.0,0.0,136.0,"College Station/Bryan, TX: Easterwood Field"
CLL,2025,12,107.0,13.0,4.73,0.95,2.14,0.0,5.18,0.0,0.0,780.0,361.0,153.0,100.0,0.0,166.0,"College Station/Bryan, TX: Easterwood Field"
CLL,2026,1,92.0,11.0,1.33,1.4,2.91,0.29,5.06,7.0,1.0,376.0,94.0,35.0,79.0,5.0,163.0,"College Station/Bryan, TX: Easterwood Field"
CLL,2026,2,80.0,9.0,2.46,0.73,2.04,0.0,3.76,1.0,0.0,406.0,183.0,22.0,68.0,0.0,133.0,"College Station/Bryan, TX: Easterwood Field"
CLL,2026,3,93.0,14.0,4.57,0.7,4.05,0.0,4.68,3.0,0.0,698.0,176.0,39.0,123.0,0.0,360.0,"College Station/Bryan, TX: Easterwood Field"
CLL,2026,4,90.0,15.0,3.94,2.04,2.84,0.0,6.17,3.0,0.0,626.0,128.0,98.0,100.0,0.0,300.0,"College Station/Bryan, TX: Easterwood Field"
CLL,2026,5,93.0,14.0,1.2,1.16,1.93,0.0,9.71,3.0,0.0,1361.0,397.0,130.0,124.0,0.0,710.0,"College Station/Bryan, TX: Easterwood Field"
CLL,2026,6,90.0,14.0,3.63,1.17,2.6,0.0,6.6,8.0,0.0,1022.0,203.0,166.0,94.0,0.0,559.0,"College Station/Bryan, TX: Easterwood Field"
CLL,2026,7,92.0,14.0,3.58,0.4,1.04,0.0,8.98,0.0,0.0,824.0,167.0,36.0,84.0,0.0,537.0,"College Station/Bryan, TX: Easterwood Field"
CLT,2025,8,19983.0,3677.0,1005.05,204.27,675.82,7.57,1784.27,169.0,31.0,314895.0,106582.0,20362.0,33806.0,357.0,153788.0,"Charlotte, NC: Charlotte Douglas International"
CLT,2025,9,19109.0,2211.0,725.29,114.89,408.89000000000004,2.34,959.6,65.0,29.0,213978.0,93963.0,10279.0,18386.0,123.0,91227.0,"Charlotte, NC: Charlotte Douglas International"
CLT,2025,10,20674.0,2838.0,770.37,49.629999999999995,639.16,4.06,1374.76,43.0,9.0,241957.0,85551.0,4156.0,23864.0,146.0,128240.0,"Charlotte, NC: Charlotte Douglas International"
CLT,2025,11,19237.0,2777.0,818.45,63.58,678.1400000000001,7.549999999999999,1209.29,345.0,12.0,248090.0,86016.0,9326.0,41213.0,348.0,111187.0,"Charlotte, NC: Charlotte Douglas International"
CLT,2025,12,19545.0,4274.0,1093.56,200.28,946.71,14.16,2019.27,191.0,24.0,384050.0,122938.0,31154.0,42111.0,768.0,187079.0,"Charlotte, NC: Charlotte Douglas International"
CLT,2026,1,18568.0,2805.0,868.7099999999999,154.22,620.75,0.91,1160.4099999999999,1906.0,41.0,281974.0,113389.0,23857.0,28915.0,67.0,115746.0,"Charlotte, NC: Charlotte Douglas International"
CLT,2026,2,17072.0,2752.0,844.74,93.16,534.98,5.65,1273.51,672.0,32.0,253666.0,104667.0,12347.0,20558.0,139.0,115955.0,"Charlotte, NC: Charlotte Douglas International"
CLT,2026,3,19829.0,3644.0,1059.1499999999999,141.69,603.13,12.239999999999998,1827.77,459.0,43.0,371901.0,138246.0,17038.0,31347.0,722.0,184548.0,"Charlotte, NC: Charlotte Douglas International"
CLT,2026,4,20048.0,2677.0,797.4699999999999,63.61,429.62,6.74,1379.57,44.0,7.0,227429.0,97784.0,6769.0,17324.0,283.0,105269.0,"Charlotte, NC: Charlotte Douglas International"
CLT,2026,5,20549.0,3210.0,911.77,175.25,613.49,5.42,1504.06,74.0,48.0,275524.0,104588.0,14203.0,25336.0,408.0,130989.0,"Charlotte, NC: Charlotte Douglas International"
CLT,2026,6,19709.0,3784.0,1054.34,187.97,620.23,6.58,1914.86,349.0,75.0,361399.0,125562.0,25380.0,34528.0,421.0,175508.0,"Charlotte, NC: Charlotte Douglas International"
CLT,2026,7,20281.0,5215.0,1359.11,238.93,878.46,6.58,2731.9199999999996,418.0,50.0,490140.0,165753.0,25486.0,46668.0,690.0,251543.0,"Charlotte, NC: Charlotte Douglas International"
CMH,2025,8,3944.0,837.0,284.13,35.82,181.6,2.19,333.23,50.0,1.0,54839.0,16849.0,3773.0,7742.0,149.0,26326.0,"Columbus, OH: John Glenn Columbus International"
CMH,2025,9,3909.0,640.0,205.36,17.89,165.16,0.09,251.51,21.0,4.0,38723.0,13298.0,1325.0,6796.0,7.0,17297.0,"Columbus, OH: John Glenn Columbus International"
CMH,2025,10,4235.0,887.0,283.40999999999997,8.8,232.33,1.76,360.71,26.0,5.0,49995.0,15759.0,866.0,8865.0,36.0,24469.0,"Columbus, OH: John Glenn Columbus International"
CMH,2025,11,3856.0,768.0,253.67000000000002,15.93,179.0,0.63,317.77,84.0,10.0,51416.0,17286.0,1977.0,8332.0,17.0,23616.0,"Columbus, OH: John Glenn Columbus International"
CMH,2025,12,3803.0,1023.0,334.08,33.739999999999995,242.19,1.94,411.05999999999995,66.0,6.0,72309.0,24165.0,4557.0,11349.0,76.0,32162.0,"Columbus, OH: John Glenn Columbus International"
CMH,2026,1,3577.0,688.0,254.79000000000002,36.0,156.2,2.96,238.03,226.0,0.0,48712.0,15698.0,4652.0,6959.0,121.0,21282.0,"Columbus, OH: John Glenn Columbus International"
CMH,2026,2,3404.0,707.0,224.3,40.25,178.97,3.36,260.16,102.0,30.0,44277.0,14346.0,4634.0,7447.0,316.0,17534.0,"Columbus, OH: John Glenn Columbus International"
CMH,2026,3,4190.0,1098.0,349.96000000000004,23.25,247.0,4.199999999999999,473.56,132.0,12.0,77203.0,24075.0,3137.0,12564.0,183.0,37244.0,"Columbus, OH: John Glenn Columbus International"
CMH,2026,4,3951.0,779.0,250.72000000000003,15.41,162.15,0.54,350.17,21.0,2.0,48495.0,14073.0,1431.0,8867.0,10.0,24114.0,"Columbus, OH: John Glenn Columbus International"
CMH,2026,5,4049.0,803.0,280.48,24.29,127.77,2.35,368.13,42.0,2.0,53966.0,17429.0,5326.0,6283.0,95.0,24833.0,"Columbus, OH: John Glenn Columbus International"
CMH,2026,6,4055.0,955.0,310.90000000000003,38.12,170.92,2.69,432.37,66.0,8.0,69986.0,21300.0,5526.0,9910.0,101.0,33149.0,"Columbus, OH: John Glenn Columbus International"
CMH,2026,7,4221.0,1156.0,378.38,42.11,233.1,0.49,501.91999999999996,153.0,4.0,86828.0,27191.0,5896.0,12853.0,28.0,40860.0,"Columbus, OH: John Glenn Columbus International"
CMI,2025,8,146.0,34.0,5.69,4.27,6.43,0.0,17.61,3.0,0.0,1883.0,203.0,235.0,315.0,0.0,1130.0,"Champaign/Urbana, IL: University of Illinois/Willard"
CMI,2025,9,128.0,17.0,4.41,1.12,3.17,0.0,8.3,1.0,0.0,985.0,171.0,63.0,132.0,0.0,619.0,"Champaign/Urbana, IL: University of Illinois/Willard"
CMI,2025,10,165.0,39.0,5.79,2.35,6.66,0.0,24.2,0.0,0.0,2121.0,342.0,207.0,284.0,0.0,1288.0,"Champaign/Urbana, IL: University of Illinois/Willard"
CMI,2025,11,163.0,28.0,4.92,2.93,6.89,0.0,13.26,13.0,1.0,1867.0,145.0,198.0,500.0,0.0,1024.0,"Champaign/Urbana, IL: University of Illinois/Willard"
CMI,2025,12,159.0,50.0,4.36,5.12,17.08,0.0,23.44,8.0,2.0,3576.0,204.0,565.0,798.0,0.0,2009.0,"Champaign/Urbana, IL: University of Illinois/Willard"
CMI,2026,1,149.0,44.0,8.25,6.67,14.58,0.0,14.51,4.0,0.0,2755.0,494.0,352.0,764.0,0.0,1145.0,"Champaign/Urbana, IL: University of Illinois/Willard"
CMI,2026,2,136.0,30.0,4.61,3.23,9.47,0.0,12.69,0.0,0.0,1666.0,197.0,121.0,513.0,0.0,835.0,"Champaign/Urbana, IL: University of Illinois/Willard"
CMI,2026,3,146.0,27.0,3.61,1.26,8.43,0.0,13.69,6.0,0.0,1877.0,206.0,169.0,420.0,0.0,1082.0,"Champaign/Urbana, IL: University of Illinois/Willard"
CMI,2026,4,146.0,31.0,8.59,3.27,4.58,0.0,14.56,5.0,1.0,2291.0,444.0,257.0,184.0,0.0,1406.0,"Champaign/Urbana, IL: University of Illinois/Willard"
CMI,2026,5,151.0,25.0,4.16,0.33,4.41,0.0,16.1,2.0,2.0,1639.0,235.0,39.0,237.0,0.0,1128.0,"Champaign/Urbana, IL: University of Illinois/Willard"
CMI,2026,6,145.0,35.0,8.53,2.3,6.98,0.0,17.19,6.0,0.0,2231.0,408.0,279.0,256.0,0.0,1288.0,"Champaign/Urbana, IL: University of Illinois/Willard"
CMI,2026,7,151.0,28.0,8.81,1.2,1.92,0.0,16.07,4.0,0.0,2338.0,488.0,74.0,154.0,0.0,1622.0,"Champaign/Urbana, IL: University of Illinois/Willard"
CMX,2025,8,84.0,23.0,11.38,0.0,3.43,0.0,8.19,2.0,0.0,1589.0,641.0,0.0,310.0,0.0,638.0,"Hancock/Houghton, MI: Houghton County Memorial"
CMX,2025,9,80.0,15.0,5.68,4.97,0.35,0.0,4.0,0.0,5.0,2425.0,493.0,1364.0,53.0,0.0,515.0,"Hancock/Houghton, MI: Houghton County Memorial"
CMX,2025,10,62.0,10.0,4.51,0.53,1.96,0.0,3.0,0.0,0.0,435.0,236.0,25.0,67.0,0.0,107.0,"Hancock/Houghton, MI: Houghton County Memorial"
CMX,2025,11,59.0,10.0,3.92,0.0,2.72,0.0,3.36,6.0,0.0,785.0,148.0,0.0,161.0,0.0,476.0,"Hancock/Houghton, MI: Houghton County Memorial"
CMX,2025,12,61.0,23.0,8.55,1.88,4.99,0.0,7.58,7.0,0.0,5400.0,1642.0,595.0,424.0,0.0,2739.0,"Hancock/Houghton, MI: Houghton County Memorial"
CMX,2026,1,62.0,19.0,8.09,2.0,5.39,0.0,3.52,8.0,1.0,2173.0,994.0,136.0,415.0,0.0,628.0,"Hancock/Houghton, MI: Houghton County Memorial"
CMX,2026,2,56.0,20.0,12.41,1.99,2.2,0.0,3.4,3.0,1.0,3553.0,1701.0,852.0,118.0,0.0,882.0,"Hancock/Houghton, MI: Houghton County Memorial"
CMX,2026,3,63.0,26.0,12.97,0.97,8.57,0.0,3.49,8.0,2.0,2801.0,1204.0,134.0,1118.0,0.0,345.0,"Hancock/Houghton, MI: Houghton County Memorial"
CMX,2026,4,60.0,16.0,6.39,1.93,2.89,0.0,4.79,6.0,2.0,4352.0,1881.0,770.0,1046.0,0.0,655.0,"Hancock/Houghton, MI: Houghton County Memorial"
CMX,2026,5,62.0,18.0,4.74,0.0,4.85,0.0,8.41,1.0,2.0,1851.0,272.0,0.0,291.0,0.0,1288.0,"Hancock/Houghton, MI: Houghton County Memorial"
CMX,2026,6,64.0,14.0,6.59,2.61,0.8,0.0,4.0,4.0,1.0,1917.0,391.0,1192.0,119.0,0.0,215.0,"Hancock/Houghton, MI: Houghton County Memorial"
CMX,2026,7,80.0,32.0,9.38,4.41,8.48,0.0,9.72,7.0,0.0,2029.0,423.0,358.0,471.0,0.0,777.0,"Hancock/Houghton, MI: Houghton County Memorial"
COD,2025,8,123.0,29.0,7.66,0.82,6.63,0.0,13.89,3.0,0.0,2017.0,413.0,33.0,389.0,0.0,1182.0,"Cody, WY: Yellowstone Regional"
COD,2025,9,88.0,16.0,6.07,1.0,3.12,0.0,5.81,0.0,1.0,855.0,387.0,94.0,112.0,0.0,262.0,"Cody, WY: Yellowstone Regional"
COD,2025,10,62.0,7.0,2.88,1.0,0.18,0.0,2.94,0.0,4.0,396.0,100.0,47.0,9.0,0.0,240.0,"Cody, WY: Yellowstone Regional"
COD,2025,11,60.0,6.0,2.55,1.0,1.06,0.0,1.39,0.0,0.0,258.0,90.0,47.0,33.0,0.0,88.0,"Cody, WY: Yellowstone Regional"
COD,2025,12,62.0,13.0,2.61,1.0,2.27,0.0,7.12,0.0,6.0,742.0,52.0,158.0,101.0,0.0,431.0,"Cody, WY: Yellowstone Regional"
COD,2026,1,62.0,14.0,8.25,0.0,1.15,0.0,4.6,1.0,1.0,1422.0,1058.0,0.0,48.0,0.0,316.0,"Cody, WY: Yellowstone Regional"
COD,2026,2,57.0,9.0,4.39,0.0,1.48,0.0,3.13,0.0,2.0,512.0,207.0,0.0,57.0,0.0,248.0,"Cody, WY: Yellowstone Regional"
COD,2026,3,62.0,10.0,2.0,3.45,1.09,0.0,3.45,3.0,3.0,1120.0,292.0,511.0,87.0,0.0,230.0,"Cody, WY: Yellowstone Regional"
COD,2026,4,60.0,11.0,3.63,1.89,0.77,0.0,4.71,0.0,0.0,555.0,87.0,253.0,40.0,0.0,175.0,"Cody, WY: Yellowstone Regional"
COD,2026,5,77.0,12.0,7.39,0.29,1.36,0.0,2.96,0.0,1.0,1417.0,527.0,16.0,62.0,0.0,812.0,"Cody, WY: Yellowstone Regional"
COD,2026,6,103.0,25.0,8.62,4.33,4.72,0.0,7.33,0.0,2.0,1624.0,480.0,420.0,167.0,0.0,557.0,"Cody, WY: Yellowstone Regional"
COD,2026,7,129.0,25.0,13.85,1.51,4.2,0.0,5.44,0.0,1.0,1892.0,854.0,90.0,159.0,0.0,789.0,"Cody, WY: Yellowstone Regional"
COS,2025,8,1267.0,369.0,133.29,25.509999999999998,79.68,0.0,130.53,15.0,10.0,24352.0,7120.0,2775.0,4801.0,0.0,9656.0,"Colorado Springs, CO: City of Colorado Springs Municipal"
COS,2025,9,1186.0,209.0,83.9,14.280000000000001,38.17,0.0,72.63,8.0,1.0,12559.0,4817.0,1210.0,2157.0,0.0,4375.0,"Colorado Springs, CO: City of Colorado Springs Municipal"
COS,2025,10,1253.0,253.0,109.85000000000001,5.34,51.93000000000001,1.0,84.88999999999999,4.0,0.0,12839.0,5816.0,519.0,2240.0,27.0,4237.0,"Colorado Springs, CO: City of Colorado Springs Municipal"
COS,2025,11,1142.0,218.0,76.9,9.8,38.77,0.0,92.55,46.0,0.0,13396.0,4641.0,1208.0,1872.0,0.0,5675.0,"Colorado Springs, CO: City of Colorado Springs Municipal"
COS,2025,12,1156.0,301.0,133.24,16.04,47.02,2.92,101.78,9.0,3.0,19913.0,7143.0,1853.0,3799.0,146.0,6972.0,"Colorado Springs, CO: City of Colorado Springs Municipal"
COS,2026,1,973.0,195.0,79.9,15.97,29.6,0.0,69.52,23.0,3.0,12691.0,5353.0,1613.0,1428.0,0.0,4297.0,"Colorado Springs, CO: City of Colorado Springs Municipal"
COS,2026,2,894.0,158.0,67.41,10.73,20.9,1.0,57.96,1.0,2.0,9319.0,3695.0,844.0,1108.0,105.0,3567.0,"Colorado Springs, CO: City of Colorado Springs Municipal"
COS,2026,3,1091.0,226.0,89.62,12.36,27.689999999999998,0.87,95.46000000000001,11.0,3.0,15928.0,5290.0,1764.0,2252.0,37.0,6585.0,"Colorado Springs, CO: City of Colorado Springs Municipal"
COS,2026,4,1064.0,221.0,86.02,8.14,31.419999999999998,1.0,94.4,7.0,0.0,13311.0,4774.0,1348.0,1471.0,20.0,5698.0,"Colorado Springs, CO: City of Colorado Springs Municipal"
COS,2026,5,1162.0,279.0,111.17,14.31,32.4,0.06,120.06000000000002,12.0,0.0,16073.0,5839.0,1595.0,1793.0,3.0,6700.0,"Colorado Springs, CO: City of Colorado Springs Municipal"
COS,2026,6,1221.0,365.0,145.94,25.6,48.38,1.0,144.06,15.0,1.0,22944.0,9300.0,1686.0,2551.0,15.0,9392.0,"Colorado Springs, CO: City of Colorado Springs Municipal"
COS,2026,7,1249.0,394.0,164.88,34.24,44.0,0.0,150.86,6.0,1.0,25596.0,9336.0,3657.0,2549.0,0.0,10054.0,"Colorado Springs, CO: City of Colorado Springs Municipal"
COU,2025,8,170.0,46.0,8.47,1.45,15.19,0.0,20.89,5.0,0.0,2322.0,361.0,114.0,697.0,0.0,1150.0,"Columbia, MO: Columbia Regional"
COU,2025,9,232.0,43.0,14.38,1.79,15.06,0.0,11.77,3.0,0.0,2267.0,608.0,170.0,830.0,0.0,659.0,"Columbia, MO: Columbia Regional"
COU,2025,10,320.0,62.0,24.22,2.15,14.07,0.0,21.549999999999997,3.0,0.0,3787.0,1610.0,217.0,539.0,0.0,1421.0,"Columbia, MO: Columbia Regional"
COU,2025,11,298.0,63.0,13.440000000000001,2.77,19.72,0.0,27.060000000000002,18.0,3.0,5768.0,1659.0,398.0,1891.0,0.0,1820.0,"Columbia, MO: Columbia Regional"
COU,2025,12,332.0,115.0,25.26,10.540000000000001,29.22,0.0,49.97,10.0,3.0,9884.0,1714.0,973.0,2249.0,0.0,4948.0,"Columbia, MO: Columbia Regional"
COU,2026,1,307.0,81.0,24.97,6.88,22.85,0.0,26.32,15.0,0.0,7291.0,1615.0,804.0,2054.0,0.0,2818.0,"Columbia, MO: Columbia Regional"
COU,2026,2,267.0,60.0,28.76,3.48,11.34,0.0,16.41,1.0,0.0,3456.0,1424.0,112.0,626.0,0.0,1294.0,"Columbia, MO: Columbia Regional"
COU,2026,3,322.0,80.0,30.81,2.77,18.259999999999998,0.0,28.17,16.0,2.0,6083.0,1959.0,261.0,947.0,0.0,2916.0,"Columbia, MO: Columbia Regional"
COU,2026,4,341.0,72.0,28.59,5.71,16.41,0.0,21.29,16.0,1.0,7808.0,2960.0,890.0,1113.0,0.0,2845.0,"Columbia, MO: Columbia Regional"
COU,2026,5,338.0,53.0,13.8,2.7800000000000002,12.89,0.0,23.53,7.0,3.0,3782.0,851.0,223.0,631.0,0.0,2077.0,"Columbia, MO: Columbia Regional"
COU,2026,6,366.0,87.0,26.240000000000002,4.1899999999999995,22.15,0.0,34.43,11.0,3.0,6745.0,1410.0,262.0,1511.0,0.0,3562.0,"Columbia, MO: Columbia Regional"
COU,2026,7,382.0,66.0,22.41,6.76,10.32,0.0,26.509999999999998,9.0,0.0,4648.0,1364.0,796.0,603.0,0.0,1885.0,"Columbia, MO: Columbia Regional"
CPR,2025,8,214.0,64.0,22.81,6.69,14.7,0.0,19.79,3.0,0.0,6538.0,1383.0,577.0,1217.0,0.0,3361.0,"Casper, WY: Casper/Natrona County International"
CPR,2025,9,209.0,44.0,20.86,2.66,13.26,0.0,7.23,0.0,1.0,2507.0,886.0,191.0,867.0,0.0,563.0,"Casper, WY: Casper/Natrona County International"
CPR,2025,10,216.0,30.0,12.34,1.0,10.62,0.0,6.04,0.0,1.0,1603.0,671.0,64.0,624.0,0.0,244.0,"Casper, WY: Casper/Natrona County International"
CPR,2025,11,207.0,19.0,10.56,1.0,3.44,0.0,4.0,3.0,0.0,943.0,465.0,81.0,176.0,0.0,221.0,"Casper, WY: Casper/Natrona County International"
CPR,2025,12,217.0,56.0,18.84,3.57,13.77,0.92,18.9,1.0,0.0,5772.0,2144.0,361.0,900.0,23.0,2344.0,"Casper, WY: Casper/Natrona County International"
CPR,2026,1,218.0,44.0,22.06,1.0,5.03,0.0,15.91,2.0,3.0,4775.0,3124.0,113.0,296.0,0.0,1242.0,"Casper, WY: Casper/Natrona County International"
CPR,2026,2,194.0,33.0,8.12,1.0,10.0,0.0,13.89,1.0,0.0,2885.0,636.0,25.0,915.0,0.0,1309.0,"Casper, WY: Casper/Natrona County International"
CPR,2026,3,215.0,46.0,22.89,4.0,5.17,0.0,13.94,6.0,0.0,3192.0,1424.0,237.0,396.0,0.0,1135.0,"Casper, WY: Casper/Natrona County International"
CPR,2026,4,209.0,38.0,17.37,1.73,3.34,0.0,15.56,4.0,1.0,2342.0,1066.0,104.0,188.0,0.0,984.0,"Casper, WY: Casper/Natrona County International"
CPR,2026,5,226.0,46.0,20.54,1.0,8.59,0.0,15.87,1.0,0.0,2648.0,850.0,15.0,342.0,0.0,1441.0,"Casper, WY: Casper/Natrona County International"
CPR,2026,6,236.0,89.0,37.31,6.41,17.06,0.0,28.21,0.0,0.0,6874.0,2690.0,621.0,983.0,0.0,2580.0,"Casper, WY: Casper/Natrona County International"
CPR,2026,7,240.0,65.0,28.18,4.95,8.39,0.0,23.48,1.0,1.0,6881.0,2613.0,706.0,813.0,0.0,2749.0,"Casper, WY: Casper/Natrona County International"
CRP,2025,8,489.0,96.0,21.85,11.46,15.28,0.44,47.0,3.0,1.0,6447.0,1363.0,882.0,796.0,21.0,3385.0,"Corpus Christi, TX: Corpus Christi International"
CRP,2025,9,474.0,53.0,19.060000000000002,2.15,9.700000000000001,0.0,22.09,2.0,0.0,3176.0,999.0,119.0,493.0,0.0,1565.0,"Corpus Christi, TX: Corpus Christi International"
CRP,2025,10,516.0,83.0,28.92,2.71,10.8,0.0,40.57,2.0,0.0,4205.0,1325.0,189.0,337.0,0.0,2354.0,"Corpus Christi, TX: Corpus Christi International"
CRP,2025,11,472.0,86.0,24.4,5.64,16.79,0.0,39.17,18.0,0.0,6518.0,2175.0,504.0,962.0,0.0,2877.0,"Corpus Christi, TX: Corpus Christi International"
CRP,2025,12,494.0,88.0,35.63,3.38,14.040000000000001,0.0,34.95,2.0,1.0,6228.0,3392.0,218.0,610.0,0.0,2008.0,"Corpus Christi, TX: Corpus Christi International"
CRP,2026,1,505.0,83.0,35.88,4.88,15.780000000000001,0.0,26.47,21.0,0.0,5536.0,1604.0,628.0,833.0,0.0,2471.0,"Corpus Christi, TX: Corpus Christi International"
CRP,2026,2,432.0,45.0,13.26,3.5,8.1,1.26,18.88,4.0,0.0,2805.0,742.0,273.0,283.0,35.0,1472.0,"Corpus Christi, TX: Corpus Christi International"
CRP,2026,3,509.0,96.0,36.79,6.62,14.28,0.86,37.44,13.0,2.0,7699.0,3296.0,568.0,728.0,104.0,3003.0,"Corpus Christi, TX: Corpus Christi International"
CRP,2026,4,503.0,105.0,29.990000000000002,7.04,18.16,0.0,49.83,7.0,2.0,9229.0,2213.0,581.0,1545.0,0.0,4890.0,"Corpus Christi, TX: Corpus Christi International"
CRP,2026,5,539.0,116.0,39.55,4.0600000000000005,14.7,0.5,57.19,12.0,0.0,8054.0,2730.0,537.0,684.0,19.0,4084.0,"Corpus Christi, TX: Corpus Christi International"
CRP,2026,6,565.0,147.0,38.96,8.82,23.73,0.0,75.49,15.0,2.0,9727.0,2503.0,828.0,1519.0,0.0,4877.0,"Corpus Christi, TX: Corpus Christi International"
CRP,2026,7,577.0,111.0,40.42,7.82,14.18,0.0,48.59,1.0,0.0,6566.0,2258.0,501.0,732.0,0.0,3075.0,"Corpus Christi, TX: Corpus Christi International"
CRW,2025,8,341.0,84.0,34.07,7.61,12.18,0.0,30.15,5.0,1.0,6879.0,2995.0,669.0,569.0,0.0,2646.0,"Charleston/Dunbar, WV: West Virginia International Yeager"
CRW,2025,9,325.0,59.0,23.71,4.890000000000001,12.06,1.0,17.34,3.0,3.0,3206.0,1173.0,262.0,648.0,46.0,1077.0,"Charleston/Dunbar, WV: West Virginia International Yeager"
CRW,2025,10,342.0,56.0,21.439999999999998,9.239999999999998,8.15,0.0,17.18,0.0,4.0,3324.0,1227.0,875.0,353.0,0.0,869.0,"Charleston/Dunbar, WV: West Virginia International Yeager"
CRW,2025,11,308.0,71.0,29.46,5.67,8.92,0.0,26.939999999999998,16.0,0.0,5933.0,1537.0,1631.0,502.0,0.0,2263.0,"Charleston/Dunbar, WV: West Virginia International Yeager"
CRW,2025,12,284.0,104.0,34.120000000000005,3.77,15.379999999999999,0.0,50.730000000000004,13.0,0.0,8081.0,2040.0,402.0,996.0,0.0,4643.0,"Charleston/Dunbar, WV: West Virginia International Yeager"
CRW,2026,1,282.0,95.0,46.400000000000006,12.95,10.569999999999999,1.54,23.55,34.0,3.0,8931.0,3978.0,1110.0,1034.0,37.0,2772.0,"Charleston/Dunbar, WV: West Virginia International Yeager"
CRW,2026,2,270.0,77.0,34.6,4.83,15.02,0.47,22.08,8.0,5.0,7455.0,2508.0,1942.0,1088.0,27.0,1890.0,"Charleston/Dunbar, WV: West Virginia International Yeager"
CRW,2026,3,306.0,103.0,37.74,2.98,23.92,0.0,38.339999999999996,17.0,3.0,7783.0,1915.0,408.0,1710.0,0.0,3750.0,"Charleston/Dunbar, WV: West Virginia International Yeager"
CRW,2026,4,327.0,93.0,42.94,1.0099999999999998,16.57,0.0,32.49,5.0,1.0,7121.0,2707.0,78.0,1309.0,0.0,3027.0,"Charleston/Dunbar, WV: West Virginia International Yeager"
CRW,2026,5,345.0,95.0,36.21,3.9699999999999998,14.229999999999999,0.0,40.59,1.0,0.0,6580.0,2382.0,182.0,961.0,0.0,3055.0,"Charleston/Dunbar, WV: West Virginia International Yeager"
CRW,2026,6,314.0,87.0,29.439999999999998,6.23,15.870000000000001,0.0,35.46,16.0,0.0,5516.0,1586.0,520.0,822.0,0.0,2588.0,"Charleston/Dunbar, WV: West Virginia International Yeager"
CRW,2026,7,322.0,138.0,54.26,3.62,23.87,0.0,56.25,16.0,0.0,10500.0,4168.0,536.0,1248.0,0.0,4548.0,"Charleston/Dunbar, WV: West Virginia International Yeager"
CSG,2025,8,10.0,2.0,1.71,0.0,0.29,0.0,0.0,0.0,0.0,60.0,52.0,0.0,8.0,0.0,0.0,"Columbus, GA: Columbus Airport"
CSG,2025,11,9.0,2.0,1.02,0.0,0.0,0.0,0.98,0.0,0.0,105.0,61.0,0.0,0.0,0.0,44.0,"Columbus, GA: Columbus Airport"
CSG,2025,12,81.0,28.0,11.9,2.71,3.16,0.0,10.24,3.0,1.0,4476.0,2309.0,713.0,142.0,0.0,1312.0,"Columbus, GA: Columbus Airport"
CSG,2026,1,83.0,18.0,5.5,0.96,3.52,0.0,8.03,2.0,0.0,2220.0,448.0,662.0,196.0,0.0,914.0,"Columbus, GA: Columbus Airport"
CSG,2026,2,78.0,14.0,7.46,0.28,2.68,0.0,3.59,0.0,0.0,1040.0,508.0,13.0,156.0,0.0,363.0,"Columbus, GA: Columbus Airport"
CSG,2026,3,89.0,20.0,8.54,1.21,1.39,0.0,8.87,3.0,0.0,2181.0,822.0,89.0,71.0,0.0,1199.0,"Columbus, GA: Columbus Airport"
CSG,2026,4,86.0,22.0,11.74,0.33,1.92,0.0,8.01,0.0,0.0,1279.0,623.0,30.0,93.0,0.0,533.0,"Columbus, GA: Columbus Airport"
CSG,2026,5,91.0,21.0,5.71,2.43,2.44,0.0,10.42,0.0,0.0,2060.0,705.0,154.0,186.0,0.0,1015.0,"Columbus, GA: Columbus Airport"
CSG,2026,6,90.0,15.0,6.41,0.0,2.07,0.0,6.52,1.0,0.0,1470.0,846.0,0.0,112.0,0.0,512.0,"Columbus, GA: Columbus Airport"
CSG,2026,7,92.0,35.0,13.01,1.5,4.18,0.0,16.32,2.0,0.0,3319.0,1127.0,113.0,156.0,0.0,1923.0,"Columbus, GA: Columbus Airport"
CVG,2025,8,3729.0,826.0,247.04,48.230000000000004,190.69,0.37,339.67,39.0,5.0,59342.0,16725.0,5610.0,9277.0,21.0,27709.0,"Cincinnati, OH: Cincinnati/Northern Kentucky International"
CVG,2025,9,3379.0,508.0,177.17,12.9,92.52,0.0,225.41,19.0,1.0,31218.0,9667.0,1289.0,3945.0,0.0,16317.0,"Cincinnati, OH: Cincinnati/Northern Kentucky International"
CVG,2025,10,3769.0,716.0,222.79000000000002,15.74,159.22,2.0,316.23,18.0,2.0,50156.0,17456.0,1730.0,6278.0,57.0,24635.0,"Cincinnati, OH: Cincinnati/Northern Kentucky International"
CVG,2025,11,3457.0,729.0,197.93,15.25,186.12,0.09,329.66,94.0,1.0,55950.0,14747.0,2752.0,9322.0,2.0,29127.0,"Cincinnati, OH: Cincinnati/Northern Kentucky International"
CVG,2025,12,3472.0,1130.0,302.07,32.14,236.53,0.0,559.28,69.0,1.0,89234.0,24693.0,3097.0,11339.0,0.0,50105.0,"Cincinnati, OH: Cincinnati/Northern Kentucky International"
CVG,2026,1,3206.0,712.0,229.34,36.03,145.29,0.0,301.34,196.0,7.0,52852.0,17317.0,3071.0,6487.0,0.0,25977.0,"Cincinnati, OH: Cincinnati/Northern Kentucky International"
CVG,2026,2,3106.0,686.0,226.58,18.63,173.85000000000002,0.0,266.95,70.0,0.0,49381.0,18878.0,2615.0,6866.0,0.0,21022.0,"Cincinnati, OH: Cincinnati/Northern Kentucky International"
CVG,2026,3,4029.0,1124.0,320.2,44.38,259.67,3.71,496.04,113.0,6.0,91275.0,26154.0,4373.0,14074.0,210.0,46464.0,"Cincinnati, OH: Cincinnati/Northern Kentucky International"
CVG,2026,4,3725.0,699.0,209.28,14.55,155.61,0.0,319.55,32.0,6.0,52586.0,16067.0,1913.0,9581.0,0.0,25025.0,"Cincinnati, OH: Cincinnati/Northern Kentucky International"
CVG,2026,5,3891.0,785.0,259.40999999999997,16.92,164.1,0.0,344.57,35.0,2.0,53082.0,18289.0,2238.0,8230.0,0.0,24325.0,"Cincinnati, OH: Cincinnati/Northern Kentucky International"
CVG,2026,6,3922.0,946.0,265.24,46.68,175.89,2.13,456.05,64.0,14.0,82349.0,28568.0,5403.0,9640.0,106.0,38632.0,"Cincinnati, OH: Cincinnati/Northern Kentucky International"
CVG,2026,7,4090.0,1138.0,354.97,46.25,236.95,2.49,497.31,152.0,11.0,97270.0,31601.0,5792.0,12896.0,83.0,46898.0,"Cincinnati, OH: Cincinnati/Northern Kentucky International"
CWA,2025,8,143.0,25.0,7.0,2.18,7.59,0.0,8.219999999999999,2.0,1.0,1395.0,381.0,196.0,304.0,0.0,514.0,"Mosinee, WI: Central Wisconsin"
CWA,2025,9,145.0,26.0,11.85,0.7,6.609999999999999,0.0,6.85,0.0,0.0,944.0,409.0,75.0,249.0,0.0,211.0,"Mosinee, WI: Central Wisconsin"
CWA,2025,10,154.0,28.0,5.17,1.26,5.25,0.0,16.34,0.0,0.0,1371.0,212.0,65.0,174.0,0.0,920.0,"Mosinee, WI: Central Wisconsin"
CWA,2025,11,148.0,29.0,8.84,2.55,7.82,0.0,9.8,6.0,0.0,1941.0,433.0,229.0,422.0,0.0,857.0,"Mosinee, WI: Central Wisconsin"
CWA,2025,12,150.0,61.0,12.71,6.7,16.36,0.0,25.24,11.0,0.0,5711.0,1293.0,1156.0,947.0,0.0,2315.0,"Mosinee, WI: Central Wisconsin"
CWA,2026,1,128.0,42.0,9.44,4.5,16.35,0.0,11.73,1.0,0.0,2406.0,601.0,390.0,609.0,0.0,806.0,"Mosinee, WI: Central Wisconsin"
CWA,2026,2,129.0,25.0,6.630000000000001,0.45,9.25,0.0,8.67,0.0,1.0,1668.0,516.0,33.0,417.0,0.0,702.0,"Mosinee, WI: Central Wisconsin"
CWA,2026,3,131.0,28.0,6.51,1.87,10.280000000000001,0.0,9.35,13.0,1.0,2113.0,289.0,213.0,471.0,0.0,1140.0,"Mosinee, WI: Central Wisconsin"
CWA,2026,4,144.0,36.0,11.19,1.8399999999999999,7.71,0.0,15.27,7.0,1.0,1919.0,588.0,135.0,325.0,0.0,871.0,"Mosinee, WI: Central Wisconsin"
CWA,2026,5,155.0,20.0,4.15,1.51,3.5300000000000002,0.0,10.81,1.0,0.0,1710.0,454.0,165.0,152.0,0.0,939.0,"Mosinee, WI: Central Wisconsin"
CWA,2026,6,150.0,38.0,10.0,4.46,5.8100000000000005,0.0,17.740000000000002,4.0,1.0,2616.0,723.0,363.0,250.0,0.0,1280.0,"Mosinee, WI: Central Wisconsin"
CWA,2026,7,156.0,37.0,14.879999999999999,1.6800000000000002,5.3100000000000005,0.0,15.129999999999999,7.0,0.0,3352.0,1529.0,474.0,249.0,0.0,1100.0,"Mosinee, WI: Central Wisconsin"
CYS,2025,8,62.0,23.0,11.58,2.0,0.42,0.0,9.0,0.0,1.0,3282.0,1943.0,154.0,9.0,0.0,1176.0,"Cheyenne, WY: Cheyenne Regional/Jerry Olson Field"
CYS,2025,9,60.0,9.0,3.83,0.0,4.19,0.0,0.98,0.0,0.0,582.0,140.0,0.0,287.0,0.0,155.0,"Cheyenne, WY: Cheyenne Regional/Jerry Olson Field"
CYS,2025,10,62.0,10.0,3.95,1.91,1.15,0.0,2.99,0.0,1.0,665.0,116.0,96.0,78.0,0.0,375.0,"Cheyenne, WY: Cheyenne Regional/Jerry Olson Field"
CYS,2025,11,59.0,3.0,1.89,0.0,0.11,0.0,1.0,0.0,0.0,99.0,69.0,0.0,6.0,0.0,24.0,"Cheyenne, WY: Cheyenne Regional/Jerry Olson Field"
CYS,2025,12,63.0,14.0,7.22,2.94,2.58,0.0,1.27,0.0,0.0,1958.0,868.0,941.0,99.0,0.0,50.0,"Cheyenne, WY: Cheyenne Regional/Jerry Olson Field"
CYS,2026,1,62.0,14.0,2.0,2.19,3.47,0.0,6.34,1.0,0.0,999.0,62.0,96.0,192.0,0.0,649.0,"Cheyenne, WY: Cheyenne Regional/Jerry Olson Field"
CYS,2026,2,56.0,14.0,5.38,0.0,0.84,0.0,7.78,2.0,0.0,1068.0,229.0,0.0,50.0,0.0,789.0,"Cheyenne, WY: Cheyenne Regional/Jerry Olson Field"
CYS,2026,3,62.0,11.0,8.85,0.0,0.15,0.0,2.0,3.0,0.0,1846.0,1727.0,0.0,19.0,0.0,100.0,"Cheyenne, WY: Cheyenne Regional/Jerry Olson Field"
CYS,2026,4,60.0,16.0,6.82,1.0,1.41,0.0,6.77,0.0,0.0,1620.0,259.0,73.0,248.0,0.0,1040.0,"Cheyenne, WY: Cheyenne Regional/Jerry Olson Field"
CYS,2026,5,62.0,14.0,6.21,0.34,1.53,0.0,5.91,0.0,0.0,1429.0,868.0,14.0,66.0,0.0,481.0,"Cheyenne, WY: Cheyenne Regional/Jerry Olson Field"
CYS,2026,6,60.0,16.0,7.09,0.89,5.42,0.0,2.6,0.0,0.0,1550.0,464.0,71.0,910.0,0.0,105.0,"Cheyenne, WY: Cheyenne Regional/Jerry Olson Field"
CYS,2026,7,62.0,15.0,4.85,0.0,4.4,0.0,5.75,0.0,1.0,1067.0,227.0,0.0,321.0,0.0,519.0,"Cheyenne, WY: Cheyenne Regional/Jerry Olson Field"
DAB,2025,8,252.0,43.0,11.129999999999999,2.41,9.96,0.0,19.5,4.0,4.0,2746.0,478.0,273.0,329.0,0.0,1666.0,"Daytona Beach, FL: Daytona Beach International"
DAB,2025,9,247.0,23.0,9.04,0.04,9.01,0.0,4.909999999999999,1.0,0.0,1180.0,383.0,2.0,491.0,0.0,304.0,"Daytona Beach, FL: Daytona Beach International"
DAB,2025,10,248.0,26.0,15.91,1.0,3.19,0.0,5.9,0.0,0.0,1007.0,588.0,92.0,91.0,0.0,236.0,"Daytona Beach, FL: Daytona Beach International"
DAB,2025,11,222.0,35.0,13.41,0.0,5.11,0.23,16.25,7.0,0.0,1945.0,600.0,0.0,415.0,7.0,923.0,"Daytona Beach, FL: Daytona Beach International"
DAB,2025,12,286.0,67.0,31.540000000000003,0.62,12.280000000000001,0.0,22.56,6.0,2.0,4359.0,2174.0,21.0,746.0,0.0,1418.0,"Daytona Beach, FL: Daytona Beach International"
DAB,2026,1,301.0,54.0,18.47,3.2199999999999998,17.28,0.0,15.030000000000001,24.0,0.0,2798.0,936.0,116.0,772.0,0.0,974.0,"Daytona Beach, FL: Daytona Beach International"
DAB,2026,2,283.0,47.0,21.740000000000002,0.83,9.33,0.0,15.1,11.0,1.0,3146.0,1162.0,192.0,694.0,0.0,1098.0,"Daytona Beach, FL: Daytona Beach International"
DAB,2026,3,300.0,44.0,19.009999999999998,3.44,8.13,0.89,12.530000000000001,11.0,1.0,2066.0,914.0,82.0,427.0,16.0,627.0,"Daytona Beach, FL: Daytona Beach International"
DAB,2026,4,294.0,36.0,14.649999999999999,0.0,9.07,0.0,12.26,0.0,1.0,1933.0,703.0,0.0,288.0,0.0,942.0,"Daytona Beach, FL: Daytona Beach International"
DAB,2026,5,307.0,54.0,22.54,0.9500000000000001,16.28,0.0,14.22,3.0,1.0,2605.0,1248.0,32.0,683.0,0.0,642.0,"Daytona Beach, FL: Daytona Beach International"
DAB,2026,6,300.0,42.0,18.939999999999998,1.01,8.27,1.0,12.790000000000001,8.0,1.0,3935.0,1915.0,134.0,712.0,16.0,1158.0,"Daytona Beach, FL: Daytona Beach International"
DAB,2026,7,306.0,81.0,31.07,5.38,10.36,0.0,34.2,11.0,2.0,6489.0,2415.0,367.0,780.0,0.0,2927.0,"Daytona Beach, FL: Daytona Beach International"
DAL,2025,8,5727.0,1204.0,331.66,55.86,301.7,2.2,512.57,27.0,41.0,72043.0,16136.0,5459.0,19189.0,113.0,31146.0,"Dallas, TX: Dallas Love Field"
DAL,2025,9,5520.0,835.0,229.62,24.77,243.92,0.26,336.45000000000005,11.0,37.0,47857.0,12112.0,1779.0,13872.0,17.0,20077.0,"Dallas, TX: Dallas Love Field"
DAL,2025,10,6097.0,1224.0,358.32000000000005,25.58,264.88000000000005,2.42,572.8,56.0,51.0,70254.0,20058.0,2992.0,15681.0,71.0,31452.0,"Dallas, TX: Dallas Love Field"
DAL,2025,11,5799.0,1170.0,320.27,13.62,292.01,5.88,538.22,163.0,19.0,69072.0,15566.0,1739.0,18015.0,234.0,33518.0,"Dallas, TX: Dallas Love Field"
DAL,2025,12,6069.0,1230.0,433.26,6.2,157.23000000000002,7.91,625.38,24.0,4.0,63293.0,20060.0,487.0,5597.0,345.0,36804.0,"Dallas, TX: Dallas Love Field"
DAL,2026,1,5470.0,751.0,226.03,3.33,215.66,3.05,302.93,311.0,7.0,37653.0,11270.0,280.0,9789.0,180.0,16134.0,"Dallas, TX: Dallas Love Field"
DAL,2026,2,5162.0,811.0,283.09999999999997,6.23,142.01,3.63,376.03000000000003,63.0,4.0,38176.0,13256.0,383.0,5599.0,279.0,18659.0,"Dallas, TX: Dallas Love Field"
DAL,2026,3,6222.0,1451.0,467.04999999999995,12.59,255.35,9.7,704.3100000000001,77.0,19.0,83198.0,23493.0,1301.0,13915.0,380.0,43617.0,"Dallas, TX: Dallas Love Field"
DAL,2026,4,5965.0,1310.0,376.58000000000004,14.49,353.03000000000003,4.24,559.65,40.0,22.0,64773.0,16760.0,1055.0,17861.0,280.0,28389.0,"Dallas, TX: Dallas Love Field"
DAL,2026,5,6141.0,1774.0,528.38,50.230000000000004,435.87,5.87,749.64,74.0,81.0,104359.0,24690.0,4976.0,29757.0,152.0,44104.0,"Dallas, TX: Dallas Love Field"
DAL,2026,6,6022.0,2129.0,594.71,49.830000000000005,438.55,4.64,1037.26,63.0,62.0,124164.0,30391.0,4450.0,24253.0,245.0,63916.0,"Dallas, TX: Dallas Love Field"
DAL,2026,7,6237.0,1852.0,601.24,40.730000000000004,275.76,9.8,920.4499999999999,56.0,31.0,106561.0,32058.0,3744.0,14372.0,337.0,55147.0,"Dallas, TX: Dallas Love Field"
DAY,2025,8,889.0,204.0,73.36,18.85,27.970000000000002,2.04,81.79,21.0,1.0,19620.0,4000.0,3809.0,1257.0,96.0,10458.0,"Dayton, OH: James M Cox/Dayton International"
DAY,2025,9,894.0,165.0,61.0,4.51,25.83,1.0,72.64,2.0,0.0,11237.0,3118.0,495.0,1087.0,28.0,6509.0,"Dayton, OH: James M Cox/Dayton International"
DAY,2025,10,936.0,186.0,67.28999999999999,4.75,30.950000000000003,0.0,83.01,1.0,1.0,13424.0,4017.0,586.0,1507.0,0.0,7314.0,"Dayton, OH: James M Cox/Dayton International"
DAY,2025,11,889.0,211.0,74.23,3.5,42.190000000000005,0.0,91.1,36.0,0.0,15711.0,4548.0,339.0,2329.0,0.0,8495.0,"Dayton, OH: James M Cox/Dayton International"
DAY,2025,12,847.0,273.0,78.42,11.12,59.1,0.0,124.36,19.0,1.0,28262.0,7641.0,1420.0,3802.0,0.0,15399.0,"Dayton, OH: James M Cox/Dayton International"
DAY,2026,1,806.0,213.0,62.97,17.99,43.55,0.0,88.47,67.0,3.0,23172.0,6046.0,3561.0,2418.0,0.0,11147.0,"Dayton, OH: James M Cox/Dayton International"
DAY,2026,2,746.0,195.0,60.21,12.09,46.82,0.0,75.87,12.0,2.0,18043.0,6045.0,1238.0,2123.0,0.0,8637.0,"Dayton, OH: James M Cox/Dayton International"
DAY,2026,3,838.0,268.0,83.86,14.92,51.410000000000004,0.25,117.58,32.0,2.0,27874.0,7501.0,2911.0,3138.0,27.0,14297.0,"Dayton, OH: James M Cox/Dayton International"
DAY,2026,4,902.0,218.0,65.55,4.97,43.730000000000004,1.0,102.72,19.0,0.0,20089.0,4888.0,914.0,1923.0,17.0,12347.0,"Dayton, OH: James M Cox/Dayton International"
DAY,2026,5,926.0,239.0,75.4,13.620000000000001,52.55,1.0,96.46,15.0,0.0,19571.0,4912.0,3011.0,2751.0,23.0,8874.0,"Dayton, OH: James M Cox/Dayton International"
DAY,2026,6,829.0,224.0,72.19,18.74,44.6,0.33,88.15,26.0,2.0,20248.0,5936.0,2489.0,3075.0,22.0,8726.0,"Dayton, OH: James M Cox/Dayton International"
DAY,2026,7,858.0,274.0,87.31,22.16,49.44,1.0,114.10000000000001,27.0,1.0,25629.0,7603.0,2735.0,3329.0,35.0,11927.0,"Dayton, OH: James M Cox/Dayton International"
DCA,2025,8,12559.0,2974.0,710.2,120.95,963.81,3.04,1175.98,247.0,39.0,238631.0,72972.0,11777.0,46700.0,207.0,106975.0,"Washington, DC: Ronald Reagan Washington National"
DCA,2025,9,12270.0,2783.0,562.05,84.94,1201.4699999999998,1.47,933.1,97.0,40.0,185445.0,50102.0,7656.0,51317.0,94.0,76276.0,"Washington, DC: Ronald Reagan Washington National"
DCA,2025,10,12727.0,3172.0,631.23,40.44,1393.0,4.89,1102.46,75.0,17.0,189917.0,48315.0,2859.0,55011.0,179.0,83553.0,"Washington, DC: Ronald Reagan Washington National"
DCA,2025,11,11994.0,3621.0,618.61,40.989999999999995,1779.82,7.41,1174.17,392.0,64.0,277494.0,58506.0,3861.0,100590.0,561.0,113976.0,"Washington, DC: Ronald Reagan Washington National"
DCA,2025,12,11661.0,3611.0,832.99,77.19,1115.19,7.26,1578.38,267.0,15.0,291879.0,77291.0,14641.0,52813.0,247.0,146887.0,"Washington, DC: Ronald Reagan Washington National"
DCA,2026,1,12325.0,3171.0,638.35,103.74,1406.8,1.8900000000000001,1020.2,1160.0,30.0,271901.0,67674.0,23611.0,81387.0,163.0,99066.0,"Washington, DC: Ronald Reagan Washington National"
DCA,2026,2,11436.0,3676.0,603.27,83.9,1727.86,4.66,1256.32,505.0,34.0,269332.0,60968.0,17841.0,76075.0,223.0,114225.0,"Washington, DC: Ronald Reagan Washington National"
DCA,2026,3,12705.0,4105.0,796.29,105.06,1807.06,25.02,1370.58,616.0,106.0,349464.0,89742.0,19085.0,99554.0,2144.0,138702.0,"Washington, DC: Ronald Reagan Washington National"
DCA,2026,4,12286.0,2997.0,609.6899999999999,59.07,1172.16,2.95,1152.1100000000001,84.0,14.0,226849.0,62790.0,6483.0,56072.0,180.0,101203.0,"Washington, DC: Ronald Reagan Washington National"
DCA,2026,5,12600.0,3092.0,662.51,97.27,1195.32,7.8,1129.1100000000001,178.0,52.0,223609.0,62476.0,10360.0,60927.0,414.0,89432.0,"Washington, DC: Ronald Reagan Washington National"
DCA,2026,6,12374.0,3329.0,696.34,134.93,1286.32,4.67,1206.78,600.0,72.0,324231.0,80020.0,29043.0,97476.0,426.0,117266.0,"Washington, DC: Ronald Reagan Washington National"
DCA,2026,7,12541.0,4162.0,878.76,166.14000000000001,1538.1399999999999,11.469999999999999,1567.47,979.0,121.0,410580.0,100614.0,37945.0,114905.0,565.0,156551.0,"Washington, DC: Ronald Reagan Washington National"
DDC,2025,8,53.0,16.0,7.61,0.65,4.06,0.0,3.68,1.0,0.0,1226.0,629.0,65.0,241.0,0.0,291.0,"Dodge City, KS: Dodge City Regional"
DDC,2025,9,51.0,8.0,5.93,0.95,0.11,0.0,1.0,0.0,1.0,546.0,167.0,139.0,11.0,0.0,229.0,"Dodge City, KS: Dodge City Regional"
DDC,2025,10,54.0,7.0,4.98,1.0,0.02,0.0,1.0,0.0,1.0,338.0,193.0,20.0,1.0,0.0,124.0,"Dodge City, KS: Dodge City Regional"
DDC,2025,11,50.0,3.0,2.0,0.0,0.0,0.0,1.0,0.0,1.0,101.0,70.0,0.0,0.0,0.0,31.0,"Dodge City, KS: Dodge City Regional"
DDC,2025,12,55.0,14.0,4.0,1.71,2.95,0.0,5.34,0.0,0.0,1963.0,179.0,216.0,158.0,0.0,1410.0,"Dodge City, KS: Dodge City Regional"
DDC,2026,1,53.0,14.0,8.02,0.0,2.41,0.0,3.57,1.0,0.0,1016.0,528.0,0.0,171.0,0.0,317.0,"Dodge City, KS: Dodge City Regional"
DDC,2026,2,48.0,9.0,5.91,0.0,0.09,0.0,3.0,0.0,1.0,977.0,494.0,0.0,7.0,0.0,476.0,"Dodge City, KS: Dodge City Regional"
DDC,2026,3,53.0,7.0,1.86,1.29,0.86,0.0,2.99,2.0,2.0,509.0,130.0,77.0,85.0,0.0,217.0,"Dodge City, KS: Dodge City Regional"
DDC,2026,4,52.0,8.0,1.92,2.0,0.63,0.0,3.45,0.0,0.0,838.0,150.0,302.0,16.0,0.0,370.0,"Dodge City, KS: Dodge City Regional"
DDC,2026,5,53.0,9.0,2.62,1.0,1.51,0.0,3.87,0.0,1.0,773.0,155.0,29.0,75.0,0.0,514.0,"Dodge City, KS: Dodge City Regional"
DDC,2026,6,51.0,11.0,2.82,2.71,0.95,0.0,4.52,0.0,4.0,774.0,84.0,290.0,64.0,0.0,336.0,"Dodge City, KS: Dodge City Regional"
DDC,2026,7,54.0,14.0,2.08,0.0,2.59,0.0,9.33,2.0,0.0,1104.0,134.0,0.0,147.0,0.0,823.0,"Dodge City, KS: Dodge City Regional"
DEC,2025,8,53.0,13.0,2.0,1.98,1.96,0.0,7.06,1.0,0.0,730.0,48.0,104.0,180.0,0.0,398.0,"Decatur, IL: Decatur Airport"
DEC,2025,9,51.0,7.0,1.06,1.48,2.48,0.0,1.97,0.0,0.0,416.0,62.0,103.0,82.0,0.0,169.0,"Decatur, IL: Decatur Airport"
DEC,2025,10,54.0,7.0,3.89,0.0,1.22,0.0,1.89,0.0,0.0,476.0,324.0,0.0,61.0,0.0,91.0,"Decatur, IL: Decatur Airport"
DEC,2025,11,50.0,14.0,8.03,1.0,3.31,0.0,1.66,3.0,0.0,1650.0,809.0,42.0,379.0,0.0,420.0,"Decatur, IL: Decatur Airport"
DEC,2025,12,55.0,20.0,7.61,1.91,4.43,0.0,6.05,3.0,1.0,2586.0,811.0,286.0,536.0,0.0,953.0,"Decatur, IL: Decatur Airport"
DEC,2026,1,53.0,21.0,6.6,0.85,2.73,0.0,10.82,3.0,1.0,2542.0,965.0,54.0,242.0,0.0,1281.0,"Decatur, IL: Decatur Airport"
DEC,2026,2,48.0,15.0,3.8,0.0,5.18,0.0,6.02,0.0,0.0,1216.0,262.0,0.0,464.0,0.0,490.0,"Decatur, IL: Decatur Airport"
DEC,2026,3,53.0,17.0,11.09,0.0,3.91,0.0,2.0,8.0,0.0,915.0,370.0,0.0,391.0,0.0,154.0,"Decatur, IL: Decatur Airport"
DEC,2026,4,52.0,24.0,8.83,0.0,5.45,0.0,9.73,3.0,0.0,1613.0,428.0,0.0,701.0,0.0,484.0,"Decatur, IL: Decatur Airport"
DEC,2026,5,53.0,19.0,7.85,0.22,1.54,0.0,9.39,1.0,0.0,2078.0,509.0,8.0,64.0,0.0,1497.0,"Decatur, IL: Decatur Airport"
DEC,2026,6,51.0,12.0,6.66,0.0,1.34,0.0,4.0,2.0,0.0,837.0,606.0,0.0,111.0,0.0,120.0,"Decatur, IL: Decatur Airport"
DEC,2026,7,54.0,13.0,4.19,1.0,3.02,0.0,4.79,3.0,0.0,1026.0,316.0,242.0,151.0,0.0,317.0,"Decatur, IL: Decatur Airport"
DEN,2025,8,28083.0,7679.0,2126.57,360.53000000000003,3369.37,7.17,1815.4,217.0,275.0,561983.0,163131.0,33727.0,208936.0,258.0,155931.0,"Denver, CO: Denver International"
DEN,2025,9,26546.0,4999.0,1385.8500000000001,166.56,2234.55,4.62,1207.4099999999999,49.0,52.0,315145.0,91801.0,15923.0,119768.0,144.0,87509.0,"Denver, CO: Denver International"
DEN,2025,10,27764.0,5098.0,1638.38,95.28999999999999,1803.26,8.120000000000001,1551.97,56.0,30.0,308833.0,113457.0,12347.0,75160.0,268.0,107502.0,"Denver, CO: Denver International"
DEN,2025,11,25295.0,3635.0,1321.9,82.85000000000001,850.45,5.18,1374.6100000000001,406.0,10.0,240997.0,86876.0,10303.0,34755.0,270.0,108793.0,"Denver, CO: Denver International"
DEN,2025,12,26007.0,6353.0,1927.4900000000002,230.7,2109.7,10.0,2075.12,183.0,107.0,471478.0,141424.0,31259.0,130056.0,316.0,168423.0,"Denver, CO: Denver International"
DEN,2026,1,24485.0,3920.0,1405.55,170.09,1060.21,8.96,1275.18,462.0,9.0,281631.0,106242.0,19231.0,41968.0,429.0,113761.0,"Denver, CO: Denver International"
DEN,2026,2,23037.0,3981.0,1272.77,128.89,1408.72,10.59,1160.0,222.0,18.0,320308.0,95992.0,17634.0,115279.0,418.0,90985.0,"Denver, CO: Denver International"
DEN,2026,3,27087.0,5537.0,1783.05,150.01,1685.8600000000001,16.61,1901.45,436.0,31.0,445506.0,142962.0,23272.0,115667.0,768.0,162837.0,"Denver, CO: Denver International"
DEN,2026,4,25350.0,4059.0,1445.58,137.03,1001.0,5.74,1469.63,87.0,34.0,270645.0,108153.0,16225.0,42343.0,192.0,103732.0,"Denver, CO: Denver International"
DEN,2026,5,27402.0,5312.0,1717.02,189.82,1575.71,8.58,1820.87,112.0,84.0,344064.0,114897.0,21207.0,79752.0,440.0,127768.0,"Denver, CO: Denver International"
DEN,2026,6,28634.0,7572.0,2352.83,296.11,2195.94,20.67,2705.46,131.0,192.0,526773.0,163756.0,31782.0,122907.0,807.0,207308.0,"Denver, CO: Denver International"
DEN,2026,7,29500.0,7190.0,2170.06,305.01,2265.1800000000003,9.92,2439.83,254.0,268.0,584256.0,177862.0,36668.0,165409.0,709.0,203608.0,"Denver, CO: Denver International"
DFW,2025,8,27174.0,7328.0,1867.04,560.9300000000001,1907.7299999999998,10.01,2982.28,739.0,275.0,695300.0,210203.0,77070.0,113875.0,354.0,293798.0,"Dallas/Fort Worth, TX: Dallas/Fort Worth International"
DFW,2025,9,25652.0,4785.0,1304.08,353.06,1309.76,9.66,1808.41,486.0,169.0,454586.0,148133.0,38647.0,87353.0,416.0,180037.0,"Dallas/Fort Worth, TX: Dallas/Fort Worth International"
DFW,2025,10,27211.0,5371.0,1463.6,230.0,1621.38,13.48,2042.5600000000002,332.0,107.0,432752.0,142399.0,34478.0,76893.0,722.0,178260.0,"Dallas/Fort Worth, TX: Dallas/Fort Worth International"
DFW,2025,11,25063.0,5579.0,1331.79,270.78000000000003,2083.32,10.82,1882.3000000000002,881.0,87.0,489979.0,145097.0,39194.0,124793.0,430.0,180465.0,"Dallas/Fort Worth, TX: Dallas/Fort Worth International"
DFW,2025,12,25797.0,5926.0,1673.8,217.99,1450.56,15.63,2568.0099999999998,203.0,22.0,519640.0,192183.0,33191.0,58249.0,784.0,235233.0,"Dallas/Fort Worth, TX: Dallas/Fort Worth International"
DFW,2026,1,24256.0,4482.0,1415.24,307.59,1147.6699999999998,11.18,1600.32,2398.0,19.0,475937.0,174550.0,70491.0,70319.0,372.0,160205.0,"Dallas/Fort Worth, TX: Dallas/Fort Worth International"
DFW,2026,2,22027.0,3611.0,1168.65,132.75,794.81,13.61,1501.15,316.0,63.0,314366.0,135378.0,16140.0,33086.0,474.0,129288.0,"Dallas/Fort Worth, TX: Dallas/Fort Worth International"
DFW,2026,3,26026.0,5247.0,1511.34,257.95,1101.59,21.53,2354.59,694.0,169.0,552357.0,207231.0,42561.0,62002.0,1033.0,239530.0,"Dallas/Fort Worth, TX: Dallas/Fort Worth International"
DFW,2026,4,25683.0,5228.0,1268.51,348.81,1336.69,5.0,2268.98,364.0,97.0,454707.0,156057.0,38675.0,63858.0,225.0,195892.0,"Dallas/Fort Worth, TX: Dallas/Fort Worth International"
DFW,2026,5,27451.0,5859.0,1518.5600000000002,421.93,1548.1399999999999,7.39,2363.0,927.0,282.0,601549.0,184525.0,92433.0,100586.0,337.0,223668.0,"Dallas/Fort Worth, TX: Dallas/Fort Worth International"
DFW,2026,6,27855.0,7498.0,1852.92,596.14,1678.21,14.290000000000001,3356.3999999999996,1286.0,359.0,789784.0,219716.0,96322.0,122524.0,754.0,350468.0,"Dallas/Fort Worth, TX: Dallas/Fort Worth International"
DFW,2026,7,28658.0,6982.0,1886.49,402.82,1233.24,13.48,3445.96,376.0,107.0,695984.0,225206.0,48348.0,75394.0,692.0,346344.0,"Dallas/Fort Worth, TX: Dallas/Fort Worth International"
DHN,2025,8,87.0,15.0,5.49,2.06,4.59,0.0,2.86,0.0,0.0,1655.0,298.0,982.0,135.0,0.0,240.0,"Dothan, AL: Dothan Regional"
DHN,2025,9,86.0,10.0,8.5,0.0,0.24,0.0,1.26,0.0,0.0,630.0,471.0,0.0,27.0,0.0,132.0,"Dothan, AL: Dothan Regional"
DHN,2025,10,88.0,10.0,4.49,0.0,0.51,0.0,5.0,0.0,0.0,362.0,151.0,0.0,29.0,0.0,182.0,"Dothan, AL: Dothan Regional"
DHN,2025,11,84.0,12.0,5.06,1.04,2.16,0.0,3.74,7.0,0.0,694.0,209.0,54.0,74.0,0.0,357.0,"Dothan, AL: Dothan Regional"
DHN,2025,12,79.0,20.0,4.39,1.06,1.77,0.0,12.78,1.0,0.0,1806.0,255.0,41.0,238.0,0.0,1272.0,"Dothan, AL: Dothan Regional"
DHN,2026,1,83.0,23.0,13.07,1.04,3.27,0.0,5.62,6.0,0.0,1907.0,1270.0,29.0,159.0,0.0,449.0,"Dothan, AL: Dothan Regional"
DHN,2026,2,78.0,17.0,6.75,0.0,1.91,0.0,8.34,0.0,0.0,1211.0,383.0,0.0,86.0,0.0,742.0,"Dothan, AL: Dothan Regional"
DHN,2026,3,89.0,24.0,9.45,1.06,1.56,0.0,11.93,0.0,0.0,2612.0,783.0,104.0,109.0,0.0,1616.0,"Dothan, AL: Dothan Regional"
DHN,2026,4,86.0,20.0,8.89,0.65,1.56,0.0,8.9,0.0,0.0,1631.0,682.0,104.0,68.0,0.0,777.0,"Dothan, AL: Dothan Regional"
DHN,2026,5,91.0,33.0,12.01,0.05,7.39,0.0,13.56,0.0,0.0,2197.0,792.0,2.0,414.0,0.0,989.0,"Dothan, AL: Dothan Regional"
DHN,2026,6,90.0,17.0,7.41,0.0,0.39,0.0,9.2,3.0,0.0,1398.0,483.0,0.0,52.0,0.0,863.0,"Dothan, AL: Dothan Regional"
DHN,2026,7,92.0,33.0,11.08,2.08,1.35,0.0,18.5,4.0,0.0,2539.0,782.0,237.0,114.0,0.0,1406.0,"Dothan, AL: Dothan Regional"
DIK,2025,8,57.0,19.0,5.84,0.0,4.93,0.0,8.23,3.0,0.0,3486.0,1984.0,0.0,829.0,0.0,673.0,"Dickinson, ND: Dickinson - Theodore Roosevelt Regional"
DIK,2025,9,57.0,13.0,5.89,0.0,5.11,0.0,2.0,0.0,0.0,774.0,220.0,0.0,463.0,0.0,91.0,"Dickinson, ND: Dickinson - Theodore Roosevelt Regional"
DIK,2025,10,62.0,8.0,2.82,0.0,2.44,0.0,2.74,0.0,0.0,483.0,136.0,0.0,120.0,0.0,227.0,"Dickinson, ND: Dickinson - Theodore Roosevelt Regional"
DIK,2025,11,59.0,7.0,5.73,0.96,0.31,0.0,0.0,1.0,0.0,999.0,288.0,674.0,37.0,0.0,0.0,"Dickinson, ND: Dickinson - Theodore Roosevelt Regional"
DIK,2025,12,61.0,9.0,4.78,1.0,1.22,0.0,2.0,0.0,2.0,1945.0,314.0,749.0,39.0,0.0,843.0,"Dickinson, ND: Dickinson - Theodore Roosevelt Regional"
DIK,2026,1,61.0,13.0,5.0,1.0,1.45,0.0,5.55,2.0,2.0,1485.0,337.0,719.0,67.0,0.0,362.0,"Dickinson, ND: Dickinson - Theodore Roosevelt Regional"
DIK,2026,2,56.0,10.0,0.84,2.0,2.44,0.0,4.72,1.0,0.0,848.0,26.0,143.0,309.0,0.0,370.0,"Dickinson, ND: Dickinson - Theodore Roosevelt Regional"
DIK,2026,3,62.0,15.0,6.5,2.79,2.59,0.0,3.12,3.0,1.0,759.0,200.0,82.0,148.0,0.0,329.0,"Dickinson, ND: Dickinson - Theodore Roosevelt Regional"
DIK,2026,4,52.0,13.0,4.87,0.62,1.52,1.0,4.99,0.0,1.0,1545.0,347.0,26.0,54.0,20.0,1098.0,"Dickinson, ND: Dickinson - Theodore Roosevelt Regional"
DIK,2026,5,53.0,6.0,2.66,0.0,1.8,0.0,1.54,2.0,0.0,426.0,120.0,0.0,157.0,0.0,149.0,"Dickinson, ND: Dickinson - Theodore Roosevelt Regional"
DIK,2026,6,51.0,13.0,2.6,2.85,2.64,0.0,4.91,0.0,0.0,1177.0,179.0,228.0,190.0,0.0,580.0,"Dickinson, ND: Dickinson - Theodore Roosevelt Regional"
DIK,2026,7,54.0,26.0,7.53,1.0,5.12,0.0,12.35,0.0,0.0,1891.0,491.0,92.0,593.0,0.0,715.0,"Dickinson, ND: Dickinson - Theodore Roosevelt Regional"
DLG,2025,8,50.0,9.0,0.15,1.0,1.48,0.0,6.36,4.0,0.0,374.0,6.0,58.0,67.0,0.0,243.0,"Dillingham, AK: Dillingham Airport"
DLG,2025,9,30.0,3.0,0.84,0.0,1.16,0.0,1.0,0.0,0.0,170.0,21.0,0.0,100.0,0.0,49.0,"Dillingham, AK: Dillingham Airport"
DLG,2025,10,31.0,8.0,2.32,1.0,1.54,0.0,3.14,2.0,0.0,254.0,92.0,61.0,35.0,0.0,66.0,"Dillingham, AK: Dillingham Airport"
DLG,2025,11,29.0,4.0,0.04,0.42,2.27,0.0,1.26,2.0,0.0,88.0,1.0,8.0,48.0,0.0,31.0,"Dillingham, AK: Dillingham Airport"
DLG,2025,12,30.0,4.0,1.0,0.91,1.09,0.0,1.0,4.0,0.0,130.0,16.0,30.0,52.0,0.0,32.0,"Dillingham, AK: Dillingham Airport"
DLG,2026,1,30.0,6.0,0.73,0.86,1.79,0.0,2.62,4.0,0.0,418.0,32.0,116.0,109.0,0.0,161.0,"Dillingham, AK: Dillingham Airport"
DLG,2026,2,28.0,2.0,1.0,0.89,0.11,0.0,0.0,4.0,0.0,77.0,23.0,48.0,6.0,0.0,0.0,"Dillingham, AK: Dillingham Airport"
DLG,2026,3,31.0,0.0,0.0,0.0,0.0,0.0,0.0,0.0,0.0,0.0,0.0,0.0,0.0,0.0,0.0,"Dillingham, AK: Dillingham Airport"
DLG,2026,4,30.0,3.0,1.0,0.0,1.0,0.0,1.0,0.0,0.0,80.0,28.0,0.0,24.0,0.0,28.0,"Dillingham, AK: Dillingham Airport"
DLG,2026,5,31.0,7.0,1.72,0.0,0.52,0.87,3.89,0.0,0.0,503.0,165.0,0.0,12.0,20.0,306.0,"Dillingham, AK: Dillingham Airport"
DLG,2026,6,51.0,7.0,2.48,1.0,0.75,0.0,2.77,2.0,0.0,564.0,89.0,42.0,42.0,0.0,391.0,"Dillingham, AK: Dillingham Airport"
DLG,2026,7,61.0,4.0,1.0,0.0,1.0,0.0,2.0,3.0,1.0,247.0,78.0,0.0,44.0,0.0,125.0,"Dillingham, AK: Dillingham Airport"
DLH,2025,8,227.0,53.0,27.36,4.0,8.38,0.0,13.26,3.0,0.0,3592.0,1971.0,422.0,666.0,0.0,533.0,"Duluth, MN: Duluth International"
DLH,2025,9,239.0,54.0,32.46,8.64,5.38,0.0,7.5200000000000005,1.0,1.0,2936.0,1517.0,633.0,254.0,0.0,532.0,"Duluth, MN: Duluth International"
DLH,2025,10,237.0,41.0,28.1,0.0,2.97,0.0,9.92,0.0,0.0,1964.0,1362.0,0.0,134.0,0.0,468.0,"Duluth, MN: Duluth International"
DLH,2025,11,205.0,49.0,26.28,2.07,9.25,0.0,11.4,13.0,0.0,3904.0,1578.0,227.0,953.0,0.0,1146.0,"Duluth, MN: Duluth International"
DLH,2025,12,171.0,77.0,36.05,9.88,16.18,0.0,14.89,8.0,0.0,11646.0,5117.0,1038.0,2624.0,0.0,2867.0,"Duluth, MN: Duluth International"
DLH,2026,1,178.0,68.0,36.32,7.93,14.85,0.0,8.899999999999999,3.0,0.0,4676.0,2566.0,951.0,609.0,0.0,550.0,"Duluth, MN: Duluth International"
DLH,2026,2,182.0,45.0,22.61,6.77,7.83,0.0,7.8,7.0,1.0,3632.0,1845.0,974.0,381.0,0.0,432.0,"Duluth, MN: Duluth International"
DLH,2026,3,234.0,78.0,44.47,4.29,12.27,0.0,16.97,21.0,0.0,8210.0,4167.0,1156.0,1110.0,0.0,1777.0,"Duluth, MN: Duluth International"
DLH,2026,4,257.0,66.0,32.800000000000004,7.85,15.879999999999999,0.0,9.469999999999999,13.0,2.0,5357.0,2700.0,1248.0,644.0,0.0,765.0,"Duluth, MN: Duluth International"
DLH,2026,5,258.0,55.0,27.36,6.29,8.68,0.0,12.67,1.0,0.0,4104.0,1711.0,1132.0,374.0,0.0,887.0,"Duluth, MN: Duluth International"
DLH,2026,6,216.0,45.0,29.67,8.62,3.76,0.0,2.95,5.0,0.0,3569.0,2052.0,1024.0,342.0,0.0,151.0,"Duluth, MN: Duluth International"
DLH,2026,7,244.0,53.0,30.81,5.31,5.42,0.0,11.46,14.0,3.0,4367.0,2329.0,595.0,347.0,0.0,1096.0,"Duluth, MN: Duluth International"
DRO,2025,8,428.0,90.0,40.15,9.75,13.56,0.0,26.55,4.0,3.0,5332.0,1974.0,1026.0,652.0,0.0,1680.0,"Durango, CO: Durango La Plata County"
DRO,2025,9,345.0,71.0,35.71,2.61,10.59,0.0,22.08,1.0,0.0,5340.0,2305.0,112.0,988.0,0.0,1935.0,"Durango, CO: Durango La Plata County"
DRO,2025,10,355.0,72.0,34.95,3.85,13.64,0.62,18.94,0.0,0.0,5468.0,3814.0,175.0,412.0,16.0,1051.0,"Durango, CO: Durango La Plata County"
DRO,2025,11,351.0,60.0,34.919999999999995,1.06,9.83,0.0,14.18,18.0,2.0,3744.0,2383.0,117.0,529.0,0.0,715.0,"Durango, CO: Durango La Plata County"
DRO,2025,12,374.0,70.0,33.64,3.0,11.41,0.0,21.95,1.0,1.0,4570.0,1882.0,488.0,474.0,0.0,1726.0,"Durango, CO: Durango La Plata County"
DRO,2026,1,355.0,71.0,36.230000000000004,3.9,9.23,0.74,20.9,7.0,1.0,5035.0,2557.0,627.0,347.0,17.0,1487.0,"Durango, CO: Durango La Plata County"
DRO,2026,2,336.0,78.0,36.96,4.4,8.52,0.0,28.11,5.0,1.0,4744.0,1915.0,318.0,425.0,0.0,2086.0,"Durango, CO: Durango La Plata County"
DRO,2026,3,401.0,81.0,38.39,4.0,7.09,0.0,31.51,8.0,0.0,8137.0,3464.0,301.0,449.0,0.0,3923.0,"Durango, CO: Durango La Plata County"
DRO,2026,4,369.0,54.0,32.08,0.63,4.81,0.0,16.48,2.0,1.0,4378.0,3056.0,12.0,241.0,0.0,1069.0,"Durango, CO: Durango La Plata County"
DRO,2026,5,419.0,78.0,34.349999999999994,6.97,12.190000000000001,0.0,24.490000000000002,3.0,0.0,5224.0,2238.0,675.0,686.0,0.0,1625.0,"Durango, CO: Durango La Plata County"
DRO,2026,6,449.0,105.0,30.79,13.24,24.73,0.0,36.239999999999995,6.0,1.0,7348.0,1977.0,1071.0,1321.0,0.0,2979.0,"Durango, CO: Durango La Plata County"
DRO,2026,7,459.0,102.0,35.699999999999996,15.52,16.69,0.0,34.11,0.0,2.0,7891.0,2546.0,1816.0,786.0,0.0,2743.0,"Durango, CO: Durango La Plata County"
DSM,2025,8,1646.0,372.0,141.39,27.650000000000002,63.58,0.19,139.21,18.0,3.0,28324.0,9251.0,2368.0,3205.0,4.0,13496.0,"Des Moines, IA: Des Moines International"
DSM,2025,9,1512.0,259.0,101.88,5.91,49.25,1.29,100.66,7.0,2.0,16967.0,6577.0,402.0,2372.0,32.0,7584.0,"Des Moines, IA: Des Moines International"
DSM,2025,10,1686.0,303.0,115.11999999999999,10.22,58.91,0.0,118.75,5.0,0.0,20405.0,7341.0,842.0,2597.0,0.0,9625.0,"Des Moines, IA: Des Moines International"
DSM,2025,11,1536.0,313.0,99.58,14.860000000000001,73.57000000000001,0.0,125.0,79.0,4.0,25257.0,5952.0,3165.0,4707.0,0.0,11433.0,"Des Moines, IA: Des Moines International"
DSM,2025,12,1552.0,511.0,155.71,35.72,123.69999999999999,0.42,195.43,59.0,2.0,44577.0,11887.0,9109.0,6232.0,13.0,17336.0,"Des Moines, IA: Des Moines International"
DSM,2026,1,1381.0,336.0,115.14999999999999,19.84,88.36,0.0,112.65,51.0,2.0,25001.0,10075.0,2085.0,4100.0,0.0,8741.0,"Des Moines, IA: Des Moines International"
DSM,2026,2,1310.0,275.0,104.67,14.52,62.54,0.0,93.28999999999999,14.0,4.0,18056.0,6174.0,1143.0,2755.0,0.0,7984.0,"Des Moines, IA: Des Moines International"
DSM,2026,3,1615.0,417.0,141.48,18.740000000000002,89.77,1.12,165.91,67.0,5.0,31258.0,10694.0,2472.0,4440.0,21.0,13631.0,"Des Moines, IA: Des Moines International"
DSM,2026,4,1546.0,310.0,95.24,14.819999999999999,81.24000000000001,0.0,118.7,28.0,12.0,19854.0,5819.0,1677.0,4048.0,0.0,8310.0,"Des Moines, IA: Des Moines International"
DSM,2026,5,1677.0,368.0,140.62,17.11,68.6,0.0,141.67,16.0,6.0,26708.0,9274.0,2216.0,3401.0,0.0,11817.0,"Des Moines, IA: Des Moines International"
DSM,2026,6,1653.0,500.0,163.79,25.68,96.36,0.23,213.94,43.0,5.0,38167.0,11774.0,2691.0,4680.0,6.0,19016.0,"Des Moines, IA: Des Moines International"
DSM,2026,7,1695.0,515.0,170.17,23.65,100.94,0.05,220.17000000000002,49.0,6.0,45068.0,17637.0,2363.0,5596.0,2.0,19470.0,"Des Moines, IA: Des Moines International"
DTW,2025,8,12936.0,2202.0,897.52,133.3,392.77,5.16,773.27,67.0,7.0,160316.0,71420.0,12306.0,19405.0,242.0,56943.0,"Detroit, MI: Detroit Metro Wayne County"
DTW,2025,9,11960.0,1341.0,537.59,72.71,227.82,0.45,502.43,23.0,7.0,103227.0,46830.0,7882.0,12060.0,38.0,36417.0,"Detroit, MI: Detroit Metro Wayne County"
DTW,2025,10,12780.0,1702.0,675.2099999999999,56.12,319.33,2.01,649.3299999999999,31.0,5.0,122897.0,60752.0,3880.0,14239.0,42.0,43984.0,"Detroit, MI: Detroit Metro Wayne County"
DTW,2025,11,11589.0,1985.0,693.93,119.53,436.14,3.9699999999999998,731.4,298.0,7.0,169973.0,76395.0,14624.0,22486.0,258.0,56210.0,"Detroit, MI: Detroit Metro Wayne County"
DTW,2025,12,11660.0,3688.0,1244.24,296.72,806.41,5.87,1334.74,319.0,3.0,357301.0,153036.0,36406.0,51899.0,239.0,115721.0,"Detroit, MI: Detroit Metro Wayne County"
DTW,2026,1,10781.0,2862.0,1072.8799999999999,320.86,614.65,1.91,851.69,402.0,26.0,259907.0,121506.0,37038.0,31574.0,135.0,69654.0,"Detroit, MI: Detroit Metro Wayne County"
DTW,2026,2,10240.0,2109.0,917.3199999999999,155.75,467.21,2.2800000000000002,566.43,216.0,8.0,178407.0,99587.0,16025.0,21112.0,236.0,41447.0,"Detroit, MI: Detroit Metro Wayne County"
DTW,2026,3,12296.0,3102.0,1171.22,216.85,746.58,2.01,965.36,460.0,29.0,282668.0,125535.0,27309.0,48339.0,93.0,81392.0,"Detroit, MI: Detroit Metro Wayne County"
DTW,2026,4,12081.0,2048.0,788.4699999999999,114.0,386.48,2.88,756.1800000000001,140.0,12.0,163149.0,76327.0,12680.0,18047.0,151.0,55944.0,"Detroit, MI: Detroit Metro Wayne County"
DTW,2026,5,12099.0,2066.0,810.2800000000001,97.2,324.37,2.51,831.61,149.0,25.0,164929.0,73410.0,12125.0,19433.0,117.0,59844.0,"Detroit, MI: Detroit Metro Wayne County"
DTW,2026,6,11852.0,2283.0,827.6,139.86,382.23,3.27,929.0799999999999,174.0,19.0,192908.0,82369.0,14142.0,24383.0,156.0,71353.0,"Detroit, MI: Detroit Metro Wayne County"
DTW,2026,7,12495.0,3112.0,1167.88,175.45,517.65,1.95,1249.08,320.0,20.0,275842.0,120317.0,19892.0,31645.0,64.0,103924.0,"Detroit, MI: Detroit Metro Wayne County"
DVL,2025,8,53.0,12.0,5.15,0.96,2.24,0.0,3.66,0.0,0.0,588.0,110.0,66.0,120.0,0.0,292.0,"Devils Lake, ND: Devils Lake Regional"
DVL,2025,9,51.0,2.0,1.0,0.96,0.04,0.0,0.0,0.0,2.0,167.0,30.0,132.0,5.0,0.0,0.0,"Devils Lake, ND: Devils Lake Regional"
DVL,2025,10,54.0,5.0,3.0,0.0,0.0,0.0,2.0,0.0,0.0,285.0,172.0,0.0,0.0,0.0,113.0,"Devils Lake, ND: Devils Lake Regional"
DVL,2025,11,50.0,1.0,1.0,0.0,0.0,0.0,0.0,0.0,1.0,33.0,33.0,0.0,0.0,0.0,0.0,"Devils Lake, ND: Devils Lake Regional"
DVL,2025,12,55.0,8.0,3.05,1.0,0.95,0.0,3.0,5.0,1.0,622.0,123.0,293.0,54.0,0.0,152.0,"Devils Lake, ND: Devils Lake Regional"
DVL,2026,1,53.0,9.0,0.26,1.0,1.45,0.0,6.29,2.0,3.0,490.0,14.0,139.0,64.0,0.0,273.0,"Devils Lake, ND: Devils Lake Regional"
DVL,2026,2,48.0,9.0,6.64,1.0,1.36,0.0,0.0,1.0,0.0,565.0,434.0,36.0,95.0,0.0,0.0,"Devils Lake, ND: Devils Lake Regional"
DVL,2026,3,53.0,7.0,4.0,1.78,0.22,0.0,1.0,2.0,0.0,505.0,133.0,282.0,41.0,0.0,49.0,"Devils Lake, ND: Devils Lake Regional"
DVL,2026,4,52.0,8.0,3.95,1.88,0.17,0.0,2.0,0.0,1.0,481.0,151.0,168.0,17.0,0.0,145.0,"Devils Lake, ND: Devils Lake Regional"
DVL,2026,5,53.0,12.0,7.68,0.99,0.62,0.0,2.7,1.0,0.0,1229.0,431.0,259.0,78.0,0.0,461.0,"Devils Lake, ND: Devils Lake Regional"
DVL,2026,6,51.0,7.0,5.11,1.0,0.89,0.0,0.0,0.0,1.0,283.0,199.0,67.0,17.0,0.0,0.0,"Devils Lake, ND: Devils Lake Regional"
DVL,2026,7,54.0,5.0,3.0,0.0,0.11,0.0,1.89,1.0,1.0,475.0,143.0,0.0,9.0,0.0,323.0,"Devils Lake, ND: Devils Lake Regional"
EAR,2025,8,54.0,19.0,5.84,4.0,4.29,0.0,4.88,0.0,0.0,1740.0,888.0,307.0,208.0,0.0,337.0,"Kearney, NE: Kearney Regional"
EAR,2025,9,51.0,6.0,1.05,2.0,2.95,0.0,0.0,0.0,0.0,420.0,66.0,236.0,118.0,0.0,0.0,"Kearney, NE: Kearney Regional"
EAR,2025,10,53.0,5.0,3.99,0.0,0.53,0.0,0.48,0.0,1.0,415.0,368.0,0.0,25.0,0.0,22.0,"Kearney, NE: Kearney Regional"
EAR,2025,11,51.0,6.0,5.37,0.0,0.63,0.0,0.0,0.0,0.0,284.0,258.0,0.0,26.0,0.0,0.0,"Kearney, NE: Kearney Regional"
EAR,2025,12,54.0,6.0,2.67,0.0,0.38,0.0,2.96,0.0,0.0,310.0,57.0,0.0,12.0,0.0,241.0,"Kearney, NE: Kearney Regional"
EAR,2026,1,53.0,12.0,4.0,0.0,1.03,1.0,5.97,1.0,0.0,603.0,113.0,0.0,65.0,16.0,409.0,"Kearney, NE: Kearney Regional"
EAR,2026,2,48.0,5.0,3.0,1.0,0.0,0.0,1.0,0.0,0.0,1269.0,1141.0,110.0,1.0,0.0,17.0,"Kearney, NE: Kearney Regional"
EAR,2026,3,53.0,12.0,4.92,0.94,2.28,0.0,3.85,1.0,0.0,979.0,348.0,213.0,157.0,0.0,261.0,"Kearney, NE: Kearney Regional"
EAR,2026,4,52.0,4.0,2.05,1.0,0.95,0.0,0.0,0.0,0.0,223.0,65.0,122.0,36.0,0.0,0.0,"Kearney, NE: Kearney Regional"
EAR,2026,5,85.0,24.0,14.22,1.98,3.5,0.0,4.3,1.0,0.0,2631.0,810.0,1315.0,231.0,0.0,275.0,"Kearney, NE: Kearney Regional"
EAR,2026,6,81.0,21.0,9.64,0.07,7.58,0.0,3.71,0.0,0.0,1669.0,486.0,1.0,377.0,0.0,805.0,"Kearney, NE: Kearney Regional"
EAR,2026,7,84.0,25.0,7.51,0.96,6.03,0.0,10.5,0.0,0.0,2581.0,360.0,66.0,497.0,0.0,1658.0,"Kearney, NE: Kearney Regional"
EAT,2025,8,62.0,20.0,3.42,0.0,2.61,0.0,13.96,0.0,0.0,697.0,137.0,0.0,58.0,0.0,502.0,"Wenatchee, WA: Pangborn Memorial"
EAT,2025,9,1.0,0.0,0.0,0.0,0.0,0.0,0.0,0.0,0.0,0.0,0.0,0.0,0.0,0.0,0.0,"Wenatchee, WA: Pangborn Memorial"
EAT,2025,10,57.0,6.0,0.47,0.0,0.01,0.0,5.52,0.0,0.0,440.0,34.0,0.0,1.0,0.0,405.0,"Wenatchee, WA: Pangborn Memorial"
EAT,2025,11,59.0,6.0,2.17,0.0,2.83,0.0,1.0,0.0,0.0,243.0,62.0,0.0,159.0,0.0,22.0,"Wenatchee, WA: Pangborn Memorial"
EAT,2025,12,62.0,9.0,1.0,2.0,1.47,0.0,4.53,2.0,0.0,269.0,33.0,86.0,33.0,0.0,117.0,"Wenatchee, WA: Pangborn Memorial"
EAT,2026,1,62.0,8.0,4.82,1.0,1.18,0.0,1.0,2.0,0.0,284.0,173.0,51.0,27.0,0.0,33.0,"Wenatchee, WA: Pangborn Memorial"
EAT,2026,2,56.0,3.0,2.0,0.0,0.0,0.0,1.0,0.0,0.0,138.0,102.0,0.0,0.0,0.0,36.0,"Wenatchee, WA: Pangborn Memorial"
EAT,2026,3,62.0,4.0,1.0,1.0,0.0,0.0,2.0,1.0,0.0,161.0,20.0,72.0,0.0,0.0,69.0,"Wenatchee, WA: Pangborn Memorial"
EAT,2026,4,60.0,3.0,1.0,0.0,0.03,0.0,1.97,0.0,0.0,117.0,57.0,0.0,1.0,0.0,59.0,"Wenatchee, WA: Pangborn Memorial"
EAT,2026,5,62.0,12.0,2.8,0.0,1.34,0.0,7.86,0.0,0.0,481.0,116.0,0.0,30.0,0.0,335.0,"Wenatchee, WA: Pangborn Memorial"
EAT,2026,6,60.0,12.0,4.73,0.0,5.59,0.0,1.68,1.0,0.0,491.0,177.0,0.0,233.0,0.0,81.0,"Wenatchee, WA: Pangborn Memorial"
EAT,2026,7,62.0,17.0,4.25,0.0,6.58,0.0,6.17,2.0,0.0,803.0,186.0,0.0,295.0,0.0,322.0,"Wenatchee, WA: Pangborn Memorial"
EAU,2025,8,54.0,17.0,5.9,1.0,3.46,0.0,6.64,2.0,0.0,1210.0,253.0,201.0,289.0,0.0,467.0,"Eau Claire, WI: Chippewa Valley Regional"
EAU,2025,9,50.0,7.0,3.83,0.0,2.23,0.0,0.94,1.0,1.0,325.0,197.0,0.0,95.0,0.0,33.0,"Eau Claire, WI: Chippewa Valley Regional"
EAU,2025,10,54.0,12.0,4.88,1.79,3.62,0.0,1.72,0.0,0.0,1463.0,289.0,890.0,152.0,0.0,132.0,"Eau Claire, WI: Chippewa Valley Regional"
EAU,2025,11,50.0,15.0,6.36,0.0,6.34,0.0,2.3,1.0,2.0,1165.0,404.0,0.0,604.0,0.0,157.0,"Eau Claire, WI: Chippewa Valley Regional"
EAU,2025,12,55.0,24.0,9.19,0.0,6.67,0.0,8.14,6.0,0.0,3049.0,599.0,0.0,728.0,0.0,1722.0,"Eau Claire, WI: Chippewa Valley Regional"
EAU,2026,1,53.0,20.0,10.26,1.36,1.64,0.0,6.74,0.0,1.0,2069.0,1017.0,67.0,109.0,0.0,876.0,"Eau Claire, WI: Chippewa Valley Regional"
EAU,2026,2,47.0,14.0,4.69,0.0,2.3,0.0,7.02,0.0,0.0,1126.0,201.0,0.0,173.0,0.0,752.0,"Eau Claire, WI: Chippewa Valley Regional"
EAU,2026,3,53.0,15.0,6.24,2.71,3.65,0.0,2.4,10.0,0.0,1873.0,375.0,804.0,400.0,0.0,294.0,"Eau Claire, WI: Chippewa Valley Regional"
EAU,2026,4,52.0,18.0,6.54,1.95,3.07,0.0,6.44,6.0,0.0,2821.0,700.0,1354.0,259.0,0.0,508.0,"Eau Claire, WI: Chippewa Valley Regional"
EAU,2026,5,53.0,16.0,5.69,1.0,4.45,0.0,4.86,1.0,0.0,1382.0,176.0,18.0,310.0,0.0,878.0,"Eau Claire, WI: Chippewa Valley Regional"
EAU,2026,6,51.0,12.0,7.53,0.0,4.47,0.0,0.0,4.0,1.0,761.0,434.0,0.0,327.0,0.0,0.0,"Eau Claire, WI: Chippewa Valley Regional"
EAU,2026,7,54.0,15.0,6.81,0.56,2.98,0.0,4.65,2.0,0.0,1218.0,445.0,76.0,241.0,0.0,456.0,"Eau Claire, WI: Chippewa Valley Regional"
ECP,2025,8,1047.0,228.0,74.66,11.73,57.019999999999996,0.0,84.56,5.0,4.0,14539.0,4348.0,1584.0,1896.0,0.0,6711.0,"Panama City, FL: Northwest Florida Beaches International"
ECP,2025,9,828.0,103.0,48.019999999999996,1.0899999999999999,22.79,0.0,31.110000000000003,1.0,3.0,4738.0,2158.0,94.0,864.0,0.0,1622.0,"Panama City, FL: Northwest Florida Beaches International"
ECP,2025,10,849.0,126.0,54.1,2.2199999999999998,24.38,0.0,45.3,2.0,2.0,6497.0,2728.0,283.0,854.0,0.0,2632.0,"Panama City, FL: Northwest Florida Beaches International"
ECP,2025,11,744.0,127.0,40.339999999999996,3.7,30.34,0.94,51.67,10.0,7.0,8055.0,2572.0,656.0,1099.0,103.0,3625.0,"Panama City, FL: Northwest Florida Beaches International"
ECP,2025,12,761.0,156.0,53.32,5.390000000000001,27.11,0.0,70.17,18.0,8.0,12030.0,3428.0,1386.0,1814.0,0.0,5402.0,"Panama City, FL: Northwest Florida Beaches International"
ECP,2026,1,572.0,101.0,39.199999999999996,10.24,15.670000000000002,0.0,35.9,25.0,1.0,5242.0,1555.0,763.0,621.0,0.0,2303.0,"Panama City, FL: Northwest Florida Beaches International"
ECP,2026,2,618.0,97.0,43.36,4.91,13.59,0.0,35.15,11.0,0.0,4815.0,1988.0,297.0,619.0,0.0,1911.0,"Panama City, FL: Northwest Florida Beaches International"
ECP,2026,3,1037.0,238.0,90.9,6.87,44.75,0.0,95.48,29.0,2.0,15031.0,4752.0,654.0,2502.0,0.0,7123.0,"Panama City, FL: Northwest Florida Beaches International"
ECP,2026,4,1045.0,194.0,72.16,4.68,33.79,0.0,83.36,9.0,1.0,11329.0,4635.0,321.0,1487.0,0.0,4886.0,"Panama City, FL: Northwest Florida Beaches International"
ECP,2026,5,1156.0,285.0,101.63,6.02,70.68,0.88,105.75999999999999,13.0,2.0,17626.0,6500.0,418.0,3055.0,15.0,7638.0,"Panama City, FL: Northwest Florida Beaches International"
ECP,2026,6,1222.0,380.0,107.66999999999999,15.19,108.63000000000001,0.0,148.49,23.0,1.0,22764.0,6012.0,1365.0,4812.0,0.0,10575.0,"Panama City, FL: Northwest Florida Beaches International"
ECP,2026,7,1250.0,407.0,137.12,15.19,106.4,1.2,147.07,11.0,8.0,26098.0,8745.0,1491.0,5151.0,84.0,10627.0,"Panama City, FL: Northwest Florida Beaches International"
EGE,2025,8,200.0,59.0,18.71,2.97,11.7,0.0,25.619999999999997,2.0,0.0,5373.0,1074.0,1031.0,439.0,0.0,2829.0,"Eagle, CO: Eagle County Regional"
EGE,2025,9,158.0,32.0,11.29,0.5900000000000001,6.24,0.0,13.879999999999999,1.0,0.0,3150.0,928.0,38.0,322.0,0.0,1862.0,"Eagle, CO: Eagle County Regional"
EGE,2025,10,129.0,21.0,9.0,1.63,4.16,0.0,6.21,0.0,1.0,1204.0,439.0,197.0,154.0,0.0,414.0,"Eagle, CO: Eagle County Regional"
EGE,2025,11,118.0,19.0,10.14,1.0,0.74,0.0,7.119999999999999,1.0,0.0,2675.0,1805.0,20.0,43.0,0.0,807.0,"Eagle, CO: Eagle County Regional"
EGE,2025,12,458.0,204.0,69.11,7.620000000000001,86.77,0.0,40.52,0.0,2.0,16886.0,5123.0,654.0,5574.0,0.0,5535.0,"Eagle, CO: Eagle County Regional"
EGE,2026,1,685.0,190.0,65.34,7.61,79.57000000000001,0.0,37.480000000000004,22.0,2.0,13176.0,4310.0,726.0,3806.0,0.0,4334.0,"Eagle, CO: Eagle County Regional"
EGE,2026,2,679.0,216.0,93.01,7.140000000000001,80.78999999999999,0.0,35.06,14.0,6.0,13995.0,6171.0,755.0,3475.0,0.0,3594.0,"Eagle, CO: Eagle County Regional"
EGE,2026,3,809.0,235.0,94.33,2.46,69.38,0.0,68.84,16.0,1.0,16408.0,5605.0,241.0,3151.0,0.0,7411.0,"Eagle, CO: Eagle County Regional"
EGE,2026,4,207.0,43.0,14.19,1.35,9.25,0.0,18.21,4.0,1.0,2527.0,673.0,91.0,459.0,0.0,1304.0,"Eagle, CO: Eagle County Regional"
EGE,2026,5,135.0,26.0,8.030000000000001,0.11,6.609999999999999,0.0,11.25,1.0,0.0,1572.0,572.0,25.0,233.0,0.0,742.0,"Eagle, CO: Eagle County Regional"
EGE,2026,6,179.0,58.0,16.97,1.57,12.86,0.0,26.6,1.0,0.0,3256.0,715.0,149.0,446.0,0.0,1946.0,"Eagle, CO: Eagle County Regional"
EGE,2026,7,203.0,47.0,14.84,0.63,9.86,0.0,21.66,1.0,4.0,5454.0,1367.0,84.0,1056.0,0.0,2947.0,"Eagle, CO: Eagle County Regional"
EKO,2025,8,48.0,2.0,2.0,0.0,0.0,0.0,0.0,0.0,0.0,77.0,77.0,0.0,0.0,0.0,0.0,"Elko, NV: Elko Regional"
EKO,2025,9,46.0,1.0,1.0,0.0,0.0,0.0,0.0,0.0,0.0,57.0,57.0,0.0,0.0,0.0,0.0,"Elko, NV: Elko Regional"
EKO,2025,10,49.0,2.0,2.0,0.0,0.0,0.0,0.0,0.0,0.0,160.0,160.0,0.0,0.0,0.0,0.0,"Elko, NV: Elko Regional"
EKO,2025,11,48.0,0.0,0.0,0.0,0.0,0.0,0.0,1.0,0.0,0.0,0.0,0.0,0.0,0.0,0.0,"Elko, NV: Elko Regional"
EKO,2025,12,51.0,4.0,3.99,0.0,0.01,0.0,0.0,0.0,0.0,325.0,324.0,0.0,1.0,0.0,0.0,"Elko, NV: Elko Regional"
EKO,2026,1,49.0,6.0,6.0,0.0,0.0,0.0,0.0,1.0,1.0,352.0,352.0,0.0,0.0,0.0,0.0,"Elko, NV: Elko Regional"
EKO,2026,2,44.0,3.0,1.57,1.0,0.43,0.0,0.0,1.0,0.0,844.0,44.0,787.0,13.0,0.0,0.0,"Elko, NV: Elko Regional"
EKO,2026,3,49.0,3.0,2.0,1.0,0.0,0.0,0.0,0.0,0.0,190.0,173.0,17.0,0.0,0.0,0.0,"Elko, NV: Elko Regional"
EKO,2026,4,47.0,3.0,2.99,0.0,0.01,0.0,0.0,1.0,0.0,1268.0,1262.0,0.0,6.0,0.0,0.0,"Elko, NV: Elko Regional"
EKO,2026,5,49.0,5.0,3.83,1.0,0.17,0.0,0.0,0.0,0.0,1300.0,1260.0,34.0,6.0,0.0,0.0,"Elko, NV: Elko Regional"
EKO,2026,6,47.0,8.0,7.0,1.0,0.0,0.0,0.0,0.0,0.0,1463.0,1357.0,106.0,0.0,0.0,0.0,"Elko, NV: Elko Regional"
EKO,2026,7,51.0,3.0,2.95,0.0,0.05,0.0,0.0,0.0,0.0,84.0,82.0,0.0,2.0,0.0,0.0,"Elko, NV: Elko Regional"
ELM,2025,8,103.0,19.0,17.48,0.0,1.12,0.0,0.4,0.0,0.0,1499.0,1462.0,0.0,27.0,0.0,10.0,"Elmira/Corning, NY: Elmira/Corning Regional"
ELM,2025,9,94.0,8.0,6.57,0.99,0.44,0.0,0.0,0.0,0.0,1022.0,262.0,736.0,24.0,0.0,0.0,"Elmira/Corning, NY: Elmira/Corning Regional"
ELM,2025,10,120.0,13.0,10.85,0.0,2.15,0.0,0.0,0.0,1.0,581.0,502.0,0.0,79.0,0.0,0.0,"Elmira/Corning, NY: Elmira/Corning Regional"
ELM,2025,11,105.0,22.0,14.030000000000001,1.99,5.67,0.0,0.32,5.0,0.0,2453.0,1889.0,216.0,314.0,0.0,34.0,"Elmira/Corning, NY: Elmira/Corning Regional"
ELM,2025,12,111.0,45.0,27.700000000000003,4.26,7.72,0.0,5.32,1.0,0.0,4830.0,3517.0,374.0,519.0,0.0,420.0,"Elmira/Corning, NY: Elmira/Corning Regional"
ELM,2026,1,88.0,21.0,14.59,1.81,4.0,0.0,0.6,7.0,0.0,1789.0,1485.0,96.0,168.0,0.0,40.0,"Elmira/Corning, NY: Elmira/Corning Regional"
ELM,2026,2,96.0,26.0,18.96,0.97,3.6100000000000003,0.0,2.46,0.0,0.0,1956.0,1275.0,372.0,184.0,0.0,125.0,"Elmira/Corning, NY: Elmira/Corning Regional"
ELM,2026,3,96.0,31.0,19.52,4.6,4.58,0.0,2.29,1.0,0.0,5216.0,3372.0,1472.0,282.0,0.0,90.0,"Elmira/Corning, NY: Elmira/Corning Regional"
ELM,2026,4,111.0,19.0,13.67,4.95,0.1,0.0,0.27,0.0,0.0,1377.0,953.0,395.0,15.0,0.0,14.0,"Elmira/Corning, NY: Elmira/Corning Regional"
ELM,2026,5,115.0,14.0,8.72,2.7,0.6000000000000001,0.0,1.98,0.0,0.0,896.0,593.0,146.0,45.0,0.0,112.0,"Elmira/Corning, NY: Elmira/Corning Regional"
ELM,2026,6,119.0,25.0,13.900000000000002,2.54,2.99,0.0,5.57,0.0,0.0,1781.0,789.0,125.0,456.0,0.0,411.0,"Elmira/Corning, NY: Elmira/Corning Regional"
ELM,2026,7,132.0,38.0,24.54,7.49,2.8899999999999997,0.0,3.08,0.0,0.0,3014.0,1670.0,908.0,160.0,0.0,276.0,"Elmira/Corning, NY: Elmira/Corning Regional"
ELP,2025,8,1573.0,360.0,114.7,18.47,48.94,0.0,177.88,18.0,2.0,21876.0,6660.0,2286.0,1740.0,0.0,11190.0,"El Paso, TX: El Paso International"
ELP,2025,9,1501.0,273.0,103.83,4.4,48.4,0.86,115.51,9.0,2.0,14992.0,5016.0,323.0,2107.0,24.0,7522.0,"El Paso, TX: El Paso International"
ELP,2025,10,1673.0,353.0,141.25,6.55,44.06,1.0,160.13,6.0,1.0,18898.0,7780.0,533.0,1649.0,75.0,8861.0,"El Paso, TX: El Paso International"
ELP,2025,11,1607.0,336.0,113.8,7.68,42.99,0.0,171.55,22.0,0.0,20324.0,7161.0,652.0,1972.0,0.0,10539.0,"El Paso, TX: El Paso International"
ELP,2025,12,1645.0,376.0,127.52,6.140000000000001,37.39,0.0,204.95000000000002,5.0,0.0,23244.0,6313.0,522.0,1713.0,0.0,14696.0,"El Paso, TX: El Paso International"
ELP,2026,1,1438.0,274.0,112.57,9.52,39.93,2.69,109.28999999999999,45.0,0.0,16725.0,7475.0,962.0,1771.0,117.0,6400.0,"El Paso, TX: El Paso International"
ELP,2026,2,1315.0,209.0,84.92,7.74,18.75,2.23,95.37,8.0,0.0,13059.0,6377.0,633.0,670.0,81.0,5298.0,"El Paso, TX: El Paso International"
ELP,2026,3,1559.0,378.0,149.26,4.6899999999999995,32.54,1.39,190.1,16.0,3.0,27791.0,10835.0,687.0,1564.0,31.0,14674.0,"El Paso, TX: El Paso International"
ELP,2026,4,1504.0,391.0,134.29,5.83,62.11,1.51,187.25,9.0,1.0,21995.0,7311.0,644.0,3160.0,137.0,10743.0,"El Paso, TX: El Paso International"
ELP,2026,5,1536.0,409.0,139.70000000000002,11.26,56.4,0.0,201.62,11.0,0.0,24702.0,6482.0,2211.0,2016.0,0.0,13993.0,"El Paso, TX: El Paso International"
ELP,2026,6,1570.0,541.0,181.89,15.56,68.2,2.5700000000000003,272.78,14.0,15.0,32354.0,11458.0,1158.0,3311.0,91.0,16336.0,"El Paso, TX: El Paso International"
ELP,2026,7,1628.0,516.0,163.31,12.58,69.42,0.83,269.84000000000003,12.0,13.0,32736.0,9181.0,1278.0,3185.0,18.0,19074.0,"El Paso, TX: El Paso International"
ERI,2025,8,78.0,12.0,2.52,0.02,2.23,0.0,7.24,1.0,0.0,808.0,131.0,5.0,54.0,0.0,618.0,"Erie, PA: Erie International/Tom Ridge Field"
ERI,2025,9,89.0,10.0,4.92,0.56,2.08,0.0,2.44,0.0,0.0,638.0,335.0,85.0,59.0,0.0,159.0,"Erie, PA: Erie International/Tom Ridge Field"
ERI,2025,10,81.0,10.0,3.36,0.88,0.0,0.0,5.76,0.0,1.0,908.0,348.0,15.0,0.0,0.0,545.0,"Erie, PA: Erie International/Tom Ridge Field"
ERI,2025,11,88.0,10.0,3.66,0.0,1.12,0.0,5.220000000000001,0.0,2.0,663.0,239.0,0.0,27.0,0.0,397.0,"Erie, PA: Erie International/Tom Ridge Field"
ERI,2025,12,89.0,17.0,4.89,1.33,1.77,0.0,9.01,1.0,1.0,1982.0,784.0,245.0,43.0,0.0,910.0,"Erie, PA: Erie International/Tom Ridge Field"
ERI,2026,1,93.0,11.0,2.28,1.55,1.89,0.0,5.27,9.0,1.0,681.0,62.0,85.0,65.0,0.0,469.0,"Erie, PA: Erie International/Tom Ridge Field"
ERI,2026,2,84.0,18.0,6.21,2.21,2.81,0.0,6.77,1.0,1.0,1921.0,431.0,372.0,107.0,0.0,1011.0,"Erie, PA: Erie International/Tom Ridge Field"
ERI,2026,3,93.0,13.0,3.15,2.44,3.69,0.0,3.71,3.0,5.0,1410.0,108.0,861.0,113.0,0.0,328.0,"Erie, PA: Erie International/Tom Ridge Field"
ERI,2026,4,90.0,7.0,3.3,1.0,0.84,0.0,1.85,0.0,1.0,448.0,121.0,35.0,38.0,0.0,254.0,"Erie, PA: Erie International/Tom Ridge Field"
ERI,2026,5,93.0,16.0,3.97,1.81,3.58,0.0,6.63,0.0,0.0,1032.0,135.0,123.0,128.0,0.0,646.0,"Erie, PA: Erie International/Tom Ridge Field"
ERI,2026,6,117.0,25.0,6.09,5.6,2.34,1.0,9.97,2.0,1.0,3566.0,1974.0,500.0,122.0,23.0,947.0,"Erie, PA: Erie International/Tom Ridge Field"
ERI,2026,7,123.0,28.0,4.4,3.66,6.91,0.0,13.02,3.0,0.0,4186.0,1019.0,600.0,839.0,0.0,1728.0,"Erie, PA: Erie International/Tom Ridge Field"
ESC,2025,8,52.0,3.0,3.0,0.0,0.0,0.0,0.0,0.0,0.0,202.0,202.0,0.0,0.0,0.0,0.0,"Escanaba, MI: Delta County"
ESC,2025,9,53.0,4.0,2.0,1.58,0.42,0.0,0.0,0.0,0.0,621.0,30.0,564.0,27.0,0.0,0.0,"Escanaba, MI: Delta County"
ESC,2025,10,54.0,6.0,4.6,0.0,1.4,0.0,0.0,0.0,1.0,293.0,254.0,0.0,39.0,0.0,0.0,"Escanaba, MI: Delta County"
ESC,2025,11,51.0,5.0,1.0,2.86,1.14,0.0,0.0,4.0,0.0,331.0,34.0,219.0,78.0,0.0,0.0,"Escanaba, MI: Delta County"
ESC,2025,12,53.0,14.0,8.98,1.86,3.15,0.0,0.0,5.0,1.0,1086.0,508.0,273.0,305.0,0.0,0.0,"Escanaba, MI: Delta County"
ESC,2026,1,53.0,12.0,6.16,3.22,2.62,0.0,0.0,2.0,1.0,3415.0,1313.0,1557.0,545.0,0.0,0.0,"Escanaba, MI: Delta County"
ESC,2026,2,48.0,10.0,5.97,2.46,1.57,0.0,0.0,3.0,2.0,1737.0,376.0,1293.0,68.0,0.0,0.0,"Escanaba, MI: Delta County"
ESC,2026,3,53.0,7.0,6.0,1.0,0.0,0.0,0.0,12.0,0.0,977.0,954.0,23.0,0.0,0.0,0.0,"Escanaba, MI: Delta County"
ESC,2026,4,52.0,2.0,1.97,0.0,0.03,0.0,0.0,11.0,0.0,51.0,50.0,0.0,1.0,0.0,0.0,"Escanaba, MI: Delta County"
ESC,2026,5,54.0,10.0,8.57,1.0,0.43,0.0,0.0,0.0,0.0,1692.0,1658.0,21.0,13.0,0.0,0.0,"Escanaba, MI: Delta County"
ESC,2026,6,51.0,10.0,8.61,0.92,0.46,0.0,0.0,0.0,0.0,1725.0,1579.0,110.0,36.0,0.0,0.0,"Escanaba, MI: Delta County"
ESC,2026,7,55.0,9.0,8.89,0.0,0.11,0.0,0.0,3.0,0.0,1181.0,1178.0,0.0,3.0,0.0,0.0,"Escanaba, MI: Delta County"
EUG,2025,8,845.0,161.0,54.370000000000005,2.65,25.19,1.0,77.78,2.0,0.0,8305.0,2567.0,107.0,785.0,47.0,4799.0,"Eugene, OR: Mahlon Sweet Field"
EUG,2025,9,813.0,111.0,48.35,4.62,16.3,0.0,41.72,2.0,0.0,6028.0,3089.0,106.0,441.0,0.0,2392.0,"Eugene, OR: Mahlon Sweet Field"
EUG,2025,10,863.0,114.0,35.59,3.96,19.84,0.0,54.61,4.0,0.0,7203.0,2354.0,218.0,1730.0,0.0,2901.0,"Eugene, OR: Mahlon Sweet Field"
EUG,2025,11,835.0,111.0,35.3,5.17,19.78,0.93,49.81,14.0,1.0,5352.0,1754.0,230.0,712.0,55.0,2601.0,"Eugene, OR: Mahlon Sweet Field"
EUG,2025,12,844.0,167.0,54.25,3.33,28.23,0.0,81.2,6.0,2.0,10385.0,3286.0,89.0,1180.0,0.0,5830.0,"Eugene, OR: Mahlon Sweet Field"
EUG,2026,1,750.0,112.0,35.81,7.62,14.87,0.95,52.76,8.0,1.0,6846.0,2103.0,765.0,548.0,88.0,3342.0,"Eugene, OR: Mahlon Sweet Field"
EUG,2026,2,699.0,92.0,33.269999999999996,5.94,14.09,0.0,38.7,1.0,0.0,5126.0,2270.0,223.0,470.0,0.0,2163.0,"Eugene, OR: Mahlon Sweet Field"
EUG,2026,3,868.0,147.0,65.85000000000001,8.63,24.68,0.0,47.83,9.0,0.0,9501.0,4870.0,860.0,1047.0,0.0,2724.0,"Eugene, OR: Mahlon Sweet Field"
EUG,2026,4,886.0,132.0,48.019999999999996,4.19,22.86,0.0,56.93,3.0,1.0,6513.0,2570.0,131.0,863.0,0.0,2949.0,"Eugene, OR: Mahlon Sweet Field"
EUG,2026,5,949.0,176.0,61.699999999999996,2.83,23.03,2.0,86.44,2.0,0.0,8684.0,3127.0,60.0,930.0,53.0,4514.0,"Eugene, OR: Mahlon Sweet Field"
EUG,2026,6,988.0,254.0,81.36,2.0,49.27,0.6,120.75,0.0,0.0,14571.0,4631.0,140.0,1925.0,30.0,7845.0,"Eugene, OR: Mahlon Sweet Field"
EUG,2026,7,1039.0,230.0,70.05,9.07,45.23,0.0,105.65,4.0,0.0,12872.0,4150.0,564.0,1804.0,0.0,6354.0,"Eugene, OR: Mahlon Sweet Field"
EVV,2025,8,358.0,71.0,15.899999999999999,5.85,16.46,0.0,32.79,6.0,0.0,3940.0,642.0,543.0,699.0,0.0,2056.0,"Evansville, IN: Evansville Regional"
EVV,2025,9,332.0,36.0,13.27,0.27,6.390000000000001,0.0,16.060000000000002,1.0,1.0,2263.0,695.0,7.0,277.0,0.0,1284.0,"Evansville, IN: Evansville Regional"
EVV,2025,10,354.0,57.0,20.04,1.36,7.840000000000001,0.0,27.77,0.0,1.0,3101.0,996.0,140.0,287.0,0.0,1678.0,"Evansville, IN: Evansville Regional"
EVV,2025,11,311.0,35.0,9.06,3.7199999999999998,6.99,0.0,15.219999999999999,12.0,0.0,1794.0,380.0,230.0,304.0,0.0,880.0,"Evansville, IN: Evansville Regional"
EVV,2025,12,326.0,74.0,21.55,7.0600000000000005,16.18,0.0,29.21,3.0,1.0,7017.0,1491.0,1331.0,1342.0,0.0,2853.0,"Evansville, IN: Evansville Regional"
EVV,2026,1,280.0,49.0,15.36,4.76,12.7,0.0,16.18,19.0,0.0,3164.0,894.0,593.0,593.0,0.0,1084.0,"Evansville, IN: Evansville Regional"
EVV,2026,2,275.0,53.0,17.369999999999997,2.67,14.440000000000001,0.0,18.51,4.0,0.0,2676.0,896.0,135.0,579.0,0.0,1066.0,"Evansville, IN: Evansville Regional"
EVV,2026,3,327.0,75.0,26.64,3.4000000000000004,13.68,0.0,31.28,14.0,2.0,6600.0,2522.0,296.0,619.0,0.0,3163.0,"Evansville, IN: Evansville Regional"
EVV,2026,4,327.0,70.0,18.86,7.5,11.48,0.0,32.16,7.0,2.0,5879.0,1371.0,516.0,575.0,0.0,3417.0,"Evansville, IN: Evansville Regional"
EVV,2026,5,374.0,88.0,24.89,7.85,12.69,0.0,42.57,4.0,1.0,6204.0,1475.0,560.0,779.0,0.0,3390.0,"Evansville, IN: Evansville Regional"
EVV,2026,6,386.0,78.0,27.28,7.109999999999999,13.39,0.0,30.22,12.0,1.0,7270.0,2994.0,723.0,858.0,0.0,2695.0,"Evansville, IN: Evansville Regional"
EVV,2026,7,395.0,102.0,32.3,6.26,12.01,1.0,50.43,9.0,2.0,7822.0,2241.0,524.0,503.0,26.0,4528.0,"Evansville, IN: Evansville Regional"
EWN,2025,8,157.0,35.0,8.5,2.96,3.45,0.0,20.1,1.0,1.0,1746.0,326.0,256.0,191.0,0.0,973.0,"New Bern/Morehead/Beaufort, NC: Coastal Carolina Regional"
EWN,2025,9,157.0,21.0,7.66,1.85,3.53,0.0,7.949999999999999,0.0,0.0,1342.0,263.0,179.0,124.0,0.0,776.0,"New Bern/Morehead/Beaufort, NC: Coastal Carolina Regional"
EWN,2025,10,166.0,25.0,13.1,0.44,1.98,0.0,9.47,0.0,2.0,1611.0,674.0,53.0,84.0,0.0,800.0,"New Bern/Morehead/Beaufort, NC: Coastal Carolina Regional"
EWN,2025,11,162.0,10.0,2.0,0.0,2.15,0.0,5.85,6.0,1.0,1732.0,70.0,0.0,80.0,0.0,1582.0,"New Bern/Morehead/Beaufort, NC: Coastal Carolina Regional"
EWN,2025,12,155.0,27.0,9.2,2.9,2.16,0.0,12.74,3.0,4.0,2908.0,929.0,169.0,44.0,0.0,1766.0,"New Bern/Morehead/Beaufort, NC: Coastal Carolina Regional"
EWN,2026,1,155.0,16.0,5.0,0.46,0.23,0.0,10.32,14.0,1.0,1281.0,368.0,32.0,16.0,0.0,865.0,"New Bern/Morehead/Beaufort, NC: Coastal Carolina Regional"
EWN,2026,2,135.0,20.0,5.41,1.1,2.98,0.0,10.52,10.0,1.0,1862.0,354.0,68.0,71.0,0.0,1369.0,"New Bern/Morehead/Beaufort, NC: Coastal Carolina Regional"
EWN,2026,3,149.0,20.0,6.23,0.8699999999999999,3.4699999999999998,1.0,8.41,4.0,0.0,1351.0,260.0,58.0,232.0,47.0,754.0,"New Bern/Morehead/Beaufort, NC: Coastal Carolina Regional"
EWN,2026,4,144.0,14.0,3.51,0.0,3.8899999999999997,0.0,6.61,0.0,0.0,636.0,139.0,0.0,87.0,0.0,410.0,"New Bern/Morehead/Beaufort, NC: Coastal Carolina Regional"
EWN,2026,5,163.0,30.0,6.99,3.1,6.09,0.0,13.82,1.0,2.0,1634.0,348.0,129.0,185.0,0.0,972.0,"New Bern/Morehead/Beaufort, NC: Coastal Carolina Regional"
EWN,2026,6,180.0,34.0,8.06,3.1,8.0,0.0,14.84,6.0,1.0,1813.0,451.0,169.0,337.0,0.0,856.0,"New Bern/Morehead/Beaufort, NC: Coastal Carolina Regional"
EWN,2026,7,182.0,57.0,14.15,1.6,12.03,0.0,29.22,2.0,1.0,5616.0,885.0,583.0,563.0,0.0,3585.0,"New Bern/Morehead/Beaufort, NC: Coastal Carolina Regional"
EWR,2025,8,11543.0,3327.0,603.71,116.82000000000001,1885.86,0.22,720.39,168.0,31.0,295932.0,54614.0,13160.0,149518.0,15.0,78625.0,"Newark, NJ: Newark Liberty International"
EWR,2025,9,11043.0,2058.0,429.49,63.519999999999996,1117.19,2.64,445.19,129.0,61.0,178071.0,30580.0,8277.0,94616.0,77.0,44521.0,"Newark, NJ: Newark Liberty International"
EWR,2025,10,11648.0,3247.0,445.87,25.72,2059.46,0.0,715.97,129.0,18.0,241682.0,35640.0,2475.0,139738.0,0.0,63829.0,"Newark, NJ: Newark Liberty International"
EWR,2025,11,11523.0,2912.0,511.48,29.740000000000002,1621.22,1.01,748.56,577.0,23.0,288712.0,45703.0,2916.0,149433.0,40.0,90620.0,"Newark, NJ: Newark Liberty International"
EWR,2025,12,11683.0,3392.0,780.26,78.4,1509.6799999999998,0.88,1022.75,320.0,15.0,267791.0,56283.0,9647.0,95072.0,16.0,106773.0,"Newark, NJ: Newark Liberty International"
EWR,2026,1,11159.0,2007.0,591.8299999999999,39.39,708.6600000000001,3.27,663.84,725.0,5.0,149439.0,46630.0,3950.0,36352.0,242.0,62265.0,"Newark, NJ: Newark Liberty International"
EWR,2026,2,10335.0,1876.0,518.11,38.769999999999996,770.16,2.96,546.0,845.0,30.0,130810.0,37309.0,3669.0,40440.0,86.0,49306.0,"Newark, NJ: Newark Liberty International"
EWR,2026,3,12042.0,3013.0,849.75,50.42,1195.25,10.030000000000001,907.54,286.0,59.0,231030.0,65715.0,8005.0,67161.0,387.0,89762.0,"Newark, NJ: Newark Liberty International"
EWR,2026,4,11524.0,1723.0,544.14,34.980000000000004,570.01,1.24,572.65,73.0,21.0,113133.0,34671.0,4296.0,24623.0,39.0,49504.0,"Newark, NJ: Newark Liberty International"
EWR,2026,5,11118.0,1390.0,447.27,46.12,444.78,3.27,448.56,109.0,28.0,112685.0,33647.0,3794.0,31142.0,170.0,43932.0,"Newark, NJ: Newark Liberty International"
EWR,2026,6,10862.0,2273.0,496.92,65.02,1050.17,3.1100000000000003,657.79,187.0,68.0,217405.0,42325.0,9687.0,98952.0,187.0,66254.0,"Newark, NJ: Newark Liberty International"
EWR,2026,7,11002.0,2940.0,674.77,85.12,1400.5,0.45,779.1700000000001,920.0,244.0,327755.0,76409.0,19981.0,130839.0,29.0,100497.0,"Newark, NJ: Newark Liberty International"
EYW,2025,8,480.0,92.0,31.67,2.77,24.6,0.0,32.96,1.0,2.0,5741.0,2277.0,177.0,858.0,0.0,2429.0,"Key West, FL: Key West International"
EYW,2025,9,439.0,38.0,12.05,1.53,14.29,0.0,10.14,1.0,6.0,2418.0,1049.0,73.0,553.0,0.0,743.0,"Key West, FL: Key West International"
EYW,2025,10,559.0,75.0,20.1,5.04,29.869999999999997,0.0,19.98,1.0,4.0,4931.0,996.0,1529.0,1050.0,0.0,1356.0,"Key West, FL: Key West International"
EYW,2025,11,738.0,150.0,41.95,6.27,60.75,0.0,41.01,23.0,6.0,10841.0,2216.0,2102.0,3226.0,0.0,3297.0,"Key West, FL: Key West International"
EYW,2025,12,885.0,245.0,77.37,3.4200000000000004,95.52,0.0,68.7,9.0,5.0,15316.0,5072.0,324.0,4770.0,0.0,5150.0,"Key West, FL: Key West International"
EYW,2026,1,923.0,188.0,57.63,10.78,80.08,0.91,38.62,43.0,13.0,12236.0,3580.0,2609.0,3625.0,40.0,2382.0,"Key West, FL: Key West International"
EYW,2026,2,819.0,177.0,45.63,3.41,86.61999999999999,0.0,41.32,21.0,8.0,9235.0,2786.0,290.0,3145.0,0.0,3014.0,"Key West, FL: Key West International"
EYW,2026,3,907.0,185.0,50.44,8.39,82.94,0.48,42.76,28.0,5.0,13490.0,4488.0,1139.0,4019.0,11.0,3833.0,"Key West, FL: Key West International"
EYW,2026,4,847.0,118.0,33.660000000000004,3.04,47.93,0.0,33.38,0.0,2.0,7690.0,1844.0,207.0,2172.0,0.0,3467.0,"Key West, FL: Key West International"
EYW,2026,5,715.0,96.0,28.87,6.84,29.19,0.0,31.09,6.0,0.0,6982.0,2445.0,682.0,1282.0,0.0,2573.0,"Key West, FL: Key West International"
EYW,2026,6,578.0,97.0,35.68,2.71,21.830000000000002,1.22,35.57,6.0,8.0,6472.0,2204.0,397.0,1053.0,143.0,2675.0,"Key West, FL: Key West International"
EYW,2026,7,599.0,147.0,48.1,11.81,39.58,0.0,47.53,6.0,4.0,10787.0,3204.0,874.0,2504.0,0.0,4205.0,"Key West, FL: Key West International"
FAI,2025,8,621.0,133.0,46.94,2.0,31.81,0.0,52.260000000000005,5.0,0.0,6358.0,2759.0,80.0,928.0,0.0,2591.0,"Fairbanks, AK: Fairbanks International"
FAI,2025,9,529.0,55.0,26.909999999999997,0.0,9.649999999999999,0.0,18.46,0.0,0.0,2787.0,1433.0,0.0,267.0,0.0,1087.0,"Fairbanks, AK: Fairbanks International"
FAI,2025,10,377.0,58.0,15.6,0.0,20.72,0.0,21.69,7.0,0.0,3864.0,1614.0,0.0,524.0,0.0,1726.0,"Fairbanks, AK: Fairbanks International"
FAI,2025,11,363.0,44.0,11.899999999999999,0.82,17.73,0.0,13.55,10.0,0.0,1750.0,632.0,29.0,574.0,0.0,515.0,"Fairbanks, AK: Fairbanks International"
FAI,2025,12,403.0,125.0,34.25,5.279999999999999,36.91,0.0,48.56,29.0,0.0,6468.0,2469.0,326.0,1240.0,0.0,2433.0,"Fairbanks, AK: Fairbanks International"
FAI,2026,1,392.0,81.0,25.150000000000002,7.7,21.650000000000002,0.0,26.5,25.0,2.0,4890.0,1254.0,686.0,1044.0,0.0,1906.0,"Fairbanks, AK: Fairbanks International"
FAI,2026,2,338.0,45.0,18.5,0.19,13.41,0.0,12.9,2.0,0.0,2602.0,1585.0,14.0,463.0,0.0,540.0,"Fairbanks, AK: Fairbanks International"
FAI,2026,3,374.0,79.0,37.54,6.87,12.76,0.0,21.82,6.0,1.0,5870.0,3394.0,867.0,443.0,0.0,1166.0,"Fairbanks, AK: Fairbanks International"
FAI,2026,4,358.0,30.0,14.55,0.0,7.71,0.0,7.75,1.0,1.0,1084.0,584.0,0.0,207.0,0.0,293.0,"Fairbanks, AK: Fairbanks International"
FAI,2026,5,426.0,69.0,26.689999999999998,1.0,16.04,1.0,24.27,0.0,1.0,2825.0,1083.0,21.0,565.0,25.0,1131.0,"Fairbanks, AK: Fairbanks International"
FAI,2026,6,493.0,82.0,35.11,1.49,16.04,0.84,28.520000000000003,3.0,0.0,4343.0,2025.0,55.0,552.0,16.0,1695.0,"Fairbanks, AK: Fairbanks International"
FAI,2026,7,540.0,117.0,56.47,2.98,18.37,0.0,39.18,3.0,4.0,5845.0,2873.0,549.0,665.0,0.0,1758.0,"Fairbanks, AK: Fairbanks International"
FAR,2025,8,647.0,153.0,62.99999999999999,23.43,26.0,0.0,40.57,6.0,5.0,9704.0,3153.0,1577.0,1542.0,0.0,3432.0,"Fargo, ND: Hector International"
FAR,2025,9,622.0,90.0,42.370000000000005,4.99,19.22,0.0,23.41,2.0,3.0,4792.0,2129.0,293.0,1146.0,0.0,1224.0,"Fargo, ND: Hector International"
FAR,2025,10,664.0,108.0,46.78,3.01,17.97,0.0,40.230000000000004,0.0,1.0,6431.0,3207.0,78.0,702.0,0.0,2444.0,"Fargo, ND: Hector International"
FAR,2025,11,585.0,113.0,49.79,3.38,27.19,0.0,32.64,25.0,1.0,7992.0,3424.0,254.0,1489.0,0.0,2825.0,"Fargo, ND: Hector International"
FAR,2025,12,638.0,213.0,68.26,9.379999999999999,65.3,0.58,69.5,16.0,3.0,16331.0,4729.0,763.0,4293.0,35.0,6511.0,"Fargo, ND: Hector International"
FAR,2026,1,651.0,187.0,72.82,17.88,57.95,0.0,38.34,17.0,1.0,17035.0,7607.0,4064.0,2488.0,0.0,2876.0,"Fargo, ND: Hector International"
FAR,2026,2,620.0,146.0,66.22,12.959999999999999,37.300000000000004,0.0,29.52,2.0,2.0,12255.0,5425.0,2061.0,1618.0,0.0,3151.0,"Fargo, ND: Hector International"
FAR,2026,3,715.0,190.0,80.09,9.46,48.5,0.0,51.959999999999994,21.0,2.0,15512.0,6089.0,959.0,2733.0,0.0,5731.0,"Fargo, ND: Hector International"
FAR,2026,4,728.0,140.0,58.089999999999996,7.7,25.349999999999998,0.21,48.660000000000004,27.0,2.0,11523.0,4885.0,654.0,1351.0,9.0,4624.0,"Fargo, ND: Hector International"
FAR,2026,5,683.0,148.0,61.43,6.3500000000000005,31.56,0.0,48.66,5.0,0.0,9721.0,3943.0,441.0,1468.0,0.0,3869.0,"Fargo, ND: Hector International"
FAR,2026,6,686.0,155.0,64.81,7.68,33.989999999999995,0.0,48.53,19.0,1.0,10700.0,4580.0,450.0,1478.0,0.0,4192.0,"Fargo, ND: Hector International"
FAR,2026,7,718.0,169.0,74.75,19.75,28.32,0.64,45.550000000000004,11.0,0.0,11487.0,4810.0,1704.0,1359.0,21.0,3593.0,"Fargo, ND: Hector International"
FAT,2025,8,1216.0,253.0,99.82000000000001,9.39,35.7,0.0,108.08999999999999,8.0,0.0,16251.0,5292.0,1730.0,1509.0,0.0,7720.0,"Fresno, CA: Fresno Yosemite International"
FAT,2025,9,1128.0,179.0,71.53999999999999,8.34,37.08,0.0,62.05,7.0,0.0,10724.0,3961.0,437.0,2006.0,0.0,4320.0,"Fresno, CA: Fresno Yosemite International"
FAT,2025,10,1253.0,225.0,76.94,11.41,45.81,0.0,90.84,7.0,1.0,13996.0,4654.0,822.0,2132.0,0.0,6388.0,"Fresno, CA: Fresno Yosemite International"
FAT,2025,11,1167.0,184.0,63.33,16.77,27.04,0.0,76.85,27.0,2.0,13425.0,4508.0,1660.0,1751.0,0.0,5506.0,"Fresno, CA: Fresno Yosemite International"
FAT,2025,12,1138.0,251.0,89.53,14.82,42.89,0.18,103.59,9.0,0.0,15761.0,5591.0,1607.0,2359.0,8.0,6196.0,"Fresno, CA: Fresno Yosemite International"
FAT,2026,1,1046.0,174.0,61.64,23.97,25.09,0.21,63.08,40.0,4.0,12944.0,3613.0,3687.0,1079.0,4.0,4561.0,"Fresno, CA: Fresno Yosemite International"
FAT,2026,2,913.0,167.0,67.81,10.68,35.92,0.0,52.58,3.0,0.0,12851.0,7032.0,1051.0,1634.0,0.0,3134.0,"Fresno, CA: Fresno Yosemite International"
FAT,2026,3,1034.0,171.0,66.62,4.62,10.39,0.0,89.38,7.0,1.0,11100.0,5211.0,321.0,474.0,0.0,5094.0,"Fresno, CA: Fresno Yosemite International"
FAT,2026,4,1040.0,203.0,73.28,4.05,35.42,0.0,90.27,7.0,0.0,13034.0,5634.0,105.0,1489.0,0.0,5806.0,"Fresno, CA: Fresno Yosemite International"
FAT,2026,5,1163.0,240.0,89.97,4.98,41.29,0.0,103.77,8.0,2.0,15817.0,5739.0,553.0,2547.0,0.0,6978.0,"Fresno, CA: Fresno Yosemite International"
FAT,2026,6,1169.0,344.0,113.57,9.66,52.02,0.0,168.76,9.0,0.0,22635.0,6658.0,789.0,2629.0,0.0,12559.0,"Fresno, CA: Fresno Yosemite International"
FAT,2026,7,1212.0,357.0,90.14,13.31,62.68,0.0,190.85,10.0,0.0,22823.0,5095.0,1787.0,2636.0,0.0,13305.0,"Fresno, CA: Fresno Yosemite International"
FAY,2025,8,312.0,55.0,21.3,1.87,10.469999999999999,0.0,21.35,0.0,0.0,3151.0,1135.0,191.0,279.0,0.0,1546.0,"Fayetteville, NC: Fayetteville Regional/Grannis Field"
FAY,2025,9,291.0,28.0,12.73,0.11,4.9399999999999995,0.0,10.219999999999999,0.0,0.0,1625.0,477.0,15.0,201.0,0.0,932.0,"Fayetteville, NC: Fayetteville Regional/Grannis Field"
FAY,2025,10,321.0,33.0,12.22,0.01,6.1899999999999995,0.0,14.58,0.0,1.0,1694.0,632.0,1.0,188.0,0.0,873.0,"Fayetteville, NC: Fayetteville Regional/Grannis Field"
FAY,2025,11,276.0,26.0,10.45,2.16,2.93,0.0,10.459999999999999,16.0,0.0,1584.0,477.0,140.0,129.0,0.0,838.0,"Fayetteville, NC: Fayetteville Regional/Grannis Field"
FAY,2025,12,278.0,53.0,15.030000000000001,7.26,6.85,0.0,23.86,4.0,4.0,5449.0,965.0,1627.0,337.0,0.0,2520.0,"Fayetteville, NC: Fayetteville Regional/Grannis Field"
FAY,2026,1,280.0,48.0,19.740000000000002,6.14,5.539999999999999,0.0,16.59,28.0,0.0,3455.0,1533.0,504.0,213.0,0.0,1205.0,"Fayetteville, NC: Fayetteville Regional/Grannis Field"
FAY,2026,2,245.0,27.0,8.81,2.3,2.24,0.0,13.64,15.0,0.0,1375.0,383.0,87.0,60.0,0.0,845.0,"Fayetteville, NC: Fayetteville Regional/Grannis Field"
FAY,2026,3,291.0,76.0,27.89,6.34,12.81,0.0,28.96,5.0,0.0,6466.0,1639.0,1345.0,540.0,0.0,2942.0,"Fayetteville, NC: Fayetteville Regional/Grannis Field"
FAY,2026,4,316.0,51.0,20.25,1.0,13.73,0.0,16.01,0.0,0.0,2680.0,950.0,22.0,444.0,0.0,1264.0,"Fayetteville, NC: Fayetteville Regional/Grannis Field"
FAY,2026,5,316.0,71.0,21.61,5.8,9.75,0.0,33.85,3.0,0.0,5161.0,1361.0,375.0,374.0,0.0,3051.0,"Fayetteville, NC: Fayetteville Regional/Grannis Field"
FAY,2026,6,283.0,60.0,19.700000000000003,5.5600000000000005,9.57,0.0,25.18,6.0,2.0,4355.0,1160.0,545.0,366.0,0.0,2284.0,"Fayetteville, NC: Fayetteville Regional/Grannis Field"
FAY,2026,7,289.0,91.0,22.08,11.04,17.33,0.0,40.54,3.0,0.0,7323.0,1793.0,1450.0,1006.0,0.0,3074.0,"Fayetteville, NC: Fayetteville Regional/Grannis Field"
FCA,2025,8,738.0,140.0,51.69,3.96,37.9,0.62,45.83,6.0,0.0,8884.0,4595.0,182.0,1321.0,47.0,2739.0,"Kalispell, MT: Glacier Park International"
FCA,2025,9,625.0,75.0,28.96,2.51,17.24,0.0,26.29,0.0,1.0,3475.0,1391.0,96.0,523.0,0.0,1465.0,"Kalispell, MT: Glacier Park International"
FCA,2025,10,458.0,56.0,22.18,2.0,17.4,0.0,14.41,2.0,0.0,2347.0,1111.0,51.0,532.0,0.0,653.0,"Kalispell, MT: Glacier Park International"
FCA,2025,11,287.0,37.0,13.68,6.18,6.95,0.0,10.2,7.0,0.0,3212.0,701.0,1721.0,180.0,0.0,610.0,"Kalispell, MT: Glacier Park International"
FCA,2025,12,363.0,99.0,38.94,2.0,31.169999999999998,0.0,26.89,3.0,2.0,5115.0,1690.0,387.0,1179.0,0.0,1859.0,"Kalispell, MT: Glacier Park International"
FCA,2026,1,371.0,58.0,23.35,5.8100000000000005,17.72,0.0,11.11,15.0,7.0,3898.0,996.0,1465.0,612.0,0.0,825.0,"Kalispell, MT: Glacier Park International"
FCA,2026,2,331.0,47.0,27.54,1.82,8.98,0.0,8.67,0.0,0.0,2324.0,1425.0,44.0,296.0,0.0,559.0,"Kalispell, MT: Glacier Park International"
FCA,2026,3,378.0,68.0,34.84,2.56,16.65,0.0,13.97,7.0,1.0,3931.0,1808.0,106.0,946.0,0.0,1071.0,"Kalispell, MT: Glacier Park International"
FCA,2026,4,319.0,23.0,13.23,3.0,3.77,0.0,3.0,0.0,3.0,1177.0,792.0,65.0,206.0,0.0,114.0,"Kalispell, MT: Glacier Park International"
FCA,2026,5,444.0,62.0,23.54,0.0,19.38,0.0,19.06,2.0,1.0,3475.0,1323.0,0.0,939.0,0.0,1213.0,"Kalispell, MT: Glacier Park International"
FCA,2026,6,698.0,137.0,45.84,4.3,42.41,0.0,44.45,0.0,0.0,7028.0,2309.0,208.0,1464.0,0.0,3047.0,"Kalispell, MT: Glacier Park International"
FCA,2026,7,472.0,102.0,34.44,2.9699999999999998,36.6,0.0,27.979999999999997,5.0,2.0,5573.0,1744.0,987.0,1320.0,0.0,1522.0,"Kalispell, MT: Glacier Park International"
FLG,2025,8,106.0,28.0,17.18,2.91,1.91,0.0,6.01,0.0,0.0,1816.0,1036.0,316.0,102.0,0.0,362.0,"Flagstaff, AZ: Flagstaff Pulliam"
FLG,2025,9,139.0,28.0,13.62,1.0,3.38,0.0,10.0,3.0,0.0,3485.0,861.0,583.0,407.0,0.0,1634.0,"Flagstaff, AZ: Flagstaff Pulliam"
FLG,2025,10,168.0,34.0,22.98,3.8,2.0,0.0,5.22,0.0,0.0,2394.0,1544.0,495.0,120.0,0.0,235.0,"Flagstaff, AZ: Flagstaff Pulliam"
FLG,2025,11,159.0,31.0,15.23,1.85,8.12,0.0,5.8,11.0,1.0,2614.0,1222.0,194.0,353.0,0.0,845.0,"Flagstaff, AZ: Flagstaff Pulliam"
FLG,2025,12,152.0,25.0,14.51,0.19,2.02,0.0,8.28,0.0,0.0,2772.0,2346.0,3.0,60.0,0.0,363.0,"Flagstaff, AZ: Flagstaff Pulliam"
FLG,2026,1,115.0,25.0,14.54,2.37,1.93,0.0,6.15,4.0,2.0,3431.0,2392.0,554.0,143.0,0.0,342.0,"Flagstaff, AZ: Flagstaff Pulliam"
FLG,2026,2,105.0,27.0,19.62,1.73,2.73,0.0,2.92,6.0,2.0,1607.0,1053.0,151.0,165.0,0.0,238.0,"Flagstaff, AZ: Flagstaff Pulliam"
FLG,2026,3,124.0,32.0,13.42,1.33,3.45,0.0,13.8,0.0,0.0,4442.0,2559.0,430.0,128.0,0.0,1325.0,"Flagstaff, AZ: Flagstaff Pulliam"
FLG,2026,4,164.0,27.0,10.88,1.0,2.78,0.0,12.34,0.0,0.0,2117.0,993.0,52.0,79.0,0.0,993.0,"Flagstaff, AZ: Flagstaff Pulliam"
FLG,2026,5,161.0,35.0,21.37,2.59,2.04,0.0,9.01,4.0,0.0,2558.0,1848.0,86.0,82.0,0.0,542.0,"Flagstaff, AZ: Flagstaff Pulliam"
FLG,2026,6,120.0,27.0,8.28,3.09,5.59,0.0,10.04,10.0,0.0,2133.0,466.0,291.0,850.0,0.0,526.0,"Flagstaff, AZ: Flagstaff Pulliam"
FLG,2026,7,123.0,46.0,16.41,1.26,8.6,0.0,19.73,10.0,1.0,7655.0,2279.0,247.0,838.0,0.0,4291.0,"Flagstaff, AZ: Flagstaff Pulliam"
FLL,2025,8,6561.0,1568.0,493.56,38.25,492.47,2.98,540.74,39.0,47.0,109822.0,32217.0,4231.0,24813.0,210.0,48351.0,"Fort Lauderdale, FL: Fort Lauderdale-Hollywood International"
FLL,2025,9,5672.0,976.0,293.51,13.57,355.37,1.48,312.06,31.0,42.0,63991.0,18555.0,2383.0,16182.0,34.0,26837.0,"Fort Lauderdale, FL: Fort Lauderdale-Hollywood International"
FLL,2025,10,6587.0,1402.0,443.85,12.39,463.55,10.14,472.1,29.0,5.0,88895.0,31293.0,1262.0,21917.0,251.0,34172.0,"Fort Lauderdale, FL: Fort Lauderdale-Hollywood International"
FLL,2025,11,7617.0,1705.0,494.33000000000004,20.3,611.15,4.36,574.85,196.0,11.0,125874.0,34217.0,3627.0,37034.0,239.0,50757.0,"Fort Lauderdale, FL: Fort Lauderdale-Hollywood International"
FLL,2025,12,8918.0,3086.0,902.15,51.29,1089.92,15.100000000000001,1027.55,193.0,5.0,224174.0,62661.0,6195.0,65806.0,959.0,88553.0,"Fort Lauderdale, FL: Fort Lauderdale-Hollywood International"
FLL,2026,1,8599.0,2360.0,622.4300000000001,79.38,880.03,9.860000000000001,768.27,422.0,5.0,157961.0,49994.0,8101.0,39698.0,308.0,59860.0,"Fort Lauderdale, FL: Fort Lauderdale-Hollywood International"
FLL,2026,2,8256.0,2114.0,605.39,36.47,721.27,2.4699999999999998,748.44,343.0,11.0,138263.0,41503.0,3627.0,32707.0,155.0,60271.0,"Fort Lauderdale, FL: Fort Lauderdale-Hollywood International"
FLL,2026,3,9915.0,3609.0,843.39,39.5,1535.88,21.18,1169.05,475.0,45.0,274346.0,70016.0,4965.0,97457.0,812.0,101096.0,"Fort Lauderdale, FL: Fort Lauderdale-Hollywood International"
FLL,2026,4,8615.0,2311.0,498.36,23.1,948.4300000000001,4.45,836.67,93.0,14.0,147344.0,31962.0,3726.0,46076.0,152.0,65428.0,"Fort Lauderdale, FL: Fort Lauderdale-Hollywood International"
FLL,2026,5,6428.0,1599.0,487.4,29.25,479.23,5.93,597.23,30.0,13.0,99377.0,29028.0,4099.0,20720.0,179.0,45351.0,"Fort Lauderdale, FL: Fort Lauderdale-Hollywood International"
FLL,2026,6,6081.0,1504.0,489.02,40.45,330.29,2.06,642.2,71.0,15.0,110139.0,37500.0,5829.0,15423.0,173.0,51214.0,"Fort Lauderdale, FL: Fort Lauderdale-Hollywood International"
FLL,2026,7,7154.0,2362.0,765.04,55.7,576.12,12.34,952.78,281.0,31.0,181027.0,58686.0,6619.0,31836.0,554.0,83332.0,"Fort Lauderdale, FL: Fort Lauderdale-Hollywood International"
FLO,2025,8,91.0,6.0,1.04,0.0,0.01,0.0,4.95,1.0,0.0,970.0,60.0,0.0,7.0,0.0,903.0,"Florence, SC: Florence Regional"
FLO,2025,9,78.0,10.0,2.37,1.82,0.29,0.0,5.52,0.0,0.0,1226.0,189.0,94.0,17.0,0.0,926.0,"Florence, SC: Florence Regional"
FLO,2025,10,79.0,9.0,2.81,0.0,2.29,0.0,3.9,0.0,0.0,489.0,169.0,0.0,65.0,0.0,255.0,"Florence, SC: Florence Regional"
FLO,2025,11,80.0,4.0,2.0,0.0,0.0,0.0,2.0,3.0,0.0,182.0,125.0,0.0,0.0,0.0,57.0,"Florence, SC: Florence Regional"
FLO,2025,12,86.0,7.0,1.17,1.21,0.17,0.0,4.45,2.0,0.0,403.0,44.0,48.0,4.0,0.0,307.0,"Florence, SC: Florence Regional"
FLO,2026,1,67.0,6.0,1.0,0.03,0.01,0.0,4.96,7.0,0.0,502.0,50.0,3.0,1.0,0.0,448.0,"Florence, SC: Florence Regional"
FLO,2026,2,56.0,6.0,1.95,1.0,0.0,0.0,3.05,2.0,0.0,303.0,95.0,75.0,0.0,0.0,133.0,"Florence, SC: Florence Regional"
FLO,2026,3,62.0,14.0,3.84,0.97,2.89,0.0,6.3,0.0,0.0,1338.0,238.0,281.0,98.0,0.0,721.0,"Florence, SC: Florence Regional"
FLO,2026,4,60.0,7.0,2.34,0.0,0.99,0.0,3.67,0.0,0.0,390.0,124.0,0.0,45.0,0.0,221.0,"Florence, SC: Florence Regional"
FLO,2026,5,62.0,14.0,0.68,0.59,1.61,0.0,11.11,0.0,0.0,1023.0,77.0,67.0,99.0,0.0,780.0,"Florence, SC: Florence Regional"
FLO,2026,6,60.0,11.0,2.13,1.02,0.15,0.0,7.71,0.0,0.0,593.0,115.0,72.0,6.0,0.0,400.0,"Florence, SC: Florence Regional"
FLO,2026,7,61.0,15.0,1.1,0.23,6.82,0.0,6.84,2.0,1.0,651.0,66.0,9.0,178.0,0.0,398.0,"Florence, SC: Florence Regional"
FMN,2025,8,31.0,10.0,1.0,0.0,3.01,0.0,5.99,0.0,0.0,2134.0,656.0,0.0,118.0,0.0,1360.0,"Farmington, NM: Four Corners Regional"
FMN,2025,9,30.0,4.0,2.23,0.0,0.77,0.0,1.0,0.0,0.0,123.0,38.0,0.0,23.0,0.0,62.0,"Farmington, NM: Four Corners Regional"
FMN,2025,10,31.0,2.0,2.0,0.0,0.0,0.0,0.0,0.0,0.0,98.0,98.0,0.0,0.0,0.0,0.0,"Farmington, NM: Four Corners Regional"
FMN,2025,11,30.0,1.0,1.0,0.0,0.0,0.0,0.0,0.0,1.0,55.0,55.0,0.0,0.0,0.0,0.0,"Farmington, NM: Four Corners Regional"
FMN,2025,12,31.0,7.0,3.06,1.0,1.94,0.0,1.0,0.0,0.0,346.0,86.0,56.0,57.0,0.0,147.0,"Farmington, NM: Four Corners Regional"
FMN,2026,1,31.0,4.0,2.47,0.0,1.53,0.0,0.0,0.0,0.0,169.0,102.0,0.0,67.0,0.0,0.0,"Farmington, NM: Four Corners Regional"
FMN,2026,2,28.0,3.0,0.95,0.0,1.53,0.0,0.51,0.0,0.0,794.0,669.0,0.0,104.0,0.0,21.0,"Farmington, NM: Four Corners Regional"
FMN,2026,3,31.0,6.0,4.0,0.0,0.39,0.0,1.61,0.0,0.0,1599.0,1323.0,0.0,43.0,0.0,233.0,"Farmington, NM: Four Corners Regional"
FMN,2026,4,30.0,2.0,2.0,0.0,0.0,0.0,0.0,0.0,0.0,1417.0,1416.0,0.0,1.0,0.0,0.0,"Farmington, NM: Four Corners Regional"
FMN,2026,5,31.0,7.0,2.0,0.0,0.0,0.0,5.0,0.0,0.0,437.0,79.0,0.0,0.0,0.0,358.0,"Farmington, NM: Four Corners Regional"
FMN,2026,6,30.0,8.0,0.0,0.6,3.89,0.0,3.51,0.0,0.0,406.0,0.0,15.0,159.0,0.0,232.0,"Farmington, NM: Four Corners Regional"
FMN,2026,7,31.0,9.0,1.07,1.0,2.93,0.0,4.0,0.0,0.0,640.0,58.0,66.0,182.0,0.0,334.0,"Farmington, NM: Four Corners Regional"
FNT,2025,8,299.0,68.0,31.33,8.190000000000001,9.940000000000001,0.0,18.54,8.0,0.0,5900.0,3102.0,1151.0,674.0,0.0,973.0,"Flint, MI: Bishop International"
FNT,2025,9,267.0,54.0,33.33,0.12,5.5200000000000005,1.0,14.03,2.0,0.0,4398.0,3167.0,9.0,337.0,150.0,735.0,"Flint, MI: Bishop International"
FNT,2025,10,311.0,80.0,37.68,2.45,15.32,0.0,24.549999999999997,0.0,0.0,5999.0,3186.0,257.0,899.0,0.0,1657.0,"Flint, MI: Bishop International"
FNT,2025,11,296.0,80.0,30.18,5.720000000000001,14.45,0.0,29.64,14.0,0.0,5968.0,2264.0,576.0,1111.0,0.0,2017.0,"Flint, MI: Bishop International"
FNT,2025,12,309.0,122.0,32.59,17.900000000000002,24.93,0.0,46.57,8.0,1.0,12375.0,3018.0,3447.0,1568.0,0.0,4342.0,"Flint, MI: Bishop International"
FNT,2026,1,282.0,100.0,31.400000000000002,11.18,18.759999999999998,0.0,38.66,5.0,1.0,8123.0,1648.0,2719.0,1160.0,0.0,2596.0,"Flint, MI: Bishop International"
FNT,2026,2,302.0,101.0,35.55,11.98,18.47,0.0,35.0,3.0,0.0,12884.0,5706.0,3465.0,964.0,0.0,2749.0,"Flint, MI: Bishop International"
FNT,2026,3,397.0,126.0,37.44,6.98,25.37,0.0,56.2,16.0,0.0,14119.0,5279.0,1048.0,1899.0,0.0,5893.0,"Flint, MI: Bishop International"
FNT,2026,4,339.0,133.0,38.19,15.21,26.83,0.0,52.769999999999996,10.0,0.0,10129.0,1927.0,2413.0,1857.0,0.0,3932.0,"Flint, MI: Bishop International"
FNT,2026,5,301.0,97.0,38.21,6.220000000000001,17.1,0.0,35.47,3.0,1.0,6322.0,1957.0,934.0,1158.0,0.0,2273.0,"Flint, MI: Bishop International"
FNT,2026,6,221.0,69.0,29.020000000000003,3.9800000000000004,14.65,0.0,21.35,9.0,0.0,6495.0,3276.0,385.0,705.0,0.0,2129.0,"Flint, MI: Bishop International"
FNT,2026,7,229.0,71.0,30.22,6.45,6.109999999999999,0.0,28.21,8.0,1.0,7779.0,3230.0,478.0,240.0,0.0,3831.0,"Flint, MI: Bishop International"
FOD,2025,8,53.0,10.0,5.28,0.78,1.05,0.0,2.89,1.0,0.0,711.0,346.0,52.0,47.0,0.0,266.0,"Fort Dodge, IA: Fort Dodge Regional"
FOD,2025,9,51.0,5.0,2.55,0.0,0.45,0.0,2.0,0.0,0.0,510.0,363.0,0.0,49.0,0.0,98.0,"Fort Dodge, IA: Fort Dodge Regional"
FOD,2025,10,54.0,6.0,3.0,1.0,0.0,0.0,2.0,0.0,0.0,225.0,107.0,26.0,0.0,0.0,92.0,"Fort Dodge, IA: Fort Dodge Regional"
FOD,2025,11,50.0,13.0,7.43,1.69,2.91,0.33,0.63,2.0,0.0,879.0,420.0,204.0,225.0,10.0,20.0,"Fort Dodge, IA: Fort Dodge Regional"
FOD,2025,12,55.0,13.0,7.14,1.0,2.86,0.0,2.0,8.0,2.0,1165.0,464.0,111.0,436.0,0.0,154.0,"Fort Dodge, IA: Fort Dodge Regional"
FOD,2026,1,53.0,17.0,7.93,0.63,2.4,0.0,6.05,3.0,0.0,1276.0,350.0,95.0,260.0,0.0,571.0,"Fort Dodge, IA: Fort Dodge Regional"
FOD,2026,2,48.0,6.0,5.56,0.0,0.44,0.0,0.0,1.0,0.0,379.0,357.0,0.0,22.0,0.0,0.0,"Fort Dodge, IA: Fort Dodge Regional"
FOD,2026,3,53.0,10.0,4.13,0.99,2.36,0.0,2.52,5.0,2.0,1205.0,166.0,93.0,415.0,0.0,531.0,"Fort Dodge, IA: Fort Dodge Regional"
FOD,2026,4,52.0,19.0,8.26,0.92,3.58,0.0,6.24,4.0,1.0,1408.0,449.0,110.0,220.0,0.0,629.0,"Fort Dodge, IA: Fort Dodge Regional"
FOD,2026,5,56.0,9.0,4.41,0.0,1.74,0.0,2.85,0.0,0.0,902.0,180.0,0.0,398.0,0.0,324.0,"Fort Dodge, IA: Fort Dodge Regional"
FOD,2026,6,52.0,18.0,9.58,1.0,4.44,0.0,2.98,0.0,0.0,1230.0,412.0,24.0,468.0,0.0,326.0,"Fort Dodge, IA: Fort Dodge Regional"
FOD,2026,7,62.0,21.0,7.67,3.91,4.62,0.0,4.8,2.0,0.0,1391.0,462.0,229.0,286.0,0.0,414.0,"Fort Dodge, IA: Fort Dodge Regional"
FSD,2025,8,743.0,205.0,82.96000000000001,14.04,31.580000000000002,0.0,76.42,11.0,1.0,16617.0,5649.0,1426.0,2481.0,0.0,7061.0,"Sioux Falls, SD: Joe Foss Field"
FSD,2025,9,678.0,160.0,72.75,8.06,20.51,0.0,58.7,5.0,1.0,11705.0,5604.0,532.0,1048.0,0.0,4521.0,"Sioux Falls, SD: Joe Foss Field"
FSD,2025,10,773.0,146.0,69.65,4.91,24.68,0.0,46.75,2.0,0.0,10348.0,5218.0,632.0,1223.0,0.0,3275.0,"Sioux Falls, SD: Joe Foss Field"
FSD,2025,11,737.0,159.0,68.41,6.46,32.07,0.0,52.04,34.0,1.0,11648.0,4622.0,830.0,1685.0,0.0,4511.0,"Sioux Falls, SD: Joe Foss Field"
FSD,2025,12,778.0,290.0,97.24000000000001,33.18,81.77,1.1400000000000001,76.72,19.0,3.0,28067.0,10984.0,5722.0,4591.0,54.0,6716.0,"Sioux Falls, SD: Joe Foss Field"
FSD,2026,1,730.0,184.0,62.879999999999995,22.72,51.96,0.18,46.25,10.0,0.0,15731.0,6464.0,2878.0,2369.0,3.0,4017.0,"Sioux Falls, SD: Joe Foss Field"
FSD,2026,2,711.0,140.0,43.2,9.18,48.63,0.0,38.99,1.0,1.0,8261.0,2712.0,869.0,2134.0,0.0,2546.0,"Sioux Falls, SD: Joe Foss Field"
FSD,2026,3,840.0,209.0,79.9,11.33,57.3,0.0,60.47,35.0,0.0,16653.0,6602.0,1089.0,2821.0,0.0,6141.0,"Sioux Falls, SD: Joe Foss Field"
FSD,2026,4,814.0,188.0,56.089999999999996,12.73,52.019999999999996,0.2,66.99,13.0,0.0,14347.0,4270.0,1547.0,2029.0,17.0,6484.0,"Sioux Falls, SD: Joe Foss Field"
FSD,2026,5,842.0,186.0,73.4,13.61,45.370000000000005,0.0,53.629999999999995,5.0,7.0,13997.0,5693.0,1350.0,2416.0,0.0,4538.0,"Sioux Falls, SD: Joe Foss Field"
FSD,2026,6,784.0,209.0,80.76,20.04,34.13,0.43,73.66,16.0,0.0,18382.0,6815.0,2350.0,1907.0,9.0,7301.0,"Sioux Falls, SD: Joe Foss Field"
FSD,2026,7,804.0,208.0,82.17,16.240000000000002,41.980000000000004,0.0,67.63,12.0,1.0,14557.0,5278.0,1490.0,2177.0,0.0,5612.0,"Sioux Falls, SD: Joe Foss Field"
FSM,2025,8,96.0,16.0,2.58,1.33,5.03,0.0,7.06,1.0,0.0,817.0,58.0,80.0,181.0,0.0,498.0,"Fort Smith, AR: Fort Smith Regional"
FSM,2025,9,118.0,14.0,3.29,1.53,5.43,0.0,3.76,1.0,1.0,847.0,109.0,69.0,377.0,0.0,292.0,"Fort Smith, AR: Fort Smith Regional"
FSM,2025,10,97.0,12.0,5.47,1.0,1.28,0.0,4.25,2.0,0.0,659.0,217.0,86.0,47.0,0.0,309.0,"Fort Smith, AR: Fort Smith Regional"
FSM,2025,11,98.0,14.0,3.94,1.06,4.54,0.0,4.47,9.0,0.0,815.0,181.0,67.0,260.0,0.0,307.0,"Fort Smith, AR: Fort Smith Regional"
FSM,2025,12,93.0,18.0,4.44,2.0,0.75,0.0,10.81,0.0,1.0,736.0,189.0,71.0,34.0,0.0,442.0,"Fort Smith, AR: Fort Smith Regional"
FSM,2026,1,92.0,14.0,7.52,0.91,0.9,0.0,4.67,9.0,0.0,892.0,469.0,34.0,36.0,0.0,353.0,"Fort Smith, AR: Fort Smith Regional"
FSM,2026,2,83.0,6.0,1.06,0.0,2.06,0.0,2.87,0.0,0.0,254.0,19.0,0.0,43.0,0.0,192.0,"Fort Smith, AR: Fort Smith Regional"
FSM,2026,3,93.0,17.0,9.04,1.82,1.76,0.0,4.39,1.0,0.0,990.0,421.0,129.0,121.0,0.0,319.0,"Fort Smith, AR: Fort Smith Regional"
FSM,2026,4,90.0,14.0,0.75,2.33,4.14,0.0,6.78,0.0,0.0,704.0,65.0,188.0,182.0,0.0,269.0,"Fort Smith, AR: Fort Smith Regional"
FSM,2026,5,102.0,15.0,3.57,3.19,2.3,0.0,5.94,4.0,0.0,1774.0,226.0,770.0,229.0,0.0,549.0,"Fort Smith, AR: Fort Smith Regional"
FSM,2026,6,115.0,23.0,6.22,3.22,3.93,0.0,9.63,5.0,0.0,1481.0,265.0,427.0,304.0,0.0,485.0,"Fort Smith, AR: Fort Smith Regional"
FSM,2026,7,117.0,26.0,3.28,1.73,3.99,0.0,17.0,0.0,1.0,1644.0,131.0,179.0,240.0,0.0,1094.0,"Fort Smith, AR: Fort Smith Regional"
FWA,2025,8,610.0,145.0,64.59,15.049999999999999,31.1,0.1,34.17,11.0,1.0,9257.0,3575.0,1326.0,1145.0,4.0,3207.0,"Fort Wayne, IN: Fort Wayne International"
FWA,2025,9,612.0,116.0,50.470000000000006,5.640000000000001,29.28,0.0,30.62,2.0,0.0,6337.0,2961.0,393.0,1095.0,0.0,1888.0,"Fort Wayne, IN: Fort Wayne International"
FWA,2025,10,687.0,129.0,63.58,4.42,33.06,0.0,27.93,0.0,1.0,8658.0,4760.0,810.0,1734.0,0.0,1354.0,"Fort Wayne, IN: Fort Wayne International"
FWA,2025,11,650.0,136.0,52.129999999999995,16.31,40.86,0.71,25.98,43.0,0.0,9844.0,2680.0,1747.0,3044.0,32.0,2341.0,"Fort Wayne, IN: Fort Wayne International"
FWA,2025,12,634.0,243.0,105.60000000000001,32.58,54.47,0.0,50.35,8.0,1.0,26433.0,12276.0,4809.0,3737.0,0.0,5611.0,"Fort Wayne, IN: Fort Wayne International"
FWA,2026,1,610.0,158.0,70.46000000000001,25.66,30.36,1.0,30.509999999999998,31.0,1.0,12727.0,5625.0,3066.0,1828.0,32.0,2176.0,"Fort Wayne, IN: Fort Wayne International"
FWA,2026,2,567.0,140.0,59.080000000000005,14.03,33.12,0.25,33.5,3.0,7.0,9987.0,4731.0,1853.0,1309.0,22.0,2072.0,"Fort Wayne, IN: Fort Wayne International"
FWA,2026,3,669.0,172.0,61.690000000000005,17.41,46.57,0.0,46.3,26.0,1.0,18039.0,7689.0,1992.0,3016.0,0.0,5342.0,"Fort Wayne, IN: Fort Wayne International"
FWA,2026,4,702.0,205.0,75.48,9.29,43.62,0.0,76.6,25.0,2.0,14696.0,5071.0,544.0,2728.0,0.0,6353.0,"Fort Wayne, IN: Fort Wayne International"
FWA,2026,5,729.0,199.0,85.93,14.069999999999999,38.93,0.0,60.07,8.0,2.0,14573.0,5107.0,1588.0,2379.0,0.0,5499.0,"Fort Wayne, IN: Fort Wayne International"
FWA,2026,6,714.0,157.0,60.36,16.49,39.12,0.0,41.03,19.0,1.0,10795.0,3984.0,1441.0,2414.0,0.0,2956.0,"Fort Wayne, IN: Fort Wayne International"
FWA,2026,7,733.0,213.0,87.92,16.130000000000003,42.68,1.0,65.28,21.0,0.0,16996.0,7844.0,1740.0,2379.0,23.0,5010.0,"Fort Wayne, IN: Fort Wayne International"
GCC,2025,8,62.0,21.0,5.2,0.0,4.95,0.0,10.85,1.0,0.0,2036.0,960.0,0.0,264.0,0.0,812.0,"Gillette, WY: Northeast Wyoming Regional"
GCC,2025,9,60.0,3.0,1.95,0.0,1.05,0.0,0.0,0.0,0.0,404.0,280.0,0.0,124.0,0.0,0.0,"Gillette, WY: Northeast Wyoming Regional"
GCC,2025,10,62.0,7.0,5.82,1.0,0.18,0.0,0.0,0.0,0.0,305.0,236.0,60.0,9.0,0.0,0.0,"Gillette, WY: Northeast Wyoming Regional"
GCC,2025,11,60.0,4.0,2.0,1.0,1.0,0.0,0.0,0.0,0.0,180.0,99.0,27.0,54.0,0.0,0.0,"Gillette, WY: Northeast Wyoming Regional"
GCC,2025,12,62.0,12.0,5.85,0.0,3.82,0.0,2.33,1.0,0.0,1246.0,329.0,0.0,773.0,0.0,144.0,"Gillette, WY: Northeast Wyoming Regional"
GCC,2026,1,62.0,17.0,7.42,0.95,3.84,0.0,4.79,0.0,0.0,1175.0,469.0,37.0,207.0,0.0,462.0,"Gillette, WY: Northeast Wyoming Regional"
GCC,2026,2,56.0,7.0,2.0,0.95,0.05,0.0,4.0,0.0,0.0,489.0,130.0,170.0,9.0,0.0,180.0,"Gillette, WY: Northeast Wyoming Regional"
GCC,2026,3,88.0,17.0,6.77,1.73,2.42,0.0,6.08,4.0,0.0,1195.0,250.0,140.0,149.0,0.0,656.0,"Gillette, WY: Northeast Wyoming Regional"
GCC,2026,4,15.0,4.0,3.0,1.0,0.0,0.0,0.0,0.0,0.0,188.0,163.0,25.0,0.0,0.0,0.0,"Gillette, WY: Northeast Wyoming Regional"
GCC,2026,5,33.0,4.0,0.92,0.0,1.08,0.0,2.0,0.0,0.0,254.0,76.0,0.0,58.0,0.0,120.0,"Gillette, WY: Northeast Wyoming Regional"
GCC,2026,6,88.0,25.0,12.92,1.0,7.05,0.0,4.03,0.0,0.0,1466.0,759.0,166.0,372.0,0.0,169.0,"Gillette, WY: Northeast Wyoming Regional"
GCC,2026,7,78.0,23.0,13.18,0.0,4.72,0.0,5.09,0.0,1.0,2390.0,1082.0,0.0,362.0,0.0,946.0,"Gillette, WY: Northeast Wyoming Regional"
GCK,2025,8,62.0,18.0,5.26,1.24,2.28,0.0,9.22,0.0,1.0,1375.0,218.0,97.0,75.0,0.0,985.0,"Garden City, KS: Garden City Regional"
GCK,2025,9,60.0,14.0,3.3,0.9,2.86,0.0,6.94,1.0,0.0,680.0,129.0,44.0,159.0,0.0,348.0,"Garden City, KS: Garden City Regional"
GCK,2025,10,62.0,13.0,4.22,0.69,4.31,0.0,3.78,0.0,1.0,650.0,169.0,76.0,172.0,0.0,233.0,"Garden City, KS: Garden City Regional"
GCK,2025,11,59.0,17.0,6.98,4.95,0.82,0.0,4.26,2.0,2.0,1300.0,486.0,516.0,49.0,0.0,249.0,"Garden City, KS: Garden City Regional"
GCK,2025,12,62.0,8.0,5.0,0.0,0.33,0.0,2.67,0.0,0.0,736.0,647.0,0.0,13.0,0.0,76.0,"Garden City, KS: Garden City Regional"
GCK,2026,1,62.0,14.0,7.0,3.18,0.82,0.0,3.0,4.0,0.0,976.0,383.0,385.0,113.0,0.0,95.0,"Garden City, KS: Garden City Regional"
GCK,2026,2,54.0,21.0,12.69,2.0,1.31,0.0,5.0,1.0,0.0,1470.0,921.0,143.0,33.0,0.0,373.0,"Garden City, KS: Garden City Regional"
GCK,2026,3,62.0,10.0,3.94,1.87,0.19,0.0,4.0,4.0,0.0,841.0,371.0,168.0,31.0,0.0,271.0,"Garden City, KS: Garden City Regional"
GCK,2026,4,60.0,15.0,5.56,3.0,1.85,0.0,4.58,2.0,0.0,811.0,169.0,159.0,86.0,0.0,397.0,"Garden City, KS: Garden City Regional"
GCK,2026,5,62.0,14.0,1.02,4.62,3.4699999999999998,0.0,4.89,2.0,0.0,1277.0,33.0,875.0,111.0,0.0,258.0,"Garden City, KS: Garden City Regional"
GCK,2026,6,60.0,14.0,1.59,2.01,2.47,0.0,7.93,1.0,0.0,1339.0,63.0,323.0,301.0,0.0,652.0,"Garden City, KS: Garden City Regional"
GCK,2026,7,61.0,15.0,3.01,0.59,3.41,0.0,7.98,0.0,0.0,817.0,156.0,73.0,176.0,0.0,412.0,"Garden City, KS: Garden City Regional"
GEG,2025,8,2012.0,408.0,151.91,18.74,65.67,0.71,170.99,13.0,1.0,21805.0,9288.0,1332.0,2079.0,17.0,9089.0,"Spokane, WA: Spokane International"
GEG,2025,9,1875.0,277.0,105.93,13.14,46.97,0.0,110.95,4.0,0.0,14818.0,6313.0,849.0,2038.0,0.0,5618.0,"Spokane, WA: Spokane International"
GEG,2025,10,1878.0,315.0,117.86,8.23,66.86,0.0,122.06,13.0,3.0,17878.0,6392.0,876.0,2374.0,0.0,8236.0,"Spokane, WA: Spokane International"
GEG,2025,11,1735.0,274.0,97.68,17.36,65.91,0.0,93.05,31.0,3.0,14707.0,4770.0,2179.0,2642.0,0.0,5116.0,"Spokane, WA: Spokane International"
GEG,2025,12,1755.0,436.0,148.82,20.86,96.05000000000001,0.78,169.49,9.0,5.0,26917.0,9735.0,2735.0,3783.0,59.0,10605.0,"Spokane, WA: Spokane International"
GEG,2026,1,1707.0,290.0,117.05,19.7,46.62,0.08,106.56,26.0,10.0,16677.0,6952.0,2910.0,1686.0,7.0,5122.0,"Spokane, WA: Spokane International"
GEG,2026,2,1595.0,248.0,93.11,17.73,40.21,0.0,96.96,6.0,8.0,14439.0,4525.0,2162.0,1644.0,0.0,6108.0,"Spokane, WA: Spokane International"
GEG,2026,3,1846.0,364.0,147.04,13.14,87.82,1.46,114.53,26.0,0.0,20313.0,7466.0,1133.0,3741.0,89.0,7884.0,"Spokane, WA: Spokane International"
GEG,2026,4,1785.0,263.0,122.61,5.8100000000000005,36.26,0.0,98.32,5.0,0.0,12832.0,6388.0,210.0,1611.0,0.0,4623.0,"Spokane, WA: Spokane International"
GEG,2026,5,1895.0,372.0,140.78,15.5,59.14,0.83,155.76,13.0,2.0,19951.0,7435.0,1261.0,2326.0,19.0,8910.0,"Spokane, WA: Spokane International"
GEG,2026,6,1982.0,471.0,154.65,13.719999999999999,90.7,0.44,211.48999999999998,9.0,1.0,23572.0,7884.0,824.0,3681.0,12.0,11171.0,"Spokane, WA: Spokane International"
GEG,2026,7,2073.0,475.0,184.81,21.419999999999998,73.55,1.0,194.21,11.0,1.0,27967.0,10508.0,1760.0,3324.0,44.0,12331.0,"Spokane, WA: Spokane International"
GFK,2025,8,102.0,11.0,6.61,3.68,0.72,0.0,0.0,0.0,0.0,1519.0,1343.0,140.0,36.0,0.0,0.0,"Grand Forks, ND: Grand Forks International"
GFK,2025,9,98.0,21.0,8.0,12.85,0.15,0.0,0.0,0.0,0.0,1487.0,856.0,624.0,7.0,0.0,0.0,"Grand Forks, ND: Grand Forks International"
GFK,2025,10,111.0,9.0,8.0,1.0,0.0,0.0,0.0,0.0,0.0,334.0,283.0,51.0,0.0,0.0,0.0,"Grand Forks, ND: Grand Forks International"
GFK,2025,11,106.0,11.0,5.39,1.88,3.72,0.0,0.0,5.0,0.0,1337.0,408.0,726.0,203.0,0.0,0.0,"Grand Forks, ND: Grand Forks International"
GFK,2025,12,106.0,37.0,9.92,3.48,8.74,0.0,14.85,9.0,2.0,3015.0,822.0,672.0,475.0,0.0,1046.0,"Grand Forks, ND: Grand Forks International"
GFK,2026,1,109.0,28.0,13.81,4.09,9.1,0.0,0.99,3.0,0.0,1659.0,965.0,247.0,350.0,0.0,97.0,"Grand Forks, ND: Grand Forks International"
GFK,2026,2,102.0,10.0,6.77,2.74,0.49,0.0,0.0,2.0,0.0,486.0,209.0,230.0,47.0,0.0,0.0,"Grand Forks, ND: Grand Forks International"
GFK,2026,3,115.0,27.0,17.97,6.6,2.43,0.0,0.0,3.0,3.0,2277.0,1926.0,239.0,112.0,0.0,0.0,"Grand Forks, ND: Grand Forks International"
GFK,2026,4,120.0,13.0,9.75,1.7,1.55,0.0,0.0,1.0,1.0,1424.0,1270.0,91.0,63.0,0.0,0.0,"Grand Forks, ND: Grand Forks International"
GFK,2026,5,117.0,18.0,15.17,2.0,0.83,0.0,0.0,0.0,1.0,1583.0,1438.0,112.0,33.0,0.0,0.0,"Grand Forks, ND: Grand Forks International"
GFK,2026,6,111.0,11.0,8.29,1.48,1.23,0.0,0.0,0.0,0.0,679.0,500.0,96.0,83.0,0.0,0.0,"Grand Forks, ND: Grand Forks International"
GFK,2026,7,115.0,14.0,12.97,1.0,0.03,0.0,0.0,0.0,0.0,2392.0,2356.0,27.0,9.0,0.0,0.0,"Grand Forks, ND: Grand Forks International"
GGG,2025,8,62.0,15.0,2.73,1.4,3.22,0.0,7.66,0.0,0.0,1181.0,200.0,80.0,175.0,0.0,726.0,"Longview, TX: East Texas Regional"
GGG,2025,9,60.0,8.0,1.0,0.53,3.81,0.0,2.66,1.0,0.0,273.0,29.0,13.0,89.0,0.0,142.0,"Longview, TX: East Texas Regional"
GGG,2025,10,62.0,10.0,2.1,2.21,2.47,0.0,3.22,0.0,0.0,823.0,112.0,173.0,302.0,0.0,236.0,"Longview, TX: East Texas Regional"
GGG,2025,11,59.0,4.0,0.94,0.0,0.44,0.0,2.62,5.0,0.0,174.0,66.0,0.0,10.0,0.0,98.0,"Longview, TX: East Texas Regional"
GGG,2025,12,60.0,13.0,4.65,0.03,2.12,0.0,6.2,0.0,1.0,614.0,173.0,1.0,68.0,0.0,372.0,"Longview, TX: East Texas Regional"
GGG,2026,1,62.0,9.0,1.96,3.65,1.1,0.0,2.29,7.0,0.0,1929.0,179.0,1626.0,26.0,0.0,98.0,"Longview, TX: East Texas Regional"
GGG,2026,2,56.0,8.0,2.25,0.41,0.75,0.0,4.59,0.0,0.0,683.0,110.0,87.0,12.0,0.0,474.0,"Longview, TX: East Texas Regional"
GGG,2026,3,62.0,7.0,4.11,0.0,2.0,0.0,0.89,0.0,0.0,364.0,191.0,0.0,93.0,0.0,80.0,"Longview, TX: East Texas Regional"
GGG,2026,4,59.0,13.0,1.03,3.71,2.3,0.0,5.97,0.0,0.0,905.0,19.0,481.0,105.0,0.0,300.0,"Longview, TX: East Texas Regional"
GGG,2026,5,62.0,13.0,3.95,1.08,1.77,0.0,6.2,3.0,0.0,871.0,183.0,46.0,73.0,0.0,569.0,"Longview, TX: East Texas Regional"
GGG,2026,6,53.0,9.0,0.0,1.48,1.58,0.0,5.94,4.0,0.0,686.0,0.0,199.0,145.0,0.0,342.0,"Longview, TX: East Texas Regional"
GGG,2026,7,61.0,12.0,2.41,0.62,2.65,0.0,6.32,1.0,0.0,1169.0,178.0,48.0,88.0,0.0,855.0,"Longview, TX: East Texas Regional"
GJT,2025,8,379.0,94.0,43.980000000000004,7.800000000000001,18.779999999999998,0.0,23.43,1.0,0.0,6305.0,2726.0,560.0,814.0,0.0,2205.0,"Grand Junction, CO: Grand Junction Regional"
GJT,2025,9,389.0,55.0,18.22,2.8,12.17,0.0,21.810000000000002,2.0,0.0,3041.0,867.0,121.0,621.0,0.0,1432.0,"Grand Junction, CO: Grand Junction Regional"
GJT,2025,10,406.0,64.0,22.330000000000002,1.09,21.290000000000003,0.0,19.28,1.0,1.0,2852.0,1185.0,56.0,638.0,0.0,973.0,"Grand Junction, CO: Grand Junction Regional"
GJT,2025,11,404.0,49.0,16.48,1.46,15.74,0.0,15.32,18.0,0.0,2748.0,943.0,33.0,736.0,0.0,1036.0,"Grand Junction, CO: Grand Junction Regional"
GJT,2025,12,412.0,58.0,22.98,0.0,11.56,0.0,23.46,2.0,0.0,3067.0,1345.0,0.0,489.0,0.0,1233.0,"Grand Junction, CO: Grand Junction Regional"
GJT,2026,1,356.0,53.0,24.41,6.01,13.75,0.0,8.82,5.0,2.0,4276.0,2586.0,572.0,659.0,0.0,459.0,"Grand Junction, CO: Grand Junction Regional"
GJT,2026,2,333.0,48.0,19.75,0.81,7.63,0.0,19.8,2.0,0.0,2542.0,1050.0,92.0,317.0,0.0,1083.0,"Grand Junction, CO: Grand Junction Regional"
GJT,2026,3,417.0,74.0,40.26,1.92,8.33,0.0,23.51,4.0,0.0,5084.0,2416.0,104.0,619.0,0.0,1945.0,"Grand Junction, CO: Grand Junction Regional"
GJT,2026,4,409.0,77.0,29.87,3.75,12.27,0.0,31.11,0.0,0.0,5730.0,2809.0,326.0,409.0,0.0,2186.0,"Grand Junction, CO: Grand Junction Regional"
GJT,2026,5,449.0,78.0,37.91,3.43,12.97,0.0,23.690000000000005,5.0,0.0,4508.0,1705.0,507.0,664.0,0.0,1632.0,"Grand Junction, CO: Grand Junction Regional"
GJT,2026,6,437.0,103.0,35.160000000000004,13.82,16.57,0.85,36.61,4.0,1.0,7327.0,2297.0,938.0,685.0,50.0,3357.0,"Grand Junction, CO: Grand Junction Regional"
GJT,2026,7,448.0,96.0,43.89,5.14,19.39,1.0,26.57,0.0,1.0,8256.0,3201.0,284.0,1283.0,712.0,2776.0,"Grand Junction, CO: Grand Junction Regional"
GNV,2025,8,342.0,67.0,21.740000000000002,7.01,12.200000000000001,0.0,26.05,1.0,4.0,3615.0,1114.0,557.0,332.0,0.0,1612.0,"Gainesville, FL: Gainesville Regional"
GNV,2025,9,327.0,25.0,8.4,3.94,5.58,0.0,7.08,2.0,1.0,1557.0,341.0,223.0,289.0,0.0,704.0,"Gainesville, FL: Gainesville Regional"
GNV,2025,10,376.0,44.0,14.61,0.99,7.38,0.0,21.03,0.0,2.0,2929.0,646.0,503.0,341.0,0.0,1439.0,"Gainesville, FL: Gainesville Regional"
GNV,2025,11,388.0,35.0,8.86,1.07,8.7,0.0,16.369999999999997,11.0,1.0,1657.0,391.0,81.0,290.0,0.0,895.0,"Gainesville, FL: Gainesville Regional"
GNV,2025,12,393.0,75.0,25.509999999999998,6.78,10.91,0.0,31.8,3.0,0.0,4141.0,1031.0,343.0,369.0,0.0,2398.0,"Gainesville, FL: Gainesville Regional"
GNV,2026,1,347.0,44.0,18.78,3.63,5.05,0.0,16.54,23.0,0.0,3009.0,1427.0,211.0,272.0,0.0,1099.0,"Gainesville, FL: Gainesville Regional"
GNV,2026,2,340.0,44.0,16.689999999999998,1.94,10.95,0.0,14.41,6.0,1.0,3134.0,995.0,175.0,523.0,0.0,1441.0,"Gainesville, FL: Gainesville Regional"
GNV,2026,3,401.0,90.0,35.11,8.46,15.009999999999998,0.0,31.43,6.0,1.0,6836.0,2052.0,1782.0,929.0,0.0,2073.0,"Gainesville, FL: Gainesville Regional"
GNV,2026,4,383.0,50.0,18.46,1.37,12.43,0.0,17.75,5.0,0.0,2114.0,663.0,50.0,390.0,0.0,1011.0,"Gainesville, FL: Gainesville Regional"
GNV,2026,5,383.0,59.0,20.49,2.02,15.71,0.0,20.79,5.0,0.0,3950.0,1151.0,289.0,673.0,0.0,1837.0,"Gainesville, FL: Gainesville Regional"
GNV,2026,6,353.0,54.0,17.03,4.25,11.63,0.0,21.08,7.0,0.0,3589.0,955.0,350.0,795.0,0.0,1489.0,"Gainesville, FL: Gainesville Regional"
GNV,2026,7,355.0,78.0,18.05,4.289999999999999,21.49,0.0,34.17,2.0,2.0,4816.0,1164.0,286.0,989.0,0.0,2377.0,"Gainesville, FL: Gainesville Regional"
GPT,2025,8,395.0,61.0,19.32,5.78,11.24,0.0,24.65,2.0,1.0,4422.0,1259.0,597.0,492.0,0.0,2074.0,"Gulfport/Biloxi, MS: Gulfport-Biloxi International"
GPT,2025,9,375.0,37.0,14.620000000000001,1.83,5.5200000000000005,0.0,15.01,1.0,0.0,2555.0,1261.0,156.0,313.0,0.0,825.0,"Gulfport/Biloxi, MS: Gulfport-Biloxi International"
GPT,2025,10,403.0,41.0,17.61,0.66,5.68,0.0,17.05,2.0,0.0,2282.0,904.0,99.0,296.0,0.0,983.0,"Gulfport/Biloxi, MS: Gulfport-Biloxi International"
GPT,2025,11,383.0,63.0,29.4,0.97,13.63,0.0,18.98,10.0,2.0,5126.0,3303.0,35.0,375.0,0.0,1413.0,"Gulfport/Biloxi, MS: Gulfport-Biloxi International"
GPT,2025,12,397.0,79.0,26.84,7.75,6.4399999999999995,0.0,37.96,8.0,4.0,7715.0,1581.0,2315.0,398.0,0.0,3421.0,"Gulfport/Biloxi, MS: Gulfport-Biloxi International"
GPT,2026,1,357.0,65.0,20.97,3.94,12.58,0.0,27.49,24.0,0.0,4634.0,1562.0,537.0,538.0,0.0,1997.0,"Gulfport/Biloxi, MS: Gulfport-Biloxi International"
GPT,2026,2,323.0,38.0,18.04,0.69,10.040000000000001,0.0,9.24,3.0,0.0,2498.0,1465.0,49.0,321.0,0.0,663.0,"Gulfport/Biloxi, MS: Gulfport-Biloxi International"
GPT,2026,3,372.0,71.0,26.61,4.73,13.42,0.0,26.229999999999997,15.0,0.0,7672.0,2043.0,585.0,744.0,0.0,4300.0,"Gulfport/Biloxi, MS: Gulfport-Biloxi International"
GPT,2026,4,371.0,63.0,21.29,5.69,11.41,0.0,24.59,3.0,1.0,4200.0,1622.0,370.0,448.0,0.0,1760.0,"Gulfport/Biloxi, MS: Gulfport-Biloxi International"
GPT,2026,5,412.0,99.0,32.2,7.41,22.59,0.0,36.8,8.0,1.0,6609.0,2828.0,341.0,1165.0,0.0,2275.0,"Gulfport/Biloxi, MS: Gulfport-Biloxi International"
GPT,2026,6,383.0,74.0,26.23,10.17,18.3,0.0,19.299999999999997,14.0,0.0,6049.0,2612.0,754.0,1055.0,0.0,1628.0,"Gulfport/Biloxi, MS: Gulfport-Biloxi International"
GPT,2026,7,388.0,96.0,36.84,4.04,18.14,0.0,36.99,6.0,1.0,7151.0,2213.0,445.0,1014.0,0.0,3479.0,"Gulfport/Biloxi, MS: Gulfport-Biloxi International"
GRB,2025,8,513.0,117.0,46.39,8.56,19.099999999999998,0.0,42.96,11.0,0.0,7442.0,3448.0,644.0,960.0,0.0,2390.0,"Green Bay, WI: Green Bay Austin Straubel International"
GRB,2025,9,506.0,80.0,34.57,5.99,11.16,0.0,28.279999999999998,2.0,1.0,4874.0,2307.0,295.0,404.0,0.0,1868.0,"Green Bay, WI: Green Bay Austin Straubel International"
GRB,2025,10,551.0,84.0,39.03,1.12,13.100000000000001,0.0,30.740000000000002,1.0,1.0,4891.0,2561.0,39.0,360.0,0.0,1931.0,"Green Bay, WI: Green Bay Austin Straubel International"
GRB,2025,11,534.0,120.0,46.37,10.21,23.84,0.0,39.589999999999996,37.0,0.0,9726.0,2748.0,1360.0,1447.0,0.0,4171.0,"Green Bay, WI: Green Bay Austin Straubel International"
GRB,2025,12,492.0,225.0,74.81,21.1,55.59,0.0,73.49,16.0,1.0,24258.0,8420.0,3015.0,3980.0,0.0,8843.0,"Green Bay, WI: Green Bay Austin Straubel International"
GRB,2026,1,475.0,192.0,67.66,21.68,46.870000000000005,0.0,55.79,5.0,1.0,17808.0,6020.0,3165.0,2523.0,0.0,6100.0,"Green Bay, WI: Green Bay Austin Straubel International"
GRB,2026,2,456.0,123.0,55.69,8.030000000000001,32.68,0.0,26.590000000000003,1.0,1.0,7715.0,3831.0,539.0,1311.0,0.0,2034.0,"Green Bay, WI: Green Bay Austin Straubel International"
GRB,2026,3,540.0,166.0,77.72,15.92,37.739999999999995,0.0,34.63,60.0,2.0,15100.0,7372.0,1811.0,2216.0,0.0,3701.0,"Green Bay, WI: Green Bay Austin Straubel International"
GRB,2026,4,572.0,156.0,59.61,17.73,34.019999999999996,0.0,44.64,27.0,3.0,15299.0,4604.0,3531.0,2371.0,0.0,4793.0,"Green Bay, WI: Green Bay Austin Straubel International"
GRB,2026,5,568.0,154.0,62.779999999999994,10.94,29.83,1.0,49.47,4.0,2.0,11512.0,5035.0,956.0,1555.0,59.0,3907.0,"Green Bay, WI: Green Bay Austin Straubel International"
GRB,2026,6,510.0,90.0,41.010000000000005,8.1,16.14,0.0,24.759999999999998,14.0,1.0,7074.0,2502.0,1363.0,870.0,0.0,2339.0,"Green Bay, WI: Green Bay Austin Straubel International"
GRB,2026,7,526.0,131.0,67.14,10.12,16.64,0.0,37.09,15.0,1.0,8602.0,4775.0,877.0,751.0,0.0,2199.0,"Green Bay, WI: Green Bay Austin Straubel International"
GRI,2025,8,80.0,13.0,10.85,2.0,0.15,0.0,0.0,2.0,0.0,1294.0,1207.0,65.0,22.0,0.0,0.0,"Grand Island, NE: Central Nebraska Regional"
GRI,2025,9,76.0,12.0,7.0,3.95,1.05,0.0,0.0,1.0,0.0,880.0,452.0,400.0,28.0,0.0,0.0,"Grand Island, NE: Central Nebraska Regional"
GRI,2025,10,83.0,15.0,9.63,3.93,1.44,0.0,0.0,2.0,1.0,747.0,302.0,296.0,149.0,0.0,0.0,"Grand Island, NE: Central Nebraska Regional"
GRI,2025,11,78.0,18.0,11.49,1.4,1.17,0.0,3.94,2.0,1.0,1235.0,839.0,113.0,71.0,0.0,212.0,"Grand Island, NE: Central Nebraska Regional"
GRI,2025,12,91.0,17.0,11.08,0.0,0.9099999999999999,0.0,5.01,0.0,0.0,1362.0,1176.0,0.0,27.0,0.0,159.0,"Grand Island, NE: Central Nebraska Regional"
GRI,2026,1,81.0,22.0,12.59,3.77,0.34,0.0,5.31,3.0,0.0,2387.0,1236.0,873.0,67.0,0.0,211.0,"Grand Island, NE: Central Nebraska Regional"
GRI,2026,2,77.0,18.0,9.99,0.0,0.18,0.0,7.83,1.0,0.0,1610.0,1177.0,0.0,10.0,0.0,423.0,"Grand Island, NE: Central Nebraska Regional"
GRI,2026,3,89.0,24.0,9.42,4.609999999999999,4.12,0.0,5.85,0.0,0.0,2524.0,796.0,963.0,167.0,0.0,598.0,"Grand Island, NE: Central Nebraska Regional"
GRI,2026,4,73.0,9.0,3.37,1.0,1.1,0.0,3.52,2.0,0.0,540.0,138.0,63.0,63.0,0.0,276.0,"Grand Island, NE: Central Nebraska Regional"
GRI,2026,5,76.0,20.0,7.220000000000001,2.9,3.24,0.0,6.63,3.0,0.0,2900.0,1191.0,404.0,186.0,0.0,1119.0,"Grand Island, NE: Central Nebraska Regional"
GRI,2026,6,75.0,26.0,8.870000000000001,2.0,3.6,0.0,11.53,3.0,5.0,3511.0,1366.0,212.0,412.0,0.0,1521.0,"Grand Island, NE: Central Nebraska Regional"
GRI,2026,7,76.0,27.0,10.239999999999998,2.81,3.3899999999999997,0.0,10.57,0.0,0.0,2325.0,1226.0,138.0,286.0,0.0,675.0,"Grand Island, NE: Central Nebraska Regional"
GRK,2025,8,136.0,38.0,7.97,3.6,10.7,0.0,15.73,3.0,1.0,2271.0,253.0,231.0,441.0,0.0,1346.0,"Killeen, TX: Robert Gray AAF"
GRK,2025,9,128.0,27.0,11.26,1.67,4.46,0.0,9.61,2.0,0.0,1387.0,409.0,106.0,181.0,0.0,691.0,"Killeen, TX: Robert Gray AAF"
GRK,2025,10,173.0,33.0,11.71,3.3200000000000003,4.46,0.0,13.5,4.0,0.0,3164.0,1672.0,395.0,268.0,0.0,829.0,"Killeen, TX: Robert Gray AAF"
GRK,2025,11,173.0,23.0,7.73,3.0,5.4399999999999995,0.0,6.83,15.0,1.0,2154.0,730.0,513.0,230.0,0.0,681.0,"Killeen, TX: Robert Gray AAF"
GRK,2025,12,180.0,36.0,15.11,2.65,3.04,0.0,15.2,0.0,0.0,2107.0,979.0,68.0,107.0,0.0,953.0,"Killeen, TX: Robert Gray AAF"
GRK,2026,1,145.0,23.0,9.25,1.0,3.2199999999999998,0.0,9.530000000000001,25.0,1.0,1318.0,717.0,86.0,111.0,0.0,404.0,"Killeen, TX: Robert Gray AAF"
GRK,2026,2,122.0,26.0,15.02,0.88,2.63,0.0,7.47,1.0,0.0,1784.0,1320.0,22.0,56.0,0.0,386.0,"Killeen, TX: Robert Gray AAF"
GRK,2026,3,142.0,36.0,14.1,3.5399999999999996,1.81,0.0,16.560000000000002,6.0,0.0,3371.0,1047.0,1273.0,82.0,0.0,969.0,"Killeen, TX: Robert Gray AAF"
GRK,2026,4,165.0,28.0,8.19,3.66,4.82,0.0,11.34,6.0,0.0,2850.0,1261.0,411.0,278.0,0.0,900.0,"Killeen, TX: Robert Gray AAF"
GRK,2026,5,179.0,36.0,13.49,5.91,5.21,0.0,11.39,7.0,0.0,2786.0,740.0,916.0,227.0,0.0,903.0,"Killeen, TX: Robert Gray AAF"
GRK,2026,6,180.0,49.0,13.08,2.37,8.04,0.94,24.57,12.0,0.0,3268.0,749.0,278.0,369.0,62.0,1810.0,"Killeen, TX: Robert Gray AAF"
GRK,2026,7,185.0,34.0,10.31,2.28,5.39,0.0,16.03,2.0,1.0,1910.0,293.0,148.0,357.0,0.0,1112.0,"Killeen, TX: Robert Gray AAF"
GRR,2025,8,1805.0,417.0,170.3,28.71,72.61,0.75,144.64000000000001,18.0,0.0,32210.0,13403.0,2935.0,3277.0,424.0,12171.0,"Grand Rapids, MI: Gerald R. Ford International"
GRR,2025,9,1706.0,279.0,113.21,12.01,47.489999999999995,0.0,106.28999999999999,10.0,0.0,19665.0,7418.0,1270.0,1842.0,0.0,9135.0,"Grand Rapids, MI: Gerald R. Ford International"
GRR,2025,10,1877.0,376.0,139.87,14.3,85.92,0.93,134.98,7.0,1.0,21232.0,8694.0,791.0,3344.0,88.0,8315.0,"Grand Rapids, MI: Gerald R. Ford International"
GRR,2025,11,1736.0,399.0,138.78,20.81,96.57,1.83,141.02,57.0,4.0,30176.0,10620.0,3240.0,5675.0,86.0,10555.0,"Grand Rapids, MI: Gerald R. Ford International"
GRR,2025,12,1805.0,652.0,209.82,38.29,177.56,0.9700000000000001,225.38,35.0,3.0,48690.0,16395.0,3761.0,9099.0,44.0,19391.0,"Grand Rapids, MI: Gerald R. Ford International"
GRR,2026,1,1609.0,492.0,166.28,30.689999999999998,147.60999999999999,0.0,147.39,49.0,9.0,36894.0,14904.0,3653.0,6459.0,0.0,11878.0,"Grand Rapids, MI: Gerald R. Ford International"
GRR,2026,2,1551.0,379.0,142.12,15.790000000000003,101.2,0.11,119.76,16.0,2.0,23465.0,10618.0,912.0,4015.0,3.0,7917.0,"Grand Rapids, MI: Gerald R. Ford International"
GRR,2026,3,1852.0,538.0,192.34,45.79,112.7,0.39,186.79,65.0,6.0,48486.0,18637.0,5480.0,7466.0,7.0,16896.0,"Grand Rapids, MI: Gerald R. Ford International"
GRR,2026,4,1915.0,425.0,150.41,20.04,80.95,0.81,172.78,35.0,17.0,30147.0,10053.0,1622.0,4193.0,30.0,14249.0,"Grand Rapids, MI: Gerald R. Ford International"
GRR,2026,5,1888.0,386.0,142.25,19.630000000000003,68.61,2.5,153.03,20.0,4.0,27518.0,10153.0,2516.0,3178.0,86.0,11585.0,"Grand Rapids, MI: Gerald R. Ford International"
GRR,2026,6,1812.0,457.0,175.77,18.88,89.22,0.0,173.12,41.0,8.0,32269.0,12663.0,1842.0,4497.0,0.0,13267.0,"Grand Rapids, MI: Gerald R. Ford International"
GRR,2026,7,1930.0,549.0,197.73,28.54,112.05,0.0,210.71,72.0,3.0,45444.0,17447.0,4408.0,5575.0,0.0,18014.0,"Grand Rapids, MI: Gerald R. Ford International"
GSO,2025,8,1327.0,266.0,88.82,9.08,45.5,0.0,122.61,22.0,1.0,21181.0,7186.0,1171.0,2347.0,0.0,10477.0,"Greensboro/High Point, NC: Piedmont Triad International"
GSO,2025,9,1366.0,177.0,64.91,6.6,36.620000000000005,1.0,67.86,9.0,0.0,12427.0,4132.0,840.0,2102.0,52.0,5301.0,"Greensboro/High Point, NC: Piedmont Triad International"
GSO,2025,10,1467.0,277.0,80.64,6.46,87.2,0.65,102.03,11.0,0.0,18133.0,5573.0,550.0,3574.0,30.0,8406.0,"Greensboro/High Point, NC: Piedmont Triad International"
GSO,2025,11,1315.0,252.0,78.05000000000001,7.17,57.629999999999995,0.0,109.15,56.0,0.0,19318.0,5314.0,1378.0,3460.0,0.0,9166.0,"Greensboro/High Point, NC: Piedmont Triad International"
GSO,2025,12,1269.0,357.0,100.49,16.779999999999998,79.32,0.0,160.43,25.0,1.0,27703.0,6625.0,2806.0,3496.0,0.0,14776.0,"Greensboro/High Point, NC: Piedmont Triad International"
GSO,2026,1,1249.0,221.0,76.51,16.64,44.050000000000004,0.0,83.81,118.0,0.0,16332.0,5011.0,1617.0,1993.0,0.0,7711.0,"Greensboro/High Point, NC: Piedmont Triad International"
GSO,2026,2,1152.0,204.0,77.4,9.02,51.78,0.0,65.81,43.0,0.0,12647.0,4637.0,868.0,2191.0,0.0,4951.0,"Greensboro/High Point, NC: Piedmont Triad International"
GSO,2026,3,1287.0,289.0,101.42,16.19,51.71,0.0,119.68,58.0,2.0,23841.0,8391.0,1720.0,2605.0,0.0,11125.0,"Greensboro/High Point, NC: Piedmont Triad International"
GSO,2026,4,1383.0,235.0,76.22999999999999,4.82,52.28,0.71,100.97,9.0,0.0,14489.0,4763.0,485.0,2043.0,22.0,7176.0,"Greensboro/High Point, NC: Piedmont Triad International"
GSO,2026,5,1469.0,237.0,73.22,9.4,47.66,0.0,106.72,24.0,1.0,17165.0,4935.0,1525.0,2299.0,0.0,8406.0,"Greensboro/High Point, NC: Piedmont Triad International"
GSO,2026,6,1307.0,297.0,95.17,9.82,53.339999999999996,1.0,137.69,46.0,1.0,21062.0,6430.0,786.0,2494.0,16.0,11336.0,"Greensboro/High Point, NC: Piedmont Triad International"
GSO,2026,7,1336.0,416.0,116.81,20.45,95.74,0.0,182.97,64.0,0.0,33226.0,8814.0,2150.0,6188.0,0.0,16074.0,"Greensboro/High Point, NC: Piedmont Triad International"
GSP,2025,8,1725.0,378.0,120.92,18.520000000000003,92.39999999999999,1.0,145.15,27.0,1.0,23822.0,8539.0,1659.0,3553.0,28.0,10043.0,"Greer, SC: Greenville-Spartanburg International"
GSP,2025,9,1605.0,205.0,67.60000000000001,3.2399999999999998,50.88,0.0,83.32,7.0,1.0,13722.0,4458.0,370.0,1944.0,0.0,6950.0,"Greer, SC: Greenville-Spartanburg International"
GSP,2025,10,1745.0,349.0,111.89,3.18,97.46000000000001,0.39,136.04999999999998,10.0,1.0,20000.0,6825.0,550.0,3377.0,28.0,9220.0,"Greer, SC: Greenville-Spartanburg International"
GSP,2025,11,1586.0,310.0,97.91,6.17,66.07,0.9,138.95,62.0,4.0,21635.0,5771.0,409.0,3867.0,43.0,11545.0,"Greer, SC: Greenville-Spartanburg International"
GSP,2025,12,1576.0,455.0,125.58,18.43,94.83,0.0,216.15,32.0,5.0,37855.0,11205.0,3140.0,4521.0,0.0,18989.0,"Greer, SC: Greenville-Spartanburg International"
GSP,2026,1,1453.0,274.0,93.05,16.04,66.17999999999999,0.0,98.72,141.0,4.0,17818.0,6295.0,1588.0,3208.0,0.0,6727.0,"Greer, SC: Greenville-Spartanburg International"
GSP,2026,2,1349.0,280.0,97.95,11.63,70.22,0.0,100.19,34.0,2.0,16925.0,5521.0,1116.0,2663.0,0.0,7625.0,"Greer, SC: Greenville-Spartanburg International"
GSP,2026,3,1637.0,418.0,133.29999999999998,17.64,84.5,0.0,182.58,71.0,2.0,29804.0,9268.0,2120.0,4041.0,0.0,14375.0,"Greer, SC: Greenville-Spartanburg International"
GSP,2026,4,1705.0,270.0,74.32000000000001,7.92,67.86,0.0,119.91,12.0,2.0,19209.0,4887.0,835.0,3789.0,0.0,9698.0,"Greer, SC: Greenville-Spartanburg International"
GSP,2026,5,1838.0,398.0,120.93,14.12,117.94,0.0,145.04,20.0,1.0,26379.0,7714.0,1291.0,6237.0,0.0,11137.0,"Greer, SC: Greenville-Spartanburg International"
GSP,2026,6,1809.0,432.0,140.75,21.32,99.6,0.0,170.27,40.0,0.0,32831.0,9902.0,3510.0,5158.0,0.0,14261.0,"Greer, SC: Greenville-Spartanburg International"
GSP,2026,7,1832.0,569.0,165.36,30.689999999999998,151.31,1.88,218.74,78.0,2.0,45935.0,11610.0,4743.0,9146.0,32.0,20236.0,"Greer, SC: Greenville-Spartanburg International"
GST,2025,8,31.0,3.0,1.97,0.0,1.03,0.0,0.0,2.0,1.0,79.0,63.0,0.0,16.0,0.0,0.0,"Gustavus, AK: Gustavus Airport"
GST,2026,6,25.0,2.0,0.81,0.0,0.19,0.0,1.0,1.0,0.0,177.0,13.0,0.0,3.0,0.0,161.0,"Gustavus, AK: Gustavus Airport"
GST,2026,7,31.0,7.0,0.22,0.0,1.23,0.0,5.55,2.0,0.0,366.0,10.0,0.0,26.0,0.0,330.0,"Gustavus, AK: Gustavus Airport"
GTF,2025,8,230.0,38.0,16.270000000000003,4.1000000000000005,4.32,0.0,13.32,1.0,1.0,2356.0,812.0,102.0,107.0,0.0,1335.0,"Great Falls, MT: Great Falls International"
GTF,2025,9,195.0,24.0,14.08,0.0,4.47,0.0,5.45,0.0,0.0,1307.0,935.0,0.0,144.0,0.0,228.0,"Great Falls, MT: Great Falls International"
GTF,2025,10,203.0,20.0,9.41,0.26,5.61,0.0,4.720000000000001,0.0,0.0,1168.0,674.0,21.0,158.0,0.0,315.0,"Great Falls, MT: Great Falls International"
GTF,2025,11,193.0,14.0,7.550000000000001,1.0,2.71,0.0,2.74,4.0,0.0,486.0,271.0,56.0,65.0,0.0,94.0,"Great Falls, MT: Great Falls International"
GTF,2025,12,207.0,26.0,14.08,3.85,4.85,0.0,3.2199999999999998,1.0,0.0,1290.0,527.0,336.0,302.0,0.0,125.0,"Great Falls, MT: Great Falls International"
GTF,2026,1,196.0,17.0,6.14,3.0,2.08,0.0,5.78,1.0,0.0,872.0,230.0,148.0,141.0,0.0,353.0,"Great Falls, MT: Great Falls International"
GTF,2026,2,178.0,28.0,12.360000000000001,2.0,7.319999999999999,0.0,6.319999999999999,1.0,0.0,1825.0,825.0,91.0,528.0,0.0,381.0,"Great Falls, MT: Great Falls International"
GTF,2026,3,203.0,34.0,16.7,4.76,6.04,0.0,6.5,6.0,1.0,2169.0,828.0,543.0,263.0,0.0,535.0,"Great Falls, MT: Great Falls International"
GTF,2026,4,197.0,16.0,11.51,0.0,2.4800000000000004,0.0,2.0100000000000002,0.0,0.0,820.0,615.0,0.0,135.0,0.0,70.0,"Great Falls, MT: Great Falls International"
GTF,2026,5,204.0,38.0,16.76,0.94,6.3999999999999995,0.0,13.9,0.0,0.0,1919.0,800.0,17.0,231.0,0.0,871.0,"Great Falls, MT: Great Falls International"
GTF,2026,6,201.0,41.0,13.73,1.47,8.530000000000001,0.0,17.27,0.0,0.0,1969.0,621.0,87.0,308.0,0.0,953.0,"Great Falls, MT: Great Falls International"
GTF,2026,7,218.0,41.0,15.469999999999999,2.24,5.22,0.0,18.07,0.0,0.0,2850.0,915.0,61.0,231.0,0.0,1643.0,"Great Falls, MT: Great Falls International"
GTR,2025,8,93.0,20.0,8.95,3.1599999999999997,2.53,0.0,5.36,1.0,0.0,1741.0,698.0,679.0,139.0,0.0,225.0,"Columbus, MS: Golden Triangle Regional"
GTR,2025,9,90.0,15.0,6.859999999999999,0.0,3.15,0.0,4.99,0.0,2.0,1255.0,677.0,0.0,131.0,0.0,447.0,"Columbus, MS: Golden Triangle Regional"
GTR,2025,10,95.0,8.0,3.12,0.0,1.36,0.0,3.52,1.0,0.0,444.0,92.0,0.0,62.0,0.0,290.0,"Columbus, MS: Golden Triangle Regional"
GTR,2025,11,90.0,15.0,5.13,2.0,0.33,0.0,7.53,2.0,0.0,1432.0,334.0,725.0,9.0,0.0,364.0,"Columbus, MS: Golden Triangle Regional"
GTR,2025,12,93.0,21.0,15.42,0.12,0.35,0.0,5.1,1.0,0.0,1244.0,777.0,11.0,17.0,0.0,439.0,"Columbus, MS: Golden Triangle Regional"
GTR,2026,1,93.0,16.0,3.9,2.9699999999999998,0.42,0.0,8.71,6.0,0.0,1073.0,172.0,225.0,24.0,0.0,652.0,"Columbus, MS: Golden Triangle Regional"
GTR,2026,2,84.0,8.0,3.63,1.0,0.39,0.0,2.99,0.0,0.0,793.0,445.0,217.0,22.0,0.0,109.0,"Columbus, MS: Golden Triangle Regional"
GTR,2026,3,93.0,16.0,4.82,0.69,1.9,0.0,8.6,1.0,0.0,1437.0,372.0,120.0,146.0,0.0,799.0,"Columbus, MS: Golden Triangle Regional"
GTR,2026,4,90.0,27.0,9.25,1.83,3.15,0.0,12.77,0.0,0.0,1594.0,309.0,100.0,263.0,0.0,922.0,"Columbus, MS: Golden Triangle Regional"
GTR,2026,5,93.0,19.0,5.54,1.0,1.59,0.0,10.870000000000001,3.0,0.0,2264.0,866.0,106.0,138.0,0.0,1154.0,"Columbus, MS: Golden Triangle Regional"
GTR,2026,6,90.0,26.0,13.12,0.74,3.01,0.0,9.129999999999999,3.0,0.0,1559.0,604.0,36.0,406.0,0.0,513.0,"Columbus, MS: Golden Triangle Regional"
GTR,2026,7,93.0,40.0,14.940000000000001,2.7800000000000002,5.8100000000000005,0.0,16.46,3.0,0.0,2696.0,983.0,218.0,271.0,0.0,1224.0,"Columbus, MS: Golden Triangle Regional"
GUC,2025,8,99.0,23.0,4.62,1.0,6.89,0.0,10.49,0.0,2.0,2630.0,162.0,54.0,1030.0,0.0,1384.0,"Gunnison, CO: Gunnison-Crested Butte Regional"
GUC,2025,9,90.0,14.0,6.77,1.89,5.34,0.0,0.0,0.0,0.0,1302.0,317.0,78.0,907.0,0.0,0.0,"Gunnison, CO: Gunnison-Crested Butte Regional"
GUC,2025,10,87.0,11.0,4.18,1.0,3.83,0.0,1.99,0.0,0.0,1056.0,835.0,42.0,116.0,0.0,63.0,"Gunnison, CO: Gunnison-Crested Butte Regional"
GUC,2025,11,59.0,7.0,4.38,1.0,0.63,0.0,1.0,1.0,1.0,280.0,195.0,16.0,15.0,0.0,54.0,"Gunnison, CO: Gunnison-Crested Butte Regional"
GUC,2025,12,121.0,23.0,8.979999999999999,1.1,6.14,0.0,6.77,0.0,0.0,1595.0,492.0,29.0,537.0,0.0,537.0,"Gunnison, CO: Gunnison-Crested Butte Regional"
GUC,2026,1,180.0,33.0,13.64,6.6899999999999995,2.86,0.0,9.8,9.0,7.0,2330.0,895.0,586.0,162.0,0.0,687.0,"Gunnison, CO: Gunnison-Crested Butte Regional"
GUC,2026,2,172.0,31.0,14.69,0.0,8.35,0.0,7.97,2.0,2.0,2169.0,1382.0,0.0,373.0,0.0,414.0,"Gunnison, CO: Gunnison-Crested Butte Regional"
GUC,2026,3,191.0,28.0,12.78,2.0,7.86,0.0,5.37,11.0,2.0,1635.0,696.0,162.0,521.0,0.0,256.0,"Gunnison, CO: Gunnison-Crested Butte Regional"
GUC,2026,4,78.0,9.0,6.0,0.0,1.0,0.0,2.0,0.0,0.0,392.0,306.0,0.0,19.0,0.0,67.0,"Gunnison, CO: Gunnison-Crested Butte Regional"
GUC,2026,5,73.0,13.0,5.77,0.0,0.39,0.0,6.84,0.0,0.0,1494.0,212.0,0.0,17.0,0.0,1265.0,"Gunnison, CO: Gunnison-Crested Butte Regional"
GUC,2026,6,111.0,29.0,14.32,4.02,3.84,0.0,6.82,1.0,0.0,3173.0,1351.0,1070.0,130.0,0.0,622.0,"Gunnison, CO: Gunnison-Crested Butte Regional"
GUC,2026,7,132.0,39.0,21.3,1.93,5.779999999999999,0.0,9.98,0.0,0.0,3256.0,1695.0,87.0,344.0,0.0,1130.0,"Gunnison, CO: Gunnison-Crested Butte Regional"
GUF,2025,8,40.0,4.0,0.32,0.0,1.78,0.0,1.9,0.0,0.0,209.0,26.0,0.0,105.0,0.0,78.0,"Gulf Shores, AL: Gulf Shores International Jack Edwards Field"
GUF,2025,9,25.0,0.0,0.0,0.0,0.0,0.0,0.0,0.0,0.0,0.0,0.0,0.0,0.0,0.0,0.0,"Gulf Shores, AL: Gulf Shores International Jack Edwards Field"
GUF,2025,10,45.0,2.0,2.0,0.0,0.0,0.0,0.0,0.0,1.0,121.0,121.0,0.0,0.0,0.0,0.0,"Gulf Shores, AL: Gulf Shores International Jack Edwards Field"
GUF,2025,11,49.0,4.0,0.0,1.0,0.0,0.0,3.0,1.0,0.0,155.0,0.0,63.0,0.0,0.0,92.0,"Gulf Shores, AL: Gulf Shores International Jack Edwards Field"
GUF,2025,12,44.0,11.0,2.33,1.0,2.39,0.0,5.28,3.0,3.0,553.0,115.0,24.0,98.0,0.0,316.0,"Gulf Shores, AL: Gulf Shores International Jack Edwards Field"
GUF,2026,1,34.0,6.0,3.21,0.99,1.01,0.0,0.79,1.0,0.0,314.0,183.0,88.0,24.0,0.0,19.0,"Gulf Shores, AL: Gulf Shores International Jack Edwards Field"
GUF,2026,2,37.0,10.0,2.65,0.0,2.2,0.0,5.16,0.0,1.0,647.0,373.0,0.0,87.0,0.0,187.0,"Gulf Shores, AL: Gulf Shores International Jack Edwards Field"
GUF,2026,3,45.0,7.0,2.13,0.0,0.57,0.0,4.3,2.0,0.0,669.0,167.0,0.0,37.0,0.0,465.0,"Gulf Shores, AL: Gulf Shores International Jack Edwards Field"
GUF,2026,4,52.0,4.0,2.0,0.0,0.33,0.0,1.67,1.0,0.0,124.0,44.0,0.0,9.0,0.0,71.0,"Gulf Shores, AL: Gulf Shores International Jack Edwards Field"
GUF,2026,5,86.0,31.0,6.27,3.3,8.01,0.0,13.42,2.0,0.0,2119.0,899.0,116.0,321.0,0.0,783.0,"Gulf Shores, AL: Gulf Shores International Jack Edwards Field"
GUF,2026,6,126.0,38.0,9.8,2.22,3.43,0.0,22.56,0.0,2.0,4752.0,2293.0,233.0,318.0,0.0,1908.0,"Gulf Shores, AL: Gulf Shores International Jack Edwards Field"
GUF,2026,7,133.0,42.0,9.51,2.29,3.54,0.0,26.66,3.0,0.0,4892.0,1503.0,325.0,160.0,0.0,2904.0,"Gulf Shores, AL: Gulf Shores International Jack Edwards Field"
GUM,2025,8,62.0,11.0,8.83,0.0,2.0,0.0,0.17,0.0,0.0,518.0,449.0,0.0,58.0,0.0,11.0,"Guam, TT: Guam International"
GUM,2025,9,60.0,5.0,1.93,0.0,0.13,0.0,2.94,0.0,0.0,265.0,92.0,0.0,4.0,0.0,169.0,"Guam, TT: Guam International"
GUM,2025,10,62.0,2.0,0.91,0.0,0.0,0.0,1.09,1.0,0.0,136.0,43.0,0.0,0.0,0.0,93.0,"Guam, TT: Guam International"
GUM,2025,11,60.0,3.0,0.12,0.0,0.0,0.0,2.88,0.0,0.0,209.0,5.0,0.0,0.0,0.0,204.0,"Guam, TT: Guam International"
GUM,2025,12,62.0,6.0,1.12,0.42,1.05,0.0,3.41,0.0,0.0,393.0,40.0,14.0,66.0,0.0,273.0,"Guam, TT: Guam International"
GUM,2026,1,62.0,8.0,3.07,0.0,2.46,0.0,2.47,1.0,0.0,220.0,72.0,0.0,97.0,0.0,51.0,"Guam, TT: Guam International"
GUM,2026,2,56.0,12.0,3.65,0.0,7.16,0.0,1.19,0.0,0.0,532.0,294.0,0.0,206.0,0.0,32.0,"Guam, TT: Guam International"
GUM,2026,3,62.0,21.0,8.78,1.55,7.48,0.0,3.19,0.0,0.0,1249.0,285.0,44.0,186.0,0.0,734.0,"Guam, TT: Guam International"
GUM,2026,4,60.0,13.0,5.16,0.0,2.26,0.0,5.58,9.0,0.0,1568.0,170.0,0.0,55.0,0.0,1343.0,"Guam, TT: Guam International"
GUM,2026,5,62.0,14.0,7.67,1.0,0.8,0.0,4.53,0.0,0.0,488.0,228.0,45.0,17.0,0.0,198.0,"Guam, TT: Guam International"
GUM,2026,6,60.0,5.0,3.18,0.0,1.82,0.0,0.0,0.0,0.0,163.0,76.0,0.0,87.0,0.0,0.0,"Guam, TT: Guam International"
GUM,2026,7,62.0,17.0,8.61,0.0,5.92,0.0,2.47,5.0,0.0,1561.0,260.0,0.0,1221.0,0.0,80.0,"Guam, TT: Guam International"
HDN,2025,8,125.0,34.0,8.61,1.91,6.39,0.0,17.099999999999998,0.0,0.0,2943.0,626.0,195.0,968.0,0.0,1154.0,"Hayden, CO: Yampa Valley"
HDN,2025,9,111.0,18.0,5.12,0.0,8.03,1.0,3.86,0.0,0.0,852.0,177.0,0.0,406.0,28.0,241.0,"Hayden, CO: Yampa Valley"
HDN,2025,10,109.0,17.0,11.67,0.0,3.2199999999999998,0.0,2.12,0.0,0.0,571.0,396.0,0.0,70.0,0.0,105.0,"Hayden, CO: Yampa Valley"
HDN,2025,11,89.0,9.0,5.08,0.1,0.0,0.0,2.8200000000000003,0.0,1.0,962.0,203.0,28.0,0.0,0.0,397.0,"Hayden, CO: Yampa Valley"
HDN,2025,12,285.0,95.0,30.46,6.01,26.160000000000004,0.0,32.39,5.0,5.0,7573.0,2102.0,950.0,1364.0,0.0,3157.0,"Hayden, CO: Yampa Valley"
HDN,2026,1,400.0,73.0,29.61,3.6399999999999997,25.939999999999998,0.0,13.790000000000001,6.0,4.0,3767.0,1469.0,372.0,1066.0,0.0,860.0,"Hayden, CO: Yampa Valley"
HDN,2026,2,406.0,180.0,33.19,10.32,119.49,0.0,17.0,5.0,3.0,11051.0,1987.0,1019.0,6435.0,0.0,1610.0,"Hayden, CO: Yampa Valley"
HDN,2026,3,463.0,170.0,44.1,5.25,77.88,0.0,42.79,3.0,2.0,12995.0,3057.0,610.0,6259.0,0.0,3069.0,"Hayden, CO: Yampa Valley"
HDN,2026,4,128.0,23.0,6.94,2.21,4.63,0.0,9.219999999999999,1.0,0.0,2190.0,432.0,405.0,137.0,0.0,1216.0,"Hayden, CO: Yampa Valley"
HDN,2026,5,104.0,31.0,10.81,0.0,9.01,0.0,11.18,0.0,0.0,1588.0,608.0,0.0,309.0,0.0,671.0,"Hayden, CO: Yampa Valley"
HDN,2026,6,128.0,51.0,21.169999999999998,1.8,11.04,0.0,16.99,0.0,0.0,4303.0,982.0,1480.0,375.0,0.0,1466.0,"Hayden, CO: Yampa Valley"
HDN,2026,7,137.0,39.0,17.36,1.32,4.38,0.0,15.95,1.0,1.0,3200.0,1145.0,458.0,257.0,0.0,1340.0,"Hayden, CO: Yampa Valley"
HEZ,2026,7,31.0,8.0,5.6,0.0,1.86,0.0,0.54,1.0,0.0,279.0,149.0,0.0,96.0,0.0,34.0,"Natchez, MS: Hardy-Anders Field Natchez-Adams County"
HGR,2025,8,39.0,16.0,3.14,4.0,1.86,0.0,7.01,0.0,0.0,1193.0,201.0,151.0,84.0,0.0,757.0,"Hagerstown, MD: Hagerstown Regional-Richard A. Henson Field"
HGR,2025,9,18.0,9.0,2.41,0.0,1.07,0.0,5.52,0.0,0.0,509.0,149.0,0.0,46.0,0.0,314.0,"Hagerstown, MD: Hagerstown Regional-Richard A. Henson Field"
HGR,2025,10,30.0,8.0,3.98,0.0,0.79,0.0,3.23,0.0,0.0,597.0,279.0,0.0,31.0,0.0,287.0,"Hagerstown, MD: Hagerstown Regional-Richard A. Henson Field"
HGR,2025,11,19.0,4.0,2.43,0.0,0.55,0.0,1.02,0.0,0.0,216.0,149.0,0.0,10.0,0.0,57.0,"Hagerstown, MD: Hagerstown Regional-Richard A. Henson Field"
HGR,2025,12,22.0,15.0,1.56,0.78,3.65,0.54,8.48,0.0,0.0,1025.0,132.0,158.0,153.0,13.0,569.0,"Hagerstown, MD: Hagerstown Regional-Richard A. Henson Field"
HGR,2026,1,18.0,7.0,3.41,0.48,1.08,0.0,2.02,0.0,0.0,1262.0,1130.0,31.0,43.0,0.0,58.0,"Hagerstown, MD: Hagerstown Regional-Richard A. Henson Field"
HGR,2026,2,16.0,4.0,2.0,0.0,1.1,0.0,0.91,0.0,0.0,157.0,88.0,0.0,30.0,0.0,39.0,"Hagerstown, MD: Hagerstown Regional-Richard A. Henson Field"
HGR,2026,3,18.0,2.0,0.51,1.0,0.49,0.0,0.0,0.0,1.0,93.0,32.0,30.0,31.0,0.0,0.0,"Hagerstown, MD: Hagerstown Regional-Richard A. Henson Field"
HGR,2026,4,17.0,0.0,0.0,0.0,0.0,0.0,0.0,0.0,0.0,0.0,0.0,0.0,0.0,0.0,0.0,"Hagerstown, MD: Hagerstown Regional-Richard A. Henson Field"
HGR,2026,5,21.0,2.0,0.0,0.69,0.14,0.0,1.17,0.0,0.0,140.0,0.0,48.0,10.0,0.0,82.0,"Hagerstown, MD: Hagerstown Regional-Richard A. Henson Field"
HGR,2026,6,34.0,10.0,0.34,2.1,2.22,0.0,5.33,0.0,1.0,1235.0,22.0,395.0,85.0,0.0,733.0,"Hagerstown, MD: Hagerstown Regional-Richard A. Henson Field"
HGR,2026,7,35.0,12.0,3.93,1.3,2.64,0.0,4.13,0.0,0.0,895.0,219.0,147.0,96.0,0.0,433.0,"Hagerstown, MD: Hagerstown Regional-Richard A. Henson Field"
HHH,2025,8,260.0,40.0,14.139999999999999,0.0,17.33,0.0,8.530000000000001,0.0,8.0,1833.0,879.0,0.0,483.0,0.0,471.0,"Hilton Head, SC: Hilton Head Airport"
HHH,2025,9,220.0,16.0,8.0,1.0,5.38,0.0,1.62,1.0,0.0,893.0,594.0,70.0,133.0,0.0,96.0,"Hilton Head, SC: Hilton Head Airport"
HHH,2025,10,205.0,29.0,8.16,0.0,12.49,0.0,8.35,0.0,0.0,2188.0,652.0,0.0,512.0,0.0,1024.0,"Hilton Head, SC: Hilton Head Airport"
HHH,2025,11,120.0,13.0,2.21,0.75,2.98,0.0,7.07,2.0,0.0,669.0,90.0,15.0,119.0,0.0,445.0,"Hilton Head, SC: Hilton Head Airport"
HHH,2025,12,108.0,24.0,7.04,2.0100000000000002,5.57,0.0,9.370000000000001,2.0,2.0,1225.0,255.0,80.0,281.0,0.0,609.0,"Hilton Head, SC: Hilton Head Airport"
HHH,2026,1,67.0,6.0,1.17,0.15,0.13,0.0,4.55,7.0,1.0,569.0,77.0,39.0,17.0,0.0,436.0,"Hilton Head, SC: Hilton Head Airport"
HHH,2026,2,90.0,17.0,2.78,0.0,3.48,0.0,10.74,4.0,0.0,731.0,109.0,0.0,75.0,0.0,547.0,"Hilton Head, SC: Hilton Head Airport"
HHH,2026,3,134.0,22.0,4.76,2.47,4.44,0.0,10.32,3.0,0.0,1693.0,185.0,79.0,391.0,0.0,1038.0,"Hilton Head, SC: Hilton Head Airport"
HHH,2026,4,263.0,47.0,9.379999999999999,0.0,22.08,0.0,15.54,0.0,1.0,2740.0,491.0,0.0,770.0,0.0,1479.0,"Hilton Head, SC: Hilton Head Airport"
HHH,2026,5,311.0,51.0,19.259999999999998,1.75,16.33,0.0,13.66,2.0,10.0,3092.0,1227.0,141.0,597.0,0.0,1127.0,"Hilton Head, SC: Hilton Head Airport"
HHH,2026,6,294.0,45.0,15.040000000000001,0.43,21.060000000000002,0.0,8.48,0.0,1.0,3305.0,1627.0,21.0,725.0,0.0,932.0,"Hilton Head, SC: Hilton Head Airport"
HHH,2026,7,301.0,51.0,20.25,1.41,17.78,0.0,11.579999999999998,5.0,1.0,3693.0,1691.0,99.0,987.0,0.0,916.0,"Hilton Head, SC: Hilton Head Airport"
HIB,2025,8,54.0,11.0,6.54,2.89,1.57,0.0,0.0,0.0,0.0,775.0,407.0,311.0,57.0,0.0,0.0,"Hibbing, MN: Range Regional"
HIB,2025,9,51.0,9.0,3.0,6.0,0.0,0.0,0.0,0.0,0.0,869.0,209.0,660.0,0.0,0.0,0.0,"Hibbing, MN: Range Regional"
HIB,2025,10,53.0,3.0,1.0,1.42,0.58,0.0,0.0,0.0,0.0,219.0,165.0,39.0,15.0,0.0,0.0,"Hibbing, MN: Range Regional"
HIB,2025,11,52.0,8.0,4.36,1.75,1.9,0.0,0.0,5.0,0.0,770.0,530.0,100.0,140.0,0.0,0.0,"Hibbing, MN: Range Regional"
HIB,2025,12,53.0,23.0,17.74,2.23,2.5,0.53,0.0,1.0,1.0,2196.0,1454.0,477.0,231.0,34.0,0.0,"Hibbing, MN: Range Regional"
HIB,2026,1,53.0,11.0,7.86,3.0,0.14,0.0,0.0,0.0,0.0,1082.0,824.0,250.0,8.0,0.0,0.0,"Hibbing, MN: Range Regional"
HIB,2026,2,48.0,10.0,8.34,0.89,0.76,0.0,0.0,0.0,0.0,762.0,579.0,150.0,33.0,0.0,0.0,"Hibbing, MN: Range Regional"
HIB,2026,3,53.0,5.0,5.0,0.0,0.0,0.0,0.0,2.0,0.0,434.0,434.0,0.0,0.0,0.0,0.0,"Hibbing, MN: Range Regional"
HIB,2026,4,51.0,7.0,4.86,1.82,0.32,0.0,0.0,1.0,0.0,580.0,274.0,268.0,38.0,0.0,0.0,"Hibbing, MN: Range Regional"
HIB,2026,5,56.0,4.0,3.0,1.0,0.0,0.0,0.0,0.0,0.0,232.0,183.0,49.0,0.0,0.0,0.0,"Hibbing, MN: Range Regional"
HIB,2026,6,51.0,3.0,0.98,0.89,1.13,0.0,0.0,0.0,0.0,366.0,261.0,49.0,56.0,0.0,0.0,"Hibbing, MN: Range Regional"
HIB,2026,7,55.0,6.0,3.75,1.86,0.39,0.0,0.0,1.0,1.0,440.0,290.0,132.0,18.0,0.0,0.0,"Hibbing, MN: Range Regional"
HLN,2025,8,186.0,41.0,11.879999999999999,4.84,8.95,0.0,15.33,2.0,3.0,2653.0,535.0,363.0,504.0,0.0,1251.0,"Helena, MT: Helena Regional"
HLN,2025,9,180.0,23.0,9.83,2.0,6.59,0.0,4.58,0.0,0.0,1059.0,302.0,162.0,456.0,0.0,139.0,"Helena, MT: Helena Regional"
HLN,2025,10,180.0,15.0,6.619999999999999,1.0,3.3800000000000003,0.0,4.0,0.0,0.0,495.0,191.0,15.0,163.0,0.0,126.0,"Helena, MT: Helena Regional"
HLN,2025,11,147.0,13.0,6.15,2.0,0.61,0.0,4.24,3.0,0.0,704.0,269.0,159.0,24.0,0.0,252.0,"Helena, MT: Helena Regional"
HLN,2025,12,152.0,20.0,8.06,2.72,1.67,0.0,7.540000000000001,0.0,1.0,1540.0,593.0,269.0,105.0,0.0,573.0,"Helena, MT: Helena Regional"
HLN,2026,1,154.0,15.0,7.68,1.0,3.06,0.0,3.26,0.0,0.0,955.0,517.0,33.0,118.0,0.0,287.0,"Helena, MT: Helena Regional"
HLN,2026,2,140.0,14.0,5.970000000000001,1.0,3.5100000000000002,1.0,2.52,1.0,0.0,744.0,329.0,60.0,207.0,44.0,104.0,"Helena, MT: Helena Regional"
HLN,2026,3,155.0,19.0,10.68,0.0,4.02,0.0,4.3,3.0,0.0,1678.0,500.0,0.0,947.0,0.0,231.0,"Helena, MT: Helena Regional"
HLN,2026,4,150.0,6.0,3.94,0.0,0.06,0.0,2.0,0.0,0.0,443.0,180.0,0.0,1.0,0.0,262.0,"Helena, MT: Helena Regional"
HLN,2026,5,155.0,17.0,9.36,1.67,2.8499999999999996,0.0,3.1199999999999997,0.0,1.0,740.0,398.0,34.0,90.0,0.0,218.0,"Helena, MT: Helena Regional"
HLN,2026,6,150.0,34.0,15.309999999999999,3.0,7.17,0.0,8.52,0.0,0.0,2193.0,981.0,219.0,391.0,0.0,602.0,"Helena, MT: Helena Regional"
HLN,2026,7,154.0,40.0,17.56,2.65,4.95,0.92,13.91,0.0,2.0,2347.0,1195.0,106.0,237.0,49.0,760.0,"Helena, MT: Helena Regional"
HNL,2025,8,4920.0,681.0,387.09999999999997,5.68,67.53,3.88,216.83,16.0,16.0,41635.0,26742.0,368.0,1917.0,85.0,12523.0,"Honolulu, HI: Daniel K Inouye International"
HNL,2025,9,4484.0,539.0,304.76,7.17,67.02,3.8,156.26,15.0,3.0,32722.0,21159.0,275.0,1894.0,92.0,9302.0,"Honolulu, HI: Daniel K Inouye International"
HNL,2025,10,4681.0,729.0,408.58,6.74,82.16,2.06,229.45,26.0,2.0,47289.0,30116.0,339.0,2494.0,76.0,14264.0,"Honolulu, HI: Daniel K Inouye International"
HNL,2025,11,4621.0,650.0,336.20000000000005,11.05,57.96,1.07,243.73,80.0,11.0,39330.0,22178.0,1341.0,2052.0,50.0,13709.0,"Honolulu, HI: Daniel K Inouye International"
HNL,2025,12,5055.0,1227.0,453.99000000000007,83.94999999999999,187.11,3.4,498.56,31.0,16.0,79768.0,36246.0,3733.0,7118.0,203.0,32468.0,"Honolulu, HI: Daniel K Inouye International"
HNL,2026,1,5054.0,1080.0,421.88,63.03000000000001,147.47,2.7199999999999998,444.90000000000003,68.0,9.0,68317.0,31672.0,3450.0,5727.0,56.0,27412.0,"Honolulu, HI: Daniel K Inouye International"
HNL,2026,2,4472.0,975.0,425.97,54.44,155.84,1.46,337.27000000000004,55.0,7.0,52978.0,25991.0,2168.0,5508.0,59.0,19252.0,"Honolulu, HI: Daniel K Inouye International"
HNL,2026,3,5045.0,1228.0,497.30999999999995,81.44000000000001,232.17000000000002,0.59,415.46999999999997,121.0,25.0,81361.0,32678.0,5775.0,10135.0,35.0,32496.0,"Honolulu, HI: Daniel K Inouye International"
HNL,2026,4,4809.0,1175.0,508.33000000000004,14.15,296.53999999999996,1.5,353.48,26.0,8.0,56757.0,30540.0,520.0,8744.0,83.0,16584.0,"Honolulu, HI: Daniel K Inouye International"
HNL,2026,5,4952.0,908.0,312.29,7.64,233.22000000000003,5.81,349.03,56.0,6.0,42989.0,17106.0,511.0,7420.0,185.0,17767.0,"Honolulu, HI: Daniel K Inouye International"
HNL,2026,6,4898.0,859.0,309.01,8.52,234.63000000000002,5.12,300.71000000000004,40.0,4.0,40537.0,18709.0,650.0,6789.0,107.0,14155.0,"Honolulu, HI: Daniel K Inouye International"
HNL,2026,7,5111.0,1103.0,339.52,10.459999999999999,346.52,3.94,402.56,41.0,5.0,58659.0,24065.0,765.0,11201.0,142.0,22486.0,"Honolulu, HI: Daniel K Inouye International"
HOB,2025,8,62.0,28.0,9.15,0.0,8.45,0.0,10.41,1.0,0.0,4295.0,1157.0,0.0,895.0,0.0,2243.0,"Hobbs, NM: Lea County Regional"
HOB,2025,9,60.0,12.0,4.36,2.0,2.25,0.0,3.39,0.0,0.0,763.0,121.0,201.0,217.0,0.0,224.0,"Hobbs, NM: Lea County Regional"
HOB,2025,10,62.0,10.0,7.69,0.0,1.58,0.0,0.73,0.0,0.0,452.0,223.0,0.0,205.0,0.0,24.0,"Hobbs, NM: Lea County Regional"
HOB,2025,11,60.0,11.0,5.0,1.57,4.43,0.0,0.0,0.0,0.0,1662.0,1337.0,92.0,233.0,0.0,0.0,"Hobbs, NM: Lea County Regional"
HOB,2025,12,62.0,15.0,8.57,0.0,2.83,0.0,3.6,0.0,0.0,1633.0,1157.0,0.0,148.0,0.0,328.0,"Hobbs, NM: Lea County Regional"
HOB,2026,1,62.0,7.0,6.05,0.0,0.95,0.0,0.0,7.0,0.0,1883.0,1863.0,0.0,20.0,0.0,0.0,"Hobbs, NM: Lea County Regional"
HOB,2026,2,56.0,9.0,6.0,1.77,1.23,0.0,0.0,0.0,0.0,1246.0,963.0,141.0,142.0,0.0,0.0,"Hobbs, NM: Lea County Regional"
HOB,2026,3,62.0,15.0,6.97,3.48,2.55,0.0,2.0,0.0,1.0,4028.0,2473.0,1113.0,385.0,0.0,57.0,"Hobbs, NM: Lea County Regional"
HOB,2026,4,60.0,18.0,8.38,1.0,2.95,0.0,5.67,0.0,1.0,2057.0,1241.0,97.0,275.0,0.0,444.0,"Hobbs, NM: Lea County Regional"
HOB,2026,5,62.0,23.0,4.48,1.0,7.11,0.0,10.41,1.0,1.0,1966.0,201.0,47.0,463.0,0.0,1255.0,"Hobbs, NM: Lea County Regional"
HOB,2026,6,60.0,19.0,6.04,3.94,1.15,0.0,7.87,1.0,1.0,3499.0,423.0,1115.0,131.0,0.0,1830.0,"Hobbs, NM: Lea County Regional"
HOB,2026,7,61.0,12.0,5.59,0.0,0.81,0.0,5.6,0.0,2.0,1080.0,495.0,0.0,82.0,0.0,503.0,"Hobbs, NM: Lea County Regional"
HOU,2025,8,4642.0,946.0,244.70999999999998,36.470000000000006,238.38,4.9,421.53999999999996,13.0,26.0,50962.0,13164.0,2760.0,10590.0,173.0,24275.0,"Houston, TX: William P Hobby"
HOU,2025,9,4451.0,602.0,175.72,10.97,132.71,4.3,278.31,3.0,1.0,29962.0,8594.0,822.0,5187.0,234.0,15125.0,"Houston, TX: William P Hobby"
HOU,2025,10,4883.0,973.0,277.15999999999997,12.54,199.33,3.58,480.40999999999997,12.0,7.0,47277.0,12896.0,974.0,8183.0,124.0,25100.0,"Houston, TX: William P Hobby"
HOU,2025,11,4548.0,941.0,231.56,15.89,268.91,2.61,421.03,102.0,3.0,56641.0,11568.0,1050.0,16489.0,114.0,27322.0,"Houston, TX: William P Hobby"
HOU,2025,12,4633.0,942.0,316.26,7.68,124.21,5.91,487.91999999999996,22.0,4.0,50668.0,15636.0,831.0,4573.0,190.0,29438.0,"Houston, TX: William P Hobby"
HOU,2026,1,4079.0,498.0,155.18,7.609999999999999,103.39,0.5,231.32,101.0,3.0,21144.0,6791.0,516.0,3385.0,39.0,10413.0,"Houston, TX: William P Hobby"
HOU,2026,2,3830.0,551.0,198.62,10.01,101.64,3.93,236.8,27.0,7.0,27742.0,9330.0,1215.0,4556.0,197.0,12444.0,"Houston, TX: William P Hobby"
HOU,2026,3,4579.0,1343.0,372.74,12.64,429.99,9.05,517.6,74.0,1.0,76074.0,20446.0,1456.0,19605.0,260.0,34229.0,"Houston, TX: William P Hobby"
HOU,2026,4,4419.0,1007.0,291.26,13.69,269.95,4.51,426.59,11.0,1.0,46931.0,14138.0,1070.0,9955.0,132.0,21495.0,"Houston, TX: William P Hobby"
HOU,2026,5,4533.0,1332.0,423.96,31.55,306.95,2.7,566.8399999999999,30.0,10.0,66711.0,20080.0,2631.0,12720.0,151.0,31129.0,"Houston, TX: William P Hobby"
HOU,2026,6,4512.0,1467.0,442.06,31.18,296.21000000000004,3.28,694.26,37.0,10.0,78578.0,22941.0,2521.0,13481.0,119.0,39516.0,"Houston, TX: William P Hobby"
HOU,2026,7,4774.0,1418.0,490.26,30.01,245.56,6.02,646.15,50.0,12.0,79467.0,26967.0,2544.0,12609.0,200.0,37147.0,"Houston, TX: William P Hobby"
HPN,2025,8,1039.0,229.0,75.6,13.290000000000001,46.17,0.23,93.69999999999999,6.0,3.0,17155.0,4434.0,818.0,2270.0,10.0,9623.0,"White Plains, NY: Westchester County"
HPN,2025,9,1009.0,139.0,55.03,4.88,24.19,1.5,53.410000000000004,4.0,4.0,9905.0,3966.0,216.0,1115.0,48.0,4560.0,"White Plains, NY: Westchester County"
HPN,2025,10,1075.0,208.0,61.76,8.4,59.79,0.5,77.56,4.0,7.0,14445.0,3843.0,1752.0,2859.0,10.0,5981.0,"White Plains, NY: Westchester County"
HPN,2025,11,1031.0,211.0,64.05,6.09,57.94,0.3,82.64,33.0,18.0,16828.0,4479.0,736.0,3838.0,18.0,7757.0,"White Plains, NY: Westchester County"
HPN,2025,12,1058.0,395.0,110.03,10.01,101.86,0.1,173.0,35.0,12.0,31996.0,8668.0,978.0,5241.0,10.0,17099.0,"White Plains, NY: Westchester County"
HPN,2026,1,1081.0,293.0,82.09,10.55,85.57000000000001,0.0,114.82,75.0,14.0,21947.0,6117.0,1094.0,4739.0,0.0,9997.0,"White Plains, NY: Westchester County"
HPN,2026,2,977.0,284.0,90.12,7.6,86.24000000000001,0.5,99.53999999999999,73.0,2.0,18510.0,5790.0,476.0,4227.0,11.0,8006.0,"White Plains, NY: Westchester County"
HPN,2026,3,1088.0,320.0,94.77000000000001,12.66,89.0,2.76,120.84,43.0,18.0,22682.0,7074.0,1224.0,4054.0,145.0,10185.0,"White Plains, NY: Westchester County"
HPN,2026,4,1056.0,262.0,77.85,5.92,75.91,0.0,102.3,10.0,24.0,16430.0,4549.0,594.0,3061.0,0.0,8226.0,"White Plains, NY: Westchester County"
HPN,2026,5,956.0,201.0,73.32,8.25,54.7,0.51,64.21000000000001,9.0,14.0,12129.0,4479.0,495.0,2407.0,26.0,4722.0,"White Plains, NY: Westchester County"
HPN,2026,6,974.0,212.0,63.839999999999996,7.71,53.03,0.06,87.36,27.0,13.0,16225.0,4691.0,1353.0,2395.0,7.0,7779.0,"White Plains, NY: Westchester County"
HPN,2026,7,1059.0,336.0,87.07,17.39,108.51,0.0,123.05,79.0,23.0,31333.0,8864.0,2441.0,5742.0,0.0,14286.0,"White Plains, NY: Westchester County"
HRL,2025,8,445.0,97.0,22.86,5.46,12.4,0.0,56.28,3.0,0.0,5175.0,855.0,346.0,445.0,0.0,3529.0,"Harlingen/San Benito, TX: Valley International"
HRL,2025,9,434.0,58.0,14.309999999999999,0.5,11.16,0.67,31.37,1.0,0.0,3640.0,561.0,36.0,589.0,18.0,2436.0,"Harlingen/San Benito, TX: Valley International"
HRL,2025,10,476.0,89.0,33.769999999999996,1.4700000000000002,6.85,0.0,46.93,5.0,0.0,5497.0,2880.0,82.0,175.0,0.0,2360.0,"Harlingen/San Benito, TX: Valley International"
HRL,2025,11,473.0,95.0,31.64,2.6,13.66,0.0,47.1,12.0,0.0,5588.0,2029.0,138.0,427.0,0.0,2994.0,"Harlingen/San Benito, TX: Valley International"
HRL,2025,12,479.0,89.0,34.4,0.06,12.41,0.17,41.96,2.0,1.0,4799.0,1878.0,7.0,466.0,4.0,2444.0,"Harlingen/San Benito, TX: Valley International"
HRL,2026,1,437.0,60.0,17.57,2.12,12.89,0.0,27.42,9.0,0.0,2674.0,797.0,191.0,508.0,0.0,1178.0,"Harlingen/San Benito, TX: Valley International"
HRL,2026,2,397.0,50.0,26.139999999999997,1.6800000000000002,4.8100000000000005,0.34,17.04,2.0,0.0,2150.0,857.0,98.0,143.0,15.0,1037.0,"Harlingen/San Benito, TX: Valley International"
HRL,2026,3,450.0,82.0,31.76,1.06,9.5,0.0,39.68,5.0,0.0,5517.0,2298.0,60.0,415.0,0.0,2744.0,"Harlingen/San Benito, TX: Valley International"
HRL,2026,4,441.0,84.0,35.55,5.88,8.25,0.0,34.33,2.0,0.0,4978.0,2296.0,306.0,325.0,0.0,2051.0,"Harlingen/San Benito, TX: Valley International"
HRL,2026,5,421.0,106.0,36.17,3.8200000000000003,10.71,0.0,55.3,9.0,1.0,9366.0,2804.0,1211.0,602.0,0.0,4749.0,"Harlingen/San Benito, TX: Valley International"
HRL,2026,6,443.0,134.0,51.11,5.66,15.780000000000001,0.72,60.72,10.0,0.0,10526.0,4635.0,510.0,796.0,43.0,4542.0,"Harlingen/San Benito, TX: Valley International"
HRL,2026,7,414.0,115.0,46.25,5.21,10.46,0.0,53.080000000000005,3.0,0.0,7505.0,2934.0,363.0,599.0,0.0,3609.0,"Harlingen/San Benito, TX: Valley International"
HSV,2025,8,1193.0,277.0,104.58000000000001,15.22,47.18,0.0,110.0,18.0,2.0,24069.0,8941.0,2255.0,2302.0,0.0,10571.0,"Huntsville, AL: Huntsville International-Carl T Jones Field"
HSV,2025,9,1128.0,181.0,72.75,4.749999999999999,32.12,0.0,71.36,5.0,3.0,11544.0,4065.0,785.0,1411.0,0.0,5283.0,"Huntsville, AL: Huntsville International-Carl T Jones Field"
HSV,2025,10,1208.0,211.0,91.45,5.29,48.1,0.0,66.15,3.0,0.0,11499.0,4585.0,719.0,1776.0,0.0,4419.0,"Huntsville, AL: Huntsville International-Carl T Jones Field"
HSV,2025,11,1178.0,220.0,87.45,6.87,46.31,0.0,79.39,32.0,0.0,16761.0,6797.0,434.0,2509.0,0.0,7021.0,"Huntsville, AL: Huntsville International-Carl T Jones Field"
HSV,2025,12,1097.0,305.0,103.1,18.1,55.95,0.71,127.12,10.0,2.0,28535.0,8368.0,2751.0,3860.0,12.0,13544.0,"Huntsville, AL: Huntsville International-Carl T Jones Field"
HSV,2026,1,1004.0,210.0,76.08,18.5,37.44,0.0,77.94,60.0,2.0,19575.0,7511.0,2027.0,2257.0,0.0,7780.0,"Huntsville, AL: Huntsville International-Carl T Jones Field"
HSV,2026,2,969.0,165.0,60.04,8.56,24.07,0.0,72.34,20.0,2.0,14773.0,5420.0,2410.0,1225.0,0.0,5718.0,"Huntsville, AL: Huntsville International-Carl T Jones Field"
HSV,2026,3,1187.0,307.0,102.0,21.85,53.95,0.0,129.21,47.0,4.0,33909.0,10334.0,3976.0,4042.0,0.0,15557.0,"Huntsville, AL: Huntsville International-Carl T Jones Field"
HSV,2026,4,1169.0,214.0,81.96000000000001,10.97,35.45,0.0,85.65,19.0,2.0,16287.0,5419.0,1464.0,1654.0,0.0,7750.0,"Huntsville, AL: Huntsville International-Carl T Jones Field"
HSV,2026,5,1262.0,267.0,81.55,14.11,50.64,0.0,120.72,15.0,5.0,21986.0,5633.0,1982.0,2155.0,0.0,12216.0,"Huntsville, AL: Huntsville International-Carl T Jones Field"
HSV,2026,6,1241.0,283.0,92.22999999999999,18.39,52.73,0.0,119.64,38.0,5.0,26228.0,7727.0,2048.0,3073.0,0.0,13380.0,"Huntsville, AL: Huntsville International-Carl T Jones Field"
HSV,2026,7,1300.0,373.0,109.28999999999999,23.79,78.49,0.75,160.67000000000002,34.0,3.0,29575.0,7911.0,2800.0,4596.0,12.0,14256.0,"Huntsville, AL: Huntsville International-Carl T Jones Field"
HTS,2025,8,170.0,34.0,12.260000000000002,2.5700000000000003,5.63,0.0,13.530000000000001,1.0,1.0,2651.0,1338.0,193.0,241.0,0.0,879.0,"Ashland, WV: Tri-State/Milton J. Ferguson Field"
HTS,2025,9,104.0,11.0,4.14,2.0700000000000003,1.19,0.0,3.6,0.0,0.0,464.0,186.0,77.0,58.0,0.0,143.0,"Ashland, WV: Tri-State/Milton J. Ferguson Field"
HTS,2025,10,125.0,24.0,5.02,0.0,5.66,0.0,13.309999999999999,0.0,1.0,1402.0,350.0,0.0,266.0,0.0,786.0,"Ashland, WV: Tri-State/Milton J. Ferguson Field"
HTS,2025,11,112.0,18.0,6.87,0.8,2.06,0.0,8.26,4.0,1.0,1097.0,434.0,156.0,87.0,0.0,420.0,"Ashland, WV: Tri-State/Milton J. Ferguson Field"
HTS,2025,12,122.0,25.0,3.34,3.2,2.63,0.0,15.829999999999998,1.0,0.0,1506.0,91.0,170.0,107.0,0.0,1138.0,"Ashland, WV: Tri-State/Milton J. Ferguson Field"
HTS,2026,1,120.0,19.0,7.4,0.68,3.42,0.45,7.050000000000001,11.0,0.0,1733.0,694.0,127.0,345.0,9.0,558.0,"Ashland, WV: Tri-State/Milton J. Ferguson Field"
HTS,2026,2,106.0,23.0,6.83,4.42,1.6700000000000002,0.0,10.09,3.0,2.0,3154.0,1216.0,251.0,89.0,0.0,1598.0,"Ashland, WV: Tri-State/Milton J. Ferguson Field"
HTS,2026,3,118.0,25.0,5.85,0.46,6.17,0.93,11.579999999999998,1.0,0.0,2220.0,429.0,48.0,458.0,14.0,1271.0,"Ashland, WV: Tri-State/Milton J. Ferguson Field"
HTS,2026,4,117.0,13.0,4.92,0.0,1.94,0.0,6.140000000000001,0.0,1.0,745.0,285.0,0.0,96.0,0.0,364.0,"Ashland, WV: Tri-State/Milton J. Ferguson Field"
HTS,2026,5,123.0,27.0,8.02,2.2199999999999998,1.03,0.0,15.73,0.0,0.0,2311.0,572.0,217.0,51.0,0.0,1471.0,"Ashland, WV: Tri-State/Milton J. Ferguson Field"
HTS,2026,6,148.0,48.0,8.48,8.18,7.5600000000000005,0.0,23.79,1.0,0.0,3635.0,423.0,1450.0,224.0,0.0,1538.0,"Ashland, WV: Tri-State/Milton J. Ferguson Field"
HTS,2026,7,151.0,53.0,8.92,4.35,11.8,0.0,27.93,2.0,2.0,3925.0,994.0,500.0,800.0,0.0,1631.0,"Ashland, WV: Tri-State/Milton J. Ferguson Field"
HYA,2025,8,140.0,17.0,6.55,0.0,2.67,0.0,7.78,0.0,0.0,967.0,304.0,0.0,108.0,0.0,555.0,"Hyannis, MA: Cape Cod Gateway"
HYA,2025,9,36.0,3.0,0.6,0.0,0.12,0.0,2.28,0.0,0.0,246.0,27.0,0.0,15.0,0.0,204.0,"Hyannis, MA: Cape Cod Gateway"
HYA,2025,10,14.0,2.0,0.52,0.0,1.0,0.0,0.48,0.0,0.0,179.0,84.0,0.0,16.0,0.0,79.0,"Hyannis, MA: Cape Cod Gateway"
HYA,2026,6,53.0,5.0,0.06,0.0,4.0,0.0,0.94,0.0,0.0,167.0,2.0,0.0,131.0,0.0,34.0,"Hyannis, MA: Cape Cod Gateway"
HYA,2026,7,140.0,24.0,2.14,2.07,7.09,0.0,12.7,12.0,1.0,1507.0,121.0,96.0,491.0,0.0,799.0,"Hyannis, MA: Cape Cod Gateway"
HYS,2025,8,53.0,18.0,4.22,0.99,2.25,0.0,10.55,1.0,0.0,2734.0,224.0,135.0,92.0,0.0,2283.0,"Hays, KS: Hays Regional"
HYS,2025,9,51.0,7.0,2.29,1.0,1.71,0.0,2.0,0.0,0.0,368.0,59.0,39.0,35.0,0.0,235.0,"Hays, KS: Hays Regional"
HYS,2025,10,54.0,6.0,4.28,0.0,0.72,0.0,1.0,0.0,0.0,866.0,810.0,0.0,41.0,0.0,15.0,"Hays, KS: Hays Regional"
HYS,2025,11,50.0,1.0,0.0,0.0,0.0,0.0,1.0,1.0,0.0,134.0,0.0,0.0,0.0,0.0,134.0,"Hays, KS: Hays Regional"
HYS,2025,12,55.0,8.0,4.76,0.0,1.35,0.0,1.88,0.0,0.0,1480.0,380.0,0.0,105.0,0.0,995.0,"Hays, KS: Hays Regional"
HYS,2026,1,53.0,11.0,7.66,0.0,0.51,0.0,2.83,2.0,0.0,3879.0,2849.0,0.0,77.0,0.0,953.0,"Hays, KS: Hays Regional"
HYS,2026,2,48.0,11.0,3.0,0.0,1.07,0.0,6.93,0.0,0.0,1130.0,690.0,0.0,81.0,0.0,359.0,"Hays, KS: Hays Regional"
HYS,2026,3,53.0,12.0,6.06,0.0,0.94,0.0,5.0,3.0,0.0,1140.0,176.0,0.0,31.0,0.0,933.0,"Hays, KS: Hays Regional"
HYS,2026,4,52.0,4.0,0.0,1.99,0.01,0.0,2.0,0.0,1.0,910.0,0.0,870.0,2.0,0.0,38.0,"Hays, KS: Hays Regional"
HYS,2026,5,53.0,9.0,1.93,1.0,1.96,0.0,4.11,4.0,1.0,1369.0,56.0,709.0,109.0,0.0,495.0,"Hays, KS: Hays Regional"
HYS,2026,6,51.0,19.0,8.11,0.51,4.52,0.0,5.87,1.0,1.0,2321.0,553.0,46.0,246.0,0.0,1476.0,"Hays, KS: Hays Regional"
HYS,2026,7,54.0,22.0,10.16,2.0,2.96,0.0,6.87,1.0,0.0,3273.0,1096.0,123.0,265.0,0.0,1789.0,"Hays, KS: Hays Regional"
IAD,2025,8,8096.0,1470.0,480.32,59.43,379.74,2.27,548.23,47.0,6.0,119605.0,38587.0,5295.0,18027.0,320.0,57376.0,"Washington, DC: Washington Dulles International"
IAD,2025,9,7451.0,867.0,295.74,22.349999999999998,247.69,0.53,300.65999999999997,16.0,5.0,62067.0,21023.0,1606.0,9935.0,9.0,29494.0,"Washington, DC: Washington Dulles International"
IAD,2025,10,7654.0,1076.0,341.08,13.08,328.13,0.0,393.7,21.0,2.0,81459.0,26201.0,1024.0,15790.0,0.0,38444.0,"Washington, DC: Washington Dulles International"
IAD,2025,11,7375.0,1264.0,375.93,18.29,450.28000000000003,0.0,419.5,134.0,6.0,96812.0,26265.0,2105.0,21955.0,0.0,46487.0,"Washington, DC: Washington Dulles International"
IAD,2025,12,7565.0,1779.0,498.34,57.56,504.77,0.0,718.31,87.0,3.0,156673.0,38438.0,10977.0,26593.0,0.0,80665.0,"Washington, DC: Washington Dulles International"
IAD,2026,1,6795.0,1198.0,388.17,28.44,336.0,1.0,444.4,402.0,4.0,111959.0,36259.0,3764.0,15733.0,115.0,56088.0,"Washington, DC: Washington Dulles International"
IAD,2026,2,6179.0,943.0,300.24,23.18,324.01,0.0,295.57,98.0,5.0,75740.0,25831.0,4572.0,12793.0,0.0,32544.0,"Washington, DC: Washington Dulles International"
IAD,2026,3,7603.0,1521.0,504.43,32.28,392.21,0.0,592.06,145.0,36.0,142165.0,46846.0,5692.0,21888.0,0.0,67739.0,"Washington, DC: Washington Dulles International"
IAD,2026,4,7785.0,882.0,299.84000000000003,19.66,204.94,1.88,355.65999999999997,28.0,3.0,72330.0,22667.0,2348.0,7243.0,334.0,39738.0,"Washington, DC: Washington Dulles International"
IAD,2026,5,8325.0,1226.0,399.71999999999997,37.76,318.79,1.0,468.71,59.0,28.0,117398.0,38245.0,4449.0,18937.0,20.0,55747.0,"Washington, DC: Washington Dulles International"
IAD,2026,6,7901.0,1329.0,410.46000000000004,67.3,321.02,0.0,530.17,88.0,9.0,125769.0,37256.0,9045.0,21576.0,0.0,57892.0,"Washington, DC: Washington Dulles International"
IAD,2026,7,8215.0,1762.0,511.60999999999996,61.28,581.58,0.0,607.54,315.0,21.0,195764.0,48967.0,13829.0,62448.0,0.0,70520.0,"Washington, DC: Washington Dulles International"
IAG,2025,8,38.0,9.0,1.72,1.0,2.77,0.0,3.51,0.0,0.0,419.0,108.0,27.0,135.0,0.0,149.0,"Niagara Falls, NY: Niagara Falls International"
IAG,2025,9,26.0,5.0,1.0,1.88,0.0,0.0,2.12,0.0,0.0,387.0,25.0,66.0,0.0,0.0,296.0,"Niagara Falls, NY: Niagara Falls International"
IAG,2025,10,35.0,3.0,0.0,0.0,1.0,0.0,2.0,0.0,0.0,103.0,0.0,0.0,18.0,0.0,85.0,"Niagara Falls, NY: Niagara Falls International"
IAG,2025,11,28.0,5.0,2.25,0.0,1.04,0.0,1.71,0.0,0.0,660.0,368.0,0.0,100.0,0.0,192.0,"Niagara Falls, NY: Niagara Falls International"
IAG,2025,12,34.0,7.0,2.54,0.27,2.89,0.0,1.31,1.0,0.0,363.0,126.0,29.0,112.0,0.0,96.0,"Niagara Falls, NY: Niagara Falls International"
IAG,2026,1,30.0,6.0,1.02,1.88,1.96,0.0,1.15,1.0,2.0,453.0,122.0,150.0,111.0,0.0,70.0,"Niagara Falls, NY: Niagara Falls International"
IAG,2026,2,40.0,5.0,3.92,0.0,0.76,0.0,0.31,1.0,1.0,718.0,662.0,0.0,51.0,0.0,5.0,"Niagara Falls, NY: Niagara Falls International"
IAG,2026,3,48.0,14.0,5.26,2.63,3.18,0.0,2.93,1.0,1.0,1621.0,1110.0,249.0,125.0,0.0,137.0,"Niagara Falls, NY: Niagara Falls International"
IAG,2026,4,44.0,8.0,4.05,0.06,0.9,0.0,2.99,0.0,0.0,505.0,336.0,1.0,31.0,0.0,137.0,"Niagara Falls, NY: Niagara Falls International"
IAG,2026,5,29.0,7.0,3.54,0.0,0.13,0.0,3.34,0.0,0.0,336.0,117.0,0.0,3.0,0.0,216.0,"Niagara Falls, NY: Niagara Falls International"
IAG,2026,6,23.0,6.0,1.45,1.52,1.04,0.0,1.99,0.0,0.0,614.0,207.0,283.0,53.0,0.0,71.0,"Niagara Falls, NY: Niagara Falls International"
IAG,2026,7,31.0,4.0,1.15,0.13,0.99,0.0,1.73,0.0,0.0,397.0,37.0,9.0,47.0,0.0,304.0,"Niagara Falls, NY: Niagara Falls International"
IAH,2025,8,14496.0,3147.0,912.9000000000001,147.87,1111.8999999999999,1.05,973.3,94.0,28.0,234319.0,70744.0,14770.0,57648.0,89.0,91068.0,"Houston, TX: George Bush Intercontinental/Houston"
IAH,2025,9,13797.0,1632.0,537.15,56.879999999999995,565.55,2.09,470.31,26.0,10.0,111520.0,36305.0,6774.0,20407.0,104.0,47930.0,"Houston, TX: George Bush Intercontinental/Houston"
IAH,2025,10,14809.0,2475.0,676.51,35.17,1185.98,1.5,575.79,35.0,18.0,145669.0,45738.0,3327.0,46846.0,78.0,49680.0,"Houston, TX: George Bush Intercontinental/Houston"
IAH,2025,11,14490.0,2621.0,722.44,45.34,1156.24,0.4,696.6,228.0,8.0,197372.0,59386.0,4820.0,60774.0,21.0,72371.0,"Houston, TX: George Bush Intercontinental/Houston"
IAH,2025,12,14527.0,2715.0,895.8,72.48,870.49,1.08,875.1600000000001,80.0,19.0,202636.0,74033.0,7224.0,38193.0,34.0,83152.0,"Houston, TX: George Bush Intercontinental/Houston"
IAH,2026,1,13741.0,1786.0,694.88,69.1,455.57,1.22,565.24,445.0,10.0,138286.0,58801.0,7358.0,18323.0,78.0,53726.0,"Houston, TX: George Bush Intercontinental/Houston"
IAH,2026,2,12653.0,1313.0,501.55,50.63,365.57,0.0,395.29,101.0,23.0,92762.0,39171.0,4789.0,15226.0,0.0,33576.0,"Houston, TX: George Bush Intercontinental/Houston"
IAH,2026,3,14869.0,2785.0,819.58,59.11,1114.1699999999998,0.6799999999999999,791.43,464.0,71.0,296517.0,82329.0,11698.0,114631.0,67.0,87792.0,"Houston, TX: George Bush Intercontinental/Houston"
IAH,2026,4,14258.0,2437.0,682.5699999999999,74.91,1051.79,1.65,626.1,70.0,28.0,183367.0,55798.0,8229.0,60579.0,57.0,58704.0,"Houston, TX: George Bush Intercontinental/Houston"
IAH,2026,5,14648.0,3197.0,816.0500000000001,121.86,1424.36,1.55,833.1800000000001,95.0,21.0,247505.0,65395.0,16616.0,78334.0,114.0,87046.0,"Houston, TX: George Bush Intercontinental/Houston"
IAH,2026,6,14404.0,3561.0,905.35,154.64,1372.08,2.1799999999999997,1126.75,109.0,87.0,290851.0,72385.0,17628.0,82656.0,57.0,118125.0,"Houston, TX: George Bush Intercontinental/Houston"
IAH,2026,7,14859.0,3073.0,970.25,153.68,903.85,1.91,1043.33,138.0,39.0,250228.0,82000.0,20729.0,46267.0,121.0,101111.0,"Houston, TX: George Bush Intercontinental/Houston"
ICT,2025,8,1141.0,273.0,102.19,25.11,46.82,0.61,98.26,18.0,1.0,19323.0,6558.0,2738.0,2042.0,47.0,7938.0,"Wichita, KS: Wichita Dwight D Eisenhower National"
ICT,2025,9,1045.0,196.0,77.43,8.89,40.02,0.0,69.66,7.0,5.0,12873.0,5684.0,566.0,1718.0,0.0,4905.0,"Wichita, KS: Wichita Dwight D Eisenhower National"
ICT,2025,10,1120.0,219.0,85.75,9.35,50.620000000000005,0.0,73.28,4.0,0.0,12621.0,5409.0,862.0,1789.0,0.0,4561.0,"Wichita, KS: Wichita Dwight D Eisenhower National"
ICT,2025,11,1067.0,261.0,104.63,12.16,46.03,2.31,95.84,33.0,0.0,17247.0,5483.0,1491.0,2651.0,153.0,7469.0,"Wichita, KS: Wichita Dwight D Eisenhower National"
ICT,2025,12,1039.0,306.0,107.96,23.06,64.41,0.0,110.55,8.0,7.0,23051.0,7723.0,3060.0,3170.0,0.0,9098.0,"Wichita, KS: Wichita Dwight D Eisenhower National"
ICT,2026,1,980.0,186.0,69.9,15.18,36.47,0.0,64.45,35.0,1.0,9996.0,3829.0,869.0,1584.0,0.0,3714.0,"Wichita, KS: Wichita Dwight D Eisenhower National"
ICT,2026,2,893.0,143.0,60.010000000000005,9.860000000000001,25.85,0.0,47.290000000000006,6.0,1.0,8576.0,3308.0,1212.0,1112.0,0.0,2944.0,"Wichita, KS: Wichita Dwight D Eisenhower National"
ICT,2026,3,1066.0,254.0,100.47,10.040000000000001,42.96,0.0,100.50999999999999,33.0,2.0,18881.0,6840.0,1097.0,2042.0,0.0,8902.0,"Wichita, KS: Wichita Dwight D Eisenhower National"
ICT,2026,4,1126.0,255.0,107.05,14.85,65.03,1.0,67.1,22.0,1.0,15303.0,5323.0,2306.0,2959.0,26.0,4689.0,"Wichita, KS: Wichita Dwight D Eisenhower National"
ICT,2026,5,1229.0,298.0,94.04,9.43,91.42,0.87,102.23,17.0,4.0,17324.0,5486.0,1454.0,3978.0,39.0,6367.0,"Wichita, KS: Wichita Dwight D Eisenhower National"
ICT,2026,6,1175.0,353.0,136.76,16.53,77.25,0.81,121.67,23.0,9.0,26960.0,8709.0,1961.0,4571.0,21.0,11698.0,"Wichita, KS: Wichita Dwight D Eisenhower National"
ICT,2026,7,1217.0,314.0,118.65,13.69,61.540000000000006,1.0,119.14,11.0,3.0,21237.0,6071.0,1116.0,3278.0,26.0,10746.0,"Wichita, KS: Wichita Dwight D Eisenhower National"
IDA,2025,8,513.0,114.0,63.16,11.4,22.62,0.0,16.82,5.0,1.0,10256.0,6605.0,1572.0,1171.0,0.0,908.0,"Idaho Falls, ID: Idaho Falls Regional"
IDA,2025,9,447.0,77.0,39.54,9.66,11.779999999999998,0.85,15.17,2.0,1.0,6300.0,2226.0,1162.0,739.0,35.0,2138.0,"Idaho Falls, ID: Idaho Falls Regional"
IDA,2025,10,429.0,89.0,48.42,6.3500000000000005,20.19,0.0,14.04,1.0,1.0,4794.0,2728.0,327.0,857.0,0.0,882.0,"Idaho Falls, ID: Idaho Falls Regional"
IDA,2025,11,392.0,47.0,21.36,4.890000000000001,6.72,0.0,14.03,3.0,1.0,3350.0,1413.0,422.0,605.0,0.0,910.0,"Idaho Falls, ID: Idaho Falls Regional"
IDA,2025,12,401.0,78.0,32.56,3.7600000000000002,11.78,0.0,29.900000000000002,1.0,3.0,5689.0,2244.0,267.0,782.0,0.0,2396.0,"Idaho Falls, ID: Idaho Falls Regional"
IDA,2026,1,376.0,65.0,27.78,6.42,9.37,0.0,21.43,1.0,0.0,4578.0,1777.0,773.0,495.0,0.0,1533.0,"Idaho Falls, ID: Idaho Falls Regional"
IDA,2026,2,330.0,44.0,19.45,1.67,10.43,0.0,12.44,3.0,3.0,2699.0,1130.0,357.0,693.0,0.0,519.0,"Idaho Falls, ID: Idaho Falls Regional"
IDA,2026,3,375.0,62.0,28.82,0.91,9.41,0.0,22.84,7.0,2.0,5752.0,2367.0,51.0,567.0,0.0,2767.0,"Idaho Falls, ID: Idaho Falls Regional"
IDA,2026,4,358.0,58.0,29.849999999999998,1.04,8.69,0.0,18.419999999999998,0.0,0.0,5365.0,3158.0,69.0,387.0,0.0,1751.0,"Idaho Falls, ID: Idaho Falls Regional"
IDA,2026,5,441.0,73.0,36.76,5.94,8.450000000000001,0.0,21.85,2.0,0.0,4502.0,1896.0,464.0,472.0,0.0,1670.0,"Idaho Falls, ID: Idaho Falls Regional"
IDA,2026,6,500.0,100.0,40.05,4.76,20.3,0.0,34.9,1.0,0.0,9038.0,4907.0,749.0,1119.0,0.0,2263.0,"Idaho Falls, ID: Idaho Falls Regional"
IDA,2026,7,514.0,107.0,49.0,14.34,13.96,0.0,29.71,1.0,0.0,7259.0,2640.0,2049.0,585.0,0.0,1985.0,"Idaho Falls, ID: Idaho Falls Regional"
ILM,2025,8,1043.0,201.0,62.209999999999994,5.25,39.06,0.0,94.46000000000001,14.0,3.0,13725.0,3676.0,451.0,1686.0,0.0,7912.0,"Wilmington, NC: Wilmington International"
ILM,2025,9,951.0,144.0,43.21,4.39,33.480000000000004,0.95,61.96,8.0,0.0,8809.0,2835.0,305.0,1163.0,37.0,4469.0,"Wilmington, NC: Wilmington International"
ILM,2025,10,991.0,210.0,50.919999999999995,3.52,50.85,0.0,104.69,12.0,1.0,13956.0,2857.0,807.0,2244.0,0.0,8048.0,"Wilmington, NC: Wilmington International"
ILM,2025,11,827.0,180.0,53.989999999999995,2.04,43.29,0.0,80.68,29.0,1.0,12578.0,3612.0,235.0,1846.0,0.0,6885.0,"Wilmington, NC: Wilmington International"
ILM,2025,12,837.0,258.0,76.99,6.68,54.089999999999996,0.0,120.24,15.0,0.0,20131.0,5544.0,647.0,2242.0,0.0,11698.0,"Wilmington, NC: Wilmington International"
ILM,2026,1,797.0,148.0,48.35,6.109999999999999,31.1,0.0,62.440000000000005,82.0,1.0,9608.0,2219.0,1359.0,1429.0,0.0,4601.0,"Wilmington, NC: Wilmington International"
ILM,2026,2,749.0,144.0,40.489999999999995,7.779999999999999,23.43,0.0,72.31,43.0,0.0,10132.0,2584.0,1003.0,977.0,0.0,5568.0,"Wilmington, NC: Wilmington International"
ILM,2026,3,873.0,200.0,60.989999999999995,5.03,25.34,0.65,108.00999999999999,50.0,3.0,16723.0,4120.0,793.0,1318.0,37.0,10455.0,"Wilmington, NC: Wilmington International"
ILM,2026,4,911.0,142.0,36.230000000000004,3.88,29.67,1.0,71.24,8.0,1.0,8041.0,2069.0,149.0,1182.0,32.0,4609.0,"Wilmington, NC: Wilmington International"
ILM,2026,5,1066.0,180.0,48.01,9.43,44.1,0.0,78.45,14.0,0.0,11056.0,2825.0,447.0,1827.0,0.0,5957.0,"Wilmington, NC: Wilmington International"
ILM,2026,6,1094.0,222.0,72.17,13.65,43.47,0.0,92.7,32.0,0.0,17679.0,5064.0,2381.0,1872.0,0.0,8362.0,"Wilmington, NC: Wilmington International"
ILM,2026,7,1089.0,308.0,81.82,12.440000000000001,70.36,0.47,142.88,55.0,3.0,24364.0,6141.0,1529.0,4287.0,28.0,12379.0,"Wilmington, NC: Wilmington International"
IMT,2025,8,62.0,8.0,6.44,1.0,0.56,0.0,0.0,0.0,0.0,405.0,327.0,39.0,39.0,0.0,0.0,"Iron Mountain/Kingsfd, MI: Ford"
IMT,2025,9,60.0,10.0,6.82,2.98,0.2,0.0,0.0,0.0,0.0,1020.0,768.0,229.0,23.0,0.0,0.0,"Iron Mountain/Kingsfd, MI: Ford"
IMT,2025,10,62.0,19.0,15.58,2.0,1.42,0.0,0.0,0.0,0.0,1679.0,1206.0,399.0,74.0,0.0,0.0,"Iron Mountain/Kingsfd, MI: Ford"
IMT,2025,11,58.0,11.0,8.78,1.0,1.22,0.0,0.0,2.0,0.0,1591.0,1445.0,17.0,129.0,0.0,0.0,"Iron Mountain/Kingsfd, MI: Ford"
IMT,2025,12,62.0,23.0,17.99,1.97,3.04,0.0,0.0,4.0,2.0,2811.0,2282.0,291.0,238.0,0.0,0.0,"Iron Mountain/Kingsfd, MI: Ford"
IMT,2026,1,62.0,26.0,15.08,9.22,1.7,0.0,0.0,2.0,2.0,3898.0,1765.0,1955.0,178.0,0.0,0.0,"Iron Mountain/Kingsfd, MI: Ford"
IMT,2026,2,56.0,17.0,10.0,3.6,3.4,0.0,0.0,2.0,0.0,2206.0,1267.0,580.0,359.0,0.0,0.0,"Iron Mountain/Kingsfd, MI: Ford"
IMT,2026,3,62.0,17.0,11.88,4.91,0.21,0.0,0.0,9.0,0.0,2337.0,1530.0,763.0,44.0,0.0,0.0,"Iron Mountain/Kingsfd, MI: Ford"
IMT,2026,4,60.0,16.0,9.88,4.0,1.71,0.41,0.0,3.0,0.0,1545.0,1020.0,355.0,163.0,7.0,0.0,"Iron Mountain/Kingsfd, MI: Ford"
IMT,2026,5,62.0,10.0,7.05,2.0,0.95,0.0,0.0,0.0,0.0,893.0,636.0,215.0,42.0,0.0,0.0,"Iron Mountain/Kingsfd, MI: Ford"
IMT,2026,6,60.0,12.0,10.95,1.0,0.05,0.0,0.0,0.0,1.0,1133.0,1078.0,53.0,2.0,0.0,0.0,"Iron Mountain/Kingsfd, MI: Ford"
IMT,2026,7,62.0,12.0,9.47,2.0,0.53,0.0,0.0,2.0,0.0,1426.0,1186.0,222.0,18.0,0.0,0.0,"Iron Mountain/Kingsfd, MI: Ford"
IND,2025,8,4288.0,980.0,298.74,44.27,197.82000000000002,1.85,437.33,56.0,4.0,68449.0,18812.0,5724.0,10000.0,72.0,33841.0,"Indianapolis, IN: Indianapolis International"
IND,2025,9,4142.0,672.0,239.16,22.45,156.36,0.0,254.01999999999998,23.0,3.0,38334.0,13052.0,1907.0,7063.0,0.0,16312.0,"Indianapolis, IN: Indianapolis International"
IND,2025,10,4797.0,930.0,288.93,10.969999999999999,204.63,1.3,424.18,30.0,11.0,57454.0,18469.0,1042.0,8654.0,118.0,29171.0,"Indianapolis, IN: Indianapolis International"
IND,2025,11,4242.0,843.0,270.58,18.020000000000003,193.87,0.11,360.40999999999997,108.0,3.0,57961.0,18337.0,2637.0,9376.0,9.0,27602.0,"Indianapolis, IN: Indianapolis International"
IND,2025,12,4248.0,1243.0,372.45,41.56999999999999,296.95,2.88,529.16,74.0,2.0,91756.0,26023.0,8574.0,14093.0,81.0,42985.0,"Indianapolis, IN: Indianapolis International"
IND,2026,1,4118.0,874.0,323.2,42.29,208.16,3.45,296.89,198.0,3.0,60684.0,23136.0,4594.0,10356.0,140.0,22458.0,"Indianapolis, IN: Indianapolis International"
IND,2026,2,3843.0,796.0,282.34,26.97,186.75,2.9699999999999998,297.0,99.0,1.0,46657.0,16423.0,2798.0,7980.0,145.0,19311.0,"Indianapolis, IN: Indianapolis International"
IND,2026,3,4781.0,1275.0,398.88,30.299999999999997,287.28,3.6100000000000003,554.9200000000001,131.0,7.0,94567.0,29408.0,6005.0,16297.0,167.0,42690.0,"Indianapolis, IN: Indianapolis International"
IND,2026,4,4612.0,942.0,330.32,28.39,181.26999999999998,1.34,400.68,53.0,6.0,58948.0,20771.0,2919.0,7839.0,44.0,27375.0,"Indianapolis, IN: Indianapolis International"
IND,2026,5,4681.0,981.0,341.79,27.8,183.2,0.53,427.7,54.0,5.0,60095.0,19517.0,3974.0,7587.0,20.0,28997.0,"Indianapolis, IN: Indianapolis International"
IND,2026,6,4613.0,1102.0,334.99,44.120000000000005,203.74,1.8599999999999999,516.28,86.0,16.0,81255.0,23038.0,6094.0,9924.0,119.0,41814.0,"Indianapolis, IN: Indianapolis International"
IND,2026,7,4763.0,1280.0,409.77,56.96,227.32,1.57,584.38,160.0,7.0,95925.0,27412.0,6584.0,12691.0,197.0,49041.0,"Indianapolis, IN: Indianapolis International"
INL,2025,8,67.0,9.0,4.94,3.93,0.14,0.0,0.0,0.0,0.0,921.0,444.0,462.0,15.0,0.0,0.0,"International Falls, MN: Falls International Einarson Field"
INL,2025,9,56.0,5.0,3.0,1.49,0.51,0.0,0.0,0.0,0.0,252.0,137.0,95.0,20.0,0.0,0.0,"International Falls, MN: Falls International Einarson Field"
INL,2025,10,53.0,6.0,4.92,1.0,0.08,0.0,0.0,0.0,0.0,606.0,528.0,63.0,15.0,0.0,0.0,"International Falls, MN: Falls International Einarson Field"
INL,2025,11,52.0,9.0,6.54,0.92,1.55,0.0,0.0,4.0,0.0,1231.0,960.0,196.0,75.0,0.0,0.0,"International Falls, MN: Falls International Einarson Field"
INL,2025,12,53.0,15.0,9.63,4.25,1.13,0.0,0.0,1.0,0.0,1394.0,843.0,454.0,97.0,0.0,0.0,"International Falls, MN: Falls International Einarson Field"
INL,2026,1,53.0,17.0,10.04,4.45,2.52,0.0,0.0,0.0,0.0,1392.0,815.0,466.0,111.0,0.0,0.0,"International Falls, MN: Falls International Einarson Field"
INL,2026,2,48.0,18.0,12.77,3.35,1.5,0.38,0.0,0.0,0.0,1496.0,1283.0,108.0,79.0,26.0,0.0,"International Falls, MN: Falls International Einarson Field"
INL,2026,3,53.0,5.0,1.8,3.0,0.2,0.0,0.0,3.0,0.0,395.0,194.0,179.0,22.0,0.0,0.0,"International Falls, MN: Falls International Einarson Field"
INL,2026,4,51.0,8.0,5.81,1.96,0.23,0.0,0.0,4.0,1.0,682.0,370.0,305.0,7.0,0.0,0.0,"International Falls, MN: Falls International Einarson Field"
INL,2026,5,54.0,4.0,3.0,1.0,0.0,0.0,0.0,0.0,0.0,292.0,187.0,105.0,0.0,0.0,0.0,"International Falls, MN: Falls International Einarson Field"
INL,2026,6,62.0,8.0,6.81,1.0,0.19,0.0,0.0,0.0,0.0,801.0,754.0,16.0,31.0,0.0,0.0,"International Falls, MN: Falls International Einarson Field"
INL,2026,7,61.0,14.0,12.48,1.0,0.52,0.0,0.0,0.0,0.0,958.0,843.0,26.0,89.0,0.0,0.0,"International Falls, MN: Falls International Einarson Field"
ISP,2025,8,403.0,102.0,26.990000000000002,8.6,17.0,0.0,49.410000000000004,2.0,1.0,7603.0,2242.0,682.0,768.0,0.0,3911.0,"Islip, NY: Long Island MacArthur"
ISP,2025,9,350.0,43.0,14.219999999999999,2.31,4.699999999999999,1.0,20.77,1.0,0.0,2326.0,661.0,148.0,124.0,56.0,1337.0,"Islip, NY: Long Island MacArthur"
ISP,2025,10,364.0,58.0,26.64,0.0,14.86,0.0,16.509999999999998,2.0,2.0,2449.0,1067.0,0.0,516.0,0.0,866.0,"Islip, NY: Long Island MacArthur"
ISP,2025,11,396.0,78.0,26.28,0.0,10.79,0.0,40.94,5.0,1.0,5148.0,1442.0,0.0,898.0,0.0,2808.0,"Islip, NY: Long Island MacArthur"
ISP,2025,12,460.0,145.0,49.11,1.83,16.68,0.0,77.38,9.0,3.0,8618.0,2538.0,82.0,991.0,0.0,5007.0,"Islip, NY: Long Island MacArthur"
ISP,2026,1,432.0,88.0,28.22,0.0,16.95,0.0,42.83,20.0,0.0,4759.0,1384.0,0.0,585.0,0.0,2790.0,"Islip, NY: Long Island MacArthur"
ISP,2026,2,435.0,120.0,37.41,0.0,30.840000000000003,0.0,51.76,28.0,2.0,6144.0,1607.0,0.0,1247.0,0.0,3290.0,"Islip, NY: Long Island MacArthur"
ISP,2026,3,414.0,145.0,52.010000000000005,3.27,27.979999999999997,1.2,60.53,13.0,3.0,8547.0,3192.0,390.0,1127.0,45.0,3793.0,"Islip, NY: Long Island MacArthur"
ISP,2026,4,461.0,122.0,35.620000000000005,1.3,26.51,1.0,57.57,3.0,1.0,6990.0,2027.0,110.0,942.0,18.0,3893.0,"Islip, NY: Long Island MacArthur"
ISP,2026,5,392.0,79.0,31.35,0.96,10.71,0.0,35.99,1.0,1.0,4470.0,1640.0,140.0,457.0,0.0,2233.0,"Islip, NY: Long Island MacArthur"
ISP,2026,6,415.0,87.0,23.77,5.07,5.42,1.0,51.730000000000004,3.0,0.0,5341.0,1024.0,697.0,239.0,16.0,3365.0,"Islip, NY: Long Island MacArthur"
ISP,2026,7,444.0,132.0,43.33,5.08,26.939999999999998,0.0,56.65,8.0,1.0,8802.0,2246.0,535.0,1576.0,0.0,4445.0,"Islip, NY: Long Island MacArthur"
ITH,2025,8,124.0,38.0,16.49,2.28,6.71,0.0,12.52,2.0,0.0,4273.0,2126.0,908.0,311.0,0.0,928.0,"Ithaca/Cortland, NY: Ithaca Tompkins International"
ITH,2025,9,120.0,18.0,3.6,0.0,6.73,0.0,7.67,1.0,2.0,777.0,136.0,0.0,217.0,0.0,424.0,"Ithaca/Cortland, NY: Ithaca Tompkins International"
ITH,2025,10,149.0,29.0,11.25,1.0,10.79,0.0,5.97,1.0,4.0,1751.0,548.0,564.0,289.0,0.0,350.0,"Ithaca/Cortland, NY: Ithaca Tompkins International"
ITH,2025,11,117.0,19.0,10.67,1.34,2.51,0.0,4.46,6.0,1.0,3039.0,1959.0,694.0,86.0,0.0,300.0,"Ithaca/Cortland, NY: Ithaca Tompkins International"
ITH,2025,12,121.0,37.0,7.48,2.81,10.780000000000001,0.0,15.919999999999998,8.0,1.0,3267.0,564.0,862.0,498.0,0.0,1343.0,"Ithaca/Cortland, NY: Ithaca Tompkins International"
ITH,2026,1,123.0,28.0,7.029999999999999,0.71,11.809999999999999,0.0,8.450000000000001,8.0,1.0,2371.0,434.0,687.0,474.0,0.0,776.0,"Ithaca/Cortland, NY: Ithaca Tompkins International"
ITH,2026,2,112.0,27.0,9.530000000000001,3.9,8.67,0.0,4.9,9.0,2.0,4048.0,696.0,2583.0,494.0,0.0,275.0,"Ithaca/Cortland, NY: Ithaca Tompkins International"
ITH,2026,3,151.0,44.0,9.59,3.9,10.610000000000001,0.0,19.9,7.0,2.0,8094.0,1607.0,2860.0,461.0,0.0,3166.0,"Ithaca/Cortland, NY: Ithaca Tompkins International"
ITH,2026,4,150.0,30.0,12.99,5.949999999999999,3.42,0.0,7.640000000000001,4.0,1.0,6006.0,2124.0,2560.0,250.0,0.0,1072.0,"Ithaca/Cortland, NY: Ithaca Tompkins International"
ITH,2026,5,150.0,24.0,6.9,4.4,0.93,0.0,11.760000000000002,8.0,2.0,3430.0,319.0,2223.0,37.0,0.0,851.0,"Ithaca/Cortland, NY: Ithaca Tompkins International"
ITH,2026,6,125.0,25.0,7.91,4.16,1.61,0.0,11.32,7.0,4.0,6870.0,2283.0,2117.0,349.0,0.0,2121.0,"Ithaca/Cortland, NY: Ithaca Tompkins International"
ITH,2026,7,122.0,45.0,15.969999999999999,4.91,9.92,0.0,14.2,15.0,0.0,6654.0,1248.0,2964.0,749.0,0.0,1693.0,"Ithaca/Cortland, NY: Ithaca Tompkins International"
ITO,2025,8,560.0,36.0,23.32,0.0,0.12,0.38,12.19,0.0,0.0,1178.0,727.0,0.0,4.0,6.0,441.0,"Hilo, HI: Hilo International"
ITO,2025,9,522.0,26.0,17.09,0.0,0.14,0.0,8.77,0.0,0.0,999.0,626.0,0.0,17.0,0.0,356.0,"Hilo, HI: Hilo International"
ITO,2025,10,541.0,51.0,34.89,0.0,0.44,0.86,14.809999999999999,1.0,0.0,1806.0,1100.0,0.0,7.0,25.0,674.0,"Hilo, HI: Hilo International"
ITO,2025,11,538.0,73.0,46.42,1.89,2.01,2.15,20.53,6.0,1.0,2495.0,1534.0,41.0,35.0,54.0,831.0,"Hilo, HI: Hilo International"
ITO,2025,12,567.0,128.0,59.06,0.04,0.71,0.47,67.71,0.0,0.0,4681.0,1912.0,3.0,29.0,8.0,2729.0,"Hilo, HI: Hilo International"
ITO,2026,1,570.0,112.0,51.66,1.8,1.92,2.16,54.44,10.0,0.0,4561.0,1987.0,73.0,92.0,55.0,2354.0,"Hilo, HI: Hilo International"
ITO,2026,2,517.0,111.0,54.779999999999994,1.26,3.82,1.0,50.14,1.0,0.0,4107.0,1858.0,67.0,91.0,37.0,2054.0,"Hilo, HI: Hilo International"
ITO,2026,3,556.0,122.0,64.26,9.03,7.609999999999999,0.0,41.1,24.0,2.0,6319.0,2798.0,328.0,264.0,0.0,2929.0,"Hilo, HI: Hilo International"
ITO,2026,4,578.0,100.0,60.54,3.0,6.640000000000001,0.0,29.82,5.0,1.0,3591.0,2115.0,73.0,306.0,0.0,1097.0,"Hilo, HI: Hilo International"
ITO,2026,5,568.0,109.0,48.08,3.83,13.81,0.0,43.28,4.0,0.0,4285.0,1928.0,276.0,420.0,0.0,1661.0,"Hilo, HI: Hilo International"
ITO,2026,6,549.0,81.0,35.54,0.96,15.34,0.0,29.150000000000002,9.0,0.0,2441.0,960.0,26.0,410.0,0.0,1045.0,"Hilo, HI: Hilo International"
ITO,2026,7,545.0,106.0,41.67,0.0,24.409999999999997,0.96,38.96,2.0,0.0,3776.0,1398.0,0.0,652.0,139.0,1587.0,"Hilo, HI: Hilo International"
JAC,2025,8,766.0,178.0,73.19,10.8,39.989999999999995,0.0,54.019999999999996,9.0,2.0,15000.0,7132.0,855.0,1582.0,0.0,5431.0,"Jackson, WY: Jackson Hole"
JAC,2025,9,666.0,110.0,46.17,3.27,22.689999999999998,0.0,37.849999999999994,3.0,1.0,9478.0,4319.0,411.0,968.0,0.0,3780.0,"Jackson, WY: Jackson Hole"
JAC,2025,10,411.0,66.0,31.88,1.59,16.58,0.0,15.95,0.0,3.0,3490.0,2041.0,68.0,511.0,0.0,870.0,"Jackson, WY: Jackson Hole"
JAC,2025,11,237.0,23.0,10.58,1.0,4.32,0.0,7.12,10.0,0.0,984.0,520.0,35.0,106.0,0.0,323.0,"Jackson, WY: Jackson Hole"
JAC,2025,12,448.0,129.0,42.98,4.85,49.8,0.0,31.369999999999997,9.0,18.0,7151.0,2125.0,311.0,1957.0,0.0,2758.0,"Jackson, WY: Jackson Hole"
JAC,2026,1,575.0,106.0,49.44,3.1,27.35,0.0,26.1,12.0,6.0,7721.0,3013.0,272.0,1207.0,0.0,3229.0,"Jackson, WY: Jackson Hole"
JAC,2026,2,539.0,117.0,47.93,11.0,39.17,0.0,18.91,12.0,11.0,7469.0,3034.0,1198.0,1519.0,0.0,1718.0,"Jackson, WY: Jackson Hole"
JAC,2026,3,595.0,134.0,63.870000000000005,2.66,33.64,0.0,33.83,8.0,5.0,9124.0,4536.0,281.0,1308.0,0.0,2999.0,"Jackson, WY: Jackson Hole"
JAC,2026,4,283.0,49.0,23.58,0.0,11.079999999999998,0.0,14.33,1.0,1.0,2756.0,1355.0,0.0,343.0,0.0,1058.0,"Jackson, WY: Jackson Hole"
JAC,2026,5,463.0,80.0,36.81,2.91,15.040000000000001,0.0,25.23,3.0,1.0,5338.0,2456.0,135.0,738.0,0.0,2009.0,"Jackson, WY: Jackson Hole"
JAC,2026,6,792.0,190.0,77.59,10.16,46.57,0.0,55.68,10.0,5.0,12666.0,4329.0,674.0,1980.0,0.0,5683.0,"Jackson, WY: Jackson Hole"
JAC,2026,7,864.0,220.0,86.37,7.29,54.83,0.0,71.50999999999999,14.0,6.0,17946.0,6759.0,786.0,2545.0,0.0,7856.0,"Jackson, WY: Jackson Hole"
JAN,2025,8,790.0,143.0,49.97,9.5,32.1,0.0,51.42,6.0,1.0,8769.0,2845.0,646.0,1283.0,0.0,3995.0,"Jackson/Vicksburg, MS: Jackson Medgar Wiley Evers International"
JAN,2025,9,750.0,88.0,39.199999999999996,3.29,18.99,0.0,26.509999999999998,2.0,0.0,4491.0,1844.0,422.0,657.0,0.0,1568.0,"Jackson/Vicksburg, MS: Jackson Medgar Wiley Evers International"
JAN,2025,10,831.0,150.0,61.53,2.45,24.7,0.0,61.29,3.0,1.0,7159.0,2774.0,201.0,804.0,0.0,3380.0,"Jackson/Vicksburg, MS: Jackson Medgar Wiley Evers International"
JAN,2025,11,734.0,119.0,44.01,8.36,19.490000000000002,0.0,47.160000000000004,32.0,2.0,9184.0,3290.0,757.0,817.0,0.0,4320.0,"Jackson/Vicksburg, MS: Jackson Medgar Wiley Evers International"
JAN,2025,12,723.0,170.0,61.86,3.0,26.11,0.78,78.25,6.0,3.0,11146.0,3279.0,182.0,974.0,42.0,6669.0,"Jackson/Vicksburg, MS: Jackson Medgar Wiley Evers International"
JAN,2026,1,710.0,96.0,38.339999999999996,6.369999999999999,13.4,0.0,37.9,39.0,0.0,7556.0,2154.0,1029.0,513.0,0.0,3860.0,"Jackson/Vicksburg, MS: Jackson Medgar Wiley Evers International"
JAN,2026,2,644.0,89.0,31.87,1.9000000000000001,12.24,0.0,42.980000000000004,4.0,0.0,5425.0,1761.0,321.0,326.0,0.0,3017.0,"Jackson/Vicksburg, MS: Jackson Medgar Wiley Evers International"
JAN,2026,3,719.0,151.0,59.31,6.99,21.54,1.0,62.14,20.0,3.0,12636.0,4505.0,1342.0,1236.0,96.0,5457.0,"Jackson/Vicksburg, MS: Jackson Medgar Wiley Evers International"
JAN,2026,4,723.0,142.0,45.010000000000005,2.5700000000000003,30.3,0.0,64.1,6.0,2.0,8718.0,2892.0,193.0,1339.0,0.0,4294.0,"Jackson/Vicksburg, MS: Jackson Medgar Wiley Evers International"
JAN,2026,5,763.0,178.0,60.379999999999995,9.97,35.17,0.51,71.97,10.0,1.0,11444.0,4094.0,617.0,1640.0,36.0,5057.0,"Jackson/Vicksburg, MS: Jackson Medgar Wiley Evers International"
JAN,2026,6,784.0,238.0,91.92,16.96,39.26,0.0,89.86,18.0,8.0,20242.0,7915.0,2546.0,1883.0,0.0,7898.0,"Jackson/Vicksburg, MS: Jackson Medgar Wiley Evers International"
JAN,2026,7,791.0,241.0,76.23,16.439999999999998,46.49,0.18,101.65,18.0,0.0,19100.0,5958.0,2118.0,2723.0,17.0,8284.0,"Jackson/Vicksburg, MS: Jackson Medgar Wiley Evers International"
JAX,2025,8,2576.0,683.0,243.52,17.17,149.64,1.1800000000000002,271.52,26.0,9.0,48290.0,17552.0,1701.0,6315.0,108.0,22614.0,"Jacksonville, FL: Jacksonville International"
JAX,2025,9,2308.0,413.0,162.93,12.59,86.68,0.76,150.03,11.0,2.0,23348.0,8069.0,1520.0,3503.0,19.0,10237.0,"Jacksonville, FL: Jacksonville International"
JAX,2025,10,2668.0,598.0,197.04,4.47,151.1,1.3699999999999999,244.01,19.0,4.0,34700.0,11066.0,530.0,5797.0,33.0,17274.0,"Jacksonville, FL: Jacksonville International"
JAX,2025,11,2609.0,527.0,169.14,7.8500000000000005,133.02,2.7199999999999998,214.3,31.0,0.0,36202.0,11029.0,556.0,7358.0,161.0,17098.0,"Jacksonville, FL: Jacksonville International"
JAX,2025,12,2733.0,757.0,256.52,15.76,163.86,1.0,319.9,40.0,2.0,49676.0,16815.0,1581.0,7412.0,66.0,23802.0,"Jacksonville, FL: Jacksonville International"
JAX,2026,1,2363.0,481.0,173.17000000000002,23.669999999999998,115.49,0.0,168.65,112.0,2.0,29548.0,10711.0,2548.0,5354.0,0.0,10935.0,"Jacksonville, FL: Jacksonville International"
JAX,2026,2,2200.0,438.0,166.22,14.04,90.67,0.31,166.73999999999998,62.0,0.0,23897.0,8708.0,1234.0,3859.0,23.0,10073.0,"Jacksonville, FL: Jacksonville International"
JAX,2026,3,2745.0,772.0,261.78999999999996,16.87,174.69,1.91,316.75,73.0,5.0,54518.0,16375.0,1822.0,9560.0,85.0,26676.0,"Jacksonville, FL: Jacksonville International"
JAX,2026,4,2663.0,527.0,188.49,6.140000000000001,95.93,0.36,236.07,9.0,1.0,29348.0,11099.0,644.0,3920.0,22.0,13663.0,"Jacksonville, FL: Jacksonville International"
JAX,2026,5,2908.0,695.0,250.39,17.150000000000002,155.88,1.44,270.17,25.0,2.0,46593.0,18325.0,1835.0,7125.0,112.0,19196.0,"Jacksonville, FL: Jacksonville International"
JAX,2026,6,2820.0,775.0,271.48,28.46,171.23000000000002,1.09,302.76,41.0,16.0,53188.0,17471.0,3561.0,8198.0,69.0,23889.0,"Jacksonville, FL: Jacksonville International"
JAX,2026,7,2931.0,977.0,349.75,30.62,246.22,1.1,349.33,120.0,13.0,70766.0,23723.0,3557.0,14196.0,111.0,29179.0,"Jacksonville, FL: Jacksonville International"
JFK,2025,8,11032.0,2155.0,612.01,98.11,774.1700000000001,4.6899999999999995,666.01,120.0,21.0,187936.0,58922.0,8328.0,58560.0,182.0,61944.0,"New York, NY: John F. Kennedy International"
JFK,2025,9,10384.0,1486.0,440.47,47.23,505.83000000000004,9.62,482.85,83.0,37.0,117328.0,39560.0,5413.0,30892.0,304.0,41159.0,"New York, NY: John F. Kennedy International"
JFK,2025,10,10746.0,1988.0,505.2,40.760000000000005,841.05,3.98,597.01,165.0,39.0,173321.0,47484.0,5800.0,65894.0,210.0,53933.0,"New York, NY: John F. Kennedy International"
JFK,2025,11,10359.0,1997.0,617.08,29.27,667.8,4.05,678.8199999999999,301.0,29.0,156981.0,50552.0,3849.0,40428.0,227.0,61925.0,"New York, NY: John F. Kennedy International"
JFK,2025,12,10393.0,2916.0,853.26,72.24000000000001,913.61,5.0,1071.8600000000001,431.0,23.0,249423.0,79608.0,11080.0,58983.0,1044.0,98708.0,"New York, NY: John F. Kennedy International"
JFK,2026,1,9924.0,2160.0,677.47,57.55,710.31,4.25,710.4200000000001,785.0,9.0,173947.0,67465.0,8383.0,36142.0,453.0,61504.0,"New York, NY: John F. Kennedy International"
JFK,2026,2,9293.0,1990.0,544.62,45.94,673.69,4.08,721.6500000000001,823.0,9.0,168738.0,50902.0,7688.0,42951.0,139.0,67058.0,"New York, NY: John F. Kennedy International"
JFK,2026,3,10462.0,2517.0,760.91,46.7,858.45,2.4299999999999997,848.51,255.0,49.0,195884.0,65614.0,4211.0,45329.0,92.0,80638.0,"New York, NY: John F. Kennedy International"
JFK,2026,4,10250.0,1795.0,523.0500000000001,26.64,601.52,5.29,638.5,38.0,26.0,117644.0,39177.0,1954.0,27524.0,225.0,48764.0,"New York, NY: John F. Kennedy International"
JFK,2026,5,10447.0,1678.0,553.12,41.51,463.71000000000004,5.4799999999999995,614.18,136.0,32.0,130478.0,52379.0,3164.0,24079.0,398.0,50458.0,"New York, NY: John F. Kennedy International"
JFK,2026,6,10552.0,2466.0,554.23,83.22999999999999,1029.76,5.83,792.96,264.0,60.0,220462.0,57835.0,9213.0,78431.0,568.0,74415.0,"New York, NY: John F. Kennedy International"
JFK,2026,7,11037.0,3008.0,817.7,85.04,1118.12,6.05,981.0799999999999,1297.0,207.0,296843.0,95812.0,10217.0,88175.0,271.0,102368.0,"New York, NY: John F. Kennedy International"
JLN,2025,8,62.0,16.0,7.0,2.0,0.44,0.0,6.56,1.0,1.0,1708.0,940.0,104.0,36.0,0.0,628.0,"Joplin, MO: Joplin Regional"
JLN,2025,9,60.0,11.0,5.96,0.0,0.42,0.0,4.62,0.0,1.0,568.0,270.0,0.0,19.0,0.0,279.0,"Joplin, MO: Joplin Regional"
JLN,2025,10,62.0,11.0,4.71,2.17,1.16,0.0,2.96,0.0,1.0,866.0,411.0,175.0,111.0,0.0,169.0,"Joplin, MO: Joplin Regional"
JLN,2025,11,59.0,11.0,5.06,1.0,2.94,0.0,2.0,3.0,0.0,730.0,217.0,116.0,210.0,0.0,187.0,"Joplin, MO: Joplin Regional"
JLN,2025,12,60.0,18.0,8.95,0.0,4.73,0.0,4.32,2.0,1.0,2579.0,364.0,0.0,525.0,0.0,1690.0,"Joplin, MO: Joplin Regional"
JLN,2026,1,61.0,14.0,5.19,1.53,3.32,0.0,3.97,2.0,0.0,1290.0,778.0,252.0,153.0,0.0,107.0,"Joplin, MO: Joplin Regional"
JLN,2026,2,56.0,13.0,2.92,1.0,2.1,0.0,6.98,0.0,0.0,2062.0,188.0,26.0,219.0,0.0,1629.0,"Joplin, MO: Joplin Regional"
JLN,2026,3,62.0,16.0,8.47,0.0,4.0,0.0,3.52,2.0,0.0,963.0,454.0,0.0,284.0,0.0,225.0,"Joplin, MO: Joplin Regional"
JLN,2026,4,52.0,16.0,4.29,3.0,1.65,0.0,7.06,0.0,2.0,2915.0,533.0,1534.0,106.0,0.0,742.0,"Joplin, MO: Joplin Regional"
JLN,2026,5,53.0,13.0,1.95,0.0,2.18,0.0,8.87,0.0,1.0,1441.0,100.0,0.0,122.0,0.0,1219.0,"Joplin, MO: Joplin Regional"
JLN,2026,6,51.0,15.0,7.27,2.56,2.94,0.0,2.23,0.0,1.0,796.0,321.0,222.0,192.0,0.0,61.0,"Joplin, MO: Joplin Regional"
JLN,2026,7,54.0,19.0,9.4,0.0,4.35,0.0,5.25,2.0,0.0,2449.0,731.0,0.0,984.0,0.0,734.0,"Joplin, MO: Joplin Regional"
JMS,2025,8,53.0,9.0,5.88,0.0,0.12,0.0,3.0,0.0,1.0,574.0,292.0,0.0,4.0,0.0,278.0,"Jamestown, ND: Jamestown Regional"
JMS,2025,9,51.0,7.0,6.0,0.0,0.06,0.0,0.94,0.0,0.0,322.0,306.0,0.0,1.0,0.0,15.0,"Jamestown, ND: Jamestown Regional"
JMS,2025,10,54.0,6.0,4.0,0.0,0.41,0.0,1.59,0.0,1.0,196.0,154.0,0.0,7.0,0.0,35.0,"Jamestown, ND: Jamestown Regional"
JMS,2025,11,50.0,2.0,2.0,0.0,0.0,0.0,0.0,0.0,0.0,107.0,107.0,0.0,0.0,0.0,0.0,"Jamestown, ND: Jamestown Regional"
JMS,2025,12,55.0,12.0,6.29,1.0,1.71,0.0,3.0,2.0,2.0,1120.0,561.0,101.0,36.0,0.0,422.0,"Jamestown, ND: Jamestown Regional"
JMS,2026,1,53.0,7.0,3.04,1.0,0.96,0.0,2.0,2.0,1.0,278.0,79.0,62.0,25.0,0.0,112.0,"Jamestown, ND: Jamestown Regional"
JMS,2026,2,48.0,10.0,6.0,0.0,2.0,0.0,2.0,2.0,0.0,467.0,318.0,0.0,75.0,0.0,74.0,"Jamestown, ND: Jamestown Regional"
JMS,2026,3,53.0,10.0,5.98,1.0,0.9,0.0,2.12,1.0,0.0,531.0,187.0,77.0,77.0,0.0,190.0,"Jamestown, ND: Jamestown Regional"
JMS,2026,4,52.0,8.0,5.14,0.57,1.29,0.0,1.0,0.0,3.0,617.0,500.0,30.0,60.0,0.0,27.0,"Jamestown, ND: Jamestown Regional"
JMS,2026,5,53.0,4.0,2.83,0.0,1.17,0.0,0.0,1.0,0.0,778.0,427.0,0.0,351.0,0.0,0.0,"Jamestown, ND: Jamestown Regional"
JMS,2026,6,51.0,6.0,2.98,2.0,0.02,0.0,1.0,0.0,0.0,274.0,90.0,107.0,1.0,0.0,76.0,"Jamestown, ND: Jamestown Regional"
JMS,2026,7,54.0,4.0,1.0,0.0,0.11,0.0,2.89,0.0,1.0,305.0,57.0,0.0,2.0,0.0,246.0,"Jamestown, ND: Jamestown Regional"
JNU,2025,8,514.0,101.0,29.880000000000003,1.69,22.279999999999998,0.45,46.7,5.0,3.0,4920.0,1353.0,143.0,762.0,9.0,2653.0,"Juneau, AK: Juneau International"
JNU,2025,9,450.0,61.0,20.61,5.68,11.090000000000002,2.0,21.63,6.0,1.0,3648.0,1614.0,471.0,412.0,77.0,1074.0,"Juneau, AK: Juneau International"
JNU,2025,10,374.0,44.0,13.69,0.35,9.68,0.0,20.28,13.0,0.0,2774.0,1297.0,7.0,270.0,0.0,1200.0,"Juneau, AK: Juneau International"
JNU,2025,11,321.0,40.0,6.51,4.08,10.35,0.0,19.06,3.0,1.0,2233.0,397.0,501.0,321.0,0.0,1014.0,"Juneau, AK: Juneau International"
JNU,2025,12,328.0,79.0,16.77,7.3,17.66,0.0,37.27,19.0,5.0,5324.0,1296.0,556.0,683.0,0.0,2789.0,"Juneau, AK: Juneau International"
JNU,2026,1,333.0,71.0,21.01,11.67,10.17,0.0,28.15,20.0,10.0,5368.0,1720.0,1296.0,458.0,0.0,1894.0,"Juneau, AK: Juneau International"
JNU,2026,2,308.0,43.0,9.48,3.93,9.18,0.0,20.41,7.0,5.0,2283.0,573.0,416.0,348.0,0.0,946.0,"Juneau, AK: Juneau International"
JNU,2026,3,341.0,72.0,20.42,4.02,20.51,0.0,27.06,4.0,3.0,4278.0,1427.0,206.0,815.0,0.0,1830.0,"Juneau, AK: Juneau International"
JNU,2026,4,330.0,31.0,10.41,0.0,2.92,0.0,17.67,2.0,3.0,2013.0,622.0,0.0,91.0,0.0,1300.0,"Juneau, AK: Juneau International"
JNU,2026,5,398.0,46.0,22.69,0.0,3.22,0.09,20.01,4.0,1.0,2074.0,878.0,0.0,114.0,2.0,1080.0,"Juneau, AK: Juneau International"
JNU,2026,6,494.0,73.0,35.88,0.0,8.46,0.0,28.66,6.0,0.0,4004.0,2189.0,0.0,240.0,0.0,1575.0,"Juneau, AK: Juneau International"
JNU,2026,7,525.0,70.0,27.04,3.36,8.15,0.42,31.03,4.0,0.0,3423.0,1272.0,400.0,269.0,10.0,1472.0,"Juneau, AK: Juneau International"
JST,2025,8,62.0,16.0,6.0,1.0,1.7,0.0,7.3,1.0,0.0,2465.0,298.0,29.0,155.0,0.0,1983.0,"Johnstown, PA: John Murtha Johnstown-Cambria County"
JST,2025,9,60.0,11.0,9.53,0.0,0.47,0.0,1.0,0.0,0.0,1572.0,1437.0,0.0,18.0,0.0,117.0,"Johnstown, PA: John Murtha Johnstown-Cambria County"
JST,2025,10,62.0,14.0,5.66,0.0,4.24,0.0,4.1,0.0,0.0,613.0,199.0,0.0,164.0,0.0,250.0,"Johnstown, PA: John Murtha Johnstown-Cambria County"
JST,2025,11,59.0,23.0,9.71,4.61,2.96,0.0,5.71,4.0,1.0,5274.0,1079.0,3004.0,767.0,0.0,424.0,"Johnstown, PA: John Murtha Johnstown-Cambria County"
JST,2025,12,60.0,26.0,11.73,3.99,3.82,0.0,6.47,6.0,2.0,3427.0,600.0,1275.0,472.0,0.0,1080.0,"Johnstown, PA: John Murtha Johnstown-Cambria County"
JST,2026,1,61.0,19.0,6.15,1.66,4.02,0.0,7.17,6.0,2.0,4916.0,1669.0,1248.0,967.0,0.0,1032.0,"Johnstown, PA: John Murtha Johnstown-Cambria County"
JST,2026,2,56.0,16.0,8.21,1.0,1.29,0.0,5.5,0.0,3.0,3763.0,2224.0,634.0,157.0,0.0,748.0,"Johnstown, PA: John Murtha Johnstown-Cambria County"
JST,2026,3,62.0,18.0,7.22,2.04,4.85,0.0,3.9,5.0,3.0,3897.0,1254.0,1464.0,290.0,0.0,889.0,"Johnstown, PA: John Murtha Johnstown-Cambria County"
JST,2026,4,52.0,14.0,4.27,1.0,4.26,0.0,4.47,4.0,0.0,1752.0,220.0,640.0,355.0,0.0,537.0,"Johnstown, PA: John Murtha Johnstown-Cambria County"
JST,2026,5,53.0,10.0,2.64,0.8,1.56,0.0,5.0,1.0,1.0,959.0,88.0,55.0,48.0,0.0,768.0,"Johnstown, PA: John Murtha Johnstown-Cambria County"
JST,2026,6,51.0,12.0,3.34,2.0,1.95,0.0,4.71,3.0,1.0,2932.0,1276.0,878.0,85.0,0.0,693.0,"Johnstown, PA: John Murtha Johnstown-Cambria County"
JST,2026,7,54.0,16.0,5.95,3.69,2.45,0.0,3.92,3.0,0.0,3580.0,1589.0,1337.0,204.0,0.0,450.0,"Johnstown, PA: John Murtha Johnstown-Cambria County"
KOA,2025,8,1343.0,169.0,81.78,1.0,32.55,0.0,53.68,3.0,1.0,8049.0,4086.0,56.0,1189.0,0.0,2718.0,"Kona, HI: Ellison Onizuka Kona International at Keahole"
KOA,2025,9,1234.0,115.0,54.72,0.47,28.35,0.98,30.5,2.0,1.0,5238.0,2700.0,54.0,960.0,54.0,1470.0,"Kona, HI: Ellison Onizuka Kona International at Keahole"
KOA,2025,10,1267.0,194.0,95.0,0.64,49.55,0.0,48.81,17.0,9.0,8876.0,4084.0,64.0,1824.0,0.0,2904.0,"Kona, HI: Ellison Onizuka Kona International at Keahole"
KOA,2025,11,1246.0,157.0,80.05,1.88,38.17,1.67,35.22,19.0,8.0,5885.0,3175.0,176.0,1089.0,52.0,1393.0,"Kona, HI: Ellison Onizuka Kona International at Keahole"
KOA,2025,12,1389.0,300.0,112.53,3.72,63.34,1.0,119.42,6.0,8.0,14763.0,5502.0,107.0,2356.0,22.0,6776.0,"Kona, HI: Ellison Onizuka Kona International at Keahole"
KOA,2026,1,1425.0,272.0,107.73,12.36,60.93,0.95,90.02,12.0,2.0,13955.0,5708.0,696.0,2695.0,56.0,4800.0,"Kona, HI: Ellison Onizuka Kona International at Keahole"
KOA,2026,2,1276.0,259.0,109.37,4.27,71.2,0.0,74.15,4.0,3.0,11001.0,5204.0,126.0,2481.0,0.0,3190.0,"Kona, HI: Ellison Onizuka Kona International at Keahole"
KOA,2026,3,1434.0,302.0,104.08,19.36,80.24,0.0,98.33000000000001,42.0,5.0,17375.0,6075.0,1334.0,2944.0,0.0,7022.0,"Kona, HI: Ellison Onizuka Kona International at Keahole"
KOA,2026,4,1299.0,242.0,100.46999999999998,0.7,78.69,0.0,62.14,3.0,2.0,10686.0,5289.0,31.0,2338.0,0.0,3028.0,"Kona, HI: Ellison Onizuka Kona International at Keahole"
KOA,2026,5,1353.0,180.0,71.46000000000001,1.44,35.21,1.0,69.89,12.0,1.0,7984.0,2772.0,95.0,1046.0,18.0,3830.0,"Kona, HI: Ellison Onizuka Kona International at Keahole"
KOA,2026,6,1370.0,184.0,75.41,0.0,46.480000000000004,0.0,62.11,4.0,1.0,7458.0,3321.0,0.0,1171.0,0.0,2966.0,"Kona, HI: Ellison Onizuka Kona International at Keahole"
KOA,2026,7,1415.0,236.0,94.9,0.23,71.23,0.0,69.62,3.0,0.0,9676.0,4470.0,37.0,1902.0,0.0,3267.0,"Kona, HI: Ellison Onizuka Kona International at Keahole"
KTN,2025,8,236.0,53.0,18.97,0.25,15.92,2.33,15.53,0.0,1.0,2562.0,965.0,6.0,431.0,47.0,1113.0,"Ketchikan, AK: Ketchikan International"
KTN,2025,9,210.0,27.0,12.7,1.36,4.81,0.0,8.13,0.0,4.0,1843.0,916.0,108.0,149.0,0.0,670.0,"Ketchikan, AK: Ketchikan International"
KTN,2025,10,189.0,29.0,15.71,1.0,9.29,0.0,3.0,0.0,3.0,2545.0,2180.0,16.0,255.0,0.0,94.0,"Ketchikan, AK: Ketchikan International"
KTN,2025,11,173.0,29.0,12.77,1.04,7.51,0.0,7.67,3.0,1.0,1522.0,837.0,42.0,192.0,0.0,451.0,"Ketchikan, AK: Ketchikan International"
KTN,2025,12,182.0,62.0,20.8,8.67,19.15,0.0,13.38,7.0,6.0,3898.0,1326.0,702.0,1099.0,0.0,771.0,"Ketchikan, AK: Ketchikan International"
KTN,2026,1,182.0,32.0,10.37,3.44,3.82,0.0,14.36,5.0,20.0,2291.0,681.0,136.0,130.0,0.0,1344.0,"Ketchikan, AK: Ketchikan International"
KTN,2026,2,168.0,27.0,12.57,3.95,4.02,0.0,6.46,5.0,4.0,1506.0,673.0,158.0,197.0,0.0,478.0,"Ketchikan, AK: Ketchikan International"
KTN,2026,3,186.0,55.0,20.29,3.8,10.41,0.44,20.05,2.0,1.0,3607.0,1155.0,241.0,360.0,15.0,1836.0,"Ketchikan, AK: Ketchikan International"
KTN,2026,4,180.0,24.0,10.68,1.47,1.41,1.0,9.44,1.0,0.0,1415.0,688.0,57.0,52.0,25.0,593.0,"Ketchikan, AK: Ketchikan International"
KTN,2026,5,205.0,21.0,12.9,0.93,0.23,0.0,6.94,1.0,0.0,1134.0,909.0,40.0,6.0,0.0,179.0,"Ketchikan, AK: Ketchikan International"
KTN,2026,6,231.0,32.0,15.46,0.0,4.63,0.0,11.91,0.0,0.0,1347.0,731.0,0.0,151.0,0.0,465.0,"Ketchikan, AK: Ketchikan International"
KTN,2026,7,248.0,41.0,16.88,0.97,13.03,0.5,9.62,1.0,1.0,1386.0,659.0,60.0,330.0,12.0,325.0,"Ketchikan, AK: Ketchikan International"
LAF,2025,8,43.0,11.0,6.6,0.0,1.18,0.0,3.22,2.0,0.0,2115.0,1139.0,0.0,37.0,0.0,939.0,"Lafayette, IN: Purdue University"
LAF,2025,9,47.0,13.0,4.95,0.0,0.94,0.0,7.12,0.0,0.0,589.0,346.0,0.0,28.0,0.0,215.0,"Lafayette, IN: Purdue University"
LAF,2025,10,49.0,19.0,8.65,0.0,4.77,0.0,5.57,0.0,0.0,1134.0,595.0,0.0,213.0,0.0,326.0,"Lafayette, IN: Purdue University"
LAF,2025,11,46.0,9.0,4.01,0.0,4.87,0.0,0.13,2.0,0.0,860.0,299.0,0.0,551.0,0.0,10.0,"Lafayette, IN: Purdue University"
LAF,2025,12,52.0,20.0,9.51,0.0,2.96,0.0,7.54,3.0,0.0,2735.0,414.0,0.0,283.0,0.0,2038.0,"Lafayette, IN: Purdue University"
LAF,2026,1,49.0,16.0,10.03,1.21,2.2,0.0,2.57,1.0,0.0,2624.0,1754.0,36.0,165.0,0.0,669.0,"Lafayette, IN: Purdue University"
LAF,2026,2,44.0,10.0,3.97,0.0,2.62,0.0,3.41,0.0,0.0,1902.0,914.0,0.0,223.0,0.0,765.0,"Lafayette, IN: Purdue University"
LAF,2026,3,49.0,11.0,2.77,0.39,4.86,0.0,2.98,5.0,1.0,1373.0,173.0,28.0,250.0,0.0,922.0,"Lafayette, IN: Purdue University"
LAF,2026,4,47.0,22.0,8.26,0.22,5.7,0.0,7.82,5.0,1.0,1913.0,510.0,14.0,698.0,0.0,691.0,"Lafayette, IN: Purdue University"
LAF,2026,5,49.0,16.0,8.66,1.83,1.74,0.0,3.77,0.0,0.0,1696.0,1078.0,239.0,74.0,0.0,305.0,"Lafayette, IN: Purdue University"
LAF,2026,6,43.0,9.0,5.95,1.0,2.05,0.0,0.0,2.0,1.0,1083.0,194.0,270.0,619.0,0.0,0.0,"Lafayette, IN: Purdue University"
LAF,2026,7,49.0,15.0,11.35,0.0,1.15,0.0,2.5,3.0,0.0,777.0,639.0,0.0,82.0,0.0,56.0,"Lafayette, IN: Purdue University"
LAN,2025,8,203.0,44.0,19.14,2.39,9.950000000000001,0.0,12.54,2.0,0.0,3443.0,1779.0,409.0,502.0,0.0,753.0,"Lansing, MI: Capital Region International"
LAN,2025,9,173.0,25.0,11.96,0.0,3.45,0.0,9.6,0.0,0.0,1089.0,554.0,0.0,115.0,0.0,420.0,"Lansing, MI: Capital Region International"
LAN,2025,10,178.0,23.0,13.2,1.0,2.65,0.0,6.16,0.0,0.0,1392.0,819.0,40.0,122.0,0.0,411.0,"Lansing, MI: Capital Region International"
LAN,2025,11,168.0,37.0,12.24,3.29,7.55,0.0,13.91,9.0,0.0,3538.0,1460.0,458.0,400.0,0.0,1220.0,"Lansing, MI: Capital Region International"
LAN,2025,12,161.0,71.0,20.18,13.06,17.31,0.0,20.45,6.0,0.0,6988.0,2074.0,2126.0,1160.0,0.0,1628.0,"Lansing, MI: Capital Region International"
LAN,2026,1,165.0,67.0,27.0,11.97,14.51,0.0,13.53,4.0,0.0,8058.0,3103.0,1593.0,1088.0,0.0,2274.0,"Lansing, MI: Capital Region International"
LAN,2026,2,155.0,50.0,26.619999999999997,3.83,8.05,0.0,11.49,0.0,0.0,4293.0,2434.0,396.0,565.0,0.0,898.0,"Lansing, MI: Capital Region International"
LAN,2026,3,172.0,64.0,29.6,7.7299999999999995,10.07,0.0,16.6,8.0,0.0,6685.0,3984.0,751.0,650.0,0.0,1300.0,"Lansing, MI: Capital Region International"
LAN,2026,4,171.0,37.0,11.71,8.32,4.93,0.0,12.04,5.0,1.0,2010.0,859.0,269.0,246.0,0.0,636.0,"Lansing, MI: Capital Region International"
LAN,2026,5,180.0,45.0,21.7,2.0,6.21,0.52,14.57,2.0,0.0,3100.0,1752.0,104.0,190.0,12.0,1042.0,"Lansing, MI: Capital Region International"
LAN,2026,6,176.0,29.0,8.8,3.0,4.32,0.0,12.879999999999999,4.0,0.0,2583.0,969.0,418.0,142.0,0.0,1054.0,"Lansing, MI: Capital Region International"
LAN,2026,7,180.0,43.0,20.81,4.58,6.29,0.0,11.33,5.0,0.0,3924.0,1651.0,606.0,244.0,0.0,1423.0,"Lansing, MI: Capital Region International"
LAR,2025,8,53.0,19.0,6.24,0.93,2.98,0.0,8.86,0.0,1.0,1543.0,322.0,102.0,268.0,0.0,851.0,"Laramie, WY: Laramie Regional"
LAR,2025,9,51.0,6.0,2.96,2.55,0.49,0.0,0.0,0.0,0.0,430.0,110.0,299.0,21.0,0.0,0.0,"Laramie, WY: Laramie Regional"
LAR,2025,10,54.0,5.0,0.89,1.0,0.24,0.0,2.87,0.0,0.0,655.0,165.0,28.0,32.0,0.0,430.0,"Laramie, WY: Laramie Regional"
LAR,2025,11,50.0,3.0,1.97,1.0,0.03,0.0,0.0,1.0,0.0,390.0,163.0,223.0,4.0,0.0,0.0,"Laramie, WY: Laramie Regional"
LAR,2025,12,55.0,12.0,7.88,0.42,0.7,0.0,3.0,1.0,0.0,646.0,374.0,23.0,39.0,0.0,210.0,"Laramie, WY: Laramie Regional"
LAR,2026,1,53.0,10.0,4.82,0.75,0.77,0.0,3.65,0.0,0.0,1162.0,569.0,97.0,98.0,0.0,398.0,"Laramie, WY: Laramie Regional"
LAR,2026,2,48.0,15.0,6.81,1.25,3.17,0.0,3.78,0.0,0.0,1102.0,294.0,30.0,363.0,0.0,415.0,"Laramie, WY: Laramie Regional"
LAR,2026,3,54.0,5.0,3.91,0.0,0.21,0.0,0.89,4.0,0.0,887.0,844.0,0.0,12.0,0.0,31.0,"Laramie, WY: Laramie Regional"
LAR,2026,4,52.0,8.0,3.72,0.92,0.75,0.0,2.61,1.0,1.0,470.0,94.0,68.0,43.0,0.0,265.0,"Laramie, WY: Laramie Regional"
LAR,2026,5,53.0,15.0,4.03,0.0,4.03,0.0,6.94,1.0,0.0,799.0,127.0,0.0,289.0,0.0,383.0,"Laramie, WY: Laramie Regional"
LAR,2026,6,51.0,19.0,5.99,3.55,2.12,0.0,7.33,0.0,3.0,2847.0,1643.0,262.0,230.0,0.0,712.0,"Laramie, WY: Laramie Regional"
LAR,2026,7,54.0,20.0,9.39,2.86,1.75,0.0,6.0,1.0,0.0,1485.0,533.0,499.0,116.0,0.0,337.0,"Laramie, WY: Laramie Regional"
LAS,2025,8,15121.0,2902.0,850.77,103.46,613.64,6.1899999999999995,1327.92,69.0,13.0,180500.0,57637.0,9004.0,28079.0,319.0,85461.0,"Las Vegas, NV: Harry Reid International"
LAS,2025,9,14610.0,2943.0,729.95,94.53,1097.17,8.379999999999999,1012.96,75.0,30.0,190070.0,45934.0,12220.0,60878.0,645.0,70393.0,"Las Vegas, NV: Harry Reid International"
LAS,2025,10,15861.0,3493.0,982.29,53.18000000000001,988.77,3.96,1464.81,70.0,15.0,215896.0,65608.0,4846.0,48659.0,207.0,96576.0,"Las Vegas, NV: Harry Reid International"
LAS,2025,11,14638.0,2873.0,739.75,63.870000000000005,958.51,5.83,1105.01,264.0,4.0,183899.0,47252.0,6313.0,52873.0,528.0,76933.0,"Las Vegas, NV: Harry Reid International"
LAS,2025,12,14798.0,3202.0,1045.51,62.09,558.63,12.36,1523.4299999999998,107.0,2.0,197553.0,67553.0,8190.0,22721.0,651.0,98438.0,"Las Vegas, NV: Harry Reid International"
LAS,2026,1,13848.0,2486.0,733.71,89.25999999999999,812.3,6.0,844.79,268.0,34.0,164032.0,50934.0,9606.0,40880.0,206.0,62406.0,"Las Vegas, NV: Harry Reid International"
LAS,2026,2,12943.0,2236.0,684.72,63.87,619.99,8.540000000000001,858.87,115.0,3.0,134260.0,41039.0,6619.0,30141.0,680.0,55781.0,"Las Vegas, NV: Harry Reid International"
LAS,2026,3,15239.0,2917.0,872.24,59.31,658.93,8.97,1317.57,174.0,17.0,182581.0,56786.0,7273.0,31030.0,422.0,87070.0,"Las Vegas, NV: Harry Reid International"
LAS,2026,4,14802.0,3359.0,834.55,50.82,1101.58,5.8,1365.2399999999998,68.0,16.0,186955.0,48095.0,4444.0,52549.0,206.0,81612.0,"Las Vegas, NV: Harry Reid International"
LAS,2026,5,14721.0,3462.0,965.78,55.29,905.73,11.479999999999999,1522.7,90.0,48.0,226822.0,67060.0,4833.0,51711.0,571.0,102471.0,"Las Vegas, NV: Harry Reid International"
LAS,2026,6,13903.0,4062.0,1083.97,82.49,911.45,8.08,1976.0,111.0,14.0,264565.0,66667.0,8275.0,55352.0,430.0,133841.0,"Las Vegas, NV: Harry Reid International"
LAS,2026,7,14552.0,3754.0,1083.1100000000001,80.47,574.56,11.17,2004.72,171.0,14.0,249483.0,72023.0,8026.0,29931.0,590.0,138913.0,"Las Vegas, NV: Harry Reid International"
LAW,2025,8,93.0,32.0,9.68,2.37,6.35,0.0,13.6,2.0,0.0,4301.0,2416.0,284.0,323.0,0.0,1278.0,"Lawton/Fort Sill, OK: Lawton-Fort Sill Regional"
LAW,2025,9,90.0,17.0,3.89,0.0,4.79,0.0,8.33,1.0,2.0,1193.0,431.0,0.0,304.0,0.0,458.0,"Lawton/Fort Sill, OK: Lawton-Fort Sill Regional"
LAW,2025,10,92.0,12.0,2.57,1.47,1.87,0.0,6.09,2.0,0.0,1051.0,314.0,149.0,150.0,0.0,438.0,"Lawton/Fort Sill, OK: Lawton-Fort Sill Regional"
LAW,2025,11,87.0,22.0,3.38,3.77,3.76,0.0,11.08,5.0,0.0,4170.0,864.0,509.0,286.0,0.0,2511.0,"Lawton/Fort Sill, OK: Lawton-Fort Sill Regional"
LAW,2025,12,91.0,35.0,6.91,2.49,2.66,0.0,22.94,3.0,2.0,3707.0,868.0,166.0,176.0,0.0,2497.0,"Lawton/Fort Sill, OK: Lawton-Fort Sill Regional"
LAW,2026,1,93.0,10.0,4.16,0.24,1.39,0.0,4.21,15.0,0.0,1726.0,872.0,42.0,32.0,0.0,780.0,"Lawton/Fort Sill, OK: Lawton-Fort Sill Regional"
LAW,2026,2,78.0,14.0,4.09,0.36,0.01,0.0,9.54,5.0,0.0,1299.0,247.0,12.0,1.0,0.0,1039.0,"Lawton/Fort Sill, OK: Lawton-Fort Sill Regional"
LAW,2026,3,84.0,28.0,12.41,0.22,2.5,0.0,12.87,7.0,2.0,2624.0,1333.0,17.0,181.0,0.0,1093.0,"Lawton/Fort Sill, OK: Lawton-Fort Sill Regional"
LAW,2026,4,90.0,30.0,5.65,5.01,4.4,0.0,14.94,5.0,0.0,4163.0,348.0,722.0,234.0,0.0,2859.0,"Lawton/Fort Sill, OK: Lawton-Fort Sill Regional"
LAW,2026,5,93.0,20.0,4.58,1.98,3.13,0.0,10.3,5.0,0.0,1412.0,129.0,122.0,115.0,0.0,1046.0,"Lawton/Fort Sill, OK: Lawton-Fort Sill Regional"
LAW,2026,6,89.0,26.0,9.48,3.04,6.71,0.0,6.75,4.0,0.0,1579.0,392.0,200.0,228.0,0.0,759.0,"Lawton/Fort Sill, OK: Lawton-Fort Sill Regional"
LAW,2026,7,92.0,18.0,4.07,2.9,1.12,0.0,9.92,1.0,1.0,1684.0,873.0,278.0,52.0,0.0,481.0,"Lawton/Fort Sill, OK: Lawton-Fort Sill Regional"
LAX,2025,8,17093.0,3085.0,1240.74,140.21,533.78,5.86,1164.4099999999999,100.0,28.0,218317.0,92023.0,15349.0,23357.0,293.0,87295.0,"Los Angeles, CA: Los Angeles International"
LAX,2025,9,15751.0,2422.0,941.02,63.760000000000005,547.9,6.79,862.52,53.0,10.0,158563.0,66307.0,5440.0,23538.0,275.0,63003.0,"Los Angeles, CA: Los Angeles International"
LAX,2025,10,16708.0,3167.0,1133.67,82.74,915.28,5.61,1029.69,62.0,24.0,201912.0,81702.0,6922.0,33699.0,181.0,79408.0,"Los Angeles, CA: Los Angeles International"
LAX,2025,11,15980.0,2974.0,1028.03,75.72,910.05,5.76,954.43,310.0,15.0,194369.0,71089.0,7686.0,40805.0,243.0,74546.0,"Los Angeles, CA: Los Angeles International"
LAX,2025,12,16637.0,3919.0,1473.97,121.35,1083.09,11.7,1228.8899999999999,185.0,27.0,259178.0,109203.0,12383.0,45186.0,548.0,91858.0,"Los Angeles, CA: Los Angeles International"
LAX,2026,1,15149.0,2913.0,1186.8000000000002,144.62,777.24,4.68,799.65,340.0,18.0,212205.0,92598.0,17551.0,37113.0,174.0,64769.0,"Los Angeles, CA: Los Angeles International"
LAX,2026,2,13982.0,2632.0,1012.1400000000001,105.35,776.08,7.59,730.8299999999999,221.0,27.0,178210.0,81477.0,10570.0,31156.0,1098.0,53909.0,"Los Angeles, CA: Los Angeles International"
LAX,2026,3,16343.0,2647.0,1071.8500000000001,98.89,530.36,8.5,936.3499999999999,210.0,16.0,192449.0,82443.0,10908.0,24368.0,513.0,74047.0,"Los Angeles, CA: Los Angeles International"
LAX,2026,4,15860.0,3006.0,1015.54,73.47,880.63,7.58,1028.76,76.0,15.0,176656.0,69395.0,6414.0,32268.0,286.0,68293.0,"Los Angeles, CA: Los Angeles International"
LAX,2026,5,16443.0,3156.0,1144.83,88.42,747.15,11.06,1164.54,93.0,17.0,203054.0,76879.0,8434.0,29012.0,517.0,88212.0,"Los Angeles, CA: Los Angeles International"
LAX,2026,6,16822.0,4073.0,1392.25,140.82,1034.83,8.540000000000001,1496.61,106.0,10.0,273801.0,102938.0,13087.0,40289.0,357.0,117130.0,"Los Angeles, CA: Los Angeles International"
LAX,2026,7,17601.0,4219.0,1480.6399999999999,151.35,898.9100000000001,7.51,1680.6100000000001,220.0,20.0,304588.0,114201.0,16535.0,39039.0,240.0,134573.0,"Los Angeles, CA: Los Angeles International"
LBB,2025,8,685.0,170.0,55.17,13.69,31.05,0.0,70.10000000000001,5.0,4.0,14804.0,4583.0,1245.0,1823.0,0.0,7153.0,"Lubbock, TX: Lubbock Preston Smith International"
LBB,2025,9,674.0,105.0,36.64,7.67,18.32,0.0,42.36,4.0,0.0,8284.0,2703.0,772.0,1454.0,0.0,3355.0,"Lubbock, TX: Lubbock Preston Smith International"
LBB,2025,10,717.0,125.0,47.85,6.34,17.06,0.0,53.74,3.0,0.0,7812.0,2688.0,645.0,866.0,0.0,3613.0,"Lubbock, TX: Lubbock Preston Smith International"
LBB,2025,11,653.0,115.0,35.39,3.8499999999999996,14.950000000000001,0.94,59.86,16.0,0.0,7804.0,2336.0,330.0,891.0,33.0,4214.0,"Lubbock, TX: Lubbock Preston Smith International"
LBB,2025,12,654.0,151.0,56.65,3.0,12.200000000000001,0.0,79.16000000000001,1.0,0.0,10300.0,3516.0,255.0,548.0,0.0,5981.0,"Lubbock, TX: Lubbock Preston Smith International"
LBB,2026,1,606.0,88.0,32.32,5.95,9.07,0.0,40.65,52.0,2.0,9029.0,3013.0,1351.0,419.0,0.0,4246.0,"Lubbock, TX: Lubbock Preston Smith International"
LBB,2026,2,551.0,88.0,33.980000000000004,4.34,12.08,0.0,37.62,2.0,0.0,6896.0,3031.0,347.0,663.0,0.0,2855.0,"Lubbock, TX: Lubbock Preston Smith International"
LBB,2026,3,664.0,141.0,46.03,6.66,21.87,1.88,64.55,19.0,2.0,10403.0,4059.0,587.0,1176.0,56.0,4525.0,"Lubbock, TX: Lubbock Preston Smith International"
LBB,2026,4,628.0,114.0,32.83,3.16,16.47,0.0,61.55,2.0,0.0,6762.0,1698.0,226.0,606.0,0.0,4232.0,"Lubbock, TX: Lubbock Preston Smith International"
LBB,2026,5,666.0,160.0,59.85,8.59,24.1,0.0,67.46,11.0,4.0,12387.0,5288.0,772.0,1208.0,0.0,5119.0,"Lubbock, TX: Lubbock Preston Smith International"
LBB,2026,6,658.0,196.0,56.51,13.09,25.46,1.0,98.92999999999999,16.0,3.0,14135.0,3446.0,1075.0,1505.0,92.0,7854.0,"Lubbock, TX: Lubbock Preston Smith International"
LBB,2026,7,668.0,173.0,54.769999999999996,8.649999999999999,19.96,0.03,88.59,4.0,0.0,12001.0,2800.0,727.0,1283.0,7.0,7013.0,"Lubbock, TX: Lubbock Preston Smith International"
LBE,2025,8,60.0,16.0,5.3,0.0,5.49,0.0,5.21,0.0,0.0,833.0,314.0,0.0,231.0,0.0,288.0,"Latrobe, PA: Arnold Palmer Regional"
LBE,2025,9,46.0,6.0,0.16,2.9,1.94,0.0,1.0,0.0,0.0,393.0,14.0,267.0,83.0,0.0,29.0,"Latrobe, PA: Arnold Palmer Regional"
LBE,2025,10,34.0,9.0,3.87,0.0,4.22,0.0,0.92,0.0,0.0,285.0,114.0,0.0,106.0,0.0,65.0,"Latrobe, PA: Arnold Palmer Regional"
LBE,2025,11,27.0,8.0,1.0,0.0,5.02,0.0,1.98,1.0,0.0,685.0,22.0,0.0,333.0,0.0,330.0,"Latrobe, PA: Arnold Palmer Regional"
LBE,2025,12,27.0,9.0,3.1,0.0,3.25,0.0,2.65,4.0,0.0,682.0,283.0,0.0,147.0,0.0,252.0,"Latrobe, PA: Arnold Palmer Regional"
LBE,2026,1,25.0,9.0,2.28,0.0,5.57,0.0,1.15,1.0,0.0,477.0,126.0,0.0,281.0,0.0,70.0,"Latrobe, PA: Arnold Palmer Regional"
LBE,2026,2,28.0,8.0,2.89,0.0,2.47,0.0,2.63,3.0,0.0,370.0,182.0,0.0,82.0,0.0,106.0,"Latrobe, PA: Arnold Palmer Regional"
LBE,2026,3,31.0,11.0,4.01,0.0,3.59,0.0,3.41,1.0,0.0,805.0,247.0,0.0,219.0,0.0,339.0,"Latrobe, PA: Arnold Palmer Regional"
LBE,2026,4,24.0,6.0,1.05,0.0,1.87,0.0,3.09,1.0,0.0,492.0,138.0,0.0,143.0,0.0,211.0,"Latrobe, PA: Arnold Palmer Regional"
LBE,2026,5,1.0,0.0,0.0,0.0,0.0,0.0,0.0,0.0,0.0,0.0,0.0,0.0,0.0,0.0,0.0,"Latrobe, PA: Arnold Palmer Regional"
LBF,2025,8,54.0,16.0,5.87,4.11,1.66,0.0,4.37,2.0,1.0,1138.0,273.0,381.0,65.0,0.0,419.0,"North Platte, NE: North Platte Regional Airport Lee Bird Field"
LBF,2025,9,51.0,7.0,1.71,4.85,0.43,0.0,0.0,0.0,0.0,623.0,102.0,480.0,41.0,0.0,0.0,"North Platte, NE: North Platte Regional Airport Lee Bird Field"
LBF,2025,10,53.0,9.0,7.53,0.0,1.47,0.0,0.0,0.0,0.0,235.0,166.0,0.0,69.0,0.0,0.0,"North Platte, NE: North Platte Regional Airport Lee Bird Field"
LBF,2025,11,51.0,12.0,9.33,0.0,1.32,0.0,1.35,1.0,0.0,462.0,358.0,0.0,60.0,0.0,44.0,"North Platte, NE: North Platte Regional Airport Lee Bird Field"
LBF,2025,12,54.0,17.0,5.52,2.0,3.37,0.0,6.1,0.0,0.0,1359.0,539.0,90.0,226.0,0.0,504.0,"North Platte, NE: North Platte Regional Airport Lee Bird Field"
LBF,2026,1,54.0,16.0,5.55,0.0,3.02,0.0,7.43,0.0,1.0,1833.0,1249.0,0.0,129.0,0.0,455.0,"North Platte, NE: North Platte Regional Airport Lee Bird Field"
LBF,2026,2,48.0,8.0,3.98,0.0,0.45,0.0,3.57,0.0,0.0,430.0,229.0,0.0,23.0,0.0,178.0,"North Platte, NE: North Platte Regional Airport Lee Bird Field"
LBF,2026,3,53.0,11.0,4.99,0.0,2.34,0.0,3.66,2.0,0.0,1441.0,189.0,0.0,124.0,0.0,1128.0,"North Platte, NE: North Platte Regional Airport Lee Bird Field"
LBF,2026,4,51.0,11.0,5.49,1.0,0.51,0.0,4.0,0.0,0.0,537.0,207.0,22.0,32.0,0.0,276.0,"North Platte, NE: North Platte Regional Airport Lee Bird Field"
LBF,2026,5,54.0,15.0,6.76,2.0,4.52,0.0,1.72,0.0,1.0,1041.0,174.0,57.0,487.0,0.0,323.0,"North Platte, NE: North Platte Regional Airport Lee Bird Field"
LBF,2026,6,51.0,17.0,3.99,2.96,4.59,0.0,5.45,0.0,1.0,1318.0,205.0,444.0,286.0,0.0,383.0,"North Platte, NE: North Platte Regional Airport Lee Bird Field"
LBF,2026,7,53.0,20.0,7.14,1.88,2.95,0.0,8.03,0.0,0.0,2777.0,1153.0,525.0,318.0,0.0,781.0,"North Platte, NE: North Platte Regional Airport Lee Bird Field"
LBL,2025,8,53.0,14.0,7.18,0.68,1.33,0.0,4.81,2.0,2.0,688.0,242.0,91.0,67.0,0.0,288.0,"Liberal, KS: Liberal Mid-America Regional"
LBL,2025,9,51.0,5.0,2.93,0.0,0.07,0.0,1.99,0.0,0.0,273.0,96.0,0.0,2.0,0.0,175.0,"Liberal, KS: Liberal Mid-America Regional"
LBL,2025,10,54.0,9.0,4.36,0.72,0.92,0.0,3.0,0.0,0.0,563.0,268.0,89.0,64.0,0.0,142.0,"Liberal, KS: Liberal Mid-America Regional"
LBL,2025,11,50.0,4.0,2.75,0.0,0.4,0.0,0.86,0.0,0.0,289.0,161.0,0.0,26.0,0.0,102.0,"Liberal, KS: Liberal Mid-America Regional"
LBL,2025,12,55.0,12.0,6.9,0.63,0.77,0.0,3.7,0.0,1.0,569.0,189.0,10.0,48.0,0.0,322.0,"Liberal, KS: Liberal Mid-America Regional"
LBL,2026,1,53.0,11.0,5.07,0.74,1.27,0.0,3.92,0.0,0.0,708.0,181.0,90.0,79.0,0.0,358.0,"Liberal, KS: Liberal Mid-America Regional"
LBL,2026,2,48.0,6.0,5.0,0.0,0.0,0.0,1.0,5.0,0.0,382.0,364.0,0.0,0.0,0.0,18.0,"Liberal, KS: Liberal Mid-America Regional"
LBL,2026,3,53.0,6.0,3.98,0.0,1.02,0.0,1.0,3.0,0.0,520.0,211.0,0.0,87.0,0.0,222.0,"Liberal, KS: Liberal Mid-America Regional"
LBL,2026,4,52.0,10.0,7.51,0.66,0.84,0.0,1.0,1.0,1.0,540.0,373.0,54.0,80.0,0.0,33.0,"Liberal, KS: Liberal Mid-America Regional"
LBL,2026,5,53.0,7.0,1.86,1.0,1.5,0.0,2.65,1.0,1.0,382.0,64.0,63.0,45.0,0.0,210.0,"Liberal, KS: Liberal Mid-America Regional"
LBL,2026,6,51.0,8.0,2.82,1.93,1.24,0.0,2.0,0.0,0.0,504.0,107.0,186.0,77.0,0.0,134.0,"Liberal, KS: Liberal Mid-America Regional"
LBL,2026,7,54.0,12.0,6.17,1.77,1.71,0.0,2.35,0.0,0.0,735.0,386.0,98.0,116.0,0.0,135.0,"Liberal, KS: Liberal Mid-America Regional"
LCH,2025,8,171.0,39.0,12.34,5.050000000000001,7.32,0.0,14.3,1.0,0.0,2539.0,666.0,489.0,402.0,0.0,982.0,"Lake Charles, LA: Lake Charles Regional"
LCH,2025,9,168.0,21.0,10.850000000000001,2.29,1.9000000000000001,0.0,5.9399999999999995,1.0,0.0,2329.0,1296.0,167.0,158.0,0.0,708.0,"Lake Charles, LA: Lake Charles Regional"
LCH,2025,10,180.0,24.0,9.71,1.5499999999999998,5.29,0.0,7.45,1.0,0.0,1829.0,442.0,214.0,781.0,0.0,392.0,"Lake Charles, LA: Lake Charles Regional"
LCH,2025,11,169.0,25.0,8.75,1.09,8.3,0.0,6.85,7.0,1.0,951.0,312.0,28.0,279.0,0.0,332.0,"Lake Charles, LA: Lake Charles Regional"
LCH,2025,12,154.0,37.0,16.66,1.88,5.609999999999999,0.0,12.86,1.0,3.0,2753.0,692.0,767.0,203.0,0.0,1091.0,"Lake Charles, LA: Lake Charles Regional"
LCH,2026,1,129.0,20.0,8.1,3.9699999999999998,3.41,0.0,4.52,6.0,0.0,2918.0,455.0,2024.0,128.0,0.0,311.0,"Lake Charles, LA: Lake Charles Regional"
LCH,2026,2,123.0,11.0,3.97,1.8,2.7700000000000005,0.0,2.45,1.0,0.0,973.0,151.0,648.0,73.0,0.0,101.0,"Lake Charles, LA: Lake Charles Regional"
LCH,2026,3,158.0,15.0,4.779999999999999,0.9,1.4700000000000002,0.0,7.85,4.0,2.0,1778.0,779.0,93.0,209.0,0.0,697.0,"Lake Charles, LA: Lake Charles Regional"
LCH,2026,4,179.0,26.0,4.46,1.8599999999999999,4.890000000000001,0.0,14.790000000000001,2.0,0.0,3433.0,939.0,174.0,202.0,0.0,2118.0,"Lake Charles, LA: Lake Charles Regional"
LCH,2026,5,179.0,34.0,8.36,2.41,7.5,0.21,15.52,6.0,1.0,2025.0,409.0,216.0,376.0,7.0,1017.0,"Lake Charles, LA: Lake Charles Regional"
LCH,2026,6,169.0,43.0,9.86,1.45,7.38,0.0,24.31,4.0,0.0,3814.0,1245.0,88.0,524.0,0.0,1957.0,"Lake Charles, LA: Lake Charles Regional"
LCH,2026,7,174.0,29.0,7.83,3.49,5.76,0.0,11.91,1.0,0.0,2000.0,283.0,255.0,290.0,0.0,1172.0,"Lake Charles, LA: Lake Charles Regional"
LCK,2025,8,118.0,25.0,11.7,2.37,1.87,0.0,9.05,0.0,0.0,2646.0,784.0,244.0,71.0,0.0,1547.0,"Columbus, OH: Rickenbacker International"
LCK,2025,9,71.0,8.0,1.5,2.57,1.44,0.0,2.49,0.0,0.0,310.0,42.0,106.0,29.0,0.0,133.0,"Columbus, OH: Rickenbacker International"
LCK,2025,10,90.0,10.0,4.34,0.0,3.07,0.0,2.59,0.0,0.0,632.0,462.0,0.0,81.0,0.0,89.0,"Columbus, OH: Rickenbacker International"
LCK,2025,11,68.0,8.0,2.96,0.39,1.65,0.0,2.99,0.0,0.0,320.0,117.0,12.0,53.0,0.0,138.0,"Columbus, OH: Rickenbacker International"
LCK,2025,12,81.0,22.0,5.43,0.75,5.04,0.0,10.78,0.0,0.0,1038.0,311.0,21.0,209.0,0.0,497.0,"Columbus, OH: Rickenbacker International"
LCK,2026,1,62.0,10.0,2.34,1.68,2.77,0.0,3.21,1.0,1.0,820.0,79.0,217.0,196.0,0.0,328.0,"Columbus, OH: Rickenbacker International"
LCK,2026,2,59.0,12.0,1.91,0.0,6.74,0.0,3.35,0.0,1.0,950.0,316.0,0.0,350.0,0.0,284.0,"Columbus, OH: Rickenbacker International"
LCK,2026,3,105.0,26.0,6.57,1.82,4.82,0.0,12.79,1.0,0.0,2255.0,1324.0,97.0,172.0,0.0,662.0,"Columbus, OH: Rickenbacker International"
LCK,2026,4,74.0,19.0,3.29,1.47,3.58,0.0,10.67,0.0,0.0,1169.0,233.0,61.0,153.0,0.0,722.0,"Columbus, OH: Rickenbacker International"
LCK,2026,5,102.0,27.0,9.93,4.44,6.21,0.0,6.42,0.0,0.0,2602.0,564.0,196.0,1560.0,0.0,282.0,"Columbus, OH: Rickenbacker International"
LCK,2026,6,150.0,34.0,8.86,4.68,6.78,0.0,13.68,0.0,1.0,2151.0,501.0,241.0,368.0,0.0,1041.0,"Columbus, OH: Rickenbacker International"
LCK,2026,7,154.0,38.0,9.02,4.22,7.53,0.0,17.22,2.0,0.0,2290.0,539.0,223.0,511.0,0.0,1017.0,"Columbus, OH: Rickenbacker International"
LEX,2025,8,970.0,211.0,77.38,14.599999999999998,28.25,0.0,90.78,14.0,1.0,19630.0,6528.0,2462.0,1496.0,0.0,9144.0,"Lexington, KY: Blue Grass"
LEX,2025,9,919.0,140.0,57.57,7.24,27.29,0.0,47.9,5.0,1.0,8420.0,3013.0,443.0,1316.0,0.0,3648.0,"Lexington, KY: Blue Grass"
LEX,2025,10,1035.0,196.0,88.53,5.91,41.22,0.09,60.25,5.0,1.0,11301.0,6279.0,322.0,1661.0,34.0,3005.0,"Lexington, KY: Blue Grass"
LEX,2025,11,891.0,207.0,86.15,14.61,37.230000000000004,0.98,68.02,30.0,10.0,19480.0,6351.0,2644.0,2251.0,119.0,8115.0,"Lexington, KY: Blue Grass"
LEX,2025,12,864.0,281.0,89.38,22.78,46.53,0.52,121.75,16.0,1.0,26290.0,7241.0,3692.0,3194.0,15.0,12148.0,"Lexington, KY: Blue Grass"
LEX,2026,1,827.0,182.0,74.75,9.7,34.42,0.0,63.15,72.0,0.0,15264.0,6612.0,1176.0,1606.0,0.0,5870.0,"Lexington, KY: Blue Grass"
LEX,2026,2,774.0,176.0,56.76,14.58,44.43,0.0,60.230000000000004,9.0,5.0,9973.0,3423.0,692.0,2037.0,0.0,3821.0,"Lexington, KY: Blue Grass"
LEX,2026,3,903.0,248.0,81.4,12.27,57.339999999999996,0.97,96.01,25.0,2.0,20083.0,6385.0,1455.0,3940.0,41.0,8262.0,"Lexington, KY: Blue Grass"
LEX,2026,4,957.0,207.0,69.1,8.59,50.71,0.0,78.62,20.0,4.0,14359.0,4103.0,1371.0,2421.0,0.0,6464.0,"Lexington, KY: Blue Grass"
LEX,2026,5,1071.0,263.0,84.72,10.66,59.68,0.0,107.94,16.0,1.0,17910.0,5946.0,1577.0,2692.0,0.0,7695.0,"Lexington, KY: Blue Grass"
LEX,2026,6,1053.0,253.0,88.31,18.47,56.58,0.73,88.91,32.0,1.0,22331.0,8367.0,2225.0,3112.0,11.0,8616.0,"Lexington, KY: Blue Grass"
LEX,2026,7,1095.0,339.0,122.19,25.78,77.17999999999999,0.47,113.38,44.0,7.0,25188.0,8840.0,2315.0,4021.0,54.0,9958.0,"Lexington, KY: Blue Grass"
LFT,2025,8,462.0,109.0,35.379999999999995,12.059999999999999,16.96,0.0,44.58,1.0,0.0,7883.0,2710.0,1158.0,763.0,0.0,3252.0,"Lafayette, LA: Lafayette Regional Paul Fournet Field"
LFT,2025,9,459.0,57.0,16.79,3.18,9.73,1.0,26.29,3.0,1.0,5158.0,1261.0,429.0,426.0,84.0,2958.0,"Lafayette, LA: Lafayette Regional Paul Fournet Field"
LFT,2025,10,490.0,87.0,37.55,1.76,21.310000000000002,0.0,26.4,2.0,1.0,4862.0,1748.0,198.0,934.0,0.0,1982.0,"Lafayette, LA: Lafayette Regional Paul Fournet Field"
LFT,2025,11,484.0,97.0,36.16,8.120000000000001,25.54,0.0,27.17,11.0,0.0,7011.0,2198.0,1101.0,1188.0,0.0,2524.0,"Lafayette, LA: Lafayette Regional Paul Fournet Field"
LFT,2025,12,472.0,140.0,52.830000000000005,6.88,18.87,0.0,61.42,2.0,1.0,12275.0,3833.0,787.0,796.0,0.0,6859.0,"Lafayette, LA: Lafayette Regional Paul Fournet Field"
LFT,2026,1,408.0,79.0,41.02,5.359999999999999,12.46,0.0,20.16,26.0,0.0,7900.0,4311.0,1274.0,512.0,0.0,1803.0,"Lafayette, LA: Lafayette Regional Paul Fournet Field"
LFT,2026,2,374.0,58.0,26.67,6.370000000000001,6.12,0.0,18.84,2.0,1.0,3608.0,1498.0,681.0,266.0,0.0,1163.0,"Lafayette, LA: Lafayette Regional Paul Fournet Field"
LFT,2026,3,435.0,119.0,57.910000000000004,7.46,13.57,0.0,40.06,20.0,0.0,14164.0,8055.0,1428.0,785.0,0.0,3896.0,"Lafayette, LA: Lafayette Regional Paul Fournet Field"
LFT,2026,4,458.0,96.0,36.08,7.58,16.53,0.0,35.81,5.0,1.0,7202.0,2246.0,382.0,611.0,0.0,3963.0,"Lafayette, LA: Lafayette Regional Paul Fournet Field"
LFT,2026,5,472.0,115.0,41.64,3.47,23.53,0.0,46.37,10.0,5.0,7830.0,3557.0,373.0,1032.0,0.0,2868.0,"Lafayette, LA: Lafayette Regional Paul Fournet Field"
LFT,2026,6,433.0,97.0,28.580000000000002,8.74,21.97,0.99,36.72,9.0,1.0,9922.0,3111.0,1416.0,1366.0,94.0,3935.0,"Lafayette, LA: Lafayette Regional Paul Fournet Field"
LFT,2026,7,440.0,141.0,54.12,8.16,25.07,0.0,53.64,3.0,2.0,14454.0,5803.0,1786.0,1310.0,0.0,5555.0,"Lafayette, LA: Lafayette Regional Paul Fournet Field"
LGA,2025,8,14283.0,2824.0,840.68,131.28,916.01,3.0300000000000002,932.99,239.0,30.0,225919.0,73905.0,13790.0,61233.0,148.0,76843.0,"New York, NY: LaGuardia"
LGA,2025,9,13933.0,2222.0,589.0799999999999,98.78,840.3,11.54,682.29,127.0,74.0,156685.0,45914.0,10576.0,50042.0,578.0,49575.0,"New York, NY: LaGuardia"
LGA,2025,10,14544.0,4023.0,765.19,69.56,1908.65,4.0,1275.5900000000001,401.0,51.0,302249.0,65493.0,10310.0,122551.0,210.0,103685.0,"New York, NY: LaGuardia"
LGA,2025,11,13798.0,4250.0,697.6700000000001,76.62,2284.16,2.83,1188.7,496.0,35.0,377432.0,79551.0,8567.0,178099.0,394.0,110821.0,"New York, NY: LaGuardia"
LGA,2025,12,13475.0,4494.0,1083.9,150.2,1653.42,8.1,1598.3899999999999,661.0,72.0,395086.0,101070.0,22041.0,129606.0,309.0,142060.0,"New York, NY: LaGuardia"
LGA,2026,1,13549.0,2465.0,824.3599999999999,97.68,667.76,4.13,871.06,1078.0,22.0,196926.0,75496.0,16149.0,34474.0,192.0,70615.0,"New York, NY: LaGuardia"
LGA,2026,2,12664.0,2528.0,739.29,42.92,866.83,4.28,874.6800000000001,1049.0,22.0,169007.0,56349.0,4256.0,39959.0,175.0,68268.0,"New York, NY: LaGuardia"
LGA,2026,3,14373.0,4986.0,1025.34,121.93,2557.7,7.390000000000001,1273.67,1473.0,65.0,412154.0,89150.0,13574.0,191270.0,585.0,117575.0,"New York, NY: LaGuardia"
LGA,2026,4,14102.0,3650.0,736.11,67.05,1572.8,6.12,1266.9299999999998,140.0,85.0,266148.0,60889.0,6438.0,94935.0,287.0,103442.0,"New York, NY: LaGuardia"
LGA,2026,5,14093.0,3206.0,815.94,94.99000000000001,1212.31,2.5300000000000002,1080.26,278.0,96.0,229316.0,60892.0,9345.0,75416.0,114.0,83549.0,"New York, NY: LaGuardia"
LGA,2026,6,13777.0,3395.0,764.75,141.06,1354.6,2.0,1132.59,615.0,132.0,279691.0,67844.0,13119.0,102161.0,122.0,96445.0,"New York, NY: LaGuardia"
LGA,2026,7,14204.0,4123.0,1108.98,154.9,1440.29,10.399999999999999,1408.45,1458.0,253.0,380361.0,105719.0,20912.0,119321.0,423.0,133986.0,"New York, NY: LaGuardia"
LGB,2025,8,1414.0,213.0,69.58,0.89,23.740000000000002,0.0,118.8,1.0,4.0,10415.0,3321.0,24.0,1042.0,0.0,6028.0,"Long Beach, CA: Long Beach Airport"
LGB,2025,9,1381.0,195.0,54.33,1.72,26.709999999999997,1.0,111.23,4.0,0.0,9269.0,2071.0,228.0,994.0,24.0,5952.0,"Long Beach, CA: Long Beach Airport"
LGB,2025,10,1397.0,280.0,97.22,4.66,31.36,1.67,145.09,2.0,0.0,12647.0,3964.0,254.0,1260.0,31.0,7138.0,"Long Beach, CA: Long Beach Airport"
LGB,2025,11,1323.0,242.0,71.57,5.45,29.39,0.0,135.59,8.0,0.0,11900.0,2504.0,360.0,1817.0,0.0,7219.0,"Long Beach, CA: Long Beach Airport"
LGB,2025,12,1357.0,307.0,100.81,9.5,59.41,0.95,136.33,19.0,4.0,16044.0,4291.0,866.0,4234.0,71.0,6582.0,"Long Beach, CA: Long Beach Airport"
LGB,2026,1,1217.0,145.0,61.27,2.1,12.639999999999999,0.0,68.99000000000001,4.0,0.0,6694.0,2457.0,113.0,394.0,0.0,3730.0,"Long Beach, CA: Long Beach Airport"
LGB,2026,2,1129.0,200.0,73.67,1.55,26.91,0.0,97.88,2.0,0.0,8971.0,3305.0,155.0,967.0,0.0,4544.0,"Long Beach, CA: Long Beach Airport"
LGB,2026,3,1198.0,208.0,84.88,2.03,19.189999999999998,1.4,100.49,5.0,5.0,9886.0,4064.0,198.0,686.0,30.0,4908.0,"Long Beach, CA: Long Beach Airport"
LGB,2026,4,1157.0,242.0,94.1,4.46,18.45,0.0,124.98,1.0,2.0,9493.0,3529.0,183.0,591.0,0.0,5190.0,"Long Beach, CA: Long Beach Airport"
LGB,2026,5,1184.0,251.0,101.4,1.09,21.13,0.2,127.17,2.0,0.0,10323.0,4084.0,39.0,559.0,3.0,5638.0,"Long Beach, CA: Long Beach Airport"
LGB,2026,6,1161.0,295.0,112.01,2.22,18.67,0.0,162.11,6.0,0.0,12624.0,4634.0,110.0,776.0,0.0,7104.0,"Long Beach, CA: Long Beach Airport"
LGB,2026,7,1196.0,246.0,101.38000000000001,2.96,21.25,0.0,120.39,9.0,1.0,10646.0,3948.0,333.0,696.0,0.0,5669.0,"Long Beach, CA: Long Beach Airport"
LIH,2025,8,1356.0,140.0,74.02,0.06,15.16,1.52,49.269999999999996,8.0,4.0,7045.0,4483.0,2.0,466.0,46.0,2048.0,"Lihue, HI: Lihue Airport"
LIH,2025,9,1229.0,126.0,73.58000000000001,8.02,22.340000000000003,0.0,22.060000000000002,5.0,4.0,6324.0,3810.0,575.0,748.0,0.0,1191.0,"Lihue, HI: Lihue Airport"
LIH,2025,10,1258.0,148.0,87.80000000000001,0.75,18.4,0.67,40.379999999999995,3.0,1.0,6399.0,3888.0,15.0,534.0,10.0,1952.0,"Lihue, HI: Lihue Airport"
LIH,2025,11,1236.0,152.0,82.88,3.79,14.92,1.43,48.98,20.0,2.0,5960.0,3114.0,113.0,487.0,40.0,2206.0,"Lihue, HI: Lihue Airport"
LIH,2025,12,1369.0,300.0,123.25,13.4,52.870000000000005,0.83,109.64999999999999,5.0,7.0,15418.0,6433.0,925.0,2158.0,15.0,5887.0,"Lihue, HI: Lihue Airport"
LIH,2026,1,1328.0,278.0,116.11999999999999,5.78,35.37,1.0,119.72,9.0,5.0,13372.0,5829.0,294.0,1296.0,26.0,5927.0,"Lihue, HI: Lihue Airport"
LIH,2026,2,1161.0,240.0,113.33,10.61,38.8,1.57,75.68,20.0,2.0,9702.0,4213.0,385.0,1352.0,72.0,3680.0,"Lihue, HI: Lihue Airport"
LIH,2026,3,1329.0,303.0,126.29,33.65,48.79,1.27,91.99,28.0,12.0,16602.0,6139.0,2272.0,1685.0,44.0,6350.0,"Lihue, HI: Lihue Airport"
LIH,2026,4,1291.0,273.0,113.19,7.22,64.50999999999999,1.0,87.05,1.0,1.0,11243.0,4972.0,423.0,1975.0,26.0,3847.0,"Lihue, HI: Lihue Airport"
LIH,2026,5,1372.0,219.0,72.55,2.16,53.410000000000004,0.0,89.88999999999999,22.0,2.0,9310.0,3170.0,309.0,1749.0,0.0,3915.0,"Lihue, HI: Lihue Airport"
LIH,2026,6,1397.0,206.0,86.91999999999999,0.0,42.47,0.0,76.62,10.0,2.0,8982.0,4895.0,0.0,1042.0,0.0,3045.0,"Lihue, HI: Lihue Airport"
LIH,2026,7,1485.0,247.0,88.56,0.9,65.39,0.0,92.16000000000001,3.0,1.0,11018.0,5145.0,87.0,1736.0,0.0,4050.0,"Lihue, HI: Lihue Airport"
LIT,2025,8,1314.0,293.0,92.28,19.32,76.83999999999999,0.0,104.53,16.0,2.0,17990.0,4784.0,1841.0,3370.0,0.0,7995.0,"Little Rock, AR: Bill and Hillary Clinton Nat Adams Field"
LIT,2025,9,1292.0,195.0,64.22,7.16,56.5,0.0,67.09,7.0,0.0,12257.0,3586.0,583.0,2888.0,0.0,5200.0,"Little Rock, AR: Bill and Hillary Clinton Nat Adams Field"
LIT,2025,10,1396.0,263.0,90.57000000000001,12.0,57.44,1.1,101.9,6.0,1.0,17218.0,6797.0,997.0,2333.0,43.0,7048.0,"Little Rock, AR: Bill and Hillary Clinton Nat Adams Field"
LIT,2025,11,1308.0,245.0,85.91,10.69,51.42,0.0,96.95,38.0,0.0,16203.0,5103.0,1572.0,2425.0,0.0,7103.0,"Little Rock, AR: Bill and Hillary Clinton Nat Adams Field"
LIT,2025,12,1280.0,324.0,103.24,15.27,68.5,0.0,137.01,16.0,2.0,23995.0,5962.0,3525.0,3481.0,0.0,11027.0,"Little Rock, AR: Bill and Hillary Clinton Nat Adams Field"
LIT,2026,1,1182.0,183.0,65.58,8.2,39.79,0.97,68.49,89.0,3.0,12663.0,4272.0,710.0,1965.0,119.0,5597.0,"Little Rock, AR: Bill and Hillary Clinton Nat Adams Field"
LIT,2026,2,1081.0,177.0,61.11,8.11,43.4,0.0,64.37,13.0,1.0,13607.0,5609.0,1699.0,1857.0,0.0,4442.0,"Little Rock, AR: Bill and Hillary Clinton Nat Adams Field"
LIT,2026,3,1280.0,308.0,105.17,21.15,54.5,0.0,127.2,34.0,3.0,26443.0,7200.0,3252.0,3872.0,0.0,12119.0,"Little Rock, AR: Bill and Hillary Clinton Nat Adams Field"
LIT,2026,4,1295.0,265.0,97.58,11.049999999999999,55.050000000000004,0.0,101.3,17.0,0.0,17853.0,6424.0,727.0,2304.0,0.0,8398.0,"Little Rock, AR: Bill and Hillary Clinton Nat Adams Field"
LIT,2026,5,1397.0,337.0,102.3,13.65,88.75999999999999,1.0,130.28,15.0,1.0,20952.0,5441.0,1425.0,3989.0,51.0,9737.0,"Little Rock, AR: Bill and Hillary Clinton Nat Adams Field"
LIT,2026,6,1398.0,354.0,105.66,23.310000000000002,73.93,0.0,151.07,24.0,3.0,23553.0,6062.0,2049.0,4388.0,0.0,11054.0,"Little Rock, AR: Bill and Hillary Clinton Nat Adams Field"
LIT,2026,7,1411.0,350.0,119.44,19.349999999999998,67.63,1.11,142.49,20.0,1.0,25434.0,8538.0,2483.0,3688.0,24.0,10701.0,"Little Rock, AR: Bill and Hillary Clinton Nat Adams Field"
LNK,2025,8,272.0,85.0,27.48,7.24,20.58,0.0,29.7,3.0,0.0,9376.0,2200.0,1930.0,1981.0,0.0,3265.0,"Lincoln, NE: Lincoln Airport"
LNK,2025,9,262.0,49.0,24.87,2.0,10.09,0.0,12.04,1.0,1.0,2730.0,988.0,120.0,610.0,0.0,1012.0,"Lincoln, NE: Lincoln Airport"
LNK,2025,10,272.0,67.0,41.92,1.47,10.96,0.0,12.65,0.0,0.0,3545.0,1983.0,113.0,600.0,0.0,849.0,"Lincoln, NE: Lincoln Airport"
LNK,2025,11,264.0,62.0,25.72,3.97,19.72,0.0,12.59,15.0,0.0,4754.0,1373.0,715.0,1841.0,0.0,825.0,"Lincoln, NE: Lincoln Airport"
LNK,2025,12,244.0,95.0,35.42,7.62,22.38,0.0,29.58,3.0,2.0,13067.0,2644.0,1408.0,2216.0,0.0,6799.0,"Lincoln, NE: Lincoln Airport"
LNK,2026,1,247.0,87.0,35.92,4.039999999999999,12.94,0.0,34.11,2.0,0.0,7219.0,2406.0,591.0,973.0,0.0,3249.0,"Lincoln, NE: Lincoln Airport"
LNK,2026,2,222.0,61.0,22.03,0.0,9.49,0.0,29.48,1.0,4.0,6637.0,1596.0,0.0,738.0,0.0,4303.0,"Lincoln, NE: Lincoln Airport"
LNK,2026,3,251.0,85.0,36.68,3.33,17.23,0.0,27.76,14.0,0.0,9322.0,4780.0,498.0,1449.0,0.0,2595.0,"Lincoln, NE: Lincoln Airport"
LNK,2026,4,270.0,91.0,39.88,3.41,23.18,0.0,24.53,11.0,5.0,7433.0,2707.0,586.0,1812.0,0.0,2328.0,"Lincoln, NE: Lincoln Airport"
LNK,2026,5,283.0,74.0,28.86,6.07,17.88,0.0,21.19,2.0,4.0,6381.0,1343.0,2113.0,1379.0,0.0,1546.0,"Lincoln, NE: Lincoln Airport"
LNK,2026,6,346.0,99.0,45.79,10.58,25.05,0.0,17.58,9.0,3.0,6343.0,2026.0,924.0,1365.0,0.0,2028.0,"Lincoln, NE: Lincoln Airport"
LNK,2026,7,365.0,107.0,45.46,5.54,17.09,0.0,38.91,9.0,5.0,7913.0,3471.0,432.0,1381.0,0.0,2629.0,"Lincoln, NE: Lincoln Airport"
LNS,2026,6,48.0,15.0,8.76,0.0,2.87,0.0,3.38,4.0,2.0,1031.0,720.0,0.0,107.0,0.0,204.0,"Lancaster, PA: Lancaster Airport"
LNS,2026,7,54.0,19.0,12.73,2.0,2.65,0.0,1.62,3.0,1.0,2286.0,965.0,1077.0,149.0,0.0,95.0,"Lancaster, PA: Lancaster Airport"
LRD,2025,8,247.0,52.0,21.21,0.68,9.430000000000001,0.82,19.880000000000003,4.0,0.0,3318.0,1169.0,63.0,265.0,71.0,1750.0,"Laredo, TX: Laredo International"
LRD,2025,9,249.0,34.0,14.829999999999998,0.25,8.32,0.0,10.600000000000001,2.0,2.0,2062.0,1064.0,60.0,496.0,0.0,442.0,"Laredo, TX: Laredo International"
LRD,2025,10,256.0,37.0,11.31,2.13,10.73,0.0,12.84,1.0,0.0,1774.0,446.0,238.0,373.0,0.0,717.0,"Laredo, TX: Laredo International"
LRD,2025,11,244.0,39.0,17.07,0.25,10.68,0.0,11.0,13.0,0.0,4062.0,2134.0,24.0,483.0,0.0,1421.0,"Laredo, TX: Laredo International"
LRD,2025,12,246.0,36.0,13.93,2.8200000000000003,6.34,0.0,12.899999999999999,0.0,0.0,2178.0,544.0,705.0,234.0,0.0,695.0,"Laredo, TX: Laredo International"
LRD,2026,1,214.0,23.0,6.4,0.86,5.99,0.0,9.76,12.0,0.0,1661.0,346.0,62.0,204.0,0.0,1049.0,"Laredo, TX: Laredo International"
LRD,2026,2,182.0,19.0,9.77,1.03,2.65,0.0,5.55,0.0,0.0,1482.0,963.0,54.0,102.0,0.0,363.0,"Laredo, TX: Laredo International"
LRD,2026,3,219.0,24.0,6.86,1.19,6.46,0.0,9.49,7.0,0.0,1554.0,400.0,68.0,315.0,0.0,771.0,"Laredo, TX: Laredo International"
LRD,2026,4,238.0,42.0,10.06,5.0,6.6499999999999995,0.0,20.28,0.0,0.0,2656.0,486.0,521.0,288.0,0.0,1361.0,"Laredo, TX: Laredo International"
LRD,2026,5,246.0,43.0,13.850000000000001,1.5,7.09,0.0,20.57,8.0,2.0,3420.0,1456.0,153.0,315.0,0.0,1496.0,"Laredo, TX: Laredo International"
LRD,2026,6,248.0,55.0,16.310000000000002,5.6,8.8,0.0,24.28,13.0,0.0,5129.0,1012.0,452.0,582.0,0.0,3083.0,"Laredo, TX: Laredo International"
LRD,2026,7,232.0,30.0,7.52,1.85,4.41,0.0,16.22,1.0,0.0,2019.0,363.0,232.0,289.0,0.0,1135.0,"Laredo, TX: Laredo International"
LSE,2025,8,83.0,19.0,1.26,4.91,5.18,1.0,6.65,2.0,0.0,970.0,76.0,370.0,227.0,28.0,269.0,"La Crosse, WI: La Crosse Regional"
LSE,2025,9,83.0,16.0,3.72,1.59,5.1,0.0,5.59,0.0,0.0,696.0,222.0,81.0,169.0,0.0,224.0,"La Crosse, WI: La Crosse Regional"
LSE,2025,10,90.0,19.0,5.11,0.0,5.64,0.0,8.24,1.0,1.0,650.0,132.0,0.0,159.0,0.0,359.0,"La Crosse, WI: La Crosse Regional"
LSE,2025,11,89.0,10.0,3.55,0.3,1.17,0.0,4.98,12.0,0.0,891.0,234.0,34.0,93.0,0.0,530.0,"La Crosse, WI: La Crosse Regional"
LSE,2025,12,88.0,38.0,7.96,5.86,8.03,0.0,16.15,5.0,0.0,2910.0,352.0,469.0,537.0,0.0,1552.0,"La Crosse, WI: La Crosse Regional"
LSE,2026,1,83.0,27.0,7.47,1.98,9.82,0.0,7.73,2.0,0.0,1373.0,260.0,213.0,403.0,0.0,497.0,"La Crosse, WI: La Crosse Regional"
LSE,2026,2,87.0,18.0,2.38,2.7,7.74,0.0,5.18,0.0,0.0,887.0,179.0,84.0,276.0,0.0,348.0,"La Crosse, WI: La Crosse Regional"
LSE,2026,3,99.0,18.0,3.76,1.56,4.44,0.0,8.24,12.0,0.0,1593.0,617.0,66.0,239.0,0.0,671.0,"La Crosse, WI: La Crosse Regional"
LSE,2026,4,97.0,19.0,2.74,0.42,6.34,0.0,9.51,6.0,0.0,1505.0,215.0,59.0,315.0,0.0,916.0,"La Crosse, WI: La Crosse Regional"
LSE,2026,5,106.0,17.0,6.59,0.0,4.77,0.0,5.64,1.0,0.0,891.0,375.0,0.0,162.0,0.0,354.0,"La Crosse, WI: La Crosse Regional"
LSE,2026,6,107.0,20.0,5.85,2.17,4.470000000000001,0.0,7.51,4.0,1.0,1166.0,403.0,145.0,149.0,0.0,469.0,"La Crosse, WI: La Crosse Regional"
LSE,2026,7,111.0,31.0,11.6,2.2800000000000002,6.38,0.0,10.75,3.0,1.0,2144.0,843.0,279.0,270.0,0.0,752.0,"La Crosse, WI: La Crosse Regional"
LWB,2026,2,26.0,7.0,2.28,2.0,0.72,0.0,2.0,4.0,0.0,1783.0,506.0,982.0,47.0,0.0,248.0,"Lewisburg, WV: Greenbrier Valley"
LWB,2026,3,45.0,18.0,7.65,3.99,1.13,0.0,5.23,2.0,0.0,3140.0,846.0,907.0,66.0,0.0,1321.0,"Lewisburg, WV: Greenbrier Valley"
LWB,2026,4,57.0,13.0,8.92,1.0,1.22,0.0,1.86,0.0,0.0,1466.0,1182.0,100.0,69.0,0.0,115.0,"Lewisburg, WV: Greenbrier Valley"
LWB,2026,5,62.0,12.0,5.62,2.0,0.41,0.0,3.97,0.0,0.0,2196.0,312.0,1199.0,23.0,0.0,662.0,"Lewisburg, WV: Greenbrier Valley"
LWB,2026,6,60.0,20.0,9.84,1.94,1.61,0.0,6.61,3.0,1.0,4553.0,2206.0,1186.0,523.0,0.0,638.0,"Lewisburg, WV: Greenbrier Valley"
LWB,2026,7,62.0,16.0,9.58,1.0,0.42,0.0,5.0,3.0,0.0,3554.0,826.0,941.0,14.0,0.0,1773.0,"Lewisburg, WV: Greenbrier Valley"
LWS,2025,8,61.0,7.0,5.89,1.0,0.11,0.0,0.0,0.0,0.0,256.0,238.0,15.0,3.0,0.0,0.0,"Lewiston, ID: Lewiston Nez Perce County"
LWS,2025,9,60.0,1.0,1.0,0.0,0.0,0.0,0.0,0.0,0.0,41.0,41.0,0.0,0.0,0.0,0.0,"Lewiston, ID: Lewiston Nez Perce County"
LWS,2025,10,62.0,2.0,2.0,0.0,0.0,0.0,0.0,0.0,0.0,60.0,60.0,0.0,0.0,0.0,0.0,"Lewiston, ID: Lewiston Nez Perce County"
LWS,2025,11,60.0,2.0,2.0,0.0,0.0,0.0,0.0,0.0,0.0,63.0,63.0,0.0,0.0,0.0,0.0,"Lewiston, ID: Lewiston Nez Perce County"
LWS,2025,12,62.0,5.0,2.0,2.66,0.34,0.0,0.0,0.0,1.0,1177.0,373.0,789.0,15.0,0.0,0.0,"Lewiston, ID: Lewiston Nez Perce County"
LWS,2026,1,62.0,5.0,1.0,4.0,0.0,0.0,0.0,1.0,0.0,367.0,99.0,268.0,0.0,0.0,0.0,"Lewiston, ID: Lewiston Nez Perce County"
LWS,2026,2,56.0,5.0,5.0,0.0,0.0,0.0,0.0,0.0,0.0,247.0,247.0,0.0,0.0,0.0,0.0,"Lewiston, ID: Lewiston Nez Perce County"
LWS,2026,3,62.0,8.0,5.96,0.93,1.1,0.0,0.0,0.0,0.0,252.0,204.0,14.0,34.0,0.0,0.0,"Lewiston, ID: Lewiston Nez Perce County"
LWS,2026,4,60.0,8.0,5.53,1.3,1.18,0.0,0.0,0.0,0.0,381.0,306.0,42.0,33.0,0.0,0.0,"Lewiston, ID: Lewiston Nez Perce County"
LWS,2026,5,62.0,4.0,4.0,0.0,0.0,0.0,0.0,0.0,0.0,123.0,123.0,0.0,0.0,0.0,0.0,"Lewiston, ID: Lewiston Nez Perce County"
LWS,2026,6,60.0,3.0,2.99,0.0,0.01,0.0,0.0,0.0,0.0,202.0,200.0,0.0,2.0,0.0,0.0,"Lewiston, ID: Lewiston Nez Perce County"
LWS,2026,7,62.0,6.0,3.78,1.0,1.22,0.0,0.0,0.0,0.0,838.0,643.0,174.0,21.0,0.0,0.0,"Lewiston, ID: Lewiston Nez Perce County"
LYH,2025,8,153.0,21.0,7.2,2.19,2.95,0.0,8.66,1.0,0.0,1718.0,967.0,169.0,122.0,0.0,460.0,"Lynchburg, VA: Lynchburg Regional/Preston Glenn Field"
LYH,2025,9,159.0,15.0,4.31,2.59,1.75,0.0,6.36,0.0,1.0,1313.0,210.0,640.0,91.0,0.0,372.0,"Lynchburg, VA: Lynchburg Regional/Preston Glenn Field"
LYH,2025,10,181.0,19.0,7.43,0.76,5.09,0.0,5.73,0.0,0.0,1511.0,379.0,445.0,110.0,0.0,577.0,"Lynchburg, VA: Lynchburg Regional/Preston Glenn Field"
LYH,2025,11,164.0,14.0,2.49,1.7,2.01,0.0,7.8,5.0,0.0,817.0,149.0,94.0,57.0,0.0,517.0,"Lynchburg, VA: Lynchburg Regional/Preston Glenn Field"
LYH,2025,12,164.0,25.0,1.87,1.64,2.83,0.0,18.66,3.0,0.0,2928.0,175.0,158.0,112.0,0.0,2483.0,"Lynchburg, VA: Lynchburg Regional/Preston Glenn Field"
LYH,2026,1,160.0,17.0,2.32,4.97,2.6,0.0,7.11,16.0,0.0,2041.0,76.0,1098.0,80.0,0.0,787.0,"Lynchburg, VA: Lynchburg Regional/Preston Glenn Field"
LYH,2026,2,136.0,15.0,4.52,2.26,2.23,0.0,5.99,3.0,0.0,789.0,263.0,136.0,66.0,0.0,324.0,"Lynchburg, VA: Lynchburg Regional/Preston Glenn Field"
LYH,2026,3,165.0,31.0,4.47,2.35,3.58,0.0,20.61,0.0,1.0,3334.0,274.0,242.0,177.0,0.0,2641.0,"Lynchburg, VA: Lynchburg Regional/Preston Glenn Field"
LYH,2026,4,230.0,27.0,6.1000000000000005,1.82,7.23,0.0,11.84,1.0,1.0,2754.0,495.0,261.0,384.0,0.0,1614.0,"Lynchburg, VA: Lynchburg Regional/Preston Glenn Field"
LYH,2026,5,241.0,45.0,12.92,4.93,5.029999999999999,0.0,22.119999999999997,1.0,0.0,3976.0,815.0,501.0,296.0,0.0,2364.0,"Lynchburg, VA: Lynchburg Regional/Preston Glenn Field"
LYH,2026,6,227.0,39.0,14.7,4.3,7.7700000000000005,0.0,12.23,5.0,1.0,3638.0,1217.0,758.0,544.0,0.0,1119.0,"Lynchburg, VA: Lynchburg Regional/Preston Glenn Field"
LYH,2026,7,238.0,66.0,21.02,5.06,7.01,0.0,32.9,4.0,1.0,6030.0,1176.0,779.0,730.0,0.0,3345.0,"Lynchburg, VA: Lynchburg Regional/Preston Glenn Field"
MAF,2025,8,1000.0,241.0,99.7,25.61,40.68,0.0,75.02,11.0,0.0,18135.0,8412.0,2913.0,1960.0,0.0,4850.0,"Midland/Odessa, TX: Midland International Air and Space Port"
MAF,2025,9,985.0,148.0,55.730000000000004,7.43,27.34,0.0,57.49,1.0,2.0,8837.0,3294.0,577.0,1284.0,0.0,3682.0,"Midland/Odessa, TX: Midland International Air and Space Port"
MAF,2025,10,986.0,178.0,78.15,10.95,35.11,0.0,53.809999999999995,2.0,3.0,12769.0,5329.0,1878.0,1745.0,0.0,3817.0,"Midland/Odessa, TX: Midland International Air and Space Port"
MAF,2025,11,891.0,138.0,47.57,8.34,23.59,0.0,58.49,22.0,2.0,9354.0,3292.0,386.0,1378.0,0.0,4298.0,"Midland/Odessa, TX: Midland International Air and Space Port"
MAF,2025,12,865.0,145.0,55.96000000000001,3.93,15.29,0.0,69.84,3.0,3.0,8032.0,2718.0,310.0,938.0,0.0,4066.0,"Midland/Odessa, TX: Midland International Air and Space Port"
MAF,2026,1,793.0,103.0,43.86,4.28,15.36,1.0,38.49,42.0,1.0,5212.0,2215.0,314.0,483.0,36.0,2164.0,"Midland/Odessa, TX: Midland International Air and Space Port"
MAF,2026,2,764.0,84.0,40.14,2.0,5.4799999999999995,0.0,36.39,4.0,0.0,5279.0,2820.0,159.0,184.0,0.0,2116.0,"Midland/Odessa, TX: Midland International Air and Space Port"
MAF,2026,3,884.0,159.0,73.6,4.36,14.66,1.55,64.83,18.0,1.0,11961.0,5542.0,513.0,1014.0,36.0,4856.0,"Midland/Odessa, TX: Midland International Air and Space Port"
MAF,2026,4,876.0,166.0,55.44,10.17,32.6,0.0,67.8,3.0,1.0,9967.0,3381.0,709.0,1230.0,0.0,4647.0,"Midland/Odessa, TX: Midland International Air and Space Port"
MAF,2026,5,901.0,215.0,67.53,11.9,42.17,0.0,93.4,8.0,1.0,15644.0,4668.0,1571.0,2092.0,0.0,7313.0,"Midland/Odessa, TX: Midland International Air and Space Port"
MAF,2026,6,915.0,269.0,86.89,17.79,37.67,0.0,126.67,17.0,1.0,19295.0,7469.0,1516.0,1759.0,0.0,8551.0,"Midland/Odessa, TX: Midland International Air and Space Port"
MAF,2026,7,924.0,223.0,76.67,8.450000000000001,30.68,1.0,105.17999999999999,8.0,6.0,14814.0,5202.0,618.0,1804.0,28.0,6977.0,"Midland/Odessa, TX: Midland International Air and Space Port"
MBS,2025,8,211.0,48.0,25.81,4.82,6.97,0.0,10.41,1.0,1.0,3401.0,2010.0,326.0,448.0,0.0,617.0,"Saginaw/Bay City/Midland, MI: MBS International"
MBS,2025,9,206.0,31.0,20.77,2.61,2.09,0.0,5.53,1.0,0.0,2412.0,1845.0,106.0,101.0,0.0,360.0,"Saginaw/Bay City/Midland, MI: MBS International"
MBS,2025,10,211.0,31.0,23.62,0.0,4.48,0.0,2.9,0.0,0.0,2376.0,1927.0,0.0,313.0,0.0,136.0,"Saginaw/Bay City/Midland, MI: MBS International"
MBS,2025,11,200.0,44.0,20.65,5.52,9.05,0.0,8.78,11.0,1.0,4717.0,1391.0,1098.0,987.0,0.0,1241.0,"Saginaw/Bay City/Midland, MI: MBS International"
MBS,2025,12,182.0,77.0,32.550000000000004,8.7,13.15,0.0,22.6,9.0,1.0,7987.0,3411.0,913.0,1163.0,0.0,2500.0,"Saginaw/Bay City/Midland, MI: MBS International"
MBS,2026,1,175.0,72.0,39.46,10.36,11.85,0.0,10.33,3.0,0.0,7435.0,4567.0,900.0,944.0,0.0,1024.0,"Saginaw/Bay City/Midland, MI: MBS International"
MBS,2026,2,167.0,57.0,26.14,6.67,10.11,0.0,14.08,4.0,0.0,4355.0,1750.0,731.0,620.0,0.0,1254.0,"Saginaw/Bay City/Midland, MI: MBS International"
MBS,2026,3,186.0,76.0,37.349999999999994,2.9,13.56,0.0,22.189999999999998,11.0,0.0,7490.0,3457.0,637.0,1277.0,0.0,2119.0,"Saginaw/Bay City/Midland, MI: MBS International"
MBS,2026,4,196.0,65.0,30.060000000000002,3.55,9.64,0.0,21.77,2.0,0.0,6812.0,4185.0,168.0,565.0,0.0,1894.0,"Saginaw/Bay City/Midland, MI: MBS International"
MBS,2026,5,211.0,48.0,17.76,4.24,7.3100000000000005,0.0,18.689999999999998,2.0,0.0,4618.0,1691.0,658.0,449.0,0.0,1820.0,"Saginaw/Bay City/Midland, MI: MBS International"
MBS,2026,6,173.0,38.0,23.97,6.0,4.81,0.0,3.22,2.0,0.0,2102.0,1281.0,402.0,256.0,0.0,163.0,"Saginaw/Bay City/Midland, MI: MBS International"
MBS,2026,7,179.0,50.0,32.96,6.99,5.2,0.0,4.85,3.0,0.0,5000.0,3485.0,442.0,408.0,0.0,665.0,"Saginaw/Bay City/Midland, MI: MBS International"
MCI,2025,8,4399.0,1024.0,387.37,32.22,172.07999999999998,1.0,431.31,32.0,6.0,67861.0,25097.0,3473.0,6807.0,42.0,32442.0,"Kansas City, MO: Kansas City International"
MCI,2025,9,4187.0,732.0,267.15,16.12,162.55,2.23,283.96,14.0,14.0,39394.0,14959.0,999.0,6667.0,106.0,16663.0,"Kansas City, MO: Kansas City International"
MCI,2025,10,4511.0,910.0,310.15,11.77,176.5,0.0,411.62,18.0,5.0,46208.0,15904.0,875.0,6323.0,0.0,23106.0,"Kansas City, MO: Kansas City International"
MCI,2025,11,4231.0,849.0,254.41,10.27,178.63,1.0,404.71,69.0,2.0,53514.0,17161.0,1205.0,7636.0,26.0,27486.0,"Kansas City, MO: Kansas City International"
MCI,2025,12,4236.0,1191.0,399.93,26.79,262.6,2.93,498.76,56.0,17.0,78797.0,25905.0,3542.0,11456.0,82.0,37812.0,"Kansas City, MO: Kansas City International"
MCI,2026,1,3808.0,710.0,270.26,32.97,159.71,2.16,244.87,125.0,1.0,42742.0,16748.0,3754.0,6341.0,69.0,15830.0,"Kansas City, MO: Kansas City International"
MCI,2026,2,3724.0,673.0,259.4,22.46,123.27,3.59,264.29,51.0,1.0,37564.0,14783.0,2294.0,4593.0,85.0,15809.0,"Kansas City, MO: Kansas City International"
MCI,2026,3,4485.0,1177.0,390.46999999999997,27.18,234.88,12.5,511.96999999999997,148.0,18.0,77031.0,24856.0,2605.0,12417.0,1260.0,35893.0,"Kansas City, MO: Kansas City International"
MCI,2026,4,4457.0,912.0,306.72,22.07,193.41,1.05,388.74,39.0,9.0,51285.0,18966.0,2155.0,8546.0,37.0,21581.0,"Kansas City, MO: Kansas City International"
MCI,2026,5,4557.0,1070.0,347.15,23.57,212.55,0.66,486.05,46.0,29.0,64039.0,20619.0,3633.0,8501.0,27.0,31259.0,"Kansas City, MO: Kansas City International"
MCI,2026,6,4727.0,1373.0,460.24,35.81,241.34,2.58,633.0300000000001,64.0,8.0,86690.0,27810.0,4549.0,10710.0,161.0,43460.0,"Kansas City, MO: Kansas City International"
MCI,2026,7,4915.0,1349.0,495.14,42.55,184.64,1.48,624.21,90.0,3.0,92555.0,31524.0,5563.0,10410.0,30.0,44684.0,"Kansas City, MO: Kansas City International"
MCO,2025,8,12751.0,3801.0,867.73,86.61,1606.54,4.3100000000000005,1235.84,107.0,146.0,291201.0,67356.0,9153.0,104753.0,733.0,109206.0,"Orlando, FL: Orlando International"
MCO,2025,9,11258.0,1706.0,568.14,36.68,530.99,3.83,566.3100000000001,24.0,14.0,107104.0,37179.0,3037.0,24537.0,178.0,42173.0,"Orlando, FL: Orlando International"
MCO,2025,10,13244.0,2846.0,814.82,34.33,1029.57,3.12,964.16,78.0,42.0,200233.0,55774.0,4623.0,62015.0,115.0,77706.0,"Orlando, FL: Orlando International"
MCO,2025,11,13198.0,2676.0,757.4300000000001,30.310000000000002,913.94,8.13,966.2,264.0,12.0,193263.0,55822.0,3633.0,51648.0,370.0,81790.0,"Orlando, FL: Orlando International"
MCO,2025,12,14281.0,4057.0,1245.07,72.65,1281.25,10.149999999999999,1447.89,188.0,23.0,297581.0,89313.0,9150.0,80010.0,499.0,118609.0,"Orlando, FL: Orlando International"
MCO,2026,1,13799.0,3156.0,982.38,77.96000000000001,1066.5,6.68,1022.47,548.0,22.0,214199.0,72936.0,8164.0,46444.0,380.0,86275.0,"Orlando, FL: Orlando International"
MCO,2026,2,13336.0,2895.0,869.23,58.05,954.3,6.27,1007.12,336.0,42.0,201488.0,63095.0,5343.0,56021.0,187.0,76842.0,"Orlando, FL: Orlando International"
MCO,2026,3,15499.0,4319.0,1262.69,60.75,1323.86,37.13,1634.57,608.0,79.0,305215.0,84274.0,8069.0,77831.0,1529.0,133512.0,"Orlando, FL: Orlando International"
MCO,2026,4,14628.0,3014.0,869.36,31.88,877.44,5.109999999999999,1230.22,75.0,9.0,187632.0,59848.0,2392.0,33878.0,123.0,91391.0,"Orlando, FL: Orlando International"
MCO,2026,5,12958.0,2742.0,865.48,45.83,729.8199999999999,3.2800000000000002,1097.62,63.0,49.0,168153.0,53110.0,4677.0,35162.0,102.0,75102.0,"Orlando, FL: Orlando International"
MCO,2026,6,12545.0,3211.0,960.31,80.62,790.6999999999999,5.49,1372.89,125.0,133.0,244704.0,69100.0,8044.0,46692.0,172.0,120287.0,"Orlando, FL: Orlando International"
MCO,2026,7,13144.0,4176.0,1179.78,114.67,1067.76,5.930000000000001,1807.8600000000001,356.0,127.0,329614.0,87614.0,16840.0,65496.0,208.0,159456.0,"Orlando, FL: Orlando International"
MCW,2025,8,53.0,14.0,10.3,0.79,0.91,0.0,2.0,3.0,0.0,711.0,509.0,66.0,49.0,0.0,87.0,"Mason City, IA: Mason City Municipal"
MCW,2025,9,51.0,11.0,5.44,1.66,1.9,0.0,2.0,0.0,2.0,412.0,246.0,74.0,59.0,0.0,33.0,"Mason City, IA: Mason City Municipal"
MCW,2025,10,54.0,13.0,8.19,1.0,0.81,0.0,3.0,0.0,1.0,612.0,430.0,46.0,51.0,0.0,85.0,"Mason City, IA: Mason City Municipal"
MCW,2025,11,50.0,10.0,8.78,0.67,0.55,0.0,0.0,5.0,0.0,525.0,400.0,72.0,53.0,0.0,0.0,"Mason City, IA: Mason City Municipal"
MCW,2025,12,56.0,12.0,6.77,0.75,2.06,0.0,2.42,12.0,2.0,1413.0,619.0,118.0,224.0,0.0,452.0,"Mason City, IA: Mason City Municipal"
MCW,2026,1,53.0,18.0,5.21,2.0,1.93,0.0,8.86,3.0,0.0,1844.0,482.0,579.0,110.0,0.0,673.0,"Mason City, IA: Mason City Municipal"
MCW,2026,2,48.0,11.0,3.53,0.0,2.37,0.0,5.1,0.0,1.0,1106.0,273.0,0.0,208.0,0.0,625.0,"Mason City, IA: Mason City Municipal"
MCW,2026,3,53.0,11.0,4.48,0.92,1.96,0.0,3.64,7.0,1.0,939.0,107.0,163.0,247.0,0.0,422.0,"Mason City, IA: Mason City Municipal"
MCW,2026,4,52.0,15.0,5.15,1.68,4.49,0.0,3.68,4.0,1.0,927.0,297.0,113.0,235.0,0.0,282.0,"Mason City, IA: Mason City Municipal"
MCW,2026,5,53.0,20.0,9.98,0.18,2.7,0.89,6.25,1.0,0.0,1525.0,557.0,17.0,199.0,89.0,663.0,"Mason City, IA: Mason City Municipal"
MCW,2026,6,51.0,14.0,8.21,0.89,0.9,0.0,4.0,3.0,0.0,911.0,441.0,187.0,52.0,0.0,231.0,"Mason City, IA: Mason City Municipal"
MCW,2026,7,54.0,15.0,7.25,1.0,2.88,0.0,3.87,1.0,1.0,961.0,402.0,42.0,203.0,0.0,314.0,"Mason City, IA: Mason City Municipal"
MDT,2025,8,992.0,213.0,66.9,11.19,42.67,0.0,92.23,11.0,0.0,16720.0,5153.0,1932.0,1717.0,0.0,7918.0,"Harrisburg, PA: Harrisburg International"
MDT,2025,9,881.0,144.0,40.7,5.79,23.41,0.32,73.8,0.0,0.0,11023.0,3728.0,587.0,853.0,40.0,5815.0,"Harrisburg, PA: Harrisburg International"
MDT,2025,10,988.0,183.0,55.31,4.88,32.54,0.0,90.24,0.0,1.0,12443.0,3402.0,539.0,2259.0,0.0,6243.0,"Harrisburg, PA: Harrisburg International"
MDT,2025,11,922.0,175.0,54.839999999999996,8.190000000000001,41.86,0.0,70.11,17.0,1.0,12237.0,3416.0,657.0,1884.0,0.0,6280.0,"Harrisburg, PA: Harrisburg International"
MDT,2025,12,936.0,277.0,82.93,18.759999999999998,61.81,0.0,113.49,20.0,2.0,27569.0,8891.0,2235.0,3388.0,0.0,13055.0,"Harrisburg, PA: Harrisburg International"
MDT,2026,1,832.0,195.0,71.44,17.94,45.75,0.0,59.87,54.0,0.0,15365.0,4903.0,2031.0,2487.0,0.0,5944.0,"Harrisburg, PA: Harrisburg International"
MDT,2026,2,821.0,191.0,71.45,10.91,51.72,0.0,56.89,19.0,0.0,14384.0,6441.0,1591.0,2072.0,0.0,4280.0,"Harrisburg, PA: Harrisburg International"
MDT,2026,3,983.0,251.0,76.67999999999999,17.72,45.98,0.07,110.55000000000001,23.0,2.0,26473.0,7160.0,5261.0,2765.0,4.0,11283.0,"Harrisburg, PA: Harrisburg International"
MDT,2026,4,1018.0,188.0,55.29,4.3100000000000005,49.43,0.0,78.96,14.0,1.0,13737.0,5185.0,362.0,2089.0,0.0,6101.0,"Harrisburg, PA: Harrisburg International"
MDT,2026,5,1041.0,185.0,56.83,9.0,44.26,0.0,74.94,13.0,2.0,14210.0,4949.0,920.0,2119.0,0.0,6222.0,"Harrisburg, PA: Harrisburg International"
MDT,2026,6,1082.0,261.0,81.33,19.57,44.85,0.93,114.31,21.0,0.0,21894.0,6145.0,2554.0,2602.0,27.0,10566.0,"Harrisburg, PA: Harrisburg International"
MDT,2026,7,1088.0,336.0,87.71,22.31,68.27,1.0,156.72,34.0,4.0,29630.0,6294.0,3488.0,4183.0,126.0,15539.0,"Harrisburg, PA: Harrisburg International"
MDW,2025,8,6760.0,1377.0,395.58,55.54,327.41999999999996,5.1,593.3700000000001,56.0,41.0,84963.0,22321.0,5090.0,21186.0,316.0,36050.0,"Chicago, IL: Chicago Midway International"
MDW,2025,9,6491.0,922.0,289.38,26.68,190.25,4.13,411.57,12.0,3.0,44471.0,13503.0,2240.0,8202.0,127.0,20399.0,"Chicago, IL: Chicago Midway International"
MDW,2025,10,6566.0,1194.0,357.96000000000004,11.91,162.57,1.31,660.26,12.0,1.0,57224.0,17352.0,981.0,5967.0,31.0,32893.0,"Chicago, IL: Chicago Midway International"
MDW,2025,11,5693.0,1004.0,300.75,8.43,227.55,3.77,463.51,262.0,43.0,57913.0,16025.0,696.0,11435.0,105.0,29652.0,"Chicago, IL: Chicago Midway International"
MDW,2025,12,5817.0,1584.0,447.17,27.32,388.48,4.78,716.25,34.0,17.0,87524.0,23965.0,2267.0,16726.0,197.0,44369.0,"Chicago, IL: Chicago Midway International"
MDW,2026,1,4939.0,844.0,292.34000000000003,15.82,227.92,3.19,304.72,108.0,18.0,42455.0,15697.0,1975.0,7375.0,91.0,17317.0,"Chicago, IL: Chicago Midway International"
MDW,2026,2,4615.0,827.0,303.0,8.23,174.42,2.71,338.64,48.0,28.0,42071.0,15731.0,1355.0,6501.0,89.0,18395.0,"Chicago, IL: Chicago Midway International"
MDW,2026,3,6605.0,1877.0,561.23,39.74,445.56,8.86,818.61,261.0,71.0,119849.0,32618.0,7072.0,27484.0,276.0,51706.0,"Chicago, IL: Chicago Midway International"
MDW,2026,4,6371.0,1284.0,417.52,25.29,294.56,5.0,538.63,53.0,58.0,62276.0,19614.0,2298.0,13567.0,326.0,25660.0,"Chicago, IL: Chicago Midway International"
MDW,2026,5,6434.0,1638.0,597.83,31.89,246.35,5.0,756.92,30.0,22.0,83928.0,30601.0,2038.0,11381.0,231.0,39677.0,"Chicago, IL: Chicago Midway International"
MDW,2026,6,7118.0,2062.0,668.8,47.0,359.71,7.05,979.43,98.0,64.0,125648.0,35999.0,4238.0,23165.0,223.0,62023.0,"Chicago, IL: Chicago Midway International"
MDW,2026,7,7465.0,2119.0,707.67,49.93,335.44,7.11,1018.8299999999999,150.0,86.0,129973.0,35797.0,4883.0,25079.0,424.0,63790.0,"Chicago, IL: Chicago Midway International"
MEI,2025,8,53.0,16.0,6.27,3.0,1.92,0.0,4.81,0.0,1.0,1236.0,379.0,278.0,123.0,0.0,456.0,"Meridian, MS: Key Field"
MEI,2025,9,51.0,5.0,4.0,0.0,0.0,0.0,1.0,0.0,0.0,349.0,283.0,0.0,0.0,0.0,66.0,"Meridian, MS: Key Field"
MEI,2025,10,54.0,5.0,2.92,0.0,0.08,0.0,2.0,0.0,0.0,314.0,217.0,0.0,7.0,0.0,90.0,"Meridian, MS: Key Field"
MEI,2025,11,50.0,13.0,7.43,0.6,4.69,0.0,0.27,0.0,2.0,815.0,429.0,26.0,354.0,0.0,6.0,"Meridian, MS: Key Field"
MEI,2025,12,55.0,8.0,3.66,0.0,0.61,0.0,3.73,0.0,0.0,597.0,131.0,0.0,20.0,0.0,446.0,"Meridian, MS: Key Field"
MEI,2026,1,53.0,13.0,5.41,0.88,1.72,0.0,4.99,3.0,0.0,1093.0,549.0,29.0,49.0,0.0,466.0,"Meridian, MS: Key Field"
MEI,2026,2,48.0,14.0,7.58,1.0,1.52,0.0,3.9,0.0,0.0,948.0,651.0,56.0,52.0,0.0,189.0,"Meridian, MS: Key Field"
MEI,2026,3,53.0,11.0,5.06,1.94,1.05,0.0,2.95,2.0,0.0,1215.0,503.0,236.0,63.0,0.0,413.0,"Meridian, MS: Key Field"
MEI,2026,4,52.0,11.0,8.43,0.0,0.7,0.0,1.87,0.0,0.0,1585.0,1335.0,0.0,76.0,0.0,174.0,"Meridian, MS: Key Field"
MEI,2026,5,53.0,20.0,9.26,0.0,0.95,0.0,9.8,0.0,0.0,3352.0,1423.0,0.0,66.0,0.0,1863.0,"Meridian, MS: Key Field"
MEI,2026,6,51.0,19.0,12.0,1.0,1.08,0.0,4.92,1.0,0.0,1391.0,684.0,106.0,96.0,0.0,505.0,"Meridian, MS: Key Field"
MEI,2026,7,54.0,19.0,10.52,0.0,2.71,0.0,5.78,0.0,1.0,2766.0,854.0,0.0,114.0,0.0,1798.0,"Meridian, MS: Key Field"
MEM,2025,8,2327.0,562.0,188.44,30.15,112.42,1.2,229.79,34.0,5.0,37278.0,12926.0,2492.0,5591.0,46.0,16223.0,"Memphis, TN: Memphis International"
MEM,2025,9,2199.0,322.0,130.61,17.86,70.81,0.96,101.72,8.0,4.0,18688.0,7524.0,1162.0,3248.0,24.0,6730.0,"Memphis, TN: Memphis International"
MEM,2025,10,2462.0,522.0,187.51,13.959999999999999,113.09,1.13,206.32,17.0,3.0,29104.0,9799.0,1187.0,4506.0,72.0,13540.0,"Memphis, TN: Memphis International"
MEM,2025,11,2214.0,484.0,174.59,12.18,103.45,0.42,193.35000000000002,62.0,1.0,31373.0,11108.0,956.0,4955.0,16.0,14338.0,"Memphis, TN: Memphis International"
MEM,2025,12,2171.0,649.0,227.02,25.26,134.19,0.8999999999999999,261.6,33.0,2.0,44063.0,14471.0,2850.0,6910.0,18.0,19814.0,"Memphis, TN: Memphis International"
MEM,2026,1,1858.0,400.0,168.54,18.29,95.14,0.22,117.81,176.0,2.0,25326.0,10662.0,2173.0,4535.0,7.0,7949.0,"Memphis, TN: Memphis International"
MEM,2026,2,1761.0,370.0,142.27,8.82,69.8,0.15,148.99,33.0,2.0,22638.0,9222.0,536.0,2791.0,4.0,10085.0,"Memphis, TN: Memphis International"
MEM,2026,3,2223.0,630.0,225.34,32.61,126.46000000000001,1.49,244.11,79.0,5.0,45316.0,15523.0,3289.0,7286.0,27.0,19191.0,"Memphis, TN: Memphis International"
MEM,2026,4,2232.0,510.0,161.71,16.92,119.22,1.0,211.18,24.0,6.0,32023.0,10988.0,1781.0,6055.0,45.0,13154.0,"Memphis, TN: Memphis International"
MEM,2026,5,2332.0,542.0,214.65,21.03,109.97,0.0,196.38,30.0,3.0,34545.0,14805.0,2441.0,4723.0,0.0,12576.0,"Memphis, TN: Memphis International"
MEM,2026,6,2302.0,637.0,233.64000000000001,28.779999999999998,131.92,2.1500000000000004,240.53,51.0,1.0,43332.0,15307.0,3084.0,7033.0,47.0,17861.0,"Memphis, TN: Memphis International"
MEM,2026,7,2344.0,725.0,286.95,30.9,149.54,1.43,256.21,72.0,5.0,53672.0,20191.0,4070.0,7919.0,129.0,21363.0,"Memphis, TN: Memphis International"
MFE,2025,8,527.0,117.0,37.8,17.09,20.06,0.0,42.04,7.0,1.0,9911.0,3250.0,1789.0,941.0,0.0,3931.0,"Mission/McAllen/Edinburg, TX: McAllen International"
MFE,2025,9,503.0,84.0,37.370000000000005,4.9399999999999995,7.88,0.0,33.82,4.0,2.0,5682.0,2421.0,225.0,427.0,0.0,2609.0,"Mission/McAllen/Edinburg, TX: McAllen International"
MFE,2025,10,531.0,79.0,33.52,7.12,12.790000000000001,0.0,25.58,2.0,0.0,4877.0,2155.0,375.0,576.0,0.0,1771.0,"Mission/McAllen/Edinburg, TX: McAllen International"
MFE,2025,11,515.0,98.0,41.74,3.51,16.79,0.0,35.97,13.0,0.0,7167.0,2334.0,223.0,851.0,0.0,3759.0,"Mission/McAllen/Edinburg, TX: McAllen International"
MFE,2025,12,550.0,126.0,60.97,2.73,13.83,0.0,48.47,1.0,3.0,9024.0,4014.0,74.0,1514.0,0.0,3422.0,"Mission/McAllen/Edinburg, TX: McAllen International"
MFE,2026,1,477.0,88.0,37.85,7.6899999999999995,14.24,0.0,28.220000000000002,28.0,0.0,8399.0,2214.0,1661.0,543.0,0.0,3981.0,"Mission/McAllen/Edinburg, TX: McAllen International"
MFE,2026,2,418.0,69.0,31.75,5.369999999999999,6.1,1.0,24.78,1.0,0.0,4341.0,1924.0,402.0,301.0,40.0,1674.0,"Mission/McAllen/Edinburg, TX: McAllen International"
MFE,2026,3,520.0,107.0,47.78,8.1,7.83,0.17,43.14,9.0,1.0,7603.0,3056.0,564.0,410.0,17.0,3556.0,"Mission/McAllen/Edinburg, TX: McAllen International"
MFE,2026,4,508.0,133.0,49.379999999999995,12.51,18.0,0.0,53.11000000000001,4.0,1.0,9796.0,3521.0,1319.0,862.0,0.0,4094.0,"Mission/McAllen/Edinburg, TX: McAllen International"
MFE,2026,5,538.0,141.0,57.620000000000005,12.64,24.32,0.21,46.21,10.0,3.0,10214.0,4180.0,1443.0,1055.0,4.0,3532.0,"Mission/McAllen/Edinburg, TX: McAllen International"
MFE,2026,6,577.0,149.0,57.78,14.86,19.84,0.38,56.14,14.0,0.0,11532.0,4169.0,1083.0,960.0,11.0,5309.0,"Mission/McAllen/Edinburg, TX: McAllen International"
MFE,2026,7,590.0,120.0,54.51,4.91,18.66,0.0,41.91,3.0,0.0,13719.0,6030.0,160.0,695.0,0.0,6834.0,"Mission/McAllen/Edinburg, TX: McAllen International"
MFR,2025,8,729.0,115.0,39.9,1.0,23.01,1.0,50.080000000000005,3.0,0.0,5439.0,2183.0,27.0,781.0,17.0,2431.0,"Medford, OR: Rogue Valley International - Medford"
MFR,2025,9,695.0,60.0,16.95,2.81,16.58,0.0,23.659999999999997,3.0,0.0,2350.0,593.0,112.0,503.0,0.0,1142.0,"Medford, OR: Rogue Valley International - Medford"
MFR,2025,10,708.0,98.0,33.71,3.0,19.04,0.51,41.769999999999996,5.0,4.0,4363.0,1358.0,119.0,859.0,12.0,2015.0,"Medford, OR: Rogue Valley International - Medford"
MFR,2025,11,682.0,101.0,32.12,14.76,24.07,0.0,30.05,17.0,4.0,5207.0,1400.0,856.0,1059.0,0.0,1892.0,"Medford, OR: Rogue Valley International - Medford"
MFR,2025,12,677.0,127.0,42.92,15.490000000000002,17.619999999999997,0.0,50.98,15.0,11.0,7946.0,2444.0,1598.0,744.0,0.0,3160.0,"Medford, OR: Rogue Valley International - Medford"
MFR,2026,1,647.0,117.0,37.39,26.880000000000003,21.53,0.44,30.77,24.0,17.0,10309.0,2681.0,4561.0,1524.0,7.0,1536.0,"Medford, OR: Rogue Valley International - Medford"
MFR,2026,2,587.0,72.0,29.12,6.17,9.67,0.0,27.03,0.0,1.0,4311.0,1189.0,332.0,352.0,0.0,2438.0,"Medford, OR: Rogue Valley International - Medford"
MFR,2026,3,657.0,100.0,35.52,7.33,13.77,0.3,43.08,6.0,0.0,7327.0,2688.0,690.0,513.0,18.0,3418.0,"Medford, OR: Rogue Valley International - Medford"
MFR,2026,4,632.0,79.0,35.45,2.44,12.0,0.0,29.11,3.0,0.0,4530.0,2369.0,192.0,448.0,0.0,1521.0,"Medford, OR: Rogue Valley International - Medford"
MFR,2026,5,669.0,130.0,45.6,5.880000000000001,31.4,0.0,47.13,4.0,0.0,7370.0,3256.0,232.0,1284.0,0.0,2598.0,"Medford, OR: Rogue Valley International - Medford"
MFR,2026,6,675.0,133.0,39.81,6.36,37.88,0.0,48.95,1.0,0.0,7602.0,3153.0,319.0,1620.0,0.0,2510.0,"Medford, OR: Rogue Valley International - Medford"
MFR,2026,7,727.0,134.0,47.55,6.84,27.909999999999997,0.0,51.69,8.0,4.0,8589.0,3462.0,531.0,1065.0,0.0,3531.0,"Medford, OR: Rogue Valley International - Medford"
MGM,2025,8,325.0,82.0,31.66,6.78,16.13,0.0,27.44,3.0,0.0,9268.0,4467.0,732.0,812.0,0.0,3257.0,"Montgomery, AL: Montgomery Regional"
MGM,2025,9,320.0,43.0,15.27,4.96,10.37,0.0,12.4,1.0,1.0,3479.0,1573.0,376.0,628.0,0.0,902.0,"Montgomery, AL: Montgomery Regional"
MGM,2025,10,354.0,51.0,20.44,2.85,9.64,0.0,18.07,1.0,0.0,2431.0,1012.0,93.0,323.0,0.0,1003.0,"Montgomery, AL: Montgomery Regional"
MGM,2025,11,322.0,67.0,22.51,6.73,11.879999999999999,0.0,25.88,12.0,1.0,5812.0,1411.0,1110.0,456.0,0.0,2835.0,"Montgomery, AL: Montgomery Regional"
MGM,2025,12,313.0,91.0,28.41,4.98,10.73,0.0,46.89,6.0,2.0,9158.0,2998.0,873.0,810.0,0.0,4477.0,"Montgomery, AL: Montgomery Regional"
MGM,2026,1,301.0,60.0,17.560000000000002,7.52,8.05,0.0,26.87,25.0,0.0,4261.0,902.0,887.0,430.0,0.0,2042.0,"Montgomery, AL: Montgomery Regional"
MGM,2026,2,293.0,62.0,22.69,3.61,4.34,1.0,30.349999999999998,5.0,0.0,4563.0,1277.0,334.0,329.0,19.0,2604.0,"Montgomery, AL: Montgomery Regional"
MGM,2026,3,323.0,75.0,30.47,2.58,11.31,0.42,30.209999999999997,15.0,0.0,8211.0,3329.0,705.0,842.0,11.0,3324.0,"Montgomery, AL: Montgomery Regional"
MGM,2026,4,366.0,67.0,24.24,3.69,11.93,0.0,27.14,1.0,0.0,4656.0,1780.0,135.0,572.0,0.0,2169.0,"Montgomery, AL: Montgomery Regional"
MGM,2026,5,389.0,105.0,35.66,12.74,21.490000000000002,0.0,35.099999999999994,5.0,2.0,8242.0,2567.0,1736.0,1009.0,0.0,2930.0,"Montgomery, AL: Montgomery Regional"
MGM,2026,6,382.0,89.0,37.75,8.129999999999999,12.440000000000001,0.0,30.67,14.0,2.0,6475.0,2730.0,428.0,698.0,0.0,2619.0,"Montgomery, AL: Montgomery Regional"
MGM,2026,7,390.0,130.0,37.53,10.99,25.21,0.0,56.28,10.0,2.0,12792.0,3387.0,1534.0,1456.0,0.0,6415.0,"Montgomery, AL: Montgomery Regional"
MGW,2025,8,62.0,18.0,7.89,0.96,0.15,0.0,9.0,0.0,0.0,2046.0,620.0,70.0,15.0,0.0,1341.0,"Morgantown, WV: Morgantown Municipal Walter L Bill Hart Field"
MGW,2025,9,60.0,17.0,6.25,0.0,1.11,0.0,9.64,0.0,2.0,2189.0,383.0,0.0,50.0,0.0,1756.0,"Morgantown, WV: Morgantown Municipal Walter L Bill Hart Field"
MGW,2025,10,62.0,20.0,6.97,2.0,2.56,0.0,8.47,0.0,0.0,3265.0,1945.0,188.0,241.0,0.0,891.0,"Morgantown, WV: Morgantown Municipal Walter L Bill Hart Field"
MGW,2025,11,59.0,12.0,5.0,3.0,1.26,0.0,2.74,4.0,1.0,1573.0,157.0,407.0,623.0,0.0,386.0,"Morgantown, WV: Morgantown Municipal Walter L Bill Hart Field"
MGW,2025,12,60.0,17.0,7.83,2.99,2.08,0.0,4.11,9.0,2.0,4164.0,1725.0,994.0,175.0,0.0,1270.0,"Morgantown, WV: Morgantown Municipal Walter L Bill Hart Field"
MGW,2026,1,61.0,15.0,5.91,1.79,3.18,0.0,4.13,18.0,2.0,1708.0,506.0,129.0,701.0,0.0,372.0,"Morgantown, WV: Morgantown Municipal Walter L Bill Hart Field"
MGW,2026,2,56.0,12.0,4.9,0.96,1.02,0.0,5.11,0.0,0.0,1791.0,278.0,764.0,162.0,0.0,587.0,"Morgantown, WV: Morgantown Municipal Walter L Bill Hart Field"
MGW,2026,3,62.0,20.0,6.98,2.0,3.26,0.0,7.76,4.0,1.0,3581.0,1259.0,62.0,205.0,0.0,2055.0,"Morgantown, WV: Morgantown Municipal Walter L Bill Hart Field"
MGW,2026,4,52.0,11.0,6.36,0.0,3.12,0.0,1.52,1.0,0.0,726.0,340.0,0.0,324.0,0.0,62.0,"Morgantown, WV: Morgantown Municipal Walter L Bill Hart Field"
MGW,2026,5,53.0,10.0,1.4,2.0,0.6,0.0,6.0,2.0,7.0,3462.0,1089.0,180.0,13.0,0.0,2180.0,"Morgantown, WV: Morgantown Municipal Walter L Bill Hart Field"
MGW,2026,6,51.0,20.0,8.34,1.0,1.43,0.0,9.23,0.0,1.0,1966.0,325.0,912.0,62.0,0.0,667.0,"Morgantown, WV: Morgantown Municipal Walter L Bill Hart Field"
MGW,2026,7,54.0,12.0,3.82,2.0,2.18,0.0,4.0,4.0,0.0,3165.0,823.0,1049.0,271.0,0.0,1022.0,"Morgantown, WV: Morgantown Municipal Walter L Bill Hart Field"
MHK,2025,8,131.0,33.0,18.87,5.93,2.22,0.0,5.98,6.0,0.0,2270.0,1183.0,550.0,120.0,0.0,417.0,"Manhattan/Ft. Riley, KS: Manhattan Regional"
MHK,2025,9,120.0,24.0,12.04,4.0,3.96,0.0,4.0,2.0,0.0,1590.0,877.0,229.0,326.0,0.0,158.0,"Manhattan/Ft. Riley, KS: Manhattan Regional"
MHK,2025,10,148.0,54.0,30.02,3.62,6.06,1.0,13.3,1.0,0.0,4776.0,2754.0,253.0,479.0,65.0,1225.0,"Manhattan/Ft. Riley, KS: Manhattan Regional"
MHK,2025,11,146.0,28.0,8.780000000000001,5.069999999999999,9.59,0.0,4.57,9.0,0.0,1171.0,426.0,212.0,337.0,0.0,196.0,"Manhattan/Ft. Riley, KS: Manhattan Regional"
MHK,2025,12,151.0,40.0,14.829999999999998,4.12,7.3,0.0,13.75,2.0,3.0,5401.0,2332.0,1545.0,476.0,0.0,1048.0,"Manhattan/Ft. Riley, KS: Manhattan Regional"
MHK,2026,1,129.0,25.0,7.959999999999999,6.76,5.640000000000001,0.0,4.66,8.0,0.0,4337.0,337.0,3309.0,312.0,0.0,379.0,"Manhattan/Ft. Riley, KS: Manhattan Regional"
MHK,2026,2,129.0,20.0,9.719999999999999,3.21,2.72,0.0,4.35,1.0,0.0,1118.0,567.0,209.0,71.0,0.0,271.0,"Manhattan/Ft. Riley, KS: Manhattan Regional"
MHK,2026,3,155.0,29.0,6.36,4.61,6.24,0.0,11.79,5.0,0.0,2079.0,394.0,577.0,310.0,0.0,798.0,"Manhattan/Ft. Riley, KS: Manhattan Regional"
MHK,2026,4,150.0,32.0,5.6,2.67,9.47,0.0,14.25,5.0,1.0,2038.0,230.0,283.0,365.0,0.0,1160.0,"Manhattan/Ft. Riley, KS: Manhattan Regional"
MHK,2026,5,155.0,30.0,5.56,1.56,8.73,0.0,14.16,5.0,0.0,1943.0,369.0,154.0,423.0,0.0,997.0,"Manhattan/Ft. Riley, KS: Manhattan Regional"
MHK,2026,6,123.0,33.0,9.38,2.86,8.84,0.0,11.92,4.0,0.0,2315.0,543.0,192.0,656.0,0.0,924.0,"Manhattan/Ft. Riley, KS: Manhattan Regional"
MHK,2026,7,123.0,16.0,3.67,1.72,2.07,0.0,8.54,2.0,1.0,1377.0,133.0,454.0,105.0,0.0,685.0,"Manhattan/Ft. Riley, KS: Manhattan Regional"
MHT,2025,8,772.0,170.0,51.28,4.55,30.509999999999998,0.0,83.65,9.0,0.0,11436.0,2972.0,479.0,1280.0,0.0,6705.0,"Manchester, NH: Manchester Boston Regional"
MHT,2025,9,690.0,95.0,30.24,3.1500000000000004,13.23,0.0,48.39,4.0,0.0,5161.0,1422.0,327.0,418.0,0.0,2994.0,"Manchester, NH: Manchester Boston Regional"
MHT,2025,10,705.0,133.0,41.370000000000005,0.65,27.080000000000002,1.14,62.75,0.0,1.0,6711.0,1871.0,39.0,939.0,75.0,3787.0,"Manchester, NH: Manchester Boston Regional"
MHT,2025,11,592.0,105.0,33.92,0.0,10.7,0.0,60.379999999999995,11.0,1.0,6864.0,2209.0,0.0,574.0,0.0,4081.0,"Manchester, NH: Manchester Boston Regional"
MHT,2025,12,619.0,171.0,59.75,0.85,31.65,0.0,78.75,17.0,2.0,12104.0,4559.0,155.0,1120.0,0.0,6270.0,"Manchester, NH: Manchester Boston Regional"
MHT,2026,1,562.0,115.0,40.92,3.97,17.62,0.31,52.18,37.0,2.0,7923.0,2376.0,289.0,819.0,42.0,4397.0,"Manchester, NH: Manchester Boston Regional"
MHT,2026,2,529.0,129.0,42.36,6.59,21.1,0.0,58.980000000000004,21.0,0.0,8664.0,2324.0,530.0,805.0,0.0,5005.0,"Manchester, NH: Manchester Boston Regional"
MHT,2026,3,579.0,136.0,36.6,7.76,17.82,1.0,72.82,24.0,0.0,9771.0,2225.0,593.0,628.0,17.0,6308.0,"Manchester, NH: Manchester Boston Regional"
MHT,2026,4,705.0,113.0,39.49,1.98,16.53,1.84,53.16,3.0,0.0,5633.0,1694.0,74.0,579.0,155.0,3131.0,"Manchester, NH: Manchester Boston Regional"
MHT,2026,5,747.0,143.0,50.91,4.2700000000000005,15.219999999999999,0.17,72.43,6.0,3.0,9445.0,3233.0,931.0,829.0,5.0,4447.0,"Manchester, NH: Manchester Boston Regional"
MHT,2026,6,732.0,148.0,48.72,9.22,20.96,0.0,69.11,18.0,0.0,13098.0,4140.0,2050.0,929.0,0.0,5979.0,"Manchester, NH: Manchester Boston Regional"
MHT,2026,7,727.0,189.0,59.54,6.890000000000001,40.78,0.0,80.78,34.0,2.0,17004.0,5208.0,1487.0,2152.0,0.0,8001.0,"Manchester, NH: Manchester Boston Regional"
MIA,2025,8,8725.0,2411.0,704.98,110.2,743.61,6.15,846.04,68.0,38.0,197010.0,63377.0,11232.0,38616.0,166.0,83619.0,"Miami, FL: Miami International"
MIA,2025,9,7564.0,1381.0,411.91,34.03,491.37,3.99,439.7,32.0,45.0,100720.0,33105.0,3107.0,23551.0,185.0,40772.0,"Miami, FL: Miami International"
MIA,2025,10,8467.0,1638.0,501.07,37.77,501.4,4.8500000000000005,592.93,33.0,3.0,109322.0,33964.0,3237.0,20193.0,187.0,51741.0,"Miami, FL: Miami International"
MIA,2025,11,9272.0,1923.0,602.2900000000001,32.28,659.0,3.55,625.89,183.0,11.0,144665.0,50451.0,4381.0,33967.0,166.0,55700.0,"Miami, FL: Miami International"
MIA,2025,12,10134.0,2469.0,837.6099999999999,67.24,761.28,6.28,796.5600000000001,119.0,6.0,177628.0,69358.0,6280.0,36039.0,328.0,65623.0,"Miami, FL: Miami International"
MIA,2026,1,10439.0,2314.0,777.37,95.85,782.65,2.3899999999999997,655.74,518.0,23.0,202022.0,84791.0,21479.0,36537.0,1693.0,57522.0,"Miami, FL: Miami International"
MIA,2026,2,9304.0,1813.0,582.4399999999999,50.629999999999995,551.37,3.0,625.55,186.0,13.0,133718.0,50355.0,4624.0,21578.0,195.0,56966.0,"Miami, FL: Miami International"
MIA,2026,3,10448.0,2605.0,746.6,57.26,879.91,17.830000000000002,903.4,308.0,23.0,218334.0,68328.0,9907.0,48216.0,883.0,91000.0,"Miami, FL: Miami International"
MIA,2026,4,9552.0,1766.0,497.17,34.78,567.8499999999999,6.35,659.86,34.0,29.0,133320.0,48028.0,2689.0,24348.0,502.0,57753.0,"Miami, FL: Miami International"
MIA,2026,5,9299.0,1887.0,617.52,55.09,489.76000000000005,3.35,721.3000000000001,45.0,18.0,139024.0,47307.0,5325.0,19963.0,258.0,66171.0,"Miami, FL: Miami International"
MIA,2026,6,8797.0,1927.0,665.57,84.36999999999999,394.71999999999997,4.76,777.5799999999999,73.0,32.0,166806.0,61761.0,9105.0,17934.0,211.0,77795.0,"Miami, FL: Miami International"
MIA,2026,7,9203.0,2639.0,776.34,98.46000000000001,712.4,9.59,1042.21,193.0,47.0,236636.0,76717.0,12644.0,36406.0,706.0,110163.0,"Miami, FL: Miami International"
MKE,2025,8,2669.0,655.0,248.97,28.47,127.6,0.36,249.6,42.0,19.0,44671.0,15893.0,3831.0,5729.0,19.0,19199.0,"Milwaukee, WI: General Mitchell International"
MKE,2025,9,2535.0,426.0,193.24,19.4,82.82,1.0,129.54,13.0,1.0,26934.0,11221.0,1836.0,4664.0,17.0,9196.0,"Milwaukee, WI: General Mitchell International"
MKE,2025,10,2766.0,564.0,229.18,14.540000000000001,92.02,0.0,228.25,12.0,1.0,39671.0,18479.0,1689.0,5636.0,0.0,13867.0,"Milwaukee, WI: General Mitchell International"
MKE,2025,11,2478.0,517.0,176.85,25.24,122.25999999999999,0.0,192.66,109.0,1.0,34886.0,10719.0,3419.0,6753.0,0.0,13995.0,"Milwaukee, WI: General Mitchell International"
MKE,2025,12,2478.0,774.0,274.67,48.65,166.58,1.0,283.1,45.0,3.0,56733.0,19099.0,7020.0,9075.0,40.0,21499.0,"Milwaukee, WI: General Mitchell International"
MKE,2026,1,2281.0,573.0,225.01,41.68,138.65,0.0,167.68,85.0,1.0,39876.0,16305.0,5323.0,7470.0,0.0,10778.0,"Milwaukee, WI: General Mitchell International"
MKE,2026,2,2205.0,512.0,204.28,26.48,107.39,0.0,173.84,32.0,1.0,33440.0,14883.0,2725.0,4334.0,0.0,11498.0,"Milwaukee, WI: General Mitchell International"
MKE,2026,3,2785.0,760.0,288.45,35.52,149.56,0.99,285.5,162.0,18.0,54749.0,21889.0,5219.0,8219.0,46.0,19376.0,"Milwaukee, WI: General Mitchell International"
MKE,2026,4,2712.0,621.0,246.66,30.45,124.53,1.0,218.35,67.0,15.0,40110.0,16370.0,4044.0,5621.0,20.0,14055.0,"Milwaukee, WI: General Mitchell International"
MKE,2026,5,2851.0,658.0,264.45,22.07,99.78,1.0,270.65000000000003,24.0,2.0,41486.0,14896.0,3199.0,4982.0,24.0,18385.0,"Milwaukee, WI: General Mitchell International"
MKE,2026,6,2765.0,759.0,300.54,48.290000000000006,107.63,2.13,300.44,65.0,16.0,56014.0,20476.0,5338.0,6192.0,87.0,23921.0,"Milwaukee, WI: General Mitchell International"
MKE,2026,7,2872.0,886.0,360.94,37.879999999999995,136.23,0.0,350.93,102.0,5.0,63667.0,25099.0,4302.0,7541.0,0.0,26725.0,"Milwaukee, WI: General Mitchell International"
MLB,2025,8,237.0,49.0,17.17,5.140000000000001,15.32,0.0,11.35,0.0,0.0,3332.0,1452.0,526.0,632.0,0.0,722.0,"Melbourne, FL: Melbourne Orlando International"
MLB,2025,9,235.0,23.0,13.15,0.39,3.4,0.0,6.04,1.0,0.0,2063.0,717.0,71.0,107.0,0.0,1168.0,"Melbourne, FL: Melbourne Orlando International"
MLB,2025,10,232.0,35.0,16.7,0.0,4.91,0.0,13.4,0.0,1.0,1979.0,1289.0,0.0,192.0,0.0,498.0,"Melbourne, FL: Melbourne Orlando International"
MLB,2025,11,248.0,28.0,10.55,0.0,8.32,0.0,9.13,10.0,0.0,1245.0,513.0,0.0,226.0,0.0,506.0,"Melbourne, FL: Melbourne Orlando International"
MLB,2025,12,251.0,61.0,31.54,0.35000000000000003,7.77,0.0,21.35,1.0,1.0,4334.0,1918.0,20.0,419.0,0.0,1977.0,"Melbourne, FL: Melbourne Orlando International"
MLB,2026,1,270.0,38.0,13.5,2.76,12.010000000000002,0.0,9.73,20.0,0.0,2141.0,864.0,192.0,414.0,0.0,671.0,"Melbourne, FL: Melbourne Orlando International"
MLB,2026,2,223.0,35.0,15.469999999999999,1.11,6.97,0.0,11.46,4.0,0.0,2640.0,592.0,510.0,367.0,0.0,1171.0,"Melbourne, FL: Melbourne Orlando International"
MLB,2026,3,238.0,51.0,16.36,1.23,14.370000000000001,1.0,18.04,6.0,2.0,3274.0,637.0,65.0,1203.0,363.0,1006.0,"Melbourne, FL: Melbourne Orlando International"
MLB,2026,4,235.0,37.0,21.32,0.0,8.79,0.0,6.9,1.0,1.0,3037.0,1839.0,0.0,330.0,0.0,868.0,"Melbourne, FL: Melbourne Orlando International"
MLB,2026,5,244.0,39.0,16.43,2.6,7.01,0.0,12.96,2.0,0.0,1998.0,823.0,141.0,255.0,0.0,779.0,"Melbourne, FL: Melbourne Orlando International"
MLB,2026,6,236.0,30.0,11.08,2.04,4.66,1.0,11.219999999999999,3.0,1.0,2254.0,633.0,356.0,333.0,141.0,791.0,"Melbourne, FL: Melbourne Orlando International"
MLB,2026,7,241.0,81.0,37.79,4.59,14.780000000000001,0.0,23.84,7.0,0.0,5862.0,2854.0,164.0,718.0,0.0,2126.0,"Melbourne, FL: Melbourne Orlando International"
MLI,2025,8,480.0,113.0,28.67,8.6,27.21,0.0,48.5,10.0,1.0,8082.0,1562.0,1077.0,1518.0,0.0,3925.0,"Moline, IL: Quad Cities International"
MLI,2025,9,468.0,72.0,31.939999999999998,1.7200000000000002,19.58,0.0,18.790000000000003,2.0,0.0,4538.0,2345.0,138.0,853.0,0.0,1202.0,"Moline, IL: Quad Cities International"
MLI,2025,10,534.0,112.0,48.65,5.35,21.07,0.0,36.93,0.0,0.0,7893.0,3447.0,857.0,979.0,0.0,2610.0,"Moline, IL: Quad Cities International"
MLI,2025,11,519.0,98.0,31.61,11.11,35.309999999999995,0.0,19.979999999999997,36.0,2.0,6784.0,1928.0,1552.0,2234.0,0.0,1070.0,"Moline, IL: Quad Cities International"
MLI,2025,12,515.0,166.0,51.67,18.9,31.74,0.0,63.67,13.0,2.0,16435.0,4044.0,3636.0,2401.0,0.0,6354.0,"Moline, IL: Quad Cities International"
MLI,2026,1,436.0,107.0,37.29,8.81,23.24,0.0,37.65,16.0,1.0,7079.0,1603.0,735.0,1278.0,0.0,3463.0,"Moline, IL: Quad Cities International"
MLI,2026,2,438.0,119.0,49.07,9.6,30.889999999999997,0.0,29.44,2.0,1.0,9031.0,4462.0,1267.0,1412.0,0.0,1890.0,"Moline, IL: Quad Cities International"
MLI,2026,3,510.0,144.0,46.730000000000004,8.1,32.52,0.0,56.66,32.0,2.0,10323.0,2231.0,993.0,1980.0,0.0,5119.0,"Moline, IL: Quad Cities International"
MLI,2026,4,546.0,128.0,59.82000000000001,8.67,26.57,0.0,32.94,24.0,3.0,9718.0,4035.0,760.0,1520.0,0.0,3403.0,"Moline, IL: Quad Cities International"
MLI,2026,5,604.0,154.0,48.629999999999995,7.74,36.9,0.0,60.73,6.0,2.0,9071.0,2193.0,441.0,1686.0,0.0,4751.0,"Moline, IL: Quad Cities International"
MLI,2026,6,597.0,129.0,39.68,14.77,32.62,0.0,41.92,26.0,2.0,8923.0,2277.0,1621.0,1835.0,0.0,3190.0,"Moline, IL: Quad Cities International"
MLI,2026,7,629.0,162.0,54.43,14.350000000000001,34.230000000000004,0.0,59.0,28.0,4.0,10992.0,3139.0,2019.0,1446.0,0.0,4388.0,"Moline, IL: Quad Cities International"
MLU,2025,8,186.0,46.0,11.93,1.69,15.66,0.0,16.72,3.0,0.0,2041.0,560.0,78.0,620.0,0.0,783.0,"Monroe, LA: Monroe Regional"
MLU,2025,9,180.0,23.0,6.84,2.17,4.62,0.0,9.370000000000001,1.0,1.0,1684.0,307.0,586.0,201.0,0.0,590.0,"Monroe, LA: Monroe Regional"
MLU,2025,10,184.0,26.0,10.959999999999999,2.5199999999999996,3.6399999999999997,0.0,8.870000000000001,3.0,0.0,1729.0,660.0,212.0,197.0,0.0,660.0,"Monroe, LA: Monroe Regional"
MLU,2025,11,175.0,30.0,15.91,1.28,3.5,0.0,9.309999999999999,14.0,1.0,2098.0,858.0,590.0,147.0,0.0,503.0,"Monroe, LA: Monroe Regional"
MLU,2025,12,172.0,42.0,16.759999999999998,3.6100000000000003,6.0600000000000005,0.0,15.57,0.0,0.0,2537.0,915.0,428.0,212.0,0.0,982.0,"Monroe, LA: Monroe Regional"
MLU,2026,1,150.0,19.0,10.030000000000001,1.65,1.21,0.0,6.12,14.0,2.0,1355.0,555.0,53.0,71.0,0.0,676.0,"Monroe, LA: Monroe Regional"
MLU,2026,2,143.0,16.0,7.68,2.0,2.3000000000000003,0.0,4.0200000000000005,1.0,0.0,2071.0,1001.0,646.0,109.0,0.0,315.0,"Monroe, LA: Monroe Regional"
MLU,2026,3,182.0,39.0,16.49,1.22,4.36,0.0,16.92,5.0,3.0,3231.0,1107.0,118.0,334.0,0.0,1672.0,"Monroe, LA: Monroe Regional"
MLU,2026,4,189.0,39.0,13.62,0.77,9.18,0.0,15.43,2.0,0.0,2351.0,770.0,83.0,370.0,0.0,1128.0,"Monroe, LA: Monroe Regional"
MLU,2026,5,204.0,44.0,14.219999999999999,4.02,9.42,0.0,16.33,4.0,0.0,3001.0,1153.0,361.0,531.0,0.0,956.0,"Monroe, LA: Monroe Regional"
MLU,2026,6,209.0,47.0,18.880000000000003,4.51,9.82,0.0,13.79,6.0,1.0,2775.0,822.0,291.0,518.0,0.0,1144.0,"Monroe, LA: Monroe Regional"
MLU,2026,7,215.0,55.0,21.73,2.83,6.7,0.0,23.73,7.0,1.0,4418.0,1617.0,639.0,437.0,0.0,1725.0,"Monroe, LA: Monroe Regional"
MOB,2025,8,511.0,111.0,38.730000000000004,9.29,19.110000000000003,0.0,43.88,2.0,3.0,8966.0,3284.0,1213.0,854.0,0.0,3615.0,"Mobile, AL: Mobile Regional"
MOB,2025,9,492.0,61.0,28.56,3.72,11.68,0.0,17.05,2.0,1.0,4240.0,2040.0,281.0,517.0,0.0,1402.0,"Mobile, AL: Mobile Regional"
MOB,2025,10,521.0,58.0,25.580000000000002,3.11,13.75,0.0,15.56,2.0,0.0,4714.0,2868.0,359.0,544.0,0.0,943.0,"Mobile, AL: Mobile Regional"
MOB,2025,11,516.0,75.0,25.0,1.3399999999999999,22.419999999999998,0.0,26.240000000000002,19.0,5.0,4948.0,2001.0,83.0,787.0,0.0,2077.0,"Mobile, AL: Mobile Regional"
MOB,2025,12,505.0,100.0,36.41,8.98,16.99,1.0,36.61,4.0,6.0,9088.0,2017.0,1922.0,734.0,31.0,4384.0,"Mobile, AL: Mobile Regional"
MOB,2026,1,465.0,70.0,34.53,5.01,11.399999999999999,0.0,19.029999999999998,24.0,1.0,4346.0,1774.0,488.0,532.0,0.0,1552.0,"Mobile, AL: Mobile Regional"
MOB,2026,2,433.0,64.0,27.18,7.569999999999999,13.22,1.0,15.02,5.0,2.0,6857.0,3075.0,539.0,1471.0,119.0,1653.0,"Mobile, AL: Mobile Regional"
MOB,2026,3,485.0,95.0,41.95,5.83,15.64,0.0,31.590000000000003,14.0,0.0,8342.0,3038.0,363.0,1133.0,0.0,3808.0,"Mobile, AL: Mobile Regional"
MOB,2026,4,492.0,78.0,29.4,6.66,13.51,0.0,28.45,5.0,0.0,5077.0,1651.0,441.0,540.0,0.0,2445.0,"Mobile, AL: Mobile Regional"
MOB,2026,5,504.0,122.0,42.69,10.93,21.62,0.0,46.75,13.0,4.0,9992.0,3058.0,825.0,981.0,0.0,5128.0,"Mobile, AL: Mobile Regional"
MOB,2026,6,465.0,94.0,41.75,5.199999999999999,11.44,0.0,35.63,13.0,4.0,12449.0,7023.0,473.0,861.0,0.0,4092.0,"Mobile, AL: Mobile Regional"
MOB,2026,7,475.0,123.0,46.28,4.2,25.28,0.0,47.23,3.0,2.0,11829.0,5676.0,248.0,1116.0,0.0,4789.0,"Mobile, AL: Mobile Regional"
MOT,2025,8,285.0,64.0,26.56,4.6899999999999995,15.89,0.0,16.869999999999997,1.0,2.0,4756.0,1358.0,842.0,1389.0,0.0,1167.0,"Minot, ND: Minot International"
MOT,2025,9,264.0,40.0,17.37,8.4,7.72,0.0,6.51,0.0,0.0,2358.0,965.0,345.0,418.0,0.0,630.0,"Minot, ND: Minot International"
MOT,2025,10,226.0,17.0,10.83,0.0,3.8,0.0,2.37,0.0,0.0,881.0,499.0,0.0,160.0,0.0,222.0,"Minot, ND: Minot International"
MOT,2025,11,222.0,32.0,22.71,2.83,4.97,0.0,1.5,11.0,0.0,2198.0,1501.0,382.0,271.0,0.0,44.0,"Minot, ND: Minot International"
MOT,2025,12,227.0,79.0,40.28,19.74,15.049999999999999,0.0,3.9299999999999997,11.0,3.0,8604.0,4597.0,2800.0,957.0,0.0,250.0,"Minot, ND: Minot International"
MOT,2026,1,213.0,52.0,20.6,6.85,13.95,0.0,10.61,5.0,1.0,3023.0,1268.0,446.0,433.0,0.0,876.0,"Minot, ND: Minot International"
MOT,2026,2,186.0,39.0,24.46,3.86,5.73,0.0,4.95,0.0,3.0,3421.0,1372.0,1318.0,330.0,0.0,401.0,"Minot, ND: Minot International"
MOT,2026,3,210.0,59.0,38.17,5.34,9.35,0.0,6.1499999999999995,8.0,1.0,8338.0,5889.0,1201.0,430.0,0.0,818.0,"Minot, ND: Minot International"
MOT,2026,4,197.0,41.0,27.79,5.0,6.3100000000000005,0.0,1.9,0.0,0.0,1878.0,1306.0,184.0,291.0,0.0,97.0,"Minot, ND: Minot International"
MOT,2026,5,236.0,49.0,25.8,5.59,7.680000000000001,0.0,9.91,1.0,1.0,5227.0,2987.0,1012.0,427.0,0.0,801.0,"Minot, ND: Minot International"
MOT,2026,6,253.0,59.0,37.55,8.72,6.72,0.0,6.0,1.0,3.0,4217.0,2600.0,638.0,520.0,0.0,459.0,"Minot, ND: Minot International"
MOT,2026,7,261.0,64.0,42.41,5.99,8.37,0.0,7.24,2.0,1.0,4996.0,3472.0,403.0,642.0,0.0,479.0,"Minot, ND: Minot International"
MQT,2025,8,147.0,20.0,5.09,5.1899999999999995,7.13,0.0,2.59,2.0,0.0,1605.0,308.0,1002.0,227.0,0.0,68.0,"Marquette, MI: Marquette Sawyer Regional"
MQT,2025,9,122.0,22.0,5.98,6.87,1.6800000000000002,0.0,7.49,0.0,1.0,3701.0,395.0,2290.0,95.0,0.0,921.0,"Marquette, MI: Marquette Sawyer Regional"
MQT,2025,10,123.0,26.0,12.55,0.0,4.46,0.0,8.99,0.0,0.0,1478.0,673.0,0.0,158.0,0.0,647.0,"Marquette, MI: Marquette Sawyer Regional"
MQT,2025,11,119.0,18.0,8.28,2.41,1.8900000000000001,0.0,5.41,5.0,0.0,3869.0,1422.0,792.0,260.0,0.0,1395.0,"Marquette, MI: Marquette Sawyer Regional"
MQT,2025,12,122.0,43.0,16.09,6.34,13.23,0.0,7.34,16.0,1.0,3590.0,1405.0,621.0,981.0,0.0,583.0,"Marquette, MI: Marquette Sawyer Regional"
MQT,2026,1,97.0,38.0,18.13,8.540000000000001,9.65,0.0,1.69,8.0,3.0,5063.0,2192.0,2133.0,598.0,0.0,140.0,"Marquette, MI: Marquette Sawyer Regional"
MQT,2026,2,101.0,35.0,16.369999999999997,3.71,8.13,0.0,6.79,4.0,0.0,5400.0,2519.0,1129.0,337.0,0.0,1415.0,"Marquette, MI: Marquette Sawyer Regional"
MQT,2026,3,116.0,34.0,14.7,6.0600000000000005,5.5,0.0,7.74,21.0,4.0,3434.0,1003.0,743.0,299.0,0.0,1389.0,"Marquette, MI: Marquette Sawyer Regional"
MQT,2026,4,128.0,28.0,9.85,3.7300000000000004,4.37,0.0,10.05,12.0,2.0,1989.0,612.0,366.0,181.0,0.0,830.0,"Marquette, MI: Marquette Sawyer Regional"
MQT,2026,5,130.0,22.0,9.81,3.45,1.82,0.0,6.91,2.0,1.0,2255.0,792.0,910.0,77.0,0.0,476.0,"Marquette, MI: Marquette Sawyer Regional"
MQT,2026,6,111.0,28.0,12.110000000000001,2.65,3.04,0.0,10.21,3.0,3.0,3084.0,1642.0,740.0,185.0,0.0,517.0,"Marquette, MI: Marquette Sawyer Regional"
MQT,2026,7,116.0,28.0,15.28,2.94,1.97,0.0,7.79,6.0,1.0,3451.0,1916.0,501.0,152.0,0.0,882.0,"Marquette, MI: Marquette Sawyer Regional"
MRY,2025,8,432.0,82.0,28.61,5.48,16.31,0.0,31.62,2.0,1.0,4509.0,1678.0,316.0,797.0,0.0,1718.0,"Monterey, CA: Monterey Regional"
MRY,2025,9,421.0,61.0,19.37,3.97,18.169999999999998,0.0,19.490000000000002,5.0,1.0,5829.0,1516.0,742.0,2286.0,0.0,1285.0,"Monterey, CA: Monterey Regional"
MRY,2025,10,445.0,79.0,26.189999999999998,3.78,15.950000000000001,0.0,33.08,3.0,4.0,4592.0,1129.0,218.0,810.0,0.0,2435.0,"Monterey, CA: Monterey Regional"
MRY,2025,11,463.0,80.0,30.689999999999998,2.56,22.509999999999998,1.0,23.22,14.0,3.0,4629.0,1700.0,192.0,1342.0,29.0,1366.0,"Monterey, CA: Monterey Regional"
MRY,2025,12,415.0,81.0,30.17,2.5,14.470000000000002,0.0,33.86,5.0,4.0,4413.0,1716.0,121.0,835.0,0.0,1741.0,"Monterey, CA: Monterey Regional"
MRY,2026,1,395.0,63.0,28.720000000000002,1.0,10.11,0.0,23.17,8.0,1.0,5154.0,2944.0,110.0,652.0,0.0,1448.0,"Monterey, CA: Monterey Regional"
MRY,2026,2,356.0,55.0,26.720000000000002,1.95,9.52,0.0,16.799999999999997,0.0,3.0,3585.0,1835.0,110.0,567.0,0.0,1073.0,"Monterey, CA: Monterey Regional"
MRY,2026,3,407.0,61.0,21.43,2.08,10.16,0.0,27.34,2.0,0.0,3991.0,1709.0,207.0,521.0,0.0,1554.0,"Monterey, CA: Monterey Regional"
MRY,2026,4,464.0,76.0,22.69,2.52,22.07,0.0,28.72,1.0,0.0,4328.0,1271.0,117.0,1445.0,0.0,1495.0,"Monterey, CA: Monterey Regional"
MRY,2026,5,438.0,84.0,20.98,3.89,22.15,0.0,36.980000000000004,3.0,3.0,5812.0,1907.0,827.0,1239.0,0.0,1839.0,"Monterey, CA: Monterey Regional"
MRY,2026,6,453.0,109.0,26.81,2.92,35.47,0.0,43.800000000000004,5.0,3.0,5870.0,1239.0,276.0,1471.0,0.0,2884.0,"Monterey, CA: Monterey Regional"
MRY,2026,7,468.0,102.0,26.37,8.57,28.77,0.0,38.31,8.0,0.0,7867.0,2251.0,983.0,1693.0,0.0,2940.0,"Monterey, CA: Monterey Regional"
MSN,2025,8,1292.0,294.0,121.84,17.54,48.72,1.06,104.85,15.0,2.0,22899.0,8463.0,1994.0,2091.0,79.0,10272.0,"Madison, WI: Dane County Regional-Truax Field"
MSN,2025,9,1266.0,231.0,88.75,12.729999999999999,44.36,0.0,85.15,8.0,1.0,15122.0,5240.0,1008.0,1994.0,0.0,6880.0,"Madison, WI: Dane County Regional-Truax Field"
MSN,2025,10,1396.0,289.0,105.17999999999999,8.299999999999999,58.620000000000005,0.0,116.88,3.0,1.0,21024.0,7294.0,1004.0,2953.0,0.0,9773.0,"Madison, WI: Dane County Regional-Truax Field"
MSN,2025,11,1272.0,307.0,106.32,11.18,63.86,0.0,125.62,60.0,2.0,25666.0,7197.0,2432.0,3614.0,0.0,12423.0,"Madison, WI: Dane County Regional-Truax Field"
MSN,2025,12,1220.0,433.0,150.77,25.84,102.57,0.0,153.83,33.0,5.0,36719.0,13624.0,3902.0,5419.0,0.0,13774.0,"Madison, WI: Dane County Regional-Truax Field"
MSN,2026,1,1202.0,378.0,137.79,48.06,85.97,0.0,106.17,59.0,0.0,28144.0,9788.0,5257.0,4698.0,0.0,8401.0,"Madison, WI: Dane County Regional-Truax Field"
MSN,2026,2,1113.0,273.0,120.68,20.24,59.82,0.0,72.26,18.0,0.0,18559.0,8175.0,2727.0,2513.0,0.0,5144.0,"Madison, WI: Dane County Regional-Truax Field"
MSN,2026,3,1329.0,361.0,140.38,11.61,71.44,0.0,137.6,81.0,5.0,30084.0,11304.0,1457.0,4057.0,0.0,13266.0,"Madison, WI: Dane County Regional-Truax Field"
MSN,2026,4,1411.0,317.0,104.89,13.95,72.72999999999999,0.27,125.18,32.0,2.0,25144.0,7546.0,1825.0,4095.0,79.0,11599.0,"Madison, WI: Dane County Regional-Truax Field"
MSN,2026,5,1495.0,302.0,112.17,15.280000000000001,60.12,1.0,113.45,22.0,1.0,21901.0,7037.0,2057.0,3344.0,23.0,9440.0,"Madison, WI: Dane County Regional-Truax Field"
MSN,2026,6,1447.0,329.0,113.34,19.330000000000002,73.82,0.0,122.52,44.0,6.0,26083.0,10136.0,2681.0,3453.0,0.0,9813.0,"Madison, WI: Dane County Regional-Truax Field"
MSN,2026,7,1510.0,429.0,166.10999999999999,19.009999999999998,66.61,0.0,177.25,69.0,1.0,35686.0,13014.0,2674.0,4310.0,0.0,15688.0,"Madison, WI: Dane County Regional-Truax Field"
MSO,2025,8,690.0,126.0,47.49,5.7,26.73,0.0,46.08,4.0,1.0,8631.0,3580.0,847.0,846.0,0.0,3358.0,"Missoula, MT: Missoula Montana"
MSO,2025,9,480.0,50.0,26.15,0.4,8.79,0.0,14.66,1.0,0.0,2543.0,1476.0,8.0,260.0,0.0,799.0,"Missoula, MT: Missoula Montana"
MSO,2025,10,497.0,62.0,22.669999999999998,3.3000000000000003,17.85,0.0,18.18,4.0,1.0,3254.0,1768.0,105.0,606.0,0.0,775.0,"Missoula, MT: Missoula Montana"
MSO,2025,11,413.0,51.0,17.42,5.029999999999999,10.77,0.0,17.78,12.0,0.0,2311.0,830.0,400.0,283.0,0.0,798.0,"Missoula, MT: Missoula Montana"
MSO,2025,12,445.0,113.0,38.61,10.59,30.69,0.0,33.12,3.0,7.0,6259.0,2121.0,788.0,1116.0,0.0,2234.0,"Missoula, MT: Missoula Montana"
MSO,2026,1,427.0,74.0,27.83,5.68,19.9,0.0,20.58,7.0,4.0,5345.0,2362.0,826.0,829.0,0.0,1328.0,"Missoula, MT: Missoula Montana"
MSO,2026,2,371.0,60.0,17.18,5.390000000000001,18.470000000000002,0.0,18.950000000000003,0.0,0.0,3451.0,1025.0,624.0,620.0,0.0,1182.0,"Missoula, MT: Missoula Montana"
MSO,2026,3,420.0,98.0,39.04,8.57,29.299999999999997,0.0,21.1,6.0,2.0,6326.0,2662.0,764.0,1239.0,0.0,1661.0,"Missoula, MT: Missoula Montana"
MSO,2026,4,407.0,55.0,26.13,3.66,12.43,0.0,12.77,0.0,1.0,2853.0,1500.0,244.0,497.0,0.0,612.0,"Missoula, MT: Missoula Montana"
MSO,2026,5,514.0,73.0,29.52,2.1399999999999997,17.98,0.0,23.36,1.0,2.0,3796.0,1442.0,71.0,876.0,0.0,1407.0,"Missoula, MT: Missoula Montana"
MSO,2026,6,616.0,133.0,41.13,3.73,37.21,0.0,50.949999999999996,2.0,3.0,6566.0,2187.0,187.0,1199.0,0.0,2993.0,"Missoula, MT: Missoula Montana"
MSO,2026,7,716.0,127.0,60.52,5.890000000000001,21.86,0.0,38.74,0.0,4.0,6402.0,3012.0,676.0,782.0,0.0,1932.0,"Missoula, MT: Missoula Montana"
MSP,2025,8,11671.0,2243.0,762.14,144.73,538.3000000000001,2.09,795.74,43.0,17.0,164425.0,67573.0,15413.0,24359.0,116.0,56964.0,"Minneapolis, MN: Minneapolis-St Paul International"
MSP,2025,9,10804.0,1722.0,614.1800000000001,121.94999999999999,535.38,1.08,449.4,13.0,21.0,114286.0,53680.0,10298.0,20845.0,36.0,29427.0,"Minneapolis, MN: Minneapolis-St Paul International"
MSP,2025,10,11351.0,1361.0,514.59,40.910000000000004,223.78,0.93,580.82,22.0,5.0,97316.0,47500.0,4942.0,7600.0,80.0,37194.0,"Minneapolis, MN: Minneapolis-St Paul International"
MSP,2025,11,10260.0,1671.0,557.0,112.92,399.89,1.29,599.9,237.0,2.0,147349.0,64149.0,14572.0,19145.0,687.0,48796.0,"Minneapolis, MN: Minneapolis-St Paul International"
MSP,2025,12,10386.0,3160.0,1044.72,287.36,778.53,4.76,1044.6200000000001,264.0,8.0,283477.0,117784.0,29406.0,47070.0,269.0,88948.0,"Minneapolis, MN: Minneapolis-St Paul International"
MSP,2026,1,9631.0,2054.0,754.34,214.84,477.91,3.22,603.7,231.0,6.0,176138.0,84325.0,26097.0,21090.0,250.0,44376.0,"Minneapolis, MN: Minneapolis-St Paul International"
MSP,2026,2,9017.0,1552.0,679.14,125.13000000000001,323.04999999999995,2.42,422.27000000000004,107.0,13.0,130476.0,71698.0,13504.0,15169.0,115.0,29990.0,"Minneapolis, MN: Minneapolis-St Paul International"
MSP,2026,3,10826.0,2142.0,996.64,149.49,418.15999999999997,2.89,574.85,547.0,13.0,194513.0,104736.0,18326.0,20240.0,74.0,51137.0,"Minneapolis, MN: Minneapolis-St Paul International"
MSP,2026,4,10732.0,1539.0,632.9300000000001,120.26,267.11,2.45,515.23,77.0,7.0,126529.0,63876.0,13174.0,12180.0,244.0,36853.0,"Minneapolis, MN: Minneapolis-St Paul International"
MSP,2026,5,11372.0,1697.0,709.4300000000001,82.47,293.46,3.01,608.6400000000001,63.0,14.0,141201.0,71794.0,9251.0,13093.0,82.0,46981.0,"Minneapolis, MN: Minneapolis-St Paul International"
MSP,2026,6,11570.0,2322.0,823.07,134.5,481.31,2.88,880.23,114.0,37.0,185494.0,85131.0,11671.0,20208.0,146.0,68338.0,"Minneapolis, MN: Minneapolis-St Paul International"
MSP,2026,7,12141.0,2697.0,1031.9,137.64,504.57000000000005,1.62,1021.23,186.0,18.0,227150.0,109844.0,13302.0,25471.0,63.0,78470.0,"Minneapolis, MN: Minneapolis-St Paul International"
MSY,2025,8,3757.0,856.0,286.03000000000003,30.13,159.52,1.54,378.76000000000005,34.0,5.0,58330.0,19341.0,2895.0,8160.0,53.0,27881.0,"New Orleans, LA: Louis Armstrong New Orleans International"
MSY,2025,9,3625.0,523.0,194.10999999999999,15.600000000000001,101.37,4.38,207.5,11.0,1.0,30230.0,11987.0,1265.0,4588.0,166.0,12224.0,"New Orleans, LA: Louis Armstrong New Orleans International"
MSY,2025,10,4702.0,932.0,303.46000000000004,5.6899999999999995,206.91,5.39,410.52,21.0,1.0,52228.0,16741.0,404.0,8403.0,296.0,26384.0,"New Orleans, LA: Louis Armstrong New Orleans International"
MSY,2025,11,4313.0,792.0,262.47,11.870000000000001,167.57999999999998,3.65,346.41,50.0,2.0,54581.0,16864.0,1011.0,8464.0,199.0,28043.0,"New Orleans, LA: Louis Armstrong New Orleans International"
MSY,2025,12,4189.0,1082.0,368.29,23.19,224.2,2.8,463.52,46.0,13.0,66433.0,22270.0,2647.0,10020.0,143.0,31353.0,"New Orleans, LA: Louis Armstrong New Orleans International"
MSY,2026,1,3915.0,743.0,269.93,25.32,155.10000000000002,3.41,289.21999999999997,157.0,2.0,43929.0,15014.0,2219.0,6659.0,89.0,19948.0,"New Orleans, LA: Louis Armstrong New Orleans International"
MSY,2026,2,4123.0,720.0,290.76,19.61,125.39,0.71,283.52,62.0,2.0,47907.0,21054.0,1666.0,6514.0,123.0,18550.0,"New Orleans, LA: Louis Armstrong New Orleans International"
MSY,2026,3,4488.0,1038.0,350.83,26.560000000000002,194.21,3.14,463.28999999999996,118.0,10.0,67708.0,22082.0,2923.0,10849.0,131.0,31723.0,"New Orleans, LA: Louis Armstrong New Orleans International"
MSY,2026,4,4436.0,866.0,283.24,14.909999999999998,171.48,0.0,396.36,24.0,3.0,49021.0,15862.0,1079.0,7273.0,0.0,24807.0,"New Orleans, LA: Louis Armstrong New Orleans International"
MSY,2026,5,4205.0,1109.0,344.11,24.61,295.89,1.15,443.28000000000003,40.0,15.0,64762.0,20201.0,4177.0,11055.0,62.0,29267.0,"New Orleans, LA: Louis Armstrong New Orleans International"
MSY,2026,6,3745.0,1072.0,351.88,39.93,197.89000000000001,2.51,479.79,49.0,12.0,69035.0,19968.0,4693.0,10362.0,84.0,33928.0,"New Orleans, LA: Louis Armstrong New Orleans International"
MSY,2026,7,3834.0,1208.0,409.74,41.34,233.77,1.8900000000000001,521.23,84.0,10.0,83754.0,27577.0,4612.0,11954.0,136.0,39475.0,"New Orleans, LA: Louis Armstrong New Orleans International"
MTJ,2025,8,206.0,54.0,17.83,1.19,14.52,0.0,20.46,1.0,0.0,2887.0,966.0,79.0,582.0,0.0,1260.0,"Montrose/Delta, CO: Montrose Regional"
MTJ,2025,9,175.0,35.0,12.72,1.83,4.970000000000001,0.0,15.469999999999999,0.0,0.0,1934.0,803.0,69.0,172.0,0.0,890.0,"Montrose/Delta, CO: Montrose Regional"
MTJ,2025,10,154.0,30.0,14.3,0.0,4.789999999999999,0.0,10.91,1.0,1.0,1631.0,586.0,0.0,239.0,0.0,806.0,"Montrose/Delta, CO: Montrose Regional"
MTJ,2025,11,119.0,9.0,2.73,0.0,2.8000000000000003,0.0,3.48,0.0,0.0,420.0,135.0,0.0,81.0,0.0,204.0,"Montrose/Delta, CO: Montrose Regional"
MTJ,2025,12,257.0,60.0,23.02,2.0,13.42,0.0,21.57,0.0,0.0,4205.0,1376.0,387.0,515.0,0.0,1927.0,"Montrose/Delta, CO: Montrose Regional"
MTJ,2026,1,322.0,55.0,19.61,2.1100000000000003,15.25,0.0,18.01,13.0,0.0,3658.0,1362.0,193.0,808.0,0.0,1295.0,"Montrose/Delta, CO: Montrose Regional"
MTJ,2026,2,309.0,94.0,31.669999999999998,2.0,42.14,0.23,17.96,2.0,3.0,6890.0,1898.0,252.0,3166.0,6.0,1568.0,"Montrose/Delta, CO: Montrose Regional"
MTJ,2026,3,394.0,103.0,28.080000000000002,0.06,33.29,0.0,41.58,5.0,0.0,7618.0,2261.0,17.0,2030.0,0.0,3310.0,"Montrose/Delta, CO: Montrose Regional"
MTJ,2026,4,159.0,22.0,5.17,0.0,3.36,0.0,13.469999999999999,1.0,0.0,1179.0,230.0,0.0,105.0,0.0,844.0,"Montrose/Delta, CO: Montrose Regional"
MTJ,2026,5,157.0,50.0,22.44,0.0,8.33,0.0,19.22,0.0,0.0,2893.0,1396.0,0.0,310.0,0.0,1187.0,"Montrose/Delta, CO: Montrose Regional"
MTJ,2026,6,222.0,57.0,27.39,2.94,9.790000000000001,0.0,16.89,1.0,0.0,3988.0,2148.0,147.0,388.0,0.0,1305.0,"Montrose/Delta, CO: Montrose Regional"
MTJ,2026,7,246.0,49.0,22.8,1.0,6.16,0.0,19.03,0.0,0.0,2768.0,1023.0,40.0,169.0,0.0,1536.0,"Montrose/Delta, CO: Montrose Regional"
MVY,2025,8,387.0,54.0,11.16,0.0,26.93,0.0,15.92,1.0,0.0,2431.0,572.0,0.0,1000.0,0.0,859.0,"Martha's Vineyard, MA: Martha's Vineyard Airport"
MVY,2025,9,91.0,10.0,3.7699999999999996,0.67,4.74,0.0,0.82,0.0,0.0,360.0,145.0,44.0,130.0,0.0,41.0,"Martha's Vineyard, MA: Martha's Vineyard Airport"
MVY,2025,10,26.0,6.0,2.71,0.7,0.76,0.0,1.82,0.0,0.0,255.0,101.0,19.0,32.0,0.0,103.0,"Martha's Vineyard, MA: Martha's Vineyard Airport"
MVY,2026,5,33.0,6.0,2.02,0.0,1.05,0.0,2.94,0.0,0.0,260.0,160.0,0.0,30.0,0.0,70.0,"Martha's Vineyard, MA: Martha's Vineyard Airport"
MVY,2026,6,179.0,27.0,8.66,0.4,5.38,0.0,12.559999999999999,1.0,1.0,1938.0,465.0,56.0,274.0,0.0,1143.0,"Martha's Vineyard, MA: Martha's Vineyard Airport"
MVY,2026,7,312.0,54.0,11.29,2.39,16.439999999999998,0.0,23.880000000000003,21.0,1.0,4127.0,794.0,624.0,897.0,0.0,1812.0,"Martha's Vineyard, MA: Martha's Vineyard Airport"
MYR,2025,8,1777.0,378.0,116.8,15.66,99.2,0.01,146.34,13.0,9.0,24582.0,6630.0,1502.0,4692.0,1.0,11757.0,"Myrtle Beach, SC: Myrtle Beach International"
MYR,2025,9,1367.0,184.0,81.48,9.65,38.019999999999996,0.0,54.87,9.0,0.0,11568.0,5276.0,835.0,1953.0,0.0,3504.0,"Myrtle Beach, SC: Myrtle Beach International"
MYR,2025,10,1288.0,271.0,77.65,3.89,92.91,0.1,96.44,5.0,3.0,17564.0,5425.0,431.0,4581.0,2.0,7125.0,"Myrtle Beach, SC: Myrtle Beach International"
MYR,2025,11,934.0,172.0,62.92,0.71,55.51,0.78,52.09,19.0,0.0,10342.0,3950.0,30.0,2780.0,21.0,3561.0,"Myrtle Beach, SC: Myrtle Beach International"
MYR,2025,12,904.0,256.0,67.81,5.6899999999999995,61.16,3.06,118.30000000000001,15.0,1.0,17485.0,4468.0,694.0,3135.0,113.0,9075.0,"Myrtle Beach, SC: Myrtle Beach International"
MYR,2026,1,816.0,135.0,44.46,8.31,31.26,0.0,50.97,76.0,0.0,9292.0,3017.0,1001.0,1493.0,0.0,3781.0,"Myrtle Beach, SC: Myrtle Beach International"
MYR,2026,2,803.0,152.0,51.089999999999996,7.28,36.56,0.11,56.95,70.0,1.0,12470.0,3817.0,2071.0,1399.0,34.0,5149.0,"Myrtle Beach, SC: Myrtle Beach International"
MYR,2026,3,1009.0,243.0,86.46000000000001,7.62,52.519999999999996,0.78,95.61,32.0,5.0,16646.0,5244.0,875.0,3078.0,101.0,7348.0,"Myrtle Beach, SC: Myrtle Beach International"
MYR,2026,4,1220.0,228.0,81.52,3.27,60.2,0.71,82.3,6.0,0.0,12001.0,4149.0,203.0,2406.0,37.0,5206.0,"Myrtle Beach, SC: Myrtle Beach International"
MYR,2026,5,1208.0,215.0,72.62,7.35,57.7,1.12,76.22,12.0,0.0,11349.0,3313.0,602.0,1996.0,60.0,5378.0,"Myrtle Beach, SC: Myrtle Beach International"
MYR,2026,6,1462.0,355.0,111.28,21.36,81.02,0.96,140.39,23.0,2.0,24355.0,8280.0,2886.0,3404.0,53.0,9732.0,"Myrtle Beach, SC: Myrtle Beach International"
MYR,2026,7,1478.0,447.0,132.87,16.740000000000002,101.28999999999999,1.98,194.09,39.0,7.0,33407.0,9224.0,2113.0,5837.0,313.0,15920.0,"Myrtle Beach, SC: Myrtle Beach International"
OAJ,2025,8,307.0,47.0,16.37,4.15,9.379999999999999,0.0,17.12,3.0,1.0,2532.0,779.0,228.0,344.0,0.0,1181.0,"Jacksonville/Camp Lejeune, NC: Albert J Ellis"
OAJ,2025,9,287.0,29.0,14.53,3.86,3.66,0.0,6.95,0.0,0.0,2806.0,1932.0,153.0,138.0,0.0,583.0,"Jacksonville/Camp Lejeune, NC: Albert J Ellis"
OAJ,2025,10,291.0,34.0,10.02,1.93,3.34,0.14,18.59,0.0,0.0,1396.0,289.0,164.0,110.0,12.0,821.0,"Jacksonville/Camp Lejeune, NC: Albert J Ellis"
OAJ,2025,11,231.0,32.0,13.75,0.38,4.12,0.0,13.75,12.0,1.0,1865.0,875.0,19.0,151.0,0.0,820.0,"Jacksonville/Camp Lejeune, NC: Albert J Ellis"
OAJ,2025,12,237.0,50.0,18.330000000000002,1.65,4.08,0.0,25.94,1.0,0.0,3547.0,1036.0,67.0,195.0,0.0,2249.0,"Jacksonville/Camp Lejeune, NC: Albert J Ellis"
OAJ,2026,1,254.0,33.0,14.530000000000001,1.72,4.24,0.0,12.51,21.0,1.0,1998.0,663.0,250.0,142.0,0.0,943.0,"Jacksonville/Camp Lejeune, NC: Albert J Ellis"
OAJ,2026,2,217.0,43.0,24.25,2.38,6.859999999999999,0.0,9.51,17.0,0.0,4223.0,2987.0,252.0,346.0,0.0,638.0,"Jacksonville/Camp Lejeune, NC: Albert J Ellis"
OAJ,2026,3,260.0,69.0,40.65,2.42,9.629999999999999,0.0,16.3,4.0,0.0,7127.0,4298.0,248.0,405.0,0.0,2176.0,"Jacksonville/Camp Lejeune, NC: Albert J Ellis"
OAJ,2026,4,262.0,39.0,17.98,2.87,8.68,0.0,9.47,0.0,1.0,1892.0,846.0,171.0,244.0,0.0,631.0,"Jacksonville/Camp Lejeune, NC: Albert J Ellis"
OAJ,2026,5,281.0,75.0,36.96,12.440000000000001,14.07,0.0,11.52,0.0,1.0,5746.0,3032.0,1612.0,639.0,0.0,463.0,"Jacksonville/Camp Lejeune, NC: Albert J Ellis"
OAJ,2026,6,268.0,48.0,19.49,3.12,9.440000000000001,0.0,15.94,5.0,0.0,4697.0,1905.0,162.0,976.0,0.0,1654.0,"Jacksonville/Camp Lejeune, NC: Albert J Ellis"
OAJ,2026,7,273.0,82.0,29.25,13.23,14.42,0.0,25.11,7.0,2.0,10450.0,5237.0,1687.0,889.0,0.0,2637.0,"Jacksonville/Camp Lejeune, NC: Albert J Ellis"
OAK,2025,8,2984.0,548.0,183.60000000000002,4.1899999999999995,50.51,2.67,307.03999999999996,8.0,0.0,28968.0,8299.0,227.0,1744.0,75.0,18623.0,"Oakland, CA: Oakland International"
OAK,2025,9,2864.0,510.0,181.11,0.95,57.85,0.0,270.1,5.0,3.0,26089.0,8323.0,35.0,1995.0,0.0,15736.0,"Oakland, CA: Oakland International"
OAK,2025,10,2868.0,604.0,197.23,6.1,47.53,2.22,350.91,6.0,3.0,29165.0,8965.0,322.0,1644.0,163.0,18071.0,"Oakland, CA: Oakland International"
OAK,2025,11,2703.0,473.0,141.34,4.0,44.17,1.0,282.49,60.0,1.0,25141.0,6501.0,186.0,1402.0,21.0,17031.0,"Oakland, CA: Oakland International"
OAK,2025,12,2713.0,627.0,201.14999999999998,6.53,53.31,2.19,363.82000000000005,15.0,0.0,30547.0,9403.0,203.0,1818.0,87.0,19036.0,"Oakland, CA: Oakland International"
OAK,2026,1,2477.0,311.0,116.52000000000001,4.84,34.32,1.17,154.15,15.0,0.0,16293.0,7220.0,161.0,1058.0,30.0,7824.0,"Oakland, CA: Oakland International"
OAK,2026,2,2410.0,366.0,144.2,2.98,33.03,1.13,184.66,9.0,1.0,18192.0,6315.0,513.0,994.0,28.0,10342.0,"Oakland, CA: Oakland International"
OAK,2026,3,2640.0,465.0,185.57999999999998,7.49,22.89,0.81,248.25,24.0,2.0,25162.0,9006.0,667.0,920.0,38.0,14531.0,"Oakland, CA: Oakland International"
OAK,2026,4,2604.0,540.0,194.83,2.49,48.75,0.0,293.93,7.0,1.0,24859.0,9221.0,136.0,1986.0,0.0,13516.0,"Oakland, CA: Oakland International"
OAK,2026,5,2795.0,661.0,234.76,3.01,46.269999999999996,2.76,374.19,11.0,2.0,32476.0,10901.0,136.0,1747.0,178.0,19514.0,"Oakland, CA: Oakland International"
OAK,2026,6,2702.0,835.0,278.90999999999997,3.52,60.050000000000004,0.87,491.64,11.0,0.0,41389.0,13094.0,251.0,2042.0,36.0,25966.0,"Oakland, CA: Oakland International"
OAK,2026,7,2814.0,651.0,219.71,7.26,39.11,0.0,384.94,14.0,0.0,33837.0,11060.0,881.0,1559.0,0.0,20337.0,"Oakland, CA: Oakland International"
OGG,2025,8,2148.0,224.0,135.38,1.39,19.560000000000002,0.0,67.69,6.0,4.0,11805.0,7006.0,129.0,609.0,0.0,4061.0,"Kahului, HI: Kahului Airport"
OGG,2025,9,1956.0,164.0,92.92,1.67,29.97,0.0,39.44,1.0,0.0,8065.0,4832.0,90.0,1006.0,0.0,2137.0,"Kahului, HI: Kahului Airport"
OGG,2025,10,2054.0,277.0,169.33,2.73,37.31,0.13,67.51,14.0,1.0,16696.0,10969.0,174.0,1164.0,2.0,4387.0,"Kahului, HI: Kahului Airport"
OGG,2025,11,2037.0,212.0,123.78,3.31,26.28,0.0,58.620000000000005,26.0,7.0,11350.0,6586.0,238.0,845.0,0.0,3681.0,"Kahului, HI: Kahului Airport"
OGG,2025,12,2216.0,414.0,196.73000000000002,6.49,53.8,0.0,156.99,5.0,9.0,21616.0,10638.0,544.0,2121.0,0.0,8313.0,"Kahului, HI: Kahului Airport"
OGG,2026,1,2169.0,404.0,189.25,13.67,45.72,0.0,155.35,15.0,4.0,20410.0,10044.0,1459.0,1409.0,0.0,7498.0,"Kahului, HI: Kahului Airport"
OGG,2026,2,1965.0,386.0,191.69,19.11,87.89999999999999,0.82,86.48,11.0,8.0,16563.0,9518.0,844.0,2754.0,18.0,3429.0,"Kahului, HI: Kahului Airport"
OGG,2026,3,2288.0,446.0,196.14,34.0,92.80000000000001,0.71,121.34,60.0,18.0,29999.0,10456.0,5681.0,3810.0,42.0,9813.0,"Kahului, HI: Kahului Airport"
OGG,2026,4,2156.0,435.0,188.39999999999998,2.33,128.48,1.5,112.30999999999999,10.0,1.0,18767.0,9118.0,151.0,3907.0,33.0,5200.0,"Kahului, HI: Kahului Airport"
OGG,2026,5,2178.0,303.0,144.07999999999998,4.41,53.2,1.18,100.14,11.0,0.0,14970.0,7227.0,495.0,1532.0,25.0,5691.0,"Kahului, HI: Kahului Airport"
OGG,2026,6,2204.0,305.0,121.3,1.67,77.16,2.9,101.96,2.0,2.0,14934.0,7609.0,103.0,2214.0,82.0,4926.0,"Kahului, HI: Kahului Airport"
OGG,2026,7,2326.0,379.0,144.42,6.25,95.44,0.42,132.47,11.0,3.0,19737.0,9754.0,294.0,2716.0,71.0,6902.0,"Kahului, HI: Kahului Airport"
OKC,2025,8,2178.0,526.0,197.89000000000001,41.510000000000005,89.07,1.0,196.52,26.0,8.0,35089.0,13410.0,3487.0,4359.0,94.0,13739.0,"Oklahoma City, OK: Okc Will Rogers International"
OKC,2025,9,2082.0,340.0,140.93,22.740000000000002,42.68,0.0,133.65,14.0,0.0,22835.0,8246.0,1896.0,2789.0,0.0,9904.0,"Oklahoma City, OK: Okc Will Rogers International"
OKC,2025,10,2239.0,445.0,201.19,21.39,79.7,0.09,142.63,10.0,3.0,28194.0,13353.0,2300.0,3709.0,7.0,8825.0,"Oklahoma City, OK: Okc Will Rogers International"
OKC,2025,11,2103.0,432.0,169.97,23.31,70.64999999999999,0.0,168.08,37.0,4.0,26318.0,8727.0,2759.0,3706.0,0.0,11126.0,"Oklahoma City, OK: Okc Will Rogers International"
OKC,2025,12,2127.0,543.0,213.34,34.11,74.47,1.58,219.49,17.0,7.0,40136.0,11972.0,6102.0,4501.0,121.0,17440.0,"Oklahoma City, OK: Okc Will Rogers International"
OKC,2026,1,1851.0,333.0,141.51,28.32,56.84,0.0,106.31,132.0,1.0,21608.0,7631.0,3794.0,2810.0,0.0,7373.0,"Oklahoma City, OK: Okc Will Rogers International"
OKC,2026,2,1782.0,307.0,142.29,18.099999999999998,42.410000000000004,0.0,104.22,14.0,1.0,19988.0,9172.0,2061.0,2074.0,0.0,6681.0,"Oklahoma City, OK: Okc Will Rogers International"
OKC,2026,3,2164.0,505.0,202.76,24.17,65.48,1.4,211.21,50.0,5.0,38359.0,13815.0,2425.0,5234.0,63.0,16822.0,"Oklahoma City, OK: Okc Will Rogers International"
OKC,2026,4,2122.0,441.0,183.66,28.25,73.92999999999999,1.0,154.12,30.0,18.0,25357.0,8617.0,2299.0,3494.0,15.0,10932.0,"Oklahoma City, OK: Okc Will Rogers International"
OKC,2026,5,2275.0,546.0,218.88,18.360000000000003,82.1,0.07,225.58,30.0,17.0,30924.0,11021.0,1892.0,4061.0,2.0,13825.0,"Oklahoma City, OK: Okc Will Rogers International"
OKC,2026,6,2310.0,636.0,193.86,38.41,96.42,0.64,306.65,35.0,6.0,42765.0,11478.0,4000.0,5006.0,20.0,22261.0,"Oklahoma City, OK: Okc Will Rogers International"
OKC,2026,7,2370.0,684.0,250.11,28.529999999999998,91.27,0.92,313.18,48.0,3.0,48569.0,17213.0,3333.0,5032.0,109.0,22882.0,"Oklahoma City, OK: Okc Will Rogers International"
OMA,2025,8,2252.0,536.0,199.09,29.84,80.42999999999999,0.62,226.0,14.0,0.0,36536.0,13544.0,2686.0,3308.0,51.0,16947.0,"Omaha, NE: Eppley Airfield"
OMA,2025,9,2081.0,358.0,140.87,17.419999999999998,61.93,1.03,136.75,6.0,0.0,21500.0,8392.0,1232.0,2702.0,95.0,9079.0,"Omaha, NE: Eppley Airfield"
OMA,2025,10,2293.0,457.0,180.62,11.49,92.31,1.42,171.15,6.0,0.0,22444.0,8640.0,772.0,3414.0,79.0,9539.0,"Omaha, NE: Eppley Airfield"
OMA,2025,11,2147.0,432.0,173.71,20.299999999999997,98.48,0.0,139.5,34.0,2.0,29256.0,12220.0,1989.0,5108.0,0.0,9939.0,"Omaha, NE: Eppley Airfield"
OMA,2025,12,2179.0,631.0,245.87,30.18,132.84,0.0,222.13,23.0,1.0,46183.0,21120.0,3233.0,6396.0,0.0,15434.0,"Omaha, NE: Eppley Airfield"
OMA,2026,1,2023.0,432.0,178.85,34.24,103.39,1.12,114.41000000000001,51.0,6.0,25455.0,11181.0,3079.0,4009.0,77.0,7109.0,"Omaha, NE: Eppley Airfield"
OMA,2026,2,1869.0,362.0,155.88,15.52,71.29,1.0,118.33,11.0,1.0,20644.0,9930.0,1289.0,2602.0,44.0,6779.0,"Omaha, NE: Eppley Airfield"
OMA,2026,3,2220.0,586.0,253.20000000000002,19.43,92.97,1.08,219.33,85.0,3.0,41402.0,17902.0,2637.0,4950.0,37.0,15876.0,"Omaha, NE: Eppley Airfield"
OMA,2026,4,2169.0,455.0,177.07000000000002,12.040000000000001,95.25999999999999,0.0,170.64000000000001,29.0,3.0,26281.0,10006.0,1192.0,4910.0,0.0,10173.0,"Omaha, NE: Eppley Airfield"
OMA,2026,5,2325.0,554.0,192.6,19.12,127.48,1.0,213.78,18.0,11.0,31775.0,10379.0,2159.0,5921.0,37.0,13279.0,"Omaha, NE: Eppley Airfield"
OMA,2026,6,2443.0,741.0,270.97,36.18,130.38,2.12,301.31,28.0,1.0,48940.0,17744.0,3087.0,5938.0,135.0,22036.0,"Omaha, NE: Eppley Airfield"
OMA,2026,7,2516.0,733.0,301.32,31.22,106.75,2.15,290.56,44.0,6.0,50507.0,18243.0,2838.0,5669.0,99.0,23436.0,"Omaha, NE: Eppley Airfield"
OME,2025,8,62.0,14.0,7.05,0.13,0.54,0.0,6.28,4.0,0.0,615.0,325.0,3.0,18.0,0.0,269.0,"Nome, AK: Nome Airport"
OME,2025,9,61.0,6.0,1.26,0.0,1.0,0.0,3.74,0.0,0.0,179.0,70.0,0.0,17.0,0.0,92.0,"Nome, AK: Nome Airport"
OME,2025,10,62.0,9.0,4.7,0.0,1.08,0.0,3.22,1.0,0.0,610.0,407.0,0.0,33.0,0.0,170.0,"Nome, AK: Nome Airport"
OME,2025,11,57.0,11.0,4.79,0.21,1.0,0.0,5.0,2.0,0.0,433.0,217.0,15.0,67.0,0.0,134.0,"Nome, AK: Nome Airport"
OME,2025,12,58.0,10.0,2.38,0.0,1.32,0.0,6.29,6.0,0.0,465.0,135.0,0.0,42.0,0.0,288.0,"Nome, AK: Nome Airport"
OME,2026,1,60.0,18.0,2.67,3.7700000000000005,7.96,0.0,3.6,7.0,0.0,1320.0,112.0,458.0,284.0,0.0,466.0,"Nome, AK: Nome Airport"
OME,2026,2,56.0,8.0,0.0,2.5,2.98,0.0,2.52,3.0,0.0,581.0,0.0,72.0,95.0,0.0,414.0,"Nome, AK: Nome Airport"
OME,2026,3,62.0,6.0,1.18,0.0,1.0,0.0,3.83,1.0,0.0,192.0,25.0,0.0,28.0,0.0,139.0,"Nome, AK: Nome Airport"
OME,2026,4,60.0,7.0,2.38,1.9300000000000002,0.44,0.0,2.24,2.0,0.0,391.0,80.0,213.0,7.0,0.0,91.0,"Nome, AK: Nome Airport"
OME,2026,5,62.0,4.0,2.0,0.94,0.06,0.0,1.0,2.0,0.0,173.0,88.0,34.0,2.0,0.0,49.0,"Nome, AK: Nome Airport"
OME,2026,6,60.0,5.0,1.41,1.0,0.0,0.0,2.59,1.0,1.0,243.0,66.0,88.0,0.0,0.0,89.0,"Nome, AK: Nome Airport"
OME,2026,7,61.0,10.0,3.55,0.0,1.21,0.0,5.24,1.0,0.0,388.0,192.0,0.0,32.0,0.0,164.0,"Nome, AK: Nome Airport"
ONT,2025,8,2359.0,523.0,185.51999999999998,12.83,57.15,0.49,266.99,19.0,0.0,33595.0,11580.0,1189.0,2037.0,11.0,18778.0,"Ontario, CA: Ontario International"
ONT,2025,9,2205.0,410.0,144.39999999999998,6.27,70.22,1.98,187.14999999999998,7.0,1.0,22901.0,7919.0,551.0,2724.0,78.0,11629.0,"Ontario, CA: Ontario International"
ONT,2025,10,2320.0,543.0,175.08,5.3,105.88,0.82,255.93,8.0,3.0,27211.0,8331.0,478.0,3400.0,31.0,14971.0,"Ontario, CA: Ontario International"
ONT,2025,11,2214.0,440.0,152.41,6.67,76.19,0.65,203.06,47.0,3.0,25233.0,7922.0,589.0,3462.0,17.0,13113.0,"Ontario, CA: Ontario International"
ONT,2025,12,2163.0,535.0,201.58,7.15,82.64,0.8300000000000001,242.81,14.0,2.0,27622.0,9555.0,835.0,3107.0,39.0,14086.0,"Ontario, CA: Ontario International"
ONT,2026,1,1944.0,317.0,133.37,5.109999999999999,36.53,0.0,141.99,34.0,2.0,19702.0,8142.0,871.0,1403.0,0.0,9286.0,"Ontario, CA: Ontario International"
ONT,2026,2,1789.0,294.0,110.44999999999999,2.96,51.66,0.88,128.06,6.0,1.0,15361.0,5531.0,331.0,1752.0,21.0,7726.0,"Ontario, CA: Ontario International"
ONT,2026,3,2156.0,375.0,147.19,12.7,25.46,1.44,188.20999999999998,18.0,0.0,22857.0,8478.0,1245.0,1409.0,36.0,11689.0,"Ontario, CA: Ontario International"
ONT,2026,4,2203.0,450.0,166.78,7.0600000000000005,70.93,0.31,203.92000000000002,3.0,0.0,23280.0,8864.0,468.0,2412.0,41.0,11294.0,"Ontario, CA: Ontario International"
ONT,2026,5,2401.0,532.0,202.71,13.33,68.05,1.0,246.91000000000003,18.0,2.0,27131.0,10190.0,899.0,2589.0,61.0,13392.0,"Ontario, CA: Ontario International"
ONT,2026,6,2383.0,698.0,256.2,16.77,83.81,1.93,339.26,23.0,1.0,38320.0,12698.0,1284.0,3690.0,163.0,20485.0,"Ontario, CA: Ontario International"
ONT,2026,7,2459.0,679.0,242.66,17.28,87.51,0.74,330.81,19.0,0.0,40683.0,14829.0,1283.0,3486.0,69.0,21016.0,"Ontario, CA: Ontario International"
ORD,2025,8,32066.0,8227.0,2357.73,395.0,3007.56,7.390000000000001,2459.33,832.0,211.0,708937.0,207743.0,62254.0,185543.0,332.0,253065.0,"Chicago, IL: Chicago O'Hare International"
ORD,2025,9,30911.0,6267.0,1843.59,243.2,2377.13,7.01,1796.06,123.0,67.0,448382.0,143335.0,30657.0,106397.0,423.0,167570.0,"Chicago, IL: Chicago O'Hare International"
ORD,2025,10,33197.0,8542.0,2257.87,147.6,3798.24,6.67,2331.66,103.0,32.0,570238.0,194125.0,13000.0,160608.0,501.0,202004.0,"Chicago, IL: Chicago O'Hare International"
ORD,2025,11,30671.0,8036.0,1686.3500000000001,202.22000000000003,4013.6,6.25,2127.58,1750.0,49.0,753544.0,153858.0,40917.0,324444.0,280.0,234045.0,"Chicago, IL: Chicago O'Hare International"
ORD,2025,12,29862.0,9964.0,2586.29,375.03,3426.8199999999997,7.97,3567.87,830.0,59.0,993310.0,278996.0,61795.0,242739.0,318.0,409462.0,"Chicago, IL: Chicago O'Hare International"
ORD,2026,1,27205.0,7655.0,2097.11,353.85,2828.13,4.05,2371.87,1084.0,120.0,675474.0,203832.0,51188.0,160966.0,262.0,259226.0,"Chicago, IL: Chicago O'Hare International"
ORD,2026,2,27509.0,6050.0,1765.26,158.59,2093.86,4.949999999999999,2027.37,335.0,29.0,454271.0,167501.0,22476.0,80991.0,847.0,182456.0,"Chicago, IL: Chicago O'Hare International"
ORD,2026,3,33593.0,9971.0,2435.43,409.3,4077.7000000000003,24.13,3024.46,1961.0,333.0,1046992.0,263417.0,79756.0,368996.0,1539.0,333284.0,"Chicago, IL: Chicago O'Hare International"
ORD,2026,4,35550.0,9081.0,2099.04,423.63,3709.41,5.74,2843.2,1336.0,281.0,881404.0,203887.0,84289.0,303082.0,216.0,289930.0,"Chicago, IL: Chicago O'Hare International"
ORD,2026,5,36651.0,7905.0,2183.0,287.69,2830.83,6.77,2596.7,410.0,137.0,661547.0,184803.0,40534.0,179100.0,384.0,256726.0,"Chicago, IL: Chicago O'Hare International"
ORD,2026,6,33913.0,8344.0,2073.78,490.18,3295.37,8.2,2475.49,1154.0,185.0,825676.0,199615.0,79937.0,300295.0,281.0,245456.0,"Chicago, IL: Chicago O'Hare International"
ORD,2026,7,35303.0,8621.0,2536.52,432.85,2989.55,4.81,2656.29,1566.0,272.0,900150.0,257266.0,83597.0,268172.0,195.0,290680.0,"Chicago, IL: Chicago O'Hare International"
ORF,2025,8,2260.0,522.0,180.67,17.06,98.2,2.9699999999999998,223.12,23.0,1.0,33593.0,11234.0,1463.0,4229.0,164.0,16503.0,"Norfolk, VA: Norfolk International"
ORF,2025,9,2097.0,344.0,121.26,10.58,91.92,1.0,119.2,10.0,7.0,19231.0,6478.0,946.0,3414.0,67.0,8326.0,"Norfolk, VA: Norfolk International"
ORF,2025,10,2218.0,467.0,155.96,1.48,127.25,0.56,181.76,12.0,2.0,26938.0,9434.0,52.0,5109.0,14.0,12329.0,"Norfolk, VA: Norfolk International"
ORF,2025,11,2009.0,440.0,141.59,5.4399999999999995,107.73,1.35,183.92000000000002,76.0,3.0,29907.0,9369.0,768.0,5065.0,69.0,14636.0,"Norfolk, VA: Norfolk International"
ORF,2025,12,1996.0,650.0,205.1,17.24,158.23,1.4,268.04,43.0,2.0,42881.0,13364.0,1629.0,7225.0,40.0,20623.0,"Norfolk, VA: Norfolk International"
ORF,2026,1,1780.0,388.0,144.73,11.7,79.49,1.17,150.9,150.0,0.0,25638.0,8431.0,1903.0,3608.0,155.0,11541.0,"Norfolk, VA: Norfolk International"
ORF,2026,2,1702.0,358.0,134.22,10.36,82.99,0.0,130.4,59.0,13.0,24041.0,9000.0,685.0,3415.0,0.0,10941.0,"Norfolk, VA: Norfolk International"
ORF,2026,3,2028.0,563.0,189.23,25.72,109.1,0.0,238.92000000000002,88.0,4.0,37960.0,11484.0,2827.0,5198.0,0.0,18451.0,"Norfolk, VA: Norfolk International"
ORF,2026,4,2082.0,429.0,144.82999999999998,7.72,104.91,2.0,169.58,20.0,3.0,27974.0,9478.0,468.0,5052.0,60.0,12916.0,"Norfolk, VA: Norfolk International"
ORF,2026,5,2193.0,491.0,186.66,16.15,117.69,1.52,169.0,23.0,2.0,29476.0,11710.0,1517.0,5063.0,178.0,11008.0,"Norfolk, VA: Norfolk International"
ORF,2026,6,2279.0,590.0,192.94,18.34,119.69,0.42,257.63,69.0,8.0,40688.0,11491.0,3584.0,5323.0,27.0,20028.0,"Norfolk, VA: Norfolk International"
ORF,2026,7,2374.0,820.0,277.01,40.53,182.7,0.99,318.76,114.0,1.0,63208.0,18071.0,7547.0,11054.0,88.0,26448.0,"Norfolk, VA: Norfolk International"
ORH,2025,8,119.0,16.0,8.46,0.0,4.93,0.0,2.62,0.0,0.0,1023.0,749.0,0.0,167.0,0.0,107.0,"Worcester, MA: Worcester Regional"
ORH,2025,9,88.0,13.0,4.51,1.26,2.9400000000000004,0.0,4.29,0.0,2.0,764.0,286.0,163.0,106.0,0.0,209.0,"Worcester, MA: Worcester Regional"
ORH,2025,10,112.0,20.0,8.21,1.0,5.3100000000000005,0.0,5.46,2.0,0.0,1266.0,462.0,56.0,202.0,0.0,546.0,"Worcester, MA: Worcester Regional"
ORH,2025,11,116.0,18.0,3.4099999999999997,1.0,5.73,0.0,7.87,1.0,0.0,1224.0,132.0,33.0,320.0,0.0,739.0,"Worcester, MA: Worcester Regional"
ORH,2025,12,112.0,19.0,3.99,0.36000000000000004,3.69,0.0,10.96,3.0,2.0,2980.0,614.0,54.0,183.0,0.0,2129.0,"Worcester, MA: Worcester Regional"
ORH,2026,1,117.0,20.0,3.83,0.0,5.68,0.0,10.489999999999998,8.0,1.0,1763.0,499.0,0.0,249.0,0.0,1015.0,"Worcester, MA: Worcester Regional"
ORH,2026,2,121.0,21.0,7.81,0.0,5.51,0.0,7.68,7.0,1.0,1425.0,580.0,0.0,210.0,0.0,635.0,"Worcester, MA: Worcester Regional"
ORH,2026,3,151.0,41.0,9.299999999999999,2.02,12.83,0.0,16.86,6.0,0.0,2600.0,486.0,204.0,444.0,0.0,1466.0,"Worcester, MA: Worcester Regional"
ORH,2026,4,166.0,29.0,10.18,0.0,8.93,0.0,9.879999999999999,1.0,0.0,1874.0,809.0,0.0,445.0,0.0,620.0,"Worcester, MA: Worcester Regional"
ORH,2026,5,119.0,22.0,7.66,0.0,4.57,0.0,9.77,0.0,0.0,1463.0,342.0,0.0,165.0,0.0,956.0,"Worcester, MA: Worcester Regional"
ORH,2026,6,116.0,17.0,4.2,0.0,4.23,0.0,8.57,1.0,0.0,957.0,185.0,0.0,157.0,0.0,615.0,"Worcester, MA: Worcester Regional"
ORH,2026,7,120.0,38.0,16.83,1.45,9.239999999999998,0.0,10.48,8.0,1.0,2803.0,1179.0,107.0,484.0,0.0,1033.0,"Worcester, MA: Worcester Regional"
OTH,2025,8,62.0,10.0,5.6,0.0,1.58,0.0,2.82,0.0,0.0,315.0,157.0,0.0,37.0,0.0,121.0,"North Bend/Coos Bay, OR: Southwest Oregon Regional"
OTH,2025,9,60.0,6.0,2.48,0.0,2.52,0.0,1.0,0.0,0.0,195.0,87.0,0.0,75.0,0.0,33.0,"North Bend/Coos Bay, OR: Southwest Oregon Regional"
OTH,2025,10,56.0,15.0,7.2,0.0,3.15,0.0,4.65,0.0,2.0,674.0,254.0,0.0,143.0,0.0,277.0,"North Bend/Coos Bay, OR: Southwest Oregon Regional"
OTH,2025,11,30.0,3.0,2.0,0.0,1.0,0.0,0.0,0.0,2.0,118.0,67.0,0.0,51.0,0.0,0.0,"North Bend/Coos Bay, OR: Southwest Oregon Regional"
OTH,2025,12,20.0,4.0,1.55,0.0,0.52,0.0,1.93,0.0,0.0,333.0,89.0,0.0,16.0,0.0,228.0,"North Bend/Coos Bay, OR: Southwest Oregon Regional"
OTH,2026,1,17.0,3.0,0.0,1.0,0.06,0.0,1.94,0.0,0.0,414.0,0.0,54.0,1.0,0.0,359.0,"North Bend/Coos Bay, OR: Southwest Oregon Regional"
OTH,2026,2,16.0,5.0,2.0,0.0,1.0,0.0,2.0,0.0,0.0,526.0,308.0,0.0,115.0,0.0,103.0,"North Bend/Coos Bay, OR: Southwest Oregon Regional"
OTH,2026,3,19.0,4.0,1.0,0.0,2.06,0.0,0.94,0.0,1.0,92.0,26.0,0.0,46.0,0.0,20.0,"North Bend/Coos Bay, OR: Southwest Oregon Regional"
OTH,2026,4,30.0,12.0,2.5,1.0,3.5,0.0,5.0,2.0,1.0,431.0,110.0,34.0,125.0,0.0,162.0,"North Bend/Coos Bay, OR: Southwest Oregon Regional"
OTH,2026,5,42.0,11.0,5.68,0.0,3.6,0.0,1.73,0.0,0.0,627.0,224.0,0.0,348.0,0.0,55.0,"North Bend/Coos Bay, OR: Southwest Oregon Regional"
OTH,2026,6,60.0,30.0,12.64,0.0,15.57,0.0,1.79,0.0,1.0,1299.0,480.0,0.0,757.0,0.0,62.0,"North Bend/Coos Bay, OR: Southwest Oregon Regional"
OTH,2026,7,62.0,25.0,8.05,0.0,8.26,0.0,8.68,0.0,0.0,1554.0,519.0,0.0,507.0,0.0,528.0,"North Bend/Coos Bay, OR: Southwest Oregon Regional"
OTZ,2025,8,62.0,9.0,3.0,0.0,0.18,0.0,5.82,5.0,1.0,468.0,91.0,0.0,5.0,0.0,372.0,"Kotzebue, AK: Ralph Wien Memorial"
OTZ,2025,9,60.0,9.0,6.0,0.0,0.14,0.0,2.86,1.0,0.0,413.0,245.0,0.0,4.0,0.0,164.0,"Kotzebue, AK: Ralph Wien Memorial"
OTZ,2025,10,61.0,8.0,4.12,0.05,0.09,0.0,3.74,6.0,0.0,379.0,270.0,1.0,2.0,0.0,106.0,"Kotzebue, AK: Ralph Wien Memorial"
OTZ,2025,11,58.0,6.0,1.46,3.82,0.18,0.0,0.54,1.0,0.0,391.0,140.0,172.0,15.0,0.0,64.0,"Kotzebue, AK: Ralph Wien Memorial"
OTZ,2025,12,55.0,13.0,4.98,1.46,1.06,0.0,5.49,3.0,1.0,730.0,408.0,57.0,57.0,0.0,208.0,"Kotzebue, AK: Ralph Wien Memorial"
OTZ,2026,1,60.0,19.0,6.57,2.7,3.98,0.0,5.74,2.0,0.0,1416.0,463.0,294.0,196.0,0.0,463.0,"Kotzebue, AK: Ralph Wien Memorial"
OTZ,2026,2,56.0,13.0,5.8,1.99,4.21,0.0,1.0,9.0,0.0,774.0,277.0,249.0,126.0,0.0,122.0,"Kotzebue, AK: Ralph Wien Memorial"
OTZ,2026,3,62.0,6.0,4.0,0.0,0.38,0.0,1.62,2.0,0.0,228.0,159.0,0.0,8.0,0.0,61.0,"Kotzebue, AK: Ralph Wien Memorial"
OTZ,2026,4,60.0,7.0,0.98,2.0,0.02,0.0,4.0,1.0,0.0,579.0,99.0,370.0,2.0,0.0,108.0,"Kotzebue, AK: Ralph Wien Memorial"
OTZ,2026,5,62.0,7.0,3.84,0.0,1.16,0.0,2.0,5.0,0.0,291.0,173.0,0.0,22.0,0.0,96.0,"Kotzebue, AK: Ralph Wien Memorial"
OTZ,2026,6,60.0,4.0,0.68,2.67,0.65,0.0,0.0,7.0,0.0,254.0,13.0,214.0,27.0,0.0,0.0,"Kotzebue, AK: Ralph Wien Memorial"
OTZ,2026,7,60.0,7.0,4.55,0.0,1.87,0.0,0.58,3.0,0.0,164.0,106.0,0.0,39.0,0.0,19.0,"Kotzebue, AK: Ralph Wien Memorial"
PAE,2025,8,294.0,58.0,13.18,1.0,9.370000000000001,0.0,34.44,4.0,0.0,3947.0,1188.0,74.0,312.0,0.0,2373.0,"Everett, WA: Seattle Paine Field International"
PAE,2025,9,273.0,73.0,11.18,0.0,18.91,0.0,42.910000000000004,4.0,4.0,4410.0,991.0,0.0,625.0,0.0,2794.0,"Everett, WA: Seattle Paine Field International"
PAE,2025,10,291.0,74.0,9.73,0.02,15.6,0.0,48.65,8.0,0.0,4275.0,587.0,2.0,526.0,0.0,3160.0,"Everett, WA: Seattle Paine Field International"
PAE,2025,11,314.0,81.0,7.6,0.0,11.89,0.0,61.5,9.0,4.0,4564.0,686.0,0.0,357.0,0.0,3521.0,"Everett, WA: Seattle Paine Field International"
PAE,2025,12,300.0,75.0,11.39,0.66,16.45,0.0,46.51,6.0,1.0,5641.0,1194.0,71.0,620.0,0.0,3756.0,"Everett, WA: Seattle Paine Field International"
PAE,2026,1,286.0,44.0,3.16,2.31,8.09,0.0,30.439999999999998,9.0,6.0,3049.0,422.0,177.0,292.0,0.0,2158.0,"Everett, WA: Seattle Paine Field International"
PAE,2026,2,279.0,39.0,8.65,0.03,5.74,0.0,24.58,4.0,0.0,1991.0,506.0,1.0,176.0,0.0,1308.0,"Everett, WA: Seattle Paine Field International"
PAE,2026,3,332.0,57.0,8.09,1.56,12.77,0.0,34.58,7.0,2.0,3285.0,389.0,208.0,429.0,0.0,2259.0,"Everett, WA: Seattle Paine Field International"
PAE,2026,4,308.0,60.0,8.95,0.0,9.440000000000001,0.0,41.6,1.0,1.0,3591.0,570.0,0.0,325.0,0.0,2696.0,"Everett, WA: Seattle Paine Field International"
PAE,2026,5,237.0,56.0,4.8,0.0,6.859999999999999,0.0,44.35,3.0,0.0,3228.0,350.0,0.0,317.0,0.0,2561.0,"Everett, WA: Seattle Paine Field International"
PAE,2026,6,230.0,55.0,8.94,0.0,11.17,0.0,34.879999999999995,0.0,0.0,3295.0,830.0,0.0,400.0,0.0,2065.0,"Everett, WA: Seattle Paine Field International"
PAE,2026,7,274.0,64.0,12.83,0.0,5.07,0.0,46.1,5.0,7.0,3432.0,794.0,0.0,203.0,0.0,2435.0,"Everett, WA: Seattle Paine Field International"
PAH,2026,2,10.0,1.0,0.0,0.0,0.0,0.0,1.0,0.0,0.0,68.0,0.0,0.0,0.0,0.0,68.0,"Paducah, KY: Barkley Regional"
PAH,2026,3,63.0,27.0,10.53,0.85,5.31,0.0,10.31,1.0,0.0,5668.0,1790.0,248.0,503.0,0.0,3127.0,"Paducah, KY: Barkley Regional"
PAH,2026,4,52.0,15.0,7.9,2.0,1.36,0.0,3.74,0.0,0.0,1835.0,1188.0,230.0,73.0,0.0,344.0,"Paducah, KY: Barkley Regional"
PAH,2026,5,56.0,13.0,7.23,1.94,0.83,0.0,3.0,0.0,0.0,1651.0,375.0,173.0,31.0,0.0,1072.0,"Paducah, KY: Barkley Regional"
PAH,2026,6,60.0,18.0,5.42,3.69,2.06,0.0,6.82,0.0,0.0,1327.0,247.0,287.0,128.0,0.0,665.0,"Paducah, KY: Barkley Regional"
PAH,2026,7,62.0,17.0,9.88,1.96,2.19,0.0,2.97,0.0,0.0,1765.0,403.0,356.0,203.0,0.0,803.0,"Paducah, KY: Barkley Regional"
PBG,2025,8,34.0,6.0,3.24,0.0,1.82,0.0,0.94,0.0,0.0,306.0,144.0,0.0,84.0,0.0,78.0,"Plattsburgh, NY: Plattsburgh International"
PBG,2025,9,9.0,1.0,1.0,0.0,0.0,0.0,0.0,0.0,0.0,38.0,38.0,0.0,0.0,0.0,0.0,"Plattsburgh, NY: Plattsburgh International"
PBG,2025,10,27.0,3.0,0.0,0.0,3.0,0.0,0.0,0.0,0.0,87.0,0.0,0.0,87.0,0.0,0.0,"Plattsburgh, NY: Plattsburgh International"
PBG,2025,11,27.0,3.0,1.77,0.0,0.23,0.0,1.0,0.0,1.0,125.0,43.0,0.0,7.0,0.0,75.0,"Plattsburgh, NY: Plattsburgh International"
PBG,2025,12,51.0,15.0,3.27,1.58,7.62,0.18,2.35,2.0,0.0,704.0,104.0,113.0,324.0,16.0,147.0,"Plattsburgh, NY: Plattsburgh International"
PBG,2026,1,39.0,10.0,3.63,0.0,4.93,0.0,1.44,1.0,0.0,480.0,149.0,0.0,192.0,0.0,139.0,"Plattsburgh, NY: Plattsburgh International"
PBG,2026,2,44.0,12.0,2.25,2.29,3.22,0.0,4.24,0.0,0.0,614.0,63.0,75.0,205.0,0.0,271.0,"Plattsburgh, NY: Plattsburgh International"
PBG,2026,3,44.0,22.0,3.3,1.86,8.88,0.0,7.96,0.0,0.0,1475.0,110.0,227.0,433.0,0.0,705.0,"Plattsburgh, NY: Plattsburgh International"
PBG,2026,4,42.0,11.0,2.04,0.69,3.98,0.0,4.29,0.0,0.0,510.0,92.0,13.0,156.0,0.0,249.0,"Plattsburgh, NY: Plattsburgh International"
PBG,2026,5,29.0,11.0,4.63,0.0,1.45,0.0,4.91,0.0,0.0,625.0,250.0,0.0,57.0,0.0,318.0,"Plattsburgh, NY: Plattsburgh International"
PBG,2026,6,25.0,5.0,0.34,2.37,1.69,0.0,0.59,0.0,0.0,257.0,15.0,125.0,94.0,0.0,23.0,"Plattsburgh, NY: Plattsburgh International"
PBG,2026,7,34.0,15.0,1.72,4.16,5.86,0.0,3.25,0.0,0.0,967.0,69.0,396.0,218.0,0.0,284.0,"Plattsburgh, NY: Plattsburgh International"
PBI,2025,8,2025.0,543.0,173.62,14.46,140.9,2.06,211.99,20.0,9.0,39815.0,11920.0,1763.0,6358.0,216.0,19558.0,
PBI,2025,9,1816.0,348.0,122.66,2.62,132.56,1.02,89.15,7.0,4.0,21147.0,7962.0,199.0,5935.0,49.0,7002.0,
PBI,2025,10,2272.0,541.0,160.92,4.79,207.11999999999998,0.0,168.15,19.0,15.0,32738.0,10054.0,915.0,8995.0,0.0,12774.0,
PBI,2025,11,2794.0,686.0,180.11,4.58,308.03000000000003,1.65,191.6,57.0,10.0,46972.0,11260.0,486.0,19143.0,92.0,15991.0,
PBI,2025,12,3191.0,1097.0,317.43,22.509999999999998,418.33,2.66,336.06,57.0,4.0,76115.0,19476.0,3395.0,23388.0,135.0,29721.0,
PBI,2026,1,3109.0,865.0,255.78,21.09,323.88,0.0,264.24,173.0,4.0,57961.0,18255.0,3375.0,14420.0,0.0,21911.0,
PBI,2026,2,2970.0,768.0,220.93,19.3,279.86,1.23,246.68,139.0,7.0,46408.0,14132.0,1471.0,11271.0,45.0,19489.0,
PBI,2026,3,3380.0,898.0,236.84,11.16,315.12,3.9,330.98,110.0,4.0,64645.0,16023.0,1104.0,18808.0,216.0,28494.0,
PBI,2026,4,3068.0,715.0,184.1,4.83,283.53,0.0,242.57,18.0,12.0,46412.0,11871.0,191.0,13678.0,0.0,20672.0,
PBI,2026,5,2539.0,480.0,163.97,5.96,139.89,2.09,168.09,20.0,4.0,29059.0,10012.0,1061.0,5796.0,179.0,12011.0,
PBI,2026,6,2155.0,436.0,154.7,14.34,105.96,1.0,159.97,36.0,15.0,32057.0,11463.0,1309.0,5377.0,24.0,13884.0,
PBI,2026,7,2102.0,625.0,191.12,27.849999999999998,187.42,1.78,215.83,116.0,10.0,51544.0,14109.0,5537.0,12886.0,210.0,18624.0,
PDX,2025,8,7091.0,1235.0,441.95,47.47,194.75,4.720000000000001,546.09,38.0,7.0,72648.0,27472.0,4054.0,7449.0,211.0,33462.0,"Portland, OR: Portland International"
PDX,2025,9,6472.0,844.0,275.86,20.07,163.32,3.3600000000000003,381.40999999999997,13.0,7.0,44203.0,14781.0,933.0,6232.0,179.0,22078.0,"Portland, OR: Portland International"
PDX,2025,10,6567.0,1183.0,423.1,18.28,293.49,2.0,446.13,47.0,3.0,69618.0,29345.0,1258.0,10061.0,51.0,28903.0,"Portland, OR: Portland International"
PDX,2025,11,6039.0,987.0,311.82,31.74,248.5,2.17,392.77,116.0,1.0,54702.0,19006.0,2298.0,8523.0,129.0,24746.0,"Portland, OR: Portland International"
PDX,2025,12,6189.0,1477.0,452.64,42.22,378.38,1.6800000000000002,602.0699999999999,56.0,8.0,80102.0,24992.0,4032.0,13447.0,103.0,37528.0,"Portland, OR: Portland International"
PDX,2026,1,5387.0,832.0,301.68,36.28,153.89000000000001,1.44,338.72,95.0,4.0,52590.0,20073.0,3147.0,6813.0,31.0,22526.0,"Portland, OR: Portland International"
PDX,2026,2,4908.0,685.0,252.43,22.98,165.76,2.65,241.15,34.0,4.0,42992.0,18131.0,2218.0,5958.0,53.0,16632.0,"Portland, OR: Portland International"
PDX,2026,3,6087.0,1073.0,361.51,43.2,281.07,5.73,381.48,64.0,9.0,66676.0,23994.0,4026.0,11188.0,251.0,27217.0,"Portland, OR: Portland International"
PDX,2026,4,6130.0,834.0,304.3,18.13,142.15,2.0,367.43,33.0,4.0,50387.0,19164.0,1400.0,5306.0,61.0,24456.0,"Portland, OR: Portland International"
PDX,2026,5,6609.0,1098.0,366.93,37.32,217.54999999999998,2.62,473.58,33.0,5.0,62860.0,23341.0,3272.0,7674.0,58.0,28515.0,"Portland, OR: Portland International"
PDX,2026,6,7122.0,1570.0,506.7,35.1,337.12,4.36,686.7199999999999,48.0,5.0,94749.0,32894.0,3028.0,14103.0,188.0,44536.0,"Portland, OR: Portland International"
PDX,2026,7,7553.0,1585.0,497.65,54.730000000000004,234.22,5.65,792.75,78.0,4.0,99725.0,30528.0,5501.0,11546.0,179.0,51971.0,"Portland, OR: Portland International"
PGD,2025,8,407.0,91.0,17.53,12.31,26.88,0.0,34.29,0.0,0.0,7628.0,2516.0,1242.0,1259.0,0.0,2611.0,"Punta Gorda, FL: Punta Gorda Airport"
PGD,2025,9,297.0,42.0,15.72,6.07,9.91,0.0,10.29,0.0,0.0,1885.0,636.0,349.0,383.0,0.0,517.0,"Punta Gorda, FL: Punta Gorda Airport"
PGD,2025,10,578.0,84.0,14.65,5.2,24.45,0.0,39.71,0.0,5.0,4294.0,1197.0,230.0,820.0,0.0,2047.0,"Punta Gorda, FL: Punta Gorda Airport"
PGD,2025,11,605.0,127.0,24.12,6.62,64.37,1.02,30.87,4.0,0.0,8254.0,2164.0,950.0,3238.0,83.0,1819.0,"Punta Gorda, FL: Punta Gorda Airport"
PGD,2025,12,818.0,263.0,40.04,21.58,89.26,1.2,110.92,5.0,8.0,18030.0,3513.0,1607.0,4996.0,126.0,7788.0,"Punta Gorda, FL: Punta Gorda Airport"
PGD,2026,1,685.0,192.0,33.92,14.33,72.23,0.43,71.1,13.0,1.0,16298.0,3876.0,2969.0,3621.0,12.0,5820.0,"Punta Gorda, FL: Punta Gorda Airport"
PGD,2026,2,710.0,126.0,19.99,12.97,42.18,0.0,50.85,6.0,0.0,8449.0,920.0,2225.0,2155.0,0.0,3149.0,"Punta Gorda, FL: Punta Gorda Airport"
PGD,2026,3,942.0,286.0,48.99,33.84,101.74,0.87,100.56,22.0,4.0,35307.0,8120.0,6364.0,10906.0,46.0,9871.0,"Punta Gorda, FL: Punta Gorda Airport"
PGD,2026,4,667.0,130.0,18.82,6.97,45.34,0.0,58.87,1.0,0.0,7709.0,1830.0,456.0,1950.0,0.0,3473.0,"Punta Gorda, FL: Punta Gorda Airport"
PGD,2026,5,550.0,120.0,33.89,10.79,24.91,2.11,48.3,1.0,2.0,9236.0,2760.0,640.0,1210.0,134.0,4492.0,"Punta Gorda, FL: Punta Gorda Airport"
PGD,2026,6,554.0,158.0,30.11,22.79,25.47,0.0,79.64,2.0,3.0,20143.0,7111.0,2829.0,1884.0,0.0,8319.0,"Punta Gorda, FL: Punta Gorda Airport"
PGD,2026,7,566.0,118.0,19.78,10.3,27.34,0.62,59.97,2.0,2.0,9196.0,2572.0,777.0,1033.0,16.0,4798.0,"Punta Gorda, FL: Punta Gorda Airport"
PGV,2025,8,92.0,11.0,2.17,0.0,2.41,0.0,6.43,0.0,1.0,393.0,62.0,0.0,49.0,0.0,282.0,"Greenville, NC: Pitt Greenville"
PGV,2025,9,90.0,6.0,3.27,0.49,0.53,0.0,1.72,0.0,0.0,303.0,132.0,38.0,24.0,0.0,109.0,"Greenville, NC: Pitt Greenville"
PGV,2025,10,93.0,11.0,4.8,0.0,0.18,0.0,6.03,0.0,0.0,476.0,272.0,0.0,7.0,0.0,197.0,"Greenville, NC: Pitt Greenville"
PGV,2025,11,86.0,5.0,2.58,0.0,0.0,0.0,2.42,3.0,1.0,238.0,110.0,0.0,0.0,0.0,128.0,"Greenville, NC: Pitt Greenville"
PGV,2025,12,89.0,9.0,2.94,1.22,0.96,0.0,3.88,2.0,1.0,1180.0,304.0,580.0,47.0,0.0,249.0,"Greenville, NC: Pitt Greenville"
PGV,2026,1,93.0,11.0,4.16,1.22,1.09,0.0,4.53,8.0,0.0,756.0,423.0,45.0,33.0,0.0,255.0,"Greenville, NC: Pitt Greenville"
PGV,2026,2,84.0,11.0,2.58,0.37,2.34,0.0,5.71,6.0,1.0,511.0,127.0,13.0,82.0,0.0,289.0,"Greenville, NC: Pitt Greenville"
PGV,2026,3,93.0,19.0,5.76,2.94,2.61,0.0,7.69,1.0,0.0,1446.0,356.0,197.0,141.0,0.0,752.0,"Greenville, NC: Pitt Greenville"
PGV,2026,4,90.0,13.0,2.38,0.0,7.87,0.0,2.75,0.0,0.0,439.0,70.0,0.0,188.0,0.0,181.0,"Greenville, NC: Pitt Greenville"
PGV,2026,5,91.0,15.0,2.12,0.11,3.73,0.0,9.04,0.0,0.0,1325.0,168.0,16.0,115.0,0.0,1026.0,"Greenville, NC: Pitt Greenville"
PGV,2026,6,86.0,8.0,0.0,0.0,4.88,0.0,3.12,3.0,2.0,465.0,0.0,0.0,237.0,0.0,228.0,"Greenville, NC: Pitt Greenville"
PGV,2026,7,88.0,27.0,3.97,0.68,7.23,0.0,15.12,1.0,0.0,1843.0,279.0,37.0,235.0,0.0,1292.0,"Greenville, NC: Pitt Greenville"
PHF,2025,8,130.0,14.0,1.69,0.02,1.47,1.0,9.82,0.0,2.0,851.0,111.0,5.0,54.0,23.0,658.0,"Newport News/Williamsburg, VA: Newport News/Williamsburg International"
PHF,2025,9,120.0,8.0,2.0,0.69,1.51,0.0,3.8,0.0,1.0,462.0,70.0,49.0,98.0,0.0,245.0,"Newport News/Williamsburg, VA: Newport News/Williamsburg International"
PHF,2025,10,120.0,10.0,5.75,0.0,0.37,0.0,3.88,0.0,0.0,471.0,317.0,0.0,18.0,0.0,136.0,"Newport News/Williamsburg, VA: Newport News/Williamsburg International"
PHF,2025,11,115.0,7.0,3.21,1.08,1.68,0.0,1.03,8.0,0.0,342.0,207.0,31.0,69.0,0.0,35.0,"Newport News/Williamsburg, VA: Newport News/Williamsburg International"
PHF,2025,12,119.0,19.0,5.5,2.8,1.0,0.0,9.7,1.0,2.0,1126.0,228.0,269.0,29.0,0.0,600.0,"Newport News/Williamsburg, VA: Newport News/Williamsburg International"
PHF,2026,1,124.0,11.0,4.99,2.19,0.49,0.0,3.33,11.0,0.0,815.0,284.0,240.0,49.0,0.0,242.0,"Newport News/Williamsburg, VA: Newport News/Williamsburg International"
PHF,2026,2,112.0,20.0,4.39,4.63,2.93,0.0,8.06,4.0,0.0,1749.0,229.0,390.0,130.0,0.0,1000.0,"Newport News/Williamsburg, VA: Newport News/Williamsburg International"
PHF,2026,3,124.0,18.0,6.25,1.41,4.27,0.0,6.07,3.0,1.0,813.0,222.0,112.0,150.0,0.0,329.0,"Newport News/Williamsburg, VA: Newport News/Williamsburg International"
PHF,2026,4,120.0,11.0,5.82,0.0,2.26,1.0,1.91,0.0,0.0,363.0,170.0,0.0,46.0,55.0,92.0,"Newport News/Williamsburg, VA: Newport News/Williamsburg International"
PHF,2026,5,123.0,17.0,3.81,1.52,1.35,0.0,10.33,1.0,4.0,1447.0,146.0,65.0,87.0,0.0,1149.0,"Newport News/Williamsburg, VA: Newport News/Williamsburg International"
PHF,2026,6,120.0,18.0,3.62,3.06,1.93,0.0,9.39,0.0,0.0,1574.0,220.0,406.0,167.0,0.0,781.0,"Newport News/Williamsburg, VA: Newport News/Williamsburg International"
PHF,2026,7,121.0,28.0,6.82,0.72,5.45,0.0,15.01,1.0,0.0,2020.0,564.0,70.0,257.0,0.0,1129.0,"Newport News/Williamsburg, VA: Newport News/Williamsburg International"
PHL,2025,8,11704.0,2740.0,680.48,137.77,736.5,3.52,1181.73,149.0,22.0,237168.0,72989.0,13930.0,38342.0,112.0,111795.0,"Philadelphia, PA: Philadelphia International"
PHL,2025,9,10340.0,1757.0,510.56,79.71,510.39,3.65,652.6800000000001,46.0,6.0,143055.0,54696.0,6436.0,21098.0,117.0,60708.0,"Philadelphia, PA: Philadelphia International"
PHL,2025,10,11486.0,2430.0,608.16,48.54,679.98,3.42,1089.91,43.0,18.0,197673.0,60314.0,3583.0,27883.0,225.0,105668.0,"Philadelphia, PA: Philadelphia International"
PHL,2025,11,9514.0,1766.0,524.66,29.58,398.42,2.16,811.1899999999999,191.0,16.0,153410.0,52676.0,4161.0,18811.0,258.0,77504.0,"Philadelphia, PA: Philadelphia International"
PHL,2025,12,9617.0,2582.0,677.26,74.96000000000001,525.52,5.05,1299.22,210.0,11.0,239367.0,68631.0,11810.0,24622.0,373.0,133931.0,"Philadelphia, PA: Philadelphia International"
PHL,2026,1,9121.0,1908.0,562.65,84.92,445.18,2.44,812.8100000000001,661.0,8.0,188147.0,66722.0,15632.0,25245.0,385.0,80163.0,"Philadelphia, PA: Philadelphia International"
PHL,2026,2,8731.0,1688.0,538.01,49.56,387.83,1.72,710.89,538.0,8.0,141067.0,52743.0,5503.0,16182.0,115.0,66524.0,"Philadelphia, PA: Philadelphia International"
PHL,2026,3,10147.0,2479.0,725.52,84.21000000000001,542.21,5.71,1121.38,259.0,7.0,239934.0,78249.0,9784.0,30388.0,298.0,121215.0,"Philadelphia, PA: Philadelphia International"
PHL,2026,4,10956.0,1790.0,559.17,37.839999999999996,379.89,3.66,809.4399999999999,66.0,16.0,152410.0,60879.0,3649.0,14593.0,172.0,73117.0,"Philadelphia, PA: Philadelphia International"
PHL,2026,5,11577.0,1986.0,595.98,83.41,435.09,2.82,868.69,121.0,24.0,176180.0,66041.0,7649.0,20391.0,57.0,82042.0,"Philadelphia, PA: Philadelphia International"
PHL,2026,6,12005.0,2558.0,688.97,157.89,560.97,4.39,1145.82,320.0,16.0,251788.0,74984.0,19754.0,39686.0,416.0,116948.0,"Philadelphia, PA: Philadelphia International"
PHL,2026,7,12318.0,3610.0,867.23,196.78,1021.96,2.3,1521.76,717.0,43.0,377383.0,113004.0,25257.0,75333.0,213.0,163576.0,"Philadelphia, PA: Philadelphia International"
PHX,2025,8,14440.0,2649.0,941.0699999999999,81.85,410.21999999999997,8.14,1207.6799999999998,71.0,89.0,200946.0,79720.0,8497.0,18293.0,347.0,94089.0,"Phoenix, AZ: Phoenix Sky Harbor International"
PHX,2025,9,13862.0,2326.0,831.0,83.79,469.38,3.88,937.9100000000001,167.0,116.0,184015.0,71446.0,17756.0,22566.0,153.0,72094.0,"Phoenix, AZ: Phoenix Sky Harbor International"
PHX,2025,10,16639.0,3552.0,1082.0,95.03,894.59,8.9,1471.49,39.0,33.0,232703.0,83571.0,7734.0,40666.0,466.0,100266.0,"Phoenix, AZ: Phoenix Sky Harbor International"
PHX,2025,11,17005.0,3987.0,1016.47,103.39,1627.57,3.46,1236.14,378.0,15.0,305386.0,93353.0,10197.0,108104.0,178.0,93554.0,"Phoenix, AZ: Phoenix Sky Harbor International"
PHX,2025,12,17792.0,3740.0,1295.81,82.95,763.37,15.379999999999999,1582.48,103.0,9.0,264248.0,107586.0,9312.0,29330.0,794.0,117226.0,"Phoenix, AZ: Phoenix Sky Harbor International"
PHX,2026,1,16675.0,3017.0,1083.1,118.56,772.36,6.63,1036.33,411.0,14.0,249983.0,113302.0,17680.0,33456.0,295.0,85250.0,"Phoenix, AZ: Phoenix Sky Harbor International"
PHX,2026,2,15771.0,2589.0,990.12,65.1,578.4200000000001,14.63,940.72,130.0,6.0,175639.0,83124.0,8528.0,19653.0,667.0,63667.0,"Phoenix, AZ: Phoenix Sky Harbor International"
PHX,2026,3,19406.0,3389.0,1195.8600000000001,98.14,505.54999999999995,11.879999999999999,1576.56,201.0,26.0,265211.0,104879.0,13644.0,23269.0,712.0,122446.0,"Phoenix, AZ: Phoenix Sky Harbor International"
PHX,2026,4,17792.0,3243.0,1081.67,64.5,648.05,6.14,1442.64,64.0,4.0,220044.0,88813.0,7230.0,23396.0,195.0,100410.0,"Phoenix, AZ: Phoenix Sky Harbor International"
PHX,2026,5,17418.0,3461.0,1175.29,69.56,503.63,7.34,1705.19,72.0,8.0,242882.0,94508.0,7916.0,18483.0,346.0,121629.0,"Phoenix, AZ: Phoenix Sky Harbor International"
PHX,2026,6,15746.0,4098.0,1354.98,119.16,528.02,15.87,2078.95,90.0,3.0,278852.0,96246.0,11793.0,23061.0,590.0,146947.0,"Phoenix, AZ: Phoenix Sky Harbor International"
PHX,2026,7,16154.0,4022.0,1285.37,112.47,588.0699999999999,8.190000000000001,2022.9,157.0,106.0,324222.0,116065.0,13992.0,29241.0,464.0,163394.0,"Phoenix, AZ: Phoenix Sky Harbor International"
PIA,2025,8,496.0,126.0,30.41,12.63,30.939999999999998,0.56,51.45,11.0,1.0,9165.0,1647.0,1454.0,1740.0,32.0,4292.0,"Peoria, IL: General Downing - Peoria International"
PIA,2025,9,476.0,100.0,44.69,5.07,21.5,0.0,28.740000000000002,3.0,0.0,6035.0,2013.0,525.0,765.0,0.0,2732.0,"Peoria, IL: General Downing - Peoria International"
PIA,2025,10,519.0,106.0,40.89,3.48,21.869999999999997,0.0,39.760000000000005,3.0,0.0,6265.0,2776.0,203.0,785.0,0.0,2501.0,"Peoria, IL: General Downing - Peoria International"
PIA,2025,11,506.0,110.0,37.980000000000004,5.72,29.26,0.0,37.03,35.0,5.0,8998.0,2018.0,536.0,1915.0,0.0,4529.0,"Peoria, IL: General Downing - Peoria International"
PIA,2025,12,520.0,162.0,38.69,13.05,39.59,0.0,70.67,23.0,1.0,12554.0,2404.0,1129.0,2018.0,0.0,7003.0,"Peoria, IL: General Downing - Peoria International"
PIA,2026,1,477.0,132.0,45.86,11.96,33.07,0.0,41.11,16.0,1.0,9586.0,2479.0,1749.0,1781.0,0.0,3577.0,"Peoria, IL: General Downing - Peoria International"
PIA,2026,2,448.0,120.0,42.93,9.5,25.25,0.0,42.32,3.0,0.0,7220.0,2151.0,1053.0,1134.0,0.0,2882.0,"Peoria, IL: General Downing - Peoria International"
PIA,2026,3,541.0,176.0,54.129999999999995,6.6899999999999995,45.370000000000005,0.0,69.81,27.0,1.0,15086.0,4966.0,492.0,3299.0,0.0,6329.0,"Peoria, IL: General Downing - Peoria International"
PIA,2026,4,554.0,133.0,46.120000000000005,12.2,26.810000000000002,0.0,47.879999999999995,29.0,1.0,9815.0,3198.0,1852.0,1348.0,0.0,3417.0,"Peoria, IL: General Downing - Peoria International"
PIA,2026,5,541.0,134.0,43.71,9.469999999999999,26.92,0.0,53.879999999999995,8.0,0.0,10810.0,4199.0,943.0,1333.0,0.0,4335.0,"Peoria, IL: General Downing - Peoria International"
PIA,2026,6,550.0,131.0,41.21,14.86,27.35,0.0,47.59,18.0,2.0,10083.0,2623.0,2379.0,1645.0,0.0,3436.0,"Peoria, IL: General Downing - Peoria International"
PIA,2026,7,533.0,131.0,39.61,11.32,29.34,0.0,50.739999999999995,15.0,1.0,11284.0,2802.0,1214.0,1609.0,0.0,5659.0,"Peoria, IL: General Downing - Peoria International"
PIB,2025,8,53.0,15.0,10.82,0.0,0.18,0.0,4.0,0.0,1.0,1172.0,826.0,0.0,41.0,0.0,305.0,"Hattiesburg/Laurel, MS: Hattiesburg-Laurel Regional"
PIB,2025,9,51.0,8.0,7.93,0.0,0.07,0.0,0.0,0.0,0.0,657.0,650.0,0.0,7.0,0.0,0.0,"Hattiesburg/Laurel, MS: Hattiesburg-Laurel Regional"
PIB,2025,10,54.0,9.0,5.83,1.0,0.17,0.0,2.0,0.0,2.0,800.0,421.0,98.0,11.0,0.0,270.0,"Hattiesburg/Laurel, MS: Hattiesburg-Laurel Regional"
PIB,2025,11,50.0,10.0,5.99,2.69,0.32,0.0,1.0,0.0,1.0,937.0,652.0,155.0,15.0,0.0,115.0,"Hattiesburg/Laurel, MS: Hattiesburg-Laurel Regional"
PIB,2025,12,55.0,16.0,6.67,3.66,0.67,0.0,5.0,0.0,0.0,2697.0,1208.0,446.0,81.0,0.0,962.0,"Hattiesburg/Laurel, MS: Hattiesburg-Laurel Regional"
PIB,2026,1,53.0,11.0,7.8,1.63,0.57,0.0,1.0,3.0,0.0,755.0,438.0,201.0,70.0,0.0,46.0,"Hattiesburg/Laurel, MS: Hattiesburg-Laurel Regional"
PIB,2026,2,48.0,11.0,6.99,2.85,0.16,0.0,1.0,0.0,0.0,570.0,373.0,168.0,8.0,0.0,21.0,"Hattiesburg/Laurel, MS: Hattiesburg-Laurel Regional"
PIB,2026,3,53.0,19.0,9.56,0.0,1.7,0.0,7.74,2.0,1.0,1214.0,590.0,0.0,79.0,0.0,545.0,"Hattiesburg/Laurel, MS: Hattiesburg-Laurel Regional"
PIB,2026,4,52.0,15.0,4.84,4.49,2.13,0.0,3.53,0.0,0.0,630.0,219.0,205.0,65.0,0.0,141.0,"Hattiesburg/Laurel, MS: Hattiesburg-Laurel Regional"
PIB,2026,5,53.0,17.0,8.84,1.82,1.34,0.0,5.0,0.0,0.0,1136.0,589.0,81.0,131.0,0.0,335.0,"Hattiesburg/Laurel, MS: Hattiesburg-Laurel Regional"
PIB,2026,6,51.0,18.0,9.33,4.09,2.8,0.0,1.78,0.0,0.0,1539.0,460.0,530.0,131.0,0.0,418.0,"Hattiesburg/Laurel, MS: Hattiesburg-Laurel Regional"
PIB,2026,7,54.0,15.0,8.49,0.0,0.51,0.0,6.0,1.0,0.0,768.0,315.0,0.0,15.0,0.0,438.0,"Hattiesburg/Laurel, MS: Hattiesburg-Laurel Regional"
PIE,2025,8,749.0,248.0,53.39,18.14,64.69,0.92,110.86,0.0,5.0,20929.0,7845.0,1279.0,3527.0,22.0,8256.0,"St. Petersburg, FL: St Pete Clearwater International"
PIE,2025,9,501.0,124.0,30.97,7.81,26.88,1.84,56.49,0.0,0.0,7320.0,2231.0,619.0,1107.0,76.0,3287.0,"St. Petersburg, FL: St Pete Clearwater International"
PIE,2025,10,716.0,198.0,47.34,8.29,42.94,1.24,98.19,1.0,4.0,11799.0,2799.0,496.0,1540.0,42.0,6922.0,"St. Petersburg, FL: St Pete Clearwater International"
PIE,2025,11,661.0,203.0,36.98,7.69,66.16,0.14,92.03,2.0,5.0,15535.0,2826.0,616.0,4078.0,10.0,8005.0,"St. Petersburg, FL: St Pete Clearwater International"
PIE,2025,12,786.0,319.0,68.43,13.07,105.46,1.04,131.0,12.0,10.0,27997.0,10365.0,2558.0,5463.0,24.0,9587.0,"St. Petersburg, FL: St Pete Clearwater International"
PIE,2026,1,633.0,152.0,34.93,11.47,43.14,2.15,60.3,19.0,7.0,14749.0,5207.0,2637.0,2257.0,89.0,4559.0,"St. Petersburg, FL: St Pete Clearwater International"
PIE,2026,2,662.0,153.0,29.23,13.22,51.27,1.0,58.27,6.0,5.0,14277.0,4159.0,2747.0,2497.0,17.0,4857.0,"St. Petersburg, FL: St Pete Clearwater International"
PIE,2026,3,907.0,303.0,48.63,14.09,97.87,2.05,140.37,19.0,1.0,28983.0,5418.0,2760.0,9441.0,44.0,11320.0,"St. Petersburg, FL: St Pete Clearwater International"
PIE,2026,4,752.0,187.0,38.29,8.15,66.68,0.0,73.88,1.0,2.0,10871.0,3592.0,408.0,2435.0,0.0,4436.0,"St. Petersburg, FL: St Pete Clearwater International"
PIE,2026,5,790.0,211.0,45.28,10.47,57.69,3.32,94.24,0.0,1.0,21087.0,5476.0,2151.0,4272.0,143.0,9045.0,"St. Petersburg, FL: St Pete Clearwater International"
PIE,2026,6,926.0,293.0,84.46,12.98,50.73,1.26,143.58,6.0,2.0,27912.0,10325.0,1435.0,3521.0,40.0,12591.0,"St. Petersburg, FL: St Pete Clearwater International"
PIE,2026,7,969.0,328.0,67.63,18.78,71.09,0.0,170.51,0.0,9.0,28288.0,8822.0,1229.0,4182.0,0.0,14055.0,"St. Petersburg, FL: St Pete Clearwater International"
PIH,2025,8,31.0,2.0,2.0,0.0,0.0,0.0,0.0,0.0,0.0,114.0,114.0,0.0,0.0,0.0,0.0,"Pocatello, ID: Pocatello Regional"
PIH,2025,9,30.0,2.0,2.0,0.0,0.0,0.0,0.0,0.0,0.0,80.0,80.0,0.0,0.0,0.0,0.0,"Pocatello, ID: Pocatello Regional"
PIH,2025,10,31.0,1.0,1.0,0.0,0.0,0.0,0.0,0.0,0.0,17.0,17.0,0.0,0.0,0.0,0.0,"Pocatello, ID: Pocatello Regional"
PIH,2025,11,30.0,1.0,1.0,0.0,0.0,0.0,0.0,1.0,0.0,166.0,166.0,0.0,0.0,0.0,0.0,"Pocatello, ID: Pocatello Regional"
PIH,2025,12,31.0,1.0,0.0,1.0,0.0,0.0,0.0,0.0,0.0,72.0,0.0,72.0,0.0,0.0,0.0,"Pocatello, ID: Pocatello Regional"
PIH,2026,1,31.0,3.0,2.37,0.0,0.63,0.0,0.0,0.0,1.0,98.0,86.0,0.0,12.0,0.0,0.0,"Pocatello, ID: Pocatello Regional"
PIH,2026,2,28.0,1.0,1.0,0.0,0.0,0.0,0.0,0.0,0.0,28.0,28.0,0.0,0.0,0.0,0.0,"Pocatello, ID: Pocatello Regional"
PIH,2026,3,31.0,3.0,2.42,0.0,0.58,0.0,0.0,0.0,0.0,385.0,346.0,0.0,39.0,0.0,0.0,"Pocatello, ID: Pocatello Regional"
PIH,2026,4,30.0,6.0,4.13,1.0,0.87,0.0,0.0,0.0,0.0,308.0,198.0,90.0,20.0,0.0,0.0,"Pocatello, ID: Pocatello Regional"
PIH,2026,5,54.0,0.0,0.0,0.0,0.0,0.0,0.0,0.0,0.0,0.0,0.0,0.0,0.0,0.0,0.0,"Pocatello, ID: Pocatello Regional"
PIH,2026,6,60.0,3.0,2.0,1.0,0.0,0.0,0.0,0.0,0.0,212.0,181.0,31.0,0.0,0.0,0.0,"Pocatello, ID: Pocatello Regional"
PIH,2026,7,61.0,9.0,7.0,2.0,0.0,0.0,0.0,0.0,0.0,687.0,411.0,276.0,0.0,0.0,0.0,"Pocatello, ID: Pocatello Regional"
PIR,2025,8,54.0,21.0,5.7,4.87,4.67,0.0,5.76,0.0,2.0,2126.0,878.0,364.0,396.0,0.0,488.0,"Pierre, SD: Pierre Regional"
PIR,2025,9,51.0,7.0,2.05,0.0,2.21,0.0,2.75,2.0,0.0,519.0,40.0,0.0,103.0,0.0,376.0,"Pierre, SD: Pierre Regional"
PIR,2025,10,70.0,10.0,3.0,2.0,2.0,0.0,3.0,0.0,0.0,357.0,123.0,84.0,44.0,0.0,106.0,"Pierre, SD: Pierre Regional"
PIR,2025,11,68.0,6.0,4.0,0.0,0.0,0.0,2.0,2.0,0.0,486.0,103.0,0.0,0.0,0.0,383.0,"Pierre, SD: Pierre Regional"
PIR,2025,12,55.0,10.0,2.95,0.0,2.05,0.0,5.0,1.0,0.0,560.0,58.0,0.0,133.0,0.0,369.0,"Pierre, SD: Pierre Regional"
PIR,2026,1,53.0,9.0,2.06,1.95,1.29,0.0,3.7,1.0,0.0,577.0,71.0,186.0,74.0,0.0,246.0,"Pierre, SD: Pierre Regional"
PIR,2026,2,48.0,8.0,4.0,2.0,0.0,0.0,2.0,0.0,0.0,1931.0,921.0,168.0,0.0,0.0,842.0,"Pierre, SD: Pierre Regional"
PIR,2026,3,53.0,7.0,5.88,0.0,1.12,0.0,0.0,4.0,0.0,1529.0,1437.0,0.0,92.0,0.0,0.0,"Pierre, SD: Pierre Regional"
PIR,2026,4,51.0,4.0,1.0,0.7,0.61,0.0,1.69,0.0,0.0,261.0,17.0,44.0,31.0,0.0,169.0,"Pierre, SD: Pierre Regional"
PIR,2026,5,54.0,9.0,3.12,0.0,1.57,0.0,4.31,0.0,0.0,1189.0,158.0,0.0,75.0,0.0,956.0,"Pierre, SD: Pierre Regional"
PIR,2026,6,51.0,15.0,8.47,2.55,1.07,0.0,2.91,0.0,0.0,1004.0,483.0,223.0,83.0,0.0,215.0,"Pierre, SD: Pierre Regional"
PIR,2026,7,53.0,13.0,5.63,0.8,2.68,0.0,3.89,1.0,1.0,2341.0,211.0,168.0,328.0,0.0,1634.0,"Pierre, SD: Pierre Regional"
PIT,2025,8,4100.0,889.0,302.08,38.19,165.36,1.1600000000000001,382.23,44.0,5.0,60501.0,19138.0,4844.0,7775.0,36.0,28708.0,"Pittsburgh, PA: Pittsburgh International"
PIT,2025,9,3938.0,603.0,211.84,22.37,141.85,0.0,226.93,29.0,1.0,39577.0,13588.0,2482.0,7291.0,0.0,16216.0,"Pittsburgh, PA: Pittsburgh International"
PIT,2025,10,4225.0,823.0,264.09,9.55,188.6,1.0,359.76,33.0,2.0,46148.0,14433.0,1095.0,7538.0,17.0,23065.0,"Pittsburgh, PA: Pittsburgh International"
PIT,2025,11,3881.0,755.0,252.9,15.190000000000001,157.21,0.0,329.69,88.0,4.0,52484.0,17157.0,1450.0,8284.0,0.0,25593.0,"Pittsburgh, PA: Pittsburgh International"
PIT,2025,12,3767.0,1042.0,329.45,20.9,196.81,1.35,493.49,51.0,1.0,69043.0,21497.0,1939.0,8669.0,28.0,36910.0,"Pittsburgh, PA: Pittsburgh International"
PIT,2026,1,3551.0,719.0,251.98000000000002,31.22,163.65,0.22,271.9,209.0,3.0,51002.0,17836.0,4519.0,6775.0,22.0,21850.0,"Pittsburgh, PA: Pittsburgh International"
PIT,2026,2,3307.0,664.0,211.86,22.81,158.97,2.36,268.01,91.0,6.0,40694.0,13306.0,2432.0,6641.0,155.0,18160.0,"Pittsburgh, PA: Pittsburgh International"
PIT,2026,3,3892.0,1123.0,349.66,40.89,242.57999999999998,6.11,483.73,121.0,13.0,82386.0,26274.0,4410.0,11799.0,272.0,39631.0,"Pittsburgh, PA: Pittsburgh International"
PIT,2026,4,3823.0,698.0,229.45000000000002,11.63,127.92,0.93,328.06,17.0,1.0,42881.0,13239.0,1226.0,5040.0,38.0,23338.0,"Pittsburgh, PA: Pittsburgh International"
PIT,2026,5,4029.0,797.0,268.68,22.3,126.88,0.92,378.21999999999997,34.0,2.0,54161.0,16942.0,3530.0,5862.0,32.0,27795.0,"Pittsburgh, PA: Pittsburgh International"
PIT,2026,6,4068.0,996.0,290.47,42.019999999999996,176.82,0.41,486.29,70.0,10.0,78052.0,24397.0,5582.0,8819.0,12.0,39242.0,"Pittsburgh, PA: Pittsburgh International"
PIT,2026,7,4167.0,1266.0,392.44,60.9,232.48,2.77,577.41,184.0,9.0,93302.0,27572.0,7785.0,13269.0,122.0,44554.0,"Pittsburgh, PA: Pittsburgh International"
PLN,2025,8,126.0,24.0,13.37,2.4,3.38,0.0,4.85,0.0,1.0,2026.0,1251.0,238.0,186.0,0.0,351.0,"Pellston, MI: Pellston Regional Emmet County"
PLN,2025,9,98.0,14.0,9.75,1.76,0.69,0.0,1.81,1.0,0.0,762.0,608.0,54.0,36.0,0.0,64.0,"Pellston, MI: Pellston Regional Emmet County"
PLN,2025,10,54.0,5.0,3.88,1.0,0.12,0.0,0.0,0.0,0.0,497.0,455.0,18.0,24.0,0.0,0.0,"Pellston, MI: Pellston Regional Emmet County"
PLN,2025,11,52.0,8.0,3.79,2.65,1.56,0.0,0.0,2.0,0.0,954.0,227.0,345.0,382.0,0.0,0.0,"Pellston, MI: Pellston Regional Emmet County"
PLN,2025,12,53.0,19.0,11.73,3.96,3.31,0.0,0.0,11.0,0.0,1894.0,1498.0,202.0,194.0,0.0,0.0,"Pellston, MI: Pellston Regional Emmet County"
PLN,2026,1,53.0,13.0,8.28,3.15,1.57,0.0,0.0,15.0,0.0,1359.0,1089.0,180.0,90.0,0.0,0.0,"Pellston, MI: Pellston Regional Emmet County"
PLN,2026,2,48.0,14.0,8.67,4.81,0.52,0.0,0.0,9.0,2.0,1051.0,675.0,322.0,54.0,0.0,0.0,"Pellston, MI: Pellston Regional Emmet County"
PLN,2026,3,53.0,18.0,11.52,5.61,0.87,0.0,0.0,10.0,1.0,1639.0,1106.0,478.0,55.0,0.0,0.0,"Pellston, MI: Pellston Regional Emmet County"
PLN,2026,4,51.0,5.0,5.0,0.0,0.0,0.0,0.0,36.0,0.0,164.0,164.0,0.0,0.0,0.0,0.0,"Pellston, MI: Pellston Regional Emmet County"
PLN,2026,5,71.0,9.0,4.95,1.0,0.6,0.0,2.45,8.0,0.0,583.0,477.0,23.0,22.0,0.0,61.0,"Pellston, MI: Pellston Regional Emmet County"
PLN,2026,6,102.0,26.0,11.4,5.05,3.37,0.0,6.18,5.0,1.0,2452.0,593.0,1283.0,179.0,0.0,397.0,"Pellston, MI: Pellston Regional Emmet County"
PLN,2026,7,114.0,28.0,16.13,2.84,3.59,0.0,5.45,4.0,0.0,2097.0,969.0,128.0,242.0,0.0,758.0,"Pellston, MI: Pellston Regional Emmet County"
PNS,2025,8,1370.0,314.0,93.23,21.63,75.44,0.0,123.72,15.0,3.0,20675.0,5869.0,2048.0,3036.0,0.0,9722.0,"Pensacola, FL: Pensacola International"
PNS,2025,9,1176.0,167.0,62.13,8.36,48.29,0.08,48.129999999999995,4.0,1.0,10488.0,4060.0,674.0,1959.0,2.0,3793.0,"Pensacola, FL: Pensacola International"
PNS,2025,10,1267.0,222.0,90.69,1.58,59.12,0.0,70.64,6.0,1.0,12005.0,4931.0,79.0,2459.0,0.0,4536.0,"Pensacola, FL: Pensacola International"
PNS,2025,11,1161.0,240.0,75.53,11.31,48.97,0.0,103.2,21.0,7.0,15178.0,3930.0,943.0,2269.0,0.0,7899.0,"Pensacola, FL: Pensacola International"
PNS,2025,12,1173.0,319.0,125.03,8.56,48.94,0.9800000000000001,135.49,26.0,22.0,25094.0,8333.0,1893.0,3074.0,66.0,11728.0,"Pensacola, FL: Pensacola International"
PNS,2026,1,1040.0,211.0,73.86999999999999,12.29,40.75,1.17,82.91,60.0,9.0,16717.0,4885.0,2294.0,1975.0,73.0,7490.0,"Pensacola, FL: Pensacola International"
PNS,2026,2,1016.0,180.0,67.83,5.9,38.08,0.0,68.19,14.0,1.0,9768.0,3015.0,1027.0,1528.0,0.0,4198.0,"Pensacola, FL: Pensacola International"
PNS,2026,3,1386.0,356.0,123.50999999999999,11.41,64.8,0.24000000000000002,156.04,41.0,5.0,25622.0,7870.0,2335.0,3916.0,9.0,11492.0,"Pensacola, FL: Pensacola International"
PNS,2026,4,1405.0,282.0,94.3,9.62,63.26,0.0,114.83,7.0,0.0,18389.0,5323.0,1731.0,2590.0,0.0,8745.0,"Pensacola, FL: Pensacola International"
PNS,2026,5,1422.0,387.0,111.88,10.14,149.48,1.0,114.52,19.0,2.0,23023.0,6812.0,1391.0,7537.0,32.0,7251.0,"Pensacola, FL: Pensacola International"
PNS,2026,6,1390.0,379.0,114.53,15.99,98.26,0.0,150.21,34.0,3.0,24314.0,6901.0,2297.0,4247.0,0.0,10869.0,"Pensacola, FL: Pensacola International"
PNS,2026,7,1476.0,443.0,124.27000000000001,17.44,124.28,0.38,176.62,27.0,19.0,29217.0,9096.0,1362.0,5750.0,52.0,12957.0,"Pensacola, FL: Pensacola International"
PPG,2025,8,12.0,3.0,3.0,0.0,0.0,0.0,0.0,0.0,0.0,98.0,98.0,0.0,0.0,0.0,0.0,"Pago Pago, TT: Pago Pago International"
PPG,2025,9,14.0,2.0,2.0,0.0,0.0,0.0,0.0,0.0,0.0,91.0,91.0,0.0,0.0,0.0,0.0,"Pago Pago, TT: Pago Pago International"
PPG,2025,10,13.0,1.0,1.0,0.0,0.0,0.0,0.0,0.0,0.0,16.0,16.0,0.0,0.0,0.0,0.0,"Pago Pago, TT: Pago Pago International"
PPG,2025,11,12.0,0.0,0.0,0.0,0.0,0.0,0.0,0.0,0.0,0.0,0.0,0.0,0.0,0.0,0.0,"Pago Pago, TT: Pago Pago International"
PPG,2025,12,14.0,6.0,4.41,0.78,0.0,0.0,0.81,0.0,0.0,237.0,130.0,82.0,0.0,0.0,25.0,"Pago Pago, TT: Pago Pago International"
PPG,2026,1,14.0,4.0,2.26,0.0,0.0,0.0,1.74,1.0,0.0,160.0,53.0,0.0,0.0,0.0,107.0,"Pago Pago, TT: Pago Pago International"
PPG,2026,2,12.0,3.0,1.0,0.0,0.0,0.0,2.0,0.0,0.0,111.0,57.0,0.0,0.0,0.0,54.0,"Pago Pago, TT: Pago Pago International"
PPG,2026,3,14.0,2.0,2.0,0.0,0.0,0.0,0.0,0.0,0.0,42.0,42.0,0.0,0.0,0.0,0.0,"Pago Pago, TT: Pago Pago International"
PPG,2026,4,8.0,1.0,1.0,0.0,0.0,0.0,0.0,0.0,0.0,22.0,22.0,0.0,0.0,0.0,0.0,"Pago Pago, TT: Pago Pago International"
PQI,2025,8,31.0,4.0,0.36,0.0,0.39,0.0,3.26,0.0,0.0,290.0,26.0,0.0,47.0,0.0,217.0,"Presque Isle/Houlton, ME: Presque Isle International"
PQI,2025,9,30.0,13.0,3.16,2.0,0.0,0.0,7.84,0.0,0.0,942.0,235.0,272.0,0.0,0.0,435.0,"Presque Isle/Houlton, ME: Presque Isle International"
PQI,2025,10,31.0,10.0,1.97,0.0,0.0,0.0,8.03,0.0,0.0,626.0,66.0,0.0,0.0,0.0,560.0,"Presque Isle/Houlton, ME: Presque Isle International"
PQI,2025,11,30.0,9.0,4.54,0.0,1.08,0.0,3.38,0.0,0.0,556.0,326.0,0.0,26.0,0.0,204.0,"Presque Isle/Houlton, ME: Presque Isle International"
PQI,2025,12,31.0,12.0,4.26,0.0,0.84,0.0,6.91,0.0,0.0,758.0,185.0,0.0,47.0,0.0,526.0,"Presque Isle/Houlton, ME: Presque Isle International"
PQI,2026,1,31.0,7.0,2.66,0.74,0.86,0.0,2.74,2.0,0.0,452.0,132.0,96.0,76.0,0.0,148.0,"Presque Isle/Houlton, ME: Presque Isle International"
PQI,2026,2,28.0,6.0,0.6,1.26,0.52,0.0,3.62,3.0,0.0,926.0,25.0,210.0,45.0,0.0,646.0,"Presque Isle/Houlton, ME: Presque Isle International"
PQI,2026,3,31.0,11.0,4.54,0.0,1.2,0.0,5.26,0.0,0.0,856.0,377.0,0.0,58.0,0.0,421.0,"Presque Isle/Houlton, ME: Presque Isle International"
PQI,2026,4,30.0,10.0,1.86,0.0,0.1,0.0,8.04,0.0,0.0,452.0,109.0,0.0,7.0,0.0,336.0,"Presque Isle/Houlton, ME: Presque Isle International"
PQI,2026,5,31.0,12.0,4.32,0.0,0.42,0.0,7.27,1.0,0.0,456.0,141.0,0.0,21.0,0.0,294.0,"Presque Isle/Houlton, ME: Presque Isle International"
PQI,2026,6,30.0,10.0,3.39,0.0,0.27,0.0,6.35,1.0,0.0,1053.0,505.0,0.0,12.0,0.0,536.0,"Presque Isle/Houlton, ME: Presque Isle International"
PQI,2026,7,31.0,20.0,5.81,0.0,2.58,0.0,11.61,2.0,0.0,1855.0,481.0,0.0,296.0,0.0,1078.0,"Presque Isle/Houlton, ME: Presque Isle International"
PRC,2025,8,62.0,17.0,3.58,0.74,3.92,0.0,8.76,0.0,0.0,1277.0,227.0,14.0,250.0,0.0,786.0,"Prescott, AZ: Prescott Regional Ernest A Love Field"
PRC,2025,9,60.0,9.0,3.0,1.0,0.05,0.0,4.95,0.0,0.0,591.0,139.0,45.0,7.0,0.0,400.0,"Prescott, AZ: Prescott Regional Ernest A Love Field"
PRC,2025,10,68.0,8.0,3.97,0.0,1.03,0.0,3.0,0.0,0.0,657.0,321.0,0.0,62.0,0.0,274.0,"Prescott, AZ: Prescott Regional Ernest A Love Field"
PRC,2025,11,88.0,7.0,4.05,1.0,1.42,0.0,0.53,0.0,1.0,623.0,537.0,20.0,57.0,0.0,9.0,"Prescott, AZ: Prescott Regional Ernest A Love Field"
PRC,2025,12,92.0,20.0,12.35,0.0,0.74,0.0,6.91,0.0,1.0,2388.0,1075.0,0.0,26.0,0.0,1287.0,"Prescott, AZ: Prescott Regional Ernest A Love Field"
PRC,2026,1,93.0,24.0,11.54,0.0,1.93,0.0,10.54,1.0,1.0,2234.0,501.0,0.0,109.0,0.0,1624.0,"Prescott, AZ: Prescott Regional Ernest A Love Field"
PRC,2026,2,84.0,13.0,6.9,0.0,1.4,0.0,4.7,0.0,0.0,2715.0,1941.0,0.0,82.0,0.0,692.0,"Prescott, AZ: Prescott Regional Ernest A Love Field"
PRC,2026,3,93.0,8.0,3.0,0.86,1.18,0.0,2.96,4.0,0.0,1100.0,204.0,136.0,73.0,0.0,687.0,"Prescott, AZ: Prescott Regional Ernest A Love Field"
PRC,2026,4,82.0,11.0,2.99,1.0,0.04,0.0,6.97,0.0,3.0,4467.0,1442.0,33.0,19.0,0.0,2973.0,"Prescott, AZ: Prescott Regional Ernest A Love Field"
PRC,2026,5,84.0,12.0,5.16,0.0,3.84,0.0,3.0,1.0,0.0,635.0,208.0,0.0,269.0,0.0,158.0,"Prescott, AZ: Prescott Regional Ernest A Love Field"
PRC,2026,6,81.0,12.0,6.6,1.6,1.81,0.0,2.0,0.0,1.0,1264.0,352.0,149.0,153.0,0.0,610.0,"Prescott, AZ: Prescott Regional Ernest A Love Field"
PRC,2026,7,85.0,16.0,3.85,2.0,2.29,0.0,7.85,0.0,0.0,2048.0,284.0,182.0,122.0,0.0,1460.0,"Prescott, AZ: Prescott Regional Ernest A Love Field"
PSC,2025,8,635.0,103.0,32.59,3.57,16.41,1.0,49.45,3.0,0.0,5715.0,1611.0,154.0,717.0,91.0,3142.0,"Pasco/Kennewick/Richland, WA: Tri Cities"
PSC,2025,9,549.0,62.0,29.3,1.74,11.52,0.0,19.45,1.0,0.0,3782.0,1796.0,77.0,454.0,0.0,1455.0,"Pasco/Kennewick/Richland, WA: Tri Cities"
PSC,2025,10,583.0,83.0,33.54,6.52,15.690000000000001,0.0,27.239999999999995,2.0,0.0,4166.0,1415.0,313.0,640.0,0.0,1798.0,"Pasco/Kennewick/Richland, WA: Tri Cities"
PSC,2025,11,593.0,68.0,29.189999999999998,5.98,11.9,0.0,20.93,11.0,4.0,4544.0,1385.0,1520.0,432.0,0.0,1207.0,"Pasco/Kennewick/Richland, WA: Tri Cities"
PSC,2025,12,645.0,123.0,56.39,7.84,25.25,0.0,33.52,4.0,3.0,7062.0,3085.0,537.0,1297.0,0.0,2143.0,"Pasco/Kennewick/Richland, WA: Tri Cities"
PSC,2026,1,576.0,110.0,51.349999999999994,16.48,12.96,0.0,29.22,6.0,1.0,9944.0,4437.0,2761.0,538.0,0.0,2208.0,"Pasco/Kennewick/Richland, WA: Tri Cities"
PSC,2026,2,520.0,83.0,43.95,10.81,12.749999999999998,0.0,15.49,2.0,3.0,5877.0,2957.0,1163.0,800.0,0.0,957.0,"Pasco/Kennewick/Richland, WA: Tri Cities"
PSC,2026,3,575.0,93.0,49.410000000000004,10.71,14.780000000000001,0.0,18.11,8.0,0.0,6057.0,3323.0,720.0,935.0,0.0,1079.0,"Pasco/Kennewick/Richland, WA: Tri Cities"
PSC,2026,4,567.0,84.0,44.62,9.7,15.08,0.0,14.629999999999999,1.0,1.0,5434.0,3335.0,469.0,864.0,0.0,766.0,"Pasco/Kennewick/Richland, WA: Tri Cities"
PSC,2026,5,638.0,120.0,51.739999999999995,8.440000000000001,26.830000000000002,0.0,32.989999999999995,1.0,0.0,7687.0,3917.0,382.0,1103.0,0.0,2285.0,"Pasco/Kennewick/Richland, WA: Tri Cities"
PSC,2026,6,647.0,122.0,41.339999999999996,1.97,22.79,0.77,55.14,1.0,0.0,11785.0,4953.0,405.0,2340.0,17.0,4070.0,"Pasco/Kennewick/Richland, WA: Tri Cities"
PSC,2026,7,676.0,150.0,62.38999999999999,8.36,23.18,0.0,56.08,4.0,1.0,8691.0,3273.0,333.0,1055.0,0.0,4030.0,"Pasco/Kennewick/Richland, WA: Tri Cities"
PSE,2025,8,82.0,19.0,6.29,0.0,5.26,1.41,6.03,1.0,0.0,1513.0,619.0,0.0,254.0,80.0,560.0,"Ponce, PR: Mercedita"
PSE,2025,9,48.0,9.0,6.07,0.0,1.97,0.0,0.96,0.0,0.0,300.0,171.0,0.0,40.0,0.0,89.0,"Ponce, PR: Mercedita"
PSE,2025,10,42.0,13.0,7.42,0.0,2.72,0.0,2.85,0.0,0.0,976.0,416.0,0.0,142.0,0.0,418.0,"Ponce, PR: Mercedita"
PSE,2025,11,56.0,9.0,6.92,0.0,0.64,0.0,1.45,0.0,0.0,563.0,390.0,0.0,33.0,0.0,140.0,"Ponce, PR: Mercedita"
PSE,2025,12,85.0,29.0,13.2,0.0,1.81,0.0,13.99,2.0,0.0,1784.0,642.0,0.0,116.0,0.0,1026.0,"Ponce, PR: Mercedita"
PSE,2026,1,57.0,18.0,5.26,0.0,3.75,0.0,8.99,3.0,0.0,1548.0,428.0,0.0,213.0,0.0,907.0,"Ponce, PR: Mercedita"
PSE,2026,2,32.0,12.0,5.08,0.0,1.01,0.0,5.91,0.0,0.0,1039.0,432.0,0.0,29.0,0.0,578.0,"Ponce, PR: Mercedita"
PSE,2026,3,41.0,3.0,1.26,0.0,1.0,0.0,0.74,2.0,0.0,293.0,40.0,0.0,233.0,0.0,20.0,"Ponce, PR: Mercedita"
PSE,2026,4,43.0,4.0,0.7,0.72,0.91,0.0,1.67,0.0,0.0,281.0,14.0,108.0,55.0,0.0,104.0,"Ponce, PR: Mercedita"
PSE,2026,5,61.0,3.0,2.32,0.0,0.68,0.0,0.0,0.0,0.0,88.0,71.0,0.0,17.0,0.0,0.0,"Ponce, PR: Mercedita"
PSE,2026,6,60.0,4.0,2.13,0.22,0.27,0.0,1.38,0.0,1.0,134.0,101.0,4.0,6.0,0.0,23.0,"Ponce, PR: Mercedita"
PSE,2026,7,85.0,20.0,10.07,2.0,1.19,0.0,6.74,2.0,0.0,1233.0,633.0,45.0,93.0,0.0,462.0,"Ponce, PR: Mercedita"
PSG,2025,8,62.0,13.0,3.14,0.0,0.0,0.0,9.86,1.0,0.0,919.0,270.0,0.0,0.0,0.0,649.0,"Petersburg, AK: Petersburg James A Johnson"
PSG,2025,9,60.0,10.0,0.0,0.0,2.77,0.0,7.23,4.0,1.0,701.0,0.0,0.0,111.0,0.0,590.0,"Petersburg, AK: Petersburg James A Johnson"
PSG,2025,10,62.0,6.0,1.0,0.82,1.18,0.0,3.0,2.0,1.0,268.0,16.0,51.0,33.0,0.0,168.0,"Petersburg, AK: Petersburg James A Johnson"
PSG,2025,11,58.0,8.0,0.78,0.0,3.05,0.0,4.17,2.0,0.0,254.0,45.0,0.0,102.0,0.0,107.0,"Petersburg, AK: Petersburg James A Johnson"
PSG,2025,12,60.0,17.0,1.48,3.93,4.72,0.0,6.87,0.0,8.0,1174.0,97.0,194.0,171.0,0.0,712.0,"Petersburg, AK: Petersburg James A Johnson"
PSG,2026,1,60.0,14.0,0.91,2.19,0.73,0.0,10.17,5.0,4.0,1323.0,27.0,109.0,62.0,0.0,1125.0,"Petersburg, AK: Petersburg James A Johnson"
PSG,2026,2,56.0,13.0,3.09,0.28,1.22,0.0,8.41,1.0,1.0,619.0,117.0,12.0,44.0,0.0,446.0,"Petersburg, AK: Petersburg James A Johnson"
PSG,2026,3,62.0,14.0,1.09,0.18,2.15,0.0,10.59,2.0,0.0,841.0,167.0,4.0,46.0,0.0,624.0,"Petersburg, AK: Petersburg James A Johnson"
PSG,2026,4,60.0,11.0,4.01,0.0,0.48,0.0,6.51,0.0,0.0,969.0,312.0,0.0,23.0,0.0,634.0,"Petersburg, AK: Petersburg James A Johnson"
PSG,2026,5,62.0,6.0,1.0,0.0,0.0,0.0,5.0,1.0,0.0,175.0,27.0,0.0,0.0,0.0,148.0,"Petersburg, AK: Petersburg James A Johnson"
PSG,2026,6,60.0,4.0,1.0,0.0,0.19,0.0,2.81,0.0,0.0,105.0,19.0,0.0,3.0,0.0,83.0,"Petersburg, AK: Petersburg James A Johnson"
PSG,2026,7,62.0,5.0,2.0,0.0,0.14,0.0,2.86,1.0,0.0,151.0,44.0,0.0,3.0,0.0,104.0,"Petersburg, AK: Petersburg James A Johnson"
PSM,2025,8,38.0,4.0,0.24,0.48,0.24,0.0,3.05,0.0,1.0,125.0,4.0,29.0,4.0,0.0,88.0,"Portsmouth, NH: Portsmouth International at Pease"
PSM,2025,9,21.0,2.0,2.0,0.0,0.0,0.0,0.0,0.0,0.0,193.0,193.0,0.0,0.0,0.0,0.0,"Portsmouth, NH: Portsmouth International at Pease"
PSM,2025,10,40.0,4.0,1.91,0.81,1.27,0.0,0.0,0.0,0.0,137.0,86.0,22.0,29.0,0.0,0.0,"Portsmouth, NH: Portsmouth International at Pease"
PSM,2025,11,35.0,4.0,0.39,0.0,2.58,0.0,1.02,0.0,0.0,117.0,13.0,0.0,71.0,0.0,33.0,"Portsmouth, NH: Portsmouth International at Pease"
PSM,2025,12,32.0,5.0,1.93,0.0,1.62,0.0,1.46,0.0,0.0,233.0,119.0,0.0,37.0,0.0,77.0,"Portsmouth, NH: Portsmouth International at Pease"
PSM,2026,1,25.0,3.0,0.47,0.34,1.03,0.0,1.15,1.0,0.0,124.0,25.0,13.0,26.0,0.0,60.0,"Portsmouth, NH: Portsmouth International at Pease"
PSM,2026,2,37.0,8.0,4.03,0.0,1.64,0.0,2.33,1.0,0.0,286.0,121.0,0.0,37.0,0.0,128.0,"Portsmouth, NH: Portsmouth International at Pease"
PSM,2026,3,36.0,11.0,2.79,1.95,4.35,0.0,1.91,0.0,1.0,869.0,327.0,270.0,139.0,0.0,133.0,"Portsmouth, NH: Portsmouth International at Pease"
PSM,2026,4,50.0,7.0,2.04,0.0,4.96,0.0,0.0,0.0,0.0,173.0,65.0,0.0,108.0,0.0,0.0,"Portsmouth, NH: Portsmouth International at Pease"
PSM,2026,5,47.0,9.0,5.42,1.48,1.6,0.0,0.51,0.0,2.0,928.0,263.0,397.0,80.0,0.0,188.0,"Portsmouth, NH: Portsmouth International at Pease"
PSM,2026,6,33.0,8.0,2.87,0.85,2.72,0.0,1.55,0.0,0.0,483.0,277.0,29.0,90.0,0.0,87.0,"Portsmouth, NH: Portsmouth International at Pease"
PSM,2026,7,36.0,9.0,3.25,2.73,2.45,0.0,0.57,0.0,0.0,731.0,377.0,241.0,84.0,0.0,29.0,"Portsmouth, NH: Portsmouth International at Pease"
PSP,2025,8,742.0,167.0,61.93,2.92,24.43,0.0,77.74,3.0,1.0,10887.0,3057.0,331.0,1276.0,0.0,6223.0,"Palm Springs, CA: Palm Springs International"
PSP,2025,9,805.0,128.0,48.55,3.51,21.919999999999998,0.0,54.0,4.0,1.0,6106.0,2501.0,70.0,840.0,0.0,2695.0,"Palm Springs, CA: Palm Springs International"
PSP,2025,10,1278.0,243.0,86.72999999999999,2.98,60.13,0.0,93.16,5.0,0.0,13626.0,5710.0,104.0,1966.0,0.0,5846.0,"Palm Springs, CA: Palm Springs International"
PSP,2025,11,1520.0,278.0,89.3,9.030000000000001,84.53,0.0,95.13,26.0,2.0,16816.0,4525.0,967.0,5217.0,0.0,6107.0,"Palm Springs, CA: Palm Springs International"
PSP,2025,12,1579.0,356.0,115.5,22.07,81.97,0.45,136.0,16.0,1.0,24597.0,6055.0,1793.0,4849.0,27.0,11873.0,"Palm Springs, CA: Palm Springs International"
PSP,2026,1,1668.0,287.0,92.3,17.34,91.30000000000001,0.55,85.51,80.0,12.0,21095.0,6662.0,1880.0,6671.0,18.0,5864.0,"Palm Springs, CA: Palm Springs International"
PSP,2026,2,1636.0,301.0,99.4,7.57,82.22,1.38,110.44,10.0,19.0,17573.0,5551.0,870.0,3319.0,107.0,7726.0,"Palm Springs, CA: Palm Springs International"
PSP,2026,3,1974.0,338.0,126.76,8.42,64.24,0.49,138.07999999999998,25.0,6.0,22268.0,8984.0,959.0,2800.0,40.0,9485.0,"Palm Springs, CA: Palm Springs International"
PSP,2026,4,1775.0,355.0,120.49,5.1899999999999995,79.26,0.0,150.04,6.0,8.0,21224.0,8329.0,476.0,3524.0,0.0,8895.0,"Palm Springs, CA: Palm Springs International"
PSP,2026,5,1230.0,284.0,82.85,3.38,83.62,1.0,113.14,10.0,1.0,17933.0,4397.0,424.0,5648.0,30.0,7434.0,"Palm Springs, CA: Palm Springs International"
PSP,2026,6,802.0,215.0,51.8,4.45,68.88,0.0,89.86,6.0,0.0,14366.0,4554.0,337.0,4082.0,0.0,5393.0,"Palm Springs, CA: Palm Springs International"
PSP,2026,7,791.0,227.0,50.769999999999996,15.52,66.49,0.67,93.53999999999999,5.0,2.0,13979.0,2623.0,1368.0,3873.0,31.0,6084.0,"Palm Springs, CA: Palm Springs International"
PUW,2025,8,95.0,18.0,5.12,0.0,4.88,0.0,8.0,0.0,0.0,721.0,156.0,0.0,148.0,0.0,417.0,"Pullman, WA: Pullman Moscow Regional"
PUW,2025,9,94.0,11.0,1.24,0.0,3.21,0.0,6.55,1.0,1.0,540.0,213.0,0.0,73.0,0.0,254.0,"Pullman, WA: Pullman Moscow Regional"
PUW,2025,10,111.0,11.0,3.27,0.0,1.14,0.0,6.59,3.0,0.0,472.0,155.0,0.0,33.0,0.0,284.0,"Pullman, WA: Pullman Moscow Regional"
PUW,2025,11,111.0,11.0,2.72,0.0,1.98,0.0,6.3,1.0,0.0,401.0,146.0,0.0,42.0,0.0,213.0,"Pullman, WA: Pullman Moscow Regional"
PUW,2025,12,124.0,27.0,6.32,1.0,1.56,0.0,18.13,4.0,0.0,1301.0,301.0,81.0,51.0,0.0,868.0,"Pullman, WA: Pullman Moscow Regional"
PUW,2026,1,102.0,12.0,4.0,0.77,1.23,0.0,6.0,1.0,0.0,675.0,211.0,87.0,45.0,0.0,332.0,"Pullman, WA: Pullman Moscow Regional"
PUW,2026,2,97.0,9.0,6.85,0.0,0.38,0.0,1.77,4.0,0.0,299.0,219.0,0.0,10.0,0.0,70.0,"Pullman, WA: Pullman Moscow Regional"
PUW,2026,3,115.0,14.0,4.99,0.0,1.23,0.0,7.79,4.0,0.0,679.0,217.0,0.0,32.0,0.0,430.0,"Pullman, WA: Pullman Moscow Regional"
PUW,2026,4,113.0,6.0,2.33,0.0,0.47,0.0,3.2,0.0,0.0,165.0,84.0,0.0,9.0,0.0,72.0,"Pullman, WA: Pullman Moscow Regional"
PUW,2026,5,100.0,17.0,6.23,0.0,4.35,0.0,6.43,0.0,0.0,805.0,210.0,0.0,104.0,0.0,491.0,"Pullman, WA: Pullman Moscow Regional"
PUW,2026,6,89.0,13.0,6.13,0.0,2.82,0.0,4.05,1.0,0.0,586.0,298.0,0.0,69.0,0.0,219.0,"Pullman, WA: Pullman Moscow Regional"
PUW,2026,7,92.0,18.0,7.63,0.0,0.84,0.0,9.53,0.0,0.0,655.0,303.0,0.0,53.0,0.0,299.0,"Pullman, WA: Pullman Moscow Regional"
PVD,2025,8,1568.0,399.0,146.22,23.369999999999997,69.2,1.06,159.12,10.0,4.0,26160.0,9037.0,1652.0,3135.0,55.0,12281.0,"Providence, RI: Rhode Island Tf Green International"
PVD,2025,9,1424.0,241.0,98.52,11.209999999999999,45.81,0.0,85.48,4.0,0.0,14159.0,5563.0,1010.0,1842.0,0.0,5744.0,"Providence, RI: Rhode Island Tf Green International"
PVD,2025,10,1534.0,323.0,110.44,4.25,64.25,1.16,142.91,2.0,0.0,17839.0,5661.0,112.0,2612.0,79.0,9375.0,"Providence, RI: Rhode Island Tf Green International"
PVD,2025,11,1448.0,299.0,105.31,5.550000000000001,55.77,0.25,132.13,33.0,2.0,19069.0,5967.0,667.0,3124.0,15.0,9296.0,"Providence, RI: Rhode Island Tf Green International"
PVD,2025,12,1409.0,437.0,143.07999999999998,18.1,71.67,0.0,204.12,22.0,2.0,30219.0,9126.0,2652.0,3481.0,0.0,14960.0,"Providence, RI: Rhode Island Tf Green International"
PVD,2026,1,1234.0,304.0,109.75,23.85,56.03,1.0,113.36,91.0,0.0,22536.0,7953.0,2677.0,2574.0,26.0,9306.0,"Providence, RI: Rhode Island Tf Green International"
PVD,2026,2,1244.0,307.0,110.14,13.06,69.53,0.94,113.34,103.0,0.0,18570.0,7241.0,1354.0,2779.0,16.0,7180.0,"Providence, RI: Rhode Island Tf Green International"
PVD,2026,3,1406.0,386.0,142.06,17.43,66.83,0.78,158.91,48.0,3.0,30466.0,10104.0,2126.0,3446.0,118.0,14672.0,"Providence, RI: Rhode Island Tf Green International"
PVD,2026,4,1553.0,308.0,102.42,7.9399999999999995,66.78999999999999,0.27,129.59,6.0,1.0,21153.0,7392.0,802.0,2845.0,36.0,10002.0,"Providence, RI: Rhode Island Tf Green International"
PVD,2026,5,1613.0,351.0,136.06,9.95,50.370000000000005,1.0,153.62,9.0,1.0,21525.0,7234.0,1033.0,2469.0,19.0,10770.0,"Providence, RI: Rhode Island Tf Green International"
PVD,2026,6,1458.0,328.0,118.24,14.14,50.870000000000005,0.92,143.79,40.0,3.0,21903.0,7073.0,1560.0,2733.0,24.0,10513.0,"Providence, RI: Rhode Island Tf Green International"
PVD,2026,7,1501.0,413.0,154.31,25.2,86.14,0.98,146.36,89.0,12.0,33921.0,12614.0,4877.0,4698.0,56.0,11676.0,"Providence, RI: Rhode Island Tf Green International"
PVU,2025,8,235.0,55.0,19.8,8.32,5.1,0.0,21.78,2.0,0.0,6714.0,2797.0,992.0,254.0,0.0,2671.0,"Provo, UT: Provo Municipal"
PVU,2025,9,184.0,31.0,15.52,3.24,7.07,0.0,5.17,0.0,0.0,3004.0,2056.0,380.0,337.0,0.0,231.0,"Provo, UT: Provo Municipal"
PVU,2025,10,197.0,40.0,19.58,4.890000000000001,4.2299999999999995,0.11,11.18,0.0,0.0,3922.0,2199.0,770.0,139.0,2.0,812.0,"Provo, UT: Provo Municipal"
PVU,2025,11,205.0,37.0,9.459999999999999,4.91,6.819999999999999,0.0,15.81,3.0,3.0,2937.0,693.0,413.0,316.0,0.0,1515.0,"Provo, UT: Provo Municipal"
PVU,2025,12,221.0,49.0,11.47,4.9,6.21,0.17,26.24,0.0,0.0,2803.0,735.0,124.0,284.0,8.0,1652.0,"Provo, UT: Provo Municipal"
PVU,2026,1,200.0,46.0,22.8,6.870000000000001,2.01,0.0,14.32,4.0,0.0,5320.0,2746.0,484.0,136.0,0.0,1954.0,"Provo, UT: Provo Municipal"
PVU,2026,2,189.0,31.0,15.68,3.98,5.26,0.0,6.09,0.0,0.0,2665.0,1247.0,505.0,207.0,0.0,706.0,"Provo, UT: Provo Municipal"
PVU,2026,3,249.0,60.0,18.799999999999997,2.0,11.959999999999999,1.0,26.25,1.0,1.0,4687.0,2286.0,182.0,361.0,67.0,1791.0,"Provo, UT: Provo Municipal"
PVU,2026,4,225.0,59.0,15.78,2.8800000000000003,11.020000000000001,0.0,29.319999999999997,1.0,2.0,4338.0,2112.0,155.0,339.0,0.0,1732.0,"Provo, UT: Provo Municipal"
PVU,2026,5,228.0,56.0,21.8,2.48,9.24,0.0,22.470000000000002,2.0,0.0,6124.0,2061.0,338.0,437.0,0.0,3288.0,"Provo, UT: Provo Municipal"
PVU,2026,6,246.0,81.0,26.19,3.9299999999999997,14.07,0.0,36.82,3.0,0.0,10367.0,3959.0,278.0,524.0,0.0,5606.0,"Provo, UT: Provo Municipal"
PVU,2026,7,250.0,66.0,23.080000000000002,3.28,9.16,0.0,30.48,3.0,1.0,9057.0,6048.0,95.0,515.0,0.0,2399.0,"Provo, UT: Provo Municipal"
PWM,2025,8,1473.0,282.0,88.47,6.89,57.959999999999994,0.24,128.42000000000002,16.0,0.0,19521.0,5916.0,1138.0,2283.0,6.0,10178.0,"Portland, ME: Portland International Jetport"
PWM,2025,9,1351.0,203.0,64.21000000000001,2.55,60.05,0.0,76.21000000000001,9.0,0.0,11968.0,4181.0,258.0,2709.0,0.0,4820.0,"Portland, ME: Portland International Jetport"
PWM,2025,10,1406.0,286.0,82.05,3.08,80.6,0.0,120.29,10.0,4.0,17562.0,4799.0,261.0,3015.0,0.0,9487.0,"Portland, ME: Portland International Jetport"
PWM,2025,11,963.0,187.0,65.54,4.57,35.34,0.0,81.6,21.0,2.0,16371.0,5035.0,288.0,1580.0,0.0,9468.0,"Portland, ME: Portland International Jetport"
PWM,2025,12,813.0,256.0,86.97,5.54,51.66,0.0,111.83,19.0,3.0,19993.0,6202.0,948.0,2678.0,0.0,10165.0,"Portland, ME: Portland International Jetport"
PWM,2026,1,746.0,149.0,53.59,6.4799999999999995,25.22,0.0,63.72,51.0,1.0,11522.0,4213.0,457.0,1046.0,0.0,5806.0,"Portland, ME: Portland International Jetport"
PWM,2026,2,701.0,136.0,48.13,4.07,22.78,0.0,61.01,42.0,1.0,9270.0,3026.0,1102.0,923.0,0.0,4219.0,"Portland, ME: Portland International Jetport"
PWM,2026,3,866.0,219.0,70.95,9.3,32.21,0.3,106.27,37.0,1.0,16758.0,4411.0,1645.0,1835.0,9.0,8858.0,"Portland, ME: Portland International Jetport"
PWM,2026,4,1062.0,218.0,71.47,1.11,40.82,1.0,103.64,7.0,1.0,12512.0,4095.0,79.0,1492.0,39.0,6807.0,"Portland, ME: Portland International Jetport"
PWM,2026,5,1246.0,219.0,70.63,4.69,54.010000000000005,0.0,89.69,11.0,1.0,13470.0,4120.0,857.0,2108.0,0.0,6385.0,"Portland, ME: Portland International Jetport"
PWM,2026,6,1377.0,260.0,79.07000000000001,4.029999999999999,59.910000000000004,0.0,117.0,34.0,3.0,19043.0,4741.0,906.0,3512.0,0.0,9884.0,"Portland, ME: Portland International Jetport"
PWM,2026,7,1436.0,389.0,120.6,14.71,95.0,0.0,158.68,98.0,2.0,26408.0,7893.0,2696.0,4428.0,0.0,11391.0,"Portland, ME: Portland International Jetport"
RAP,2025,8,664.0,154.0,59.86,8.91,36.57,1.0,47.67,8.0,1.0,9152.0,3485.0,840.0,1631.0,34.0,3162.0,"Rapid City, SD: Rapid City Regional"
RAP,2025,9,586.0,84.0,28.23,2.06,24.08,0.0,29.630000000000003,2.0,1.0,4425.0,1264.0,163.0,1222.0,0.0,1776.0,"Rapid City, SD: Rapid City Regional"
RAP,2025,10,539.0,60.0,30.25,1.26,11.69,0.0,16.8,1.0,0.0,3681.0,2302.0,43.0,497.0,0.0,839.0,"Rapid City, SD: Rapid City Regional"
RAP,2025,11,442.0,63.0,31.14,1.43,16.97,0.22,13.25,13.0,3.0,3853.0,2115.0,126.0,670.0,8.0,934.0,"Rapid City, SD: Rapid City Regional"
RAP,2025,12,436.0,117.0,41.6,7.31,36.39,0.46,31.24,5.0,4.0,8359.0,2871.0,854.0,1431.0,16.0,3187.0,"Rapid City, SD: Rapid City Regional"
RAP,2026,1,401.0,87.0,37.47,5.05,20.34,0.0,24.14,12.0,1.0,5260.0,2061.0,882.0,725.0,0.0,1592.0,"Rapid City, SD: Rapid City Regional"
RAP,2026,2,354.0,54.0,22.3,3.6300000000000003,12.450000000000001,0.0,15.62,1.0,0.0,4370.0,1631.0,130.0,979.0,0.0,1630.0,"Rapid City, SD: Rapid City Regional"
RAP,2026,3,416.0,94.0,43.24,5.68,14.41,0.0,30.65,13.0,2.0,6497.0,2510.0,819.0,793.0,0.0,2375.0,"Rapid City, SD: Rapid City Regional"
RAP,2026,4,491.0,107.0,34.99,7.25,25.810000000000002,0.0,38.95,6.0,3.0,8316.0,3163.0,624.0,1138.0,0.0,3391.0,"Rapid City, SD: Rapid City Regional"
RAP,2026,5,623.0,136.0,68.66,8.16,28.59,0.0,30.58,7.0,2.0,9013.0,4277.0,886.0,1241.0,0.0,2609.0,"Rapid City, SD: Rapid City Regional"
RAP,2026,6,703.0,170.0,72.49,9.5,39.52,0.0,48.49,8.0,4.0,10979.0,4452.0,1028.0,1595.0,0.0,3904.0,"Rapid City, SD: Rapid City Regional"
RAP,2026,7,727.0,174.0,74.47,10.01,45.25,0.0,44.26,3.0,1.0,11698.0,4998.0,731.0,2283.0,0.0,3686.0,"Rapid City, SD: Rapid City Regional"
RDD,2025,8,181.0,34.0,14.64,0.52,6.1,0.0,12.75,0.0,0.0,4556.0,2315.0,17.0,1158.0,0.0,1066.0,"Redding, CA: Redding Regional"
RDD,2025,9,128.0,18.0,8.36,1.66,3.38,0.0,4.61,0.0,0.0,1042.0,385.0,70.0,290.0,0.0,297.0,"Redding, CA: Redding Regional"
RDD,2025,10,56.0,12.0,7.83,0.0,3.19,0.0,0.98,0.0,0.0,445.0,195.0,0.0,199.0,0.0,51.0,"Redding, CA: Redding Regional"
RDD,2025,11,178.0,31.0,12.33,3.98,9.35,0.0,5.33,6.0,0.0,3525.0,647.0,1794.0,761.0,0.0,323.0,"Redding, CA: Redding Regional"
RDD,2025,12,183.0,56.0,14.03,15.16,15.790000000000001,0.0,11.02,13.0,5.0,11786.0,847.0,7768.0,1924.0,0.0,1247.0,"Redding, CA: Redding Regional"
RDD,2026,1,174.0,27.0,9.95,2.2,6.02,0.0,8.83,0.0,2.0,2595.0,1483.0,167.0,473.0,0.0,472.0,"Redding, CA: Redding Regional"
RDD,2026,2,161.0,30.0,11.94,2.0,7.3999999999999995,0.0,8.66,0.0,1.0,2912.0,1060.0,168.0,634.0,0.0,1050.0,"Redding, CA: Redding Regional"
RDD,2026,3,158.0,19.0,9.67,0.0,3.33,0.0,6.0,1.0,0.0,2565.0,1942.0,0.0,76.0,0.0,547.0,"Redding, CA: Redding Regional"
RDD,2026,4,150.0,30.0,11.67,0.0,8.89,0.0,9.44,1.0,0.0,1770.0,807.0,0.0,382.0,0.0,581.0,"Redding, CA: Redding Regional"
RDD,2026,5,164.0,29.0,10.02,0.0,9.74,0.0,9.24,1.0,0.0,3384.0,1903.0,0.0,420.0,0.0,1061.0,"Redding, CA: Redding Regional"
RDD,2026,6,171.0,52.0,24.81,0.0,18.61,0.0,8.58,0.0,2.0,2803.0,1002.0,0.0,1103.0,0.0,698.0,"Redding, CA: Redding Regional"
RDD,2026,7,175.0,52.0,22.6,1.0,9.969999999999999,0.0,18.43,0.0,1.0,3301.0,1594.0,86.0,459.0,0.0,1162.0,"Redding, CA: Redding Regional"
RDM,2025,8,822.0,161.0,51.08,7.550000000000001,28.7,0.94,72.72999999999999,4.0,0.0,9243.0,2127.0,398.0,1097.0,82.0,5539.0,"Bend/Redmond, OR: Roberts Field"
RDM,2025,9,771.0,100.0,34.79,2.65,23.84,0.0,38.72,2.0,0.0,4133.0,1539.0,71.0,636.0,0.0,1887.0,"Bend/Redmond, OR: Roberts Field"
RDM,2025,10,761.0,93.0,39.9,5.28,21.04,0.0,26.799999999999997,5.0,0.0,4180.0,1491.0,210.0,628.0,0.0,1851.0,"Bend/Redmond, OR: Roberts Field"
RDM,2025,11,731.0,101.0,35.14,4.06,16.89,0.0,44.91,19.0,9.0,4510.0,1280.0,168.0,717.0,0.0,2345.0,"Bend/Redmond, OR: Roberts Field"
RDM,2025,12,772.0,171.0,63.99,6.89,32.34,0.0,67.78,4.0,1.0,10082.0,3286.0,984.0,2101.0,0.0,3711.0,"Bend/Redmond, OR: Roberts Field"
RDM,2026,1,741.0,122.0,33.53,8.96,27.57,0.88,51.06,16.0,10.0,6630.0,1228.0,1772.0,1192.0,15.0,2423.0,"Bend/Redmond, OR: Roberts Field"
RDM,2026,2,667.0,94.0,35.68,5.8100000000000005,16.9,0.76,34.85,32.0,13.0,5978.0,2073.0,1120.0,696.0,22.0,2067.0,"Bend/Redmond, OR: Roberts Field"
RDM,2026,3,770.0,103.0,47.13,3.46,14.37,0.0,38.04,9.0,0.0,6492.0,2899.0,566.0,602.0,0.0,2425.0,"Bend/Redmond, OR: Roberts Field"
RDM,2026,4,755.0,92.0,39.45,1.83,16.52,0.0,34.21,3.0,0.0,5087.0,2099.0,110.0,647.0,0.0,2231.0,"Bend/Redmond, OR: Roberts Field"
RDM,2026,5,794.0,144.0,51.2,6.29,31.200000000000003,0.0,55.290000000000006,4.0,0.0,8129.0,3030.0,564.0,1265.0,0.0,3270.0,"Bend/Redmond, OR: Roberts Field"
RDM,2026,6,829.0,186.0,46.04,3.0,55.849999999999994,0.0,81.11,2.0,0.0,9665.0,2676.0,205.0,2166.0,0.0,4618.0,"Bend/Redmond, OR: Roberts Field"
RDM,2026,7,875.0,203.0,49.87,3.39,56.480000000000004,0.0,93.27,4.0,1.0,12540.0,3697.0,184.0,2590.0,0.0,6069.0,"Bend/Redmond, OR: Roberts Field"
RDU,2025,8,5371.0,1194.0,365.61,48.0,244.07,1.06,535.26,57.0,13.0,81513.0,22943.0,5712.0,10469.0,60.0,42329.0,"Raleigh/Durham, NC: Raleigh-Durham International"
RDU,2025,9,5114.0,816.0,232.06,30.38,176.57,3.4,373.6,25.0,1.0,49850.0,14274.0,2577.0,6855.0,114.0,26030.0,"Raleigh/Durham, NC: Raleigh-Durham International"
RDU,2025,10,5539.0,1216.0,356.23,11.92,328.13,2.05,517.66,42.0,2.0,74800.0,23380.0,1493.0,13487.0,155.0,36285.0,"Raleigh/Durham, NC: Raleigh-Durham International"
RDU,2025,11,5367.0,1138.0,318.39,12.0,287.3,1.4,518.88,106.0,1.0,78556.0,21764.0,1703.0,14650.0,122.0,40317.0,"Raleigh/Durham, NC: Raleigh-Durham International"
RDU,2025,12,5351.0,1501.0,452.61,21.62,318.27,0.31,708.1800000000001,87.0,2.0,105502.0,31774.0,3032.0,14193.0,18.0,56485.0,"Raleigh/Durham, NC: Raleigh-Durham International"
RDU,2026,1,4795.0,889.0,287.7,35.85,190.27,0.19,374.99,428.0,1.0,62307.0,20490.0,6059.0,8231.0,18.0,27509.0,"Raleigh/Durham, NC: Raleigh-Durham International"
RDU,2026,2,4563.0,977.0,322.13,21.8,257.21999999999997,1.0,374.87,147.0,1.0,64641.0,22289.0,2877.0,10041.0,49.0,29385.0,"Raleigh/Durham, NC: Raleigh-Durham International"
RDU,2026,3,5353.0,1449.0,450.7,28.9,324.55,4.44,640.41,157.0,2.0,103766.0,31478.0,3477.0,15748.0,214.0,52849.0,"Raleigh/Durham, NC: Raleigh-Durham International"
RDU,2026,4,5442.0,1093.0,317.24,17.73,264.55,0.0,492.47,34.0,4.0,67204.0,19681.0,2048.0,10517.0,0.0,34821.0,"Raleigh/Durham, NC: Raleigh-Durham International"
RDU,2026,5,5610.0,1103.0,348.98,21.169999999999998,224.63,1.37,506.79,54.0,3.0,70352.0,23847.0,2017.0,8719.0,65.0,35704.0,"Raleigh/Durham, NC: Raleigh-Durham International"
RDU,2026,6,5367.0,1309.0,385.24,33.22,248.69,2.5,639.34,112.0,7.0,102500.0,28004.0,3849.0,12904.0,75.0,57668.0,"Raleigh/Durham, NC: Raleigh-Durham International"
RDU,2026,7,5545.0,1779.0,480.98,63.95,445.91,4.029999999999999,784.11,266.0,58.0,148949.0,38632.0,7539.0,28823.0,143.0,73812.0,"Raleigh/Durham, NC: Raleigh-Durham International"
RFD,2025,8,77.0,11.0,3.3,1.2,3.35,0.0,3.16,0.0,1.0,938.0,383.0,92.0,143.0,0.0,320.0,"Rockford, IL: Chicago/Rockford International"
RFD,2025,9,60.0,5.0,2.22,1.0,0.78,0.0,1.0,0.0,0.0,247.0,164.0,20.0,28.0,0.0,35.0,"Rockford, IL: Chicago/Rockford International"
RFD,2025,10,83.0,23.0,9.67,1.65,1.5,0.0,10.17,0.0,0.0,2272.0,1541.0,91.0,57.0,0.0,583.0,"Rockford, IL: Chicago/Rockford International"
RFD,2025,11,69.0,11.0,3.02,0.0,4.05,0.0,3.93,0.0,0.0,831.0,365.0,0.0,244.0,0.0,222.0,"Rockford, IL: Chicago/Rockford International"
RFD,2025,12,84.0,18.0,3.06,1.91,8.03,0.21,4.79,1.0,1.0,904.0,156.0,152.0,233.0,10.0,353.0,"Rockford, IL: Chicago/Rockford International"
RFD,2026,1,70.0,13.0,3.06,0.12,4.81,0.0,5.01,0.0,0.0,752.0,190.0,5.0,230.0,0.0,327.0,"Rockford, IL: Chicago/Rockford International"
RFD,2026,2,70.0,10.0,3.25,0.13,5.75,0.0,0.88,0.0,0.0,381.0,149.0,8.0,168.0,0.0,56.0,"Rockford, IL: Chicago/Rockford International"
RFD,2026,3,100.0,20.0,2.81,3.37,9.16,0.0,4.65,2.0,0.0,1877.0,184.0,520.0,525.0,0.0,648.0,"Rockford, IL: Chicago/Rockford International"
RFD,2026,4,88.0,12.0,5.31,1.46,1.46,0.0,3.77,0.0,1.0,682.0,283.0,147.0,45.0,0.0,207.0,"Rockford, IL: Chicago/Rockford International"
RFD,2026,5,90.0,12.0,6.48,0.0,5.52,0.0,0.0,0.0,0.0,1537.0,318.0,0.0,1219.0,0.0,0.0,"Rockford, IL: Chicago/Rockford International"
RFD,2026,6,96.0,17.0,9.15,0.83,4.03,0.0,3.0,0.0,0.0,2171.0,1532.0,129.0,211.0,0.0,299.0,"Rockford, IL: Chicago/Rockford International"
RFD,2026,7,98.0,22.0,6.68,7.6,5.55,0.0,2.18,0.0,0.0,1478.0,599.0,462.0,234.0,0.0,183.0,"Rockford, IL: Chicago/Rockford International"
RHI,2025,8,123.0,19.0,7.88,2.0,2.12,0.0,7.0,4.0,1.0,1096.0,431.0,316.0,72.0,0.0,277.0,"Rhinelander, WI: Rhinelander/Oneida County"
RHI,2025,9,95.0,8.0,6.89,0.0,0.11,0.0,1.0,1.0,0.0,456.0,430.0,0.0,8.0,0.0,18.0,"Rhinelander, WI: Rhinelander/Oneida County"
RHI,2025,10,62.0,4.0,3.0,1.0,0.0,0.0,0.0,0.0,0.0,962.0,846.0,116.0,0.0,0.0,0.0,"Rhinelander, WI: Rhinelander/Oneida County"
RHI,2025,11,58.0,8.0,3.28,3.1,1.62,0.0,0.0,5.0,0.0,790.0,173.0,487.0,130.0,0.0,0.0,"Rhinelander, WI: Rhinelander/Oneida County"
RHI,2025,12,59.0,12.0,10.18,0.0,1.82,0.0,0.0,2.0,1.0,1566.0,1443.0,0.0,123.0,0.0,0.0,"Rhinelander, WI: Rhinelander/Oneida County"
RHI,2026,1,61.0,11.0,6.98,3.0,1.02,0.0,0.0,3.0,1.0,777.0,558.0,176.0,43.0,0.0,0.0,"Rhinelander, WI: Rhinelander/Oneida County"
RHI,2026,2,56.0,11.0,9.72,0.81,0.47,0.0,0.0,1.0,1.0,821.0,552.0,198.0,71.0,0.0,0.0,"Rhinelander, WI: Rhinelander/Oneida County"
RHI,2026,3,62.0,10.0,6.18,3.0,0.82,0.0,0.0,4.0,0.0,1611.0,1218.0,351.0,42.0,0.0,0.0,"Rhinelander, WI: Rhinelander/Oneida County"
RHI,2026,4,60.0,9.0,5.0,3.85,0.15,0.0,0.0,2.0,0.0,614.0,250.0,342.0,22.0,0.0,0.0,"Rhinelander, WI: Rhinelander/Oneida County"
RHI,2026,5,68.0,4.0,3.92,0.0,0.08,0.0,0.0,0.0,0.0,145.0,143.0,0.0,2.0,0.0,0.0,"Rhinelander, WI: Rhinelander/Oneida County"
RHI,2026,6,79.0,9.0,5.0,3.31,0.69,0.0,0.0,0.0,0.0,487.0,317.0,143.0,27.0,0.0,0.0,"Rhinelander, WI: Rhinelander/Oneida County"
RHI,2026,7,93.0,17.0,10.34,1.93,1.5,0.0,3.23,2.0,0.0,1184.0,795.0,141.0,113.0,0.0,135.0,"Rhinelander, WI: Rhinelander/Oneida County"
RIC,2025,8,2262.0,518.0,178.27,20.23,105.48,2.0,212.0,30.0,6.0,39563.0,13332.0,2466.0,4809.0,100.0,18856.0,"Richmond, VA: Richmond International"
RIC,2025,9,2138.0,376.0,148.18,9.78,75.17,0.8,142.06,15.0,1.0,24014.0,9370.0,1170.0,3388.0,36.0,10050.0,"Richmond, VA: Richmond International"
RIC,2025,10,2366.0,560.0,190.18,11.219999999999999,140.54999999999998,0.0,218.04000000000002,21.0,0.0,35881.0,13700.0,1842.0,5716.0,0.0,14623.0,"Richmond, VA: Richmond International"
RIC,2025,11,2252.0,511.0,172.72,11.73,133.8,0.35,192.4,67.0,1.0,38340.0,12745.0,979.0,6838.0,18.0,17760.0,"Richmond, VA: Richmond International"
RIC,2025,12,2220.0,733.0,224.74,34.24,155.58,0.0,318.46,45.0,4.0,58633.0,16929.0,4579.0,7818.0,0.0,29307.0,"Richmond, VA: Richmond International"
RIC,2026,1,2035.0,470.0,183.34,15.54,100.14,0.96,170.05,168.0,1.0,33734.0,13586.0,1697.0,4617.0,80.0,13754.0,"Richmond, VA: Richmond International"
RIC,2026,2,1913.0,406.0,141.39,11.7,90.39,0.0,162.53,73.0,1.0,26096.0,8911.0,845.0,4105.0,0.0,12235.0,"Richmond, VA: Richmond International"
RIC,2026,3,2281.0,637.0,193.96,24.2,159.17000000000002,0.32,259.35,90.0,18.0,46970.0,13690.0,2611.0,8740.0,18.0,21911.0,"Richmond, VA: Richmond International"
RIC,2026,4,2254.0,452.0,147.61,6.25,109.4,2.13,186.63,18.0,1.0,28867.0,9279.0,649.0,3987.0,82.0,14870.0,"Richmond, VA: Richmond International"
RIC,2026,5,2335.0,476.0,170.36,11.879999999999999,82.34,0.0,211.41,23.0,1.0,32833.0,10148.0,2491.0,3182.0,0.0,17012.0,"Richmond, VA: Richmond International"
RIC,2026,6,2264.0,521.0,156.55,20.0,98.44,2.29,243.75,52.0,8.0,41640.0,11395.0,2735.0,5415.0,147.0,21948.0,"Richmond, VA: Richmond International"
RIC,2026,7,2323.0,718.0,230.02,46.53,146.09,1.2600000000000002,294.1,106.0,9.0,56814.0,15699.0,6235.0,9581.0,243.0,25056.0,"Richmond, VA: Richmond International"
RIW,2025,8,62.0,18.0,6.4,0.0,3.64,0.0,7.96,1.0,0.0,1805.0,1001.0,0.0,236.0,0.0,568.0,"Riverton/Lander, WY: Central Wyoming Regional"
RIW,2025,9,60.0,5.0,0.0,0.0,2.0,0.0,3.0,0.0,0.0,330.0,0.0,0.0,132.0,0.0,198.0,"Riverton/Lander, WY: Central Wyoming Regional"
RIW,2025,10,62.0,7.0,3.72,0.0,1.28,0.0,2.0,0.0,0.0,347.0,208.0,0.0,45.0,0.0,94.0,"Riverton/Lander, WY: Central Wyoming Regional"
RIW,2025,11,59.0,4.0,3.98,0.0,0.02,0.0,0.0,0.0,0.0,801.0,786.0,0.0,15.0,0.0,0.0,"Riverton/Lander, WY: Central Wyoming Regional"
RIW,2025,12,62.0,12.0,4.5,2.0,1.5,0.0,4.0,0.0,0.0,542.0,102.0,169.0,123.0,0.0,148.0,"Riverton/Lander, WY: Central Wyoming Regional"
RIW,2026,1,62.0,12.0,4.75,0.0,1.52,0.0,5.73,0.0,0.0,2628.0,732.0,0.0,57.0,0.0,1839.0,"Riverton/Lander, WY: Central Wyoming Regional"
RIW,2026,2,55.0,9.0,4.89,0.0,2.21,0.0,1.9,1.0,0.0,679.0,237.0,0.0,86.0,0.0,356.0,"Riverton/Lander, WY: Central Wyoming Regional"
RIW,2026,3,62.0,11.0,3.63,1.89,2.66,0.0,2.83,2.0,0.0,659.0,288.0,34.0,125.0,0.0,212.0,"Riverton/Lander, WY: Central Wyoming Regional"
RIW,2026,4,60.0,10.0,6.38,2.0,0.63,0.0,1.0,0.0,2.0,742.0,228.0,426.0,10.0,0.0,78.0,"Riverton/Lander, WY: Central Wyoming Regional"
RIW,2026,5,62.0,11.0,4.0,0.0,1.41,0.0,5.59,0.0,0.0,1086.0,103.0,0.0,64.0,0.0,919.0,"Riverton/Lander, WY: Central Wyoming Regional"
RIW,2026,6,60.0,15.0,4.85,0.06,6.1,0.0,3.99,0.0,0.0,1489.0,214.0,4.0,504.0,0.0,767.0,"Riverton/Lander, WY: Central Wyoming Regional"
RIW,2026,7,62.0,17.0,8.83,1.0,2.75,0.0,4.43,1.0,0.0,1074.0,367.0,19.0,193.0,0.0,495.0,"Riverton/Lander, WY: Central Wyoming Regional"
RKS,2025,8,62.0,17.0,6.22,1.0,4.97,0.0,4.82,2.0,1.0,2906.0,1441.0,73.0,367.0,0.0,1025.0,"Rock Springs, WY: Southwest Wyoming Regional"
RKS,2025,9,60.0,13.0,5.9,0.35,4.82,0.0,1.93,0.0,0.0,953.0,424.0,16.0,363.0,0.0,150.0,"Rock Springs, WY: Southwest Wyoming Regional"
RKS,2025,10,62.0,7.0,2.94,2.0,1.06,0.0,1.0,0.0,2.0,316.0,148.0,111.0,22.0,0.0,35.0,"Rock Springs, WY: Southwest Wyoming Regional"
RKS,2025,11,59.0,2.0,1.52,0.0,0.48,0.0,0.0,0.0,1.0,109.0,96.0,0.0,13.0,0.0,0.0,"Rock Springs, WY: Southwest Wyoming Regional"
RKS,2025,12,62.0,18.0,7.44,0.0,2.05,0.0,8.51,0.0,0.0,1056.0,568.0,0.0,134.0,0.0,354.0,"Rock Springs, WY: Southwest Wyoming Regional"
RKS,2026,1,62.0,16.0,8.98,1.0,1.03,0.0,4.99,0.0,0.0,2125.0,1052.0,34.0,53.0,0.0,986.0,"Rock Springs, WY: Southwest Wyoming Regional"
RKS,2026,2,55.0,11.0,4.56,1.0,2.28,0.0,3.17,1.0,0.0,1479.0,923.0,28.0,255.0,0.0,273.0,"Rock Springs, WY: Southwest Wyoming Regional"
RKS,2026,3,62.0,15.0,3.8,1.67,3.73,0.0,5.8,1.0,0.0,1346.0,131.0,327.0,411.0,0.0,477.0,"Rock Springs, WY: Southwest Wyoming Regional"
RKS,2026,4,60.0,8.0,5.0,0.8,0.2,0.0,2.0,0.0,0.0,922.0,794.0,16.0,4.0,0.0,108.0,"Rock Springs, WY: Southwest Wyoming Regional"
RKS,2026,5,62.0,13.0,4.71,1.0,2.61,0.0,4.68,0.0,1.0,828.0,201.0,29.0,100.0,0.0,498.0,"Rock Springs, WY: Southwest Wyoming Regional"
RKS,2026,6,60.0,15.0,5.27,1.0,6.01,0.0,2.71,0.0,0.0,724.0,289.0,21.0,316.0,0.0,98.0,"Rock Springs, WY: Southwest Wyoming Regional"
RKS,2026,7,62.0,22.0,9.01,0.96,6.18,0.0,5.84,0.0,0.0,1481.0,820.0,55.0,329.0,0.0,277.0,"Rock Springs, WY: Southwest Wyoming Regional"
RNO,2025,8,2096.0,438.0,161.3,7.72,59.15,1.89,207.95,13.0,5.0,25866.0,9741.0,593.0,2199.0,96.0,13237.0,"Reno, NV: Reno/Tahoe International"
RNO,2025,9,1888.0,280.0,80.39,3.5100000000000002,47.68,0.0,148.44,14.0,0.0,15831.0,4706.0,157.0,2024.0,0.0,8944.0,"Reno, NV: Reno/Tahoe International"
RNO,2025,10,1815.0,359.0,123.86,7.32,63.76,0.0,164.06,7.0,4.0,18985.0,7563.0,494.0,2459.0,0.0,8469.0,"Reno, NV: Reno/Tahoe International"
RNO,2025,11,1811.0,286.0,82.37,7.4,44.36,0.08,151.8,37.0,3.0,18247.0,5104.0,469.0,2214.0,7.0,10453.0,"Reno, NV: Reno/Tahoe International"
RNO,2025,12,1872.0,426.0,154.1,13.87,52.97,1.0,204.06,20.0,18.0,27225.0,9363.0,1356.0,2390.0,22.0,14094.0,"Reno, NV: Reno/Tahoe International"
RNO,2026,1,1772.0,270.0,109.31,15.620000000000001,40.71,0.0,104.34,25.0,1.0,15518.0,5357.0,1278.0,2238.0,0.0,6645.0,"Reno, NV: Reno/Tahoe International"
RNO,2026,2,1697.0,301.0,106.46000000000001,16.97,69.63,0.0,107.94999999999999,20.0,8.0,19621.0,5768.0,2945.0,3731.0,0.0,7177.0,"Reno, NV: Reno/Tahoe International"
RNO,2026,3,1951.0,347.0,131.06,4.3500000000000005,38.91,2.15,170.54,11.0,3.0,20787.0,7999.0,439.0,1464.0,123.0,10762.0,"Reno, NV: Reno/Tahoe International"
RNO,2026,4,1791.0,365.0,126.58,6.13,57.76,0.0,173.54,5.0,1.0,18393.0,6066.0,378.0,2093.0,0.0,9770.0,"Reno, NV: Reno/Tahoe International"
RNO,2026,5,1816.0,398.0,150.2,7.89,44.870000000000005,0.0,195.06,12.0,0.0,21147.0,8389.0,386.0,1931.0,0.0,10441.0,"Reno, NV: Reno/Tahoe International"
RNO,2026,6,2017.0,578.0,197.98,12.6,69.71000000000001,0.0,297.69,19.0,2.0,35495.0,11108.0,1800.0,3202.0,0.0,19385.0,"Reno, NV: Reno/Tahoe International"
RNO,2026,7,2186.0,545.0,171.95,4.55,59.2,1.48,307.84,21.0,4.0,35789.0,11479.0,286.0,3696.0,77.0,20251.0,"Reno, NV: Reno/Tahoe International"
ROA,2025,8,671.0,163.0,45.26,10.35,42.769999999999996,0.0,64.63,5.0,6.0,12008.0,3516.0,781.0,1800.0,0.0,5911.0,"Roanoke, VA: Roanoke Blacksburg Regional"
ROA,2025,9,675.0,105.0,36.37,4.34,25.979999999999997,0.0,38.3,0.0,5.0,7394.0,2208.0,378.0,2248.0,0.0,2560.0,"Roanoke, VA: Roanoke Blacksburg Regional"
ROA,2025,10,742.0,141.0,47.44,3.62,39.61,0.2,50.129999999999995,4.0,6.0,8192.0,2922.0,203.0,1414.0,9.0,3644.0,"Roanoke, VA: Roanoke Blacksburg Regional"
ROA,2025,11,717.0,149.0,48.67,3.84,37.32,0.0,59.16,31.0,3.0,10818.0,3791.0,868.0,1381.0,0.0,4778.0,"Roanoke, VA: Roanoke Blacksburg Regional"
ROA,2025,12,661.0,198.0,60.95,16.119999999999997,35.74,0.0,85.2,13.0,7.0,16087.0,4503.0,2076.0,1799.0,0.0,7709.0,"Roanoke, VA: Roanoke Blacksburg Regional"
ROA,2026,1,629.0,117.0,27.91,9.53,28.720000000000002,0.0,50.83,48.0,2.0,9777.0,2078.0,1741.0,1256.0,0.0,4702.0,"Roanoke, VA: Roanoke Blacksburg Regional"
ROA,2026,2,567.0,121.0,37.87,3.67,26.32,0.0,53.15,15.0,3.0,6432.0,1620.0,802.0,1064.0,0.0,2946.0,"Roanoke, VA: Roanoke Blacksburg Regional"
ROA,2026,3,657.0,167.0,50.800000000000004,10.58,31.099999999999998,0.0,74.52,21.0,1.0,14195.0,4874.0,1263.0,1378.0,0.0,6680.0,"Roanoke, VA: Roanoke Blacksburg Regional"
ROA,2026,4,737.0,133.0,43.13,4.19,34.26,0.33,51.06999999999999,14.0,3.0,9428.0,2197.0,369.0,1462.0,6.0,5394.0,"Roanoke, VA: Roanoke Blacksburg Regional"
ROA,2026,5,767.0,165.0,51.05,13.86,33.660000000000004,0.0,66.45,7.0,1.0,14095.0,4275.0,1653.0,1320.0,0.0,6847.0,"Roanoke, VA: Roanoke Blacksburg Regional"
ROA,2026,6,721.0,172.0,64.55,12.97,39.230000000000004,0.0,55.260000000000005,21.0,4.0,11160.0,4099.0,1035.0,1597.0,0.0,4429.0,"Roanoke, VA: Roanoke Blacksburg Regional"
ROA,2026,7,709.0,244.0,78.24,14.14,51.75,0.0,99.89,29.0,3.0,20595.0,7128.0,1155.0,2785.0,0.0,9527.0,"Roanoke, VA: Roanoke Blacksburg Regional"
ROC,2025,8,1432.0,297.0,107.96000000000001,13.09,54.97,0.09,120.88000000000001,16.0,1.0,20120.0,5726.0,1330.0,3074.0,20.0,9970.0,"Rochester, NY: Frederick Douglass Grtr Rochester International"
ROC,2025,9,1330.0,203.0,86.26,0.35,33.09,1.0,82.28999999999999,7.0,0.0,11998.0,5294.0,29.0,1650.0,94.0,4931.0,"Rochester, NY: Frederick Douglass Grtr Rochester International"
ROC,2025,10,1390.0,262.0,83.99,2.51,61.68,0.0,113.83000000000001,11.0,5.0,18131.0,6523.0,570.0,2449.0,0.0,8589.0,"Rochester, NY: Frederick Douglass Grtr Rochester International"
ROC,2025,11,1312.0,317.0,101.03,8.15,74.99,0.6,132.19,37.0,4.0,21280.0,6254.0,717.0,3481.0,9.0,10819.0,"Rochester, NY: Frederick Douglass Grtr Rochester International"
ROC,2025,12,1298.0,445.0,148.63,16.349999999999998,99.34,0.0,180.65,57.0,3.0,34368.0,11301.0,2141.0,5102.0,0.0,15824.0,"Rochester, NY: Frederick Douglass Grtr Rochester International"
ROC,2026,1,1221.0,290.0,92.04,11.66,85.66,1.0,99.64,84.0,10.0,20267.0,5866.0,1206.0,3748.0,22.0,9425.0,"Rochester, NY: Frederick Douglass Grtr Rochester International"
ROC,2026,2,1199.0,292.0,99.91,9.06,82.08,1.6400000000000001,99.28999999999999,55.0,7.0,18389.0,5825.0,1334.0,3492.0,95.0,7643.0,"Rochester, NY: Frederick Douglass Grtr Rochester International"
ROC,2026,3,1409.0,378.0,115.6,14.38,70.95,1.78,175.3,43.0,1.0,29955.0,8509.0,2322.0,3482.0,88.0,15554.0,"Rochester, NY: Frederick Douglass Grtr Rochester International"
ROC,2026,4,1452.0,304.0,87.00999999999999,3.4,60.15,0.05,153.4,13.0,2.0,19020.0,5798.0,219.0,2437.0,1.0,10565.0,"Rochester, NY: Frederick Douglass Grtr Rochester International"
ROC,2026,5,1475.0,263.0,91.41999999999999,10.31,42.82,0.68,117.78999999999999,19.0,6.0,16449.0,4464.0,1180.0,3048.0,13.0,7744.0,"Rochester, NY: Frederick Douglass Grtr Rochester International"
ROC,2026,6,1423.0,316.0,111.21000000000001,11.79,52.92,1.74,138.38,48.0,1.0,23225.0,7505.0,1559.0,2849.0,68.0,11244.0,"Rochester, NY: Frederick Douglass Grtr Rochester International"
ROC,2026,7,1465.0,446.0,151.74,22.669999999999998,82.77,0.58,188.23,110.0,3.0,35286.0,10901.0,3783.0,4142.0,15.0,16445.0,"Rochester, NY: Frederick Douglass Grtr Rochester International"
ROW,2025,8,93.0,23.0,10.57,7.0,2.98,1.0,1.45,1.0,0.0,1546.0,632.0,644.0,125.0,90.0,55.0,"Roswell, NM: Roswell Air Center"
ROW,2025,9,68.0,9.0,2.0,1.0,1.56,1.0,3.44,2.0,0.0,641.0,67.0,50.0,161.0,206.0,157.0,"Roswell, NM: Roswell Air Center"
ROW,2025,10,62.0,12.0,7.0,2.0,0.68,0.0,2.32,1.0,0.0,536.0,271.0,149.0,24.0,0.0,92.0,"Roswell, NM: Roswell Air Center"
ROW,2025,11,59.0,9.0,4.87,1.91,0.24,0.0,1.98,0.0,1.0,503.0,173.0,195.0,28.0,0.0,107.0,"Roswell, NM: Roswell Air Center"
ROW,2025,12,62.0,12.0,6.37,0.0,0.47,0.0,5.16,0.0,0.0,516.0,346.0,0.0,7.0,0.0,163.0,"Roswell, NM: Roswell Air Center"
ROW,2026,1,61.0,11.0,2.71,3.0,1.48,0.0,3.81,6.0,0.0,699.0,111.0,435.0,32.0,0.0,121.0,"Roswell, NM: Roswell Air Center"
ROW,2026,2,71.0,10.0,4.0,0.0,0.0,0.0,6.0,1.0,0.0,528.0,153.0,0.0,0.0,0.0,375.0,"Roswell, NM: Roswell Air Center"
ROW,2026,3,124.0,16.0,6.74,1.35,1.8599999999999999,0.0,6.050000000000001,1.0,0.0,1426.0,729.0,88.0,145.0,0.0,464.0,"Roswell, NM: Roswell Air Center"
ROW,2026,4,120.0,27.0,6.08,2.7,3.7399999999999998,1.0,13.48,0.0,0.0,1299.0,199.0,115.0,281.0,49.0,655.0,"Roswell, NM: Roswell Air Center"
ROW,2026,5,133.0,30.0,6.06,1.83,4.68,0.0,17.45,5.0,0.0,2149.0,305.0,87.0,523.0,0.0,1234.0,"Roswell, NM: Roswell Air Center"
ROW,2026,6,150.0,49.0,24.04,6.34,5.93,0.0,12.68,4.0,0.0,2652.0,1138.0,385.0,337.0,0.0,792.0,"Roswell, NM: Roswell Air Center"
ROW,2026,7,154.0,31.0,13.72,3.01,5.49,0.0,8.78,0.0,0.0,1891.0,501.0,210.0,265.0,0.0,915.0,"Roswell, NM: Roswell Air Center"
RST,2025,8,170.0,51.0,20.880000000000003,9.39,7.62,0.96,12.15,2.0,0.0,4085.0,1317.0,1482.0,443.0,51.0,792.0,"Rochester, MN: Rochester International"
RST,2025,9,158.0,25.0,15.110000000000001,2.18,1.9100000000000001,0.0,5.81,1.0,1.0,1663.0,1206.0,144.0,82.0,0.0,231.0,"Rochester, MN: Rochester International"
RST,2025,10,175.0,47.0,21.04,4.36,5.77,0.0,15.83,0.0,0.0,4187.0,2669.0,156.0,505.0,0.0,857.0,"Rochester, MN: Rochester International"
RST,2025,11,173.0,33.0,13.51,6.970000000000001,7.0,0.0,5.53,8.0,0.0,2471.0,770.0,537.0,487.0,0.0,677.0,"Rochester, MN: Rochester International"
RST,2025,12,178.0,87.0,17.369999999999997,17.68,26.369999999999997,0.0,25.59,15.0,0.0,9771.0,1870.0,4412.0,1408.0,0.0,2081.0,"Rochester, MN: Rochester International"
RST,2026,1,177.0,70.0,28.619999999999997,9.04,19.27,0.0,13.059999999999999,3.0,0.0,6641.0,3707.0,1126.0,982.0,0.0,826.0,"Rochester, MN: Rochester International"
RST,2026,2,164.0,42.0,16.23,5.85,9.96,0.0,9.96,0.0,0.0,4049.0,1241.0,1455.0,594.0,0.0,759.0,"Rochester, MN: Rochester International"
RST,2026,3,183.0,48.0,17.759999999999998,2.5100000000000002,6.97,0.0,20.77,16.0,0.0,3888.0,1433.0,657.0,327.0,0.0,1471.0,"Rochester, MN: Rochester International"
RST,2026,4,176.0,56.0,19.75,5.58,10.309999999999999,0.0,20.369999999999997,4.0,1.0,3486.0,1381.0,438.0,411.0,0.0,1256.0,"Rochester, MN: Rochester International"
RST,2026,5,185.0,22.0,10.469999999999999,4.1,1.42,0.0,6.0,5.0,1.0,3106.0,1980.0,650.0,91.0,0.0,385.0,"Rochester, MN: Rochester International"
RST,2026,6,179.0,63.0,22.89,7.12,9.23,0.0,23.75,6.0,1.0,5413.0,2216.0,1029.0,590.0,0.0,1578.0,"Rochester, MN: Rochester International"
RST,2026,7,185.0,54.0,25.54,4.41,6.789999999999999,0.0,17.26,7.0,0.0,5013.0,2241.0,456.0,436.0,0.0,1880.0,"Rochester, MN: Rochester International"
RSW,2025,8,2063.0,436.0,139.54,13.44,130.25,1.55,151.22,20.0,3.0,26689.0,8764.0,1481.0,4863.0,58.0,11523.0,"Fort Myers, FL: Southwest Florida International"
RSW,2025,9,1849.0,254.0,90.6,5.83,64.64,0.25,92.68,2.0,3.0,14975.0,5506.0,436.0,2465.0,6.0,6562.0,"Fort Myers, FL: Southwest Florida International"
RSW,2025,10,2375.0,456.0,168.92000000000002,4.3,107.94999999999999,1.25,173.57999999999998,10.0,21.0,26051.0,10035.0,604.0,4337.0,43.0,11032.0,"Fort Myers, FL: Southwest Florida International"
RSW,2025,11,2991.0,566.0,179.91,11.66,198.78,2.96,172.71,47.0,2.0,40580.0,13800.0,1344.0,10604.0,140.0,14692.0,"Fort Myers, FL: Southwest Florida International"
RSW,2025,12,3502.0,1046.0,346.29999999999995,17.23,352.36,1.0,329.1,62.0,9.0,71065.0,21935.0,2529.0,19426.0,26.0,27149.0,"Fort Myers, FL: Southwest Florida International"
RSW,2026,1,3465.0,849.0,255.32,23.55,330.95,0.16,239.04,136.0,26.0,54103.0,16958.0,3422.0,14222.0,4.0,19497.0,"Fort Myers, FL: Southwest Florida International"
RSW,2026,2,3563.0,786.0,263.84000000000003,16.73,241.2,0.26,263.99,101.0,15.0,47737.0,16985.0,1436.0,10151.0,18.0,19147.0,"Fort Myers, FL: Southwest Florida International"
RSW,2026,3,4512.0,1268.0,370.64,23.689999999999998,421.40999999999997,4.8100000000000005,447.46,141.0,19.0,88784.0,26738.0,1796.0,23608.0,209.0,36433.0,"Fort Myers, FL: Southwest Florida International"
RSW,2026,4,3633.0,737.0,212.60000000000002,9.89,242.25,0.0,272.26,25.0,20.0,42752.0,13274.0,740.0,9982.0,0.0,18756.0,"Fort Myers, FL: Southwest Florida International"
RSW,2026,5,2800.0,565.0,180.34,14.96,147.44,1.0,221.27,13.0,12.0,33210.0,11134.0,1479.0,5806.0,16.0,14775.0,"Fort Myers, FL: Southwest Florida International"
RSW,2026,6,2090.0,477.0,160.89,16.48,97.83,0.0,201.81,20.0,15.0,30887.0,10355.0,1336.0,4405.0,0.0,14791.0,"Fort Myers, FL: Southwest Florida International"
RSW,2026,7,2063.0,591.0,189.60000000000002,18.61,140.57999999999998,1.26,240.95,62.0,11.0,40438.0,13821.0,1646.0,7618.0,127.0,17226.0,"Fort Myers, FL: Southwest Florida International"
SAF,2025,8,340.0,69.0,20.87,17.92,12.78,0.0,17.43,5.0,1.0,4089.0,998.0,1439.0,521.0,0.0,1131.0,"Santa Fe, NM: Santa Fe Regional"
SAF,2025,9,330.0,56.0,37.79,3.93,7.16,0.0,7.11,5.0,0.0,3570.0,2424.0,375.0,506.0,0.0,265.0,"Santa Fe, NM: Santa Fe Regional"
SAF,2025,10,378.0,80.0,46.18,6.78,6.01,0.0,21.03,3.0,0.0,4797.0,2900.0,531.0,315.0,0.0,1051.0,"Santa Fe, NM: Santa Fe Regional"
SAF,2025,11,301.0,51.0,24.23,6.36,8.98,0.0,11.43,10.0,1.0,3551.0,1596.0,912.0,569.0,0.0,474.0,"Santa Fe, NM: Santa Fe Regional"
SAF,2025,12,339.0,81.0,46.89,1.98,9.08,0.0,23.05,1.0,1.0,5626.0,3232.0,56.0,598.0,0.0,1740.0,"Santa Fe, NM: Santa Fe Regional"
SAF,2026,1,363.0,67.0,38.74,7.27,5.14,0.0,15.84,13.0,0.0,5078.0,2654.0,1297.0,393.0,0.0,734.0,"Santa Fe, NM: Santa Fe Regional"
SAF,2026,2,323.0,79.0,46.77,5.6,3.82,0.0,22.81,2.0,2.0,5517.0,2772.0,727.0,408.0,0.0,1610.0,"Santa Fe, NM: Santa Fe Regional"
SAF,2026,3,391.0,103.0,50.07,9.41,12.59,0.0,30.93,9.0,0.0,12309.0,6465.0,1850.0,1438.0,0.0,2556.0,"Santa Fe, NM: Santa Fe Regional"
SAF,2026,4,385.0,62.0,27.76,4.97,8.56,0.0,20.71,3.0,0.0,5472.0,1886.0,1144.0,626.0,0.0,1816.0,"Santa Fe, NM: Santa Fe Regional"
SAF,2026,5,391.0,55.0,23.67,6.97,10.17,0.0,14.18,6.0,1.0,3765.0,1027.0,777.0,554.0,0.0,1407.0,"Santa Fe, NM: Santa Fe Regional"
SAF,2026,6,391.0,93.0,42.08,8.98,17.14,0.0,24.8,9.0,2.0,7218.0,3145.0,759.0,1400.0,0.0,1914.0,"Santa Fe, NM: Santa Fe Regional"
SAF,2026,7,407.0,100.0,45.83,12.15,11.38,0.0,30.63,3.0,1.0,12160.0,4782.0,3864.0,1057.0,0.0,2457.0,"Santa Fe, NM: Santa Fe Regional"
SAN,2025,8,8525.0,2038.0,679.76,46.14,508.98,3.12,800.04,50.0,7.0,109953.0,35880.0,5094.0,19545.0,181.0,49253.0,"San Diego, CA: San Diego International"
SAN,2025,9,8022.0,1658.0,513.21,28.27,523.8199999999999,3.13,589.5899999999999,91.0,64.0,99134.0,29424.0,3615.0,29590.0,173.0,36332.0,"San Diego, CA: San Diego International"
SAN,2025,10,8870.0,2272.0,650.8199999999999,38.52,798.5,6.699999999999999,776.45,75.0,76.0,116961.0,33543.0,5797.0,32205.0,187.0,45031.0,"San Diego, CA: San Diego International"
SAN,2025,11,8561.0,2216.0,578.5699999999999,56.400000000000006,934.27,2.5300000000000002,644.24,229.0,23.0,123896.0,31942.0,4094.0,46036.0,130.0,41694.0,"San Diego, CA: San Diego International"
SAN,2025,12,8839.0,2661.0,744.52,72.28999999999999,973.81,9.42,860.98,142.0,50.0,151377.0,44205.0,6214.0,45168.0,263.0,55527.0,"San Diego, CA: San Diego International"
SAN,2026,1,8049.0,1729.0,505.58,57.36,691.14,4.2,470.73,210.0,84.0,101800.0,27970.0,6215.0,37513.0,137.0,29965.0,"San Diego, CA: San Diego International"
SAN,2026,2,7581.0,1528.0,487.91,29.26,483.17,1.6,526.0799999999999,76.0,20.0,74360.0,24531.0,2050.0,18420.0,35.0,29324.0,"San Diego, CA: San Diego International"
SAN,2026,3,9131.0,1885.0,624.64,54.22,510.9,9.02,686.21,100.0,8.0,110975.0,35653.0,5193.0,24126.0,273.0,45730.0,"San Diego, CA: San Diego International"
SAN,2026,4,9065.0,2189.0,622.38,27.02,805.81,1.22,732.59,36.0,7.0,100165.0,29033.0,1883.0,28706.0,37.0,40506.0,"San Diego, CA: San Diego International"
SAN,2026,5,9586.0,2545.0,700.41,43.480000000000004,897.55,7.13,896.44,69.0,13.0,132015.0,35976.0,4847.0,35958.0,375.0,54859.0,"San Diego, CA: San Diego International"
SAN,2026,6,9762.0,3352.0,826.94,56.07,1192.87,5.83,1270.27,95.0,9.0,176986.0,45269.0,4919.0,48659.0,250.0,77889.0,"San Diego, CA: San Diego International"
SAN,2026,7,10193.0,3579.0,801.81,68.34,1499.29,6.02,1202.54,152.0,25.0,198881.0,46862.0,7534.0,65891.0,281.0,77709.0,"San Diego, CA: San Diego International"
SAT,2025,8,3486.0,832.0,291.65,31.509999999999998,110.0,0.88,397.94,37.0,11.0,56253.0,18574.0,2811.0,5378.0,26.0,29464.0,"San Antonio, TX: San Antonio International"
SAT,2025,9,3345.0,542.0,183.19,8.38,97.09,1.51,251.83999999999997,20.0,3.0,33617.0,9647.0,822.0,4219.0,84.0,18845.0,"San Antonio, TX: San Antonio International"
SAT,2025,10,3691.0,662.0,261.25,11.61,89.24,1.17,298.71999999999997,13.0,2.0,41823.0,17056.0,1315.0,3478.0,69.0,19905.0,"San Antonio, TX: San Antonio International"
SAT,2025,11,3471.0,679.0,250.45000000000002,13.67,109.92,1.13,303.82,43.0,3.0,41608.0,14115.0,891.0,4680.0,114.0,21808.0,"San Antonio, TX: San Antonio International"
SAT,2025,12,3618.0,832.0,327.29,12.51,125.15,1.29,365.77,23.0,3.0,48561.0,19447.0,1661.0,5659.0,69.0,21725.0,"San Antonio, TX: San Antonio International"
SAT,2026,1,2982.0,598.0,240.48000000000002,19.96,125.57,1.0,210.98,112.0,4.0,37640.0,14862.0,3437.0,5693.0,28.0,13620.0,"San Antonio, TX: San Antonio International"
SAT,2026,2,2728.0,462.0,189.55,14.07,70.98,0.0,187.4,30.0,6.0,24994.0,10195.0,1176.0,2783.0,0.0,10840.0,"San Antonio, TX: San Antonio International"
SAT,2026,3,3460.0,770.0,288.59999999999997,19.42,106.13,0.91,354.94,47.0,0.0,49690.0,18214.0,2553.0,5392.0,19.0,23512.0,"San Antonio, TX: San Antonio International"
SAT,2026,4,3419.0,710.0,233.38,17.1,156.57,0.0,302.96,22.0,2.0,37851.0,12561.0,1432.0,6273.0,0.0,17585.0,"San Antonio, TX: San Antonio International"
SAT,2026,5,3554.0,923.0,327.3,24.509999999999998,201.98,0.42,364.81000000000006,43.0,16.0,56648.0,18591.0,3256.0,9546.0,14.0,24258.0,"San Antonio, TX: San Antonio International"
SAT,2026,6,3464.0,1098.0,381.57000000000005,34.18,168.47,1.14,512.65,51.0,24.0,77639.0,26679.0,3709.0,7757.0,55.0,39439.0,"San Antonio, TX: San Antonio International"
SAT,2026,7,3542.0,1087.0,409.59000000000003,32.14,143.74,0.0,501.53999999999996,35.0,3.0,77000.0,26399.0,3179.0,7390.0,0.0,40032.0,"San Antonio, TX: San Antonio International"
SAV,2025,8,1965.0,389.0,130.56,14.06,86.73,0.39,157.25,15.0,8.0,27846.0,8089.0,1275.0,3852.0,68.0,14562.0,"Savannah, GA: Savannah/Hilton Head International"
SAV,2025,9,1786.0,256.0,106.81,5.55,51.839999999999996,1.0,90.82,12.0,1.0,18818.0,7456.0,788.0,2427.0,34.0,8113.0,"Savannah, GA: Savannah/Hilton Head International"
SAV,2025,10,2017.0,381.0,157.09,3.2800000000000002,90.56,0.06,130.03,7.0,4.0,24151.0,9220.0,263.0,3263.0,15.0,11390.0,"Savannah, GA: Savannah/Hilton Head International"
SAV,2025,11,1925.0,350.0,111.89,10.84,85.41,0.79,141.1,34.0,2.0,24600.0,7937.0,966.0,3934.0,33.0,11730.0,"Savannah, GA: Savannah/Hilton Head International"
SAV,2025,12,1875.0,495.0,164.19,14.280000000000001,114.81,2.0,199.71,32.0,2.0,33929.0,10466.0,2042.0,5556.0,67.0,15798.0,"Savannah, GA: Savannah/Hilton Head International"
SAV,2026,1,1690.0,330.0,102.75,17.94,88.35,0.47,120.44,127.0,7.0,22230.0,7183.0,1738.0,3674.0,9.0,9626.0,"Savannah, GA: Savannah/Hilton Head International"
SAV,2026,2,1614.0,292.0,108.03,8.22,58.87,0.0,116.85,53.0,5.0,18608.0,6833.0,840.0,2627.0,0.0,8308.0,"Savannah, GA: Savannah/Hilton Head International"
SAV,2026,3,2066.0,479.0,164.82999999999998,19.8,93.17,0.24,200.96,59.0,3.0,37549.0,12469.0,2449.0,5364.0,11.0,17256.0,"Savannah, GA: Savannah/Hilton Head International"
SAV,2026,4,2184.0,406.0,130.74,5.3,92.41,0.09,177.42,13.0,1.0,24880.0,8620.0,407.0,3667.0,3.0,12183.0,"Savannah, GA: Savannah/Hilton Head International"
SAV,2026,5,2187.0,430.0,146.67000000000002,15.54,132.35,0.0,135.43,15.0,6.0,29150.0,9190.0,2226.0,5751.0,0.0,11983.0,"Savannah, GA: Savannah/Hilton Head International"
SAV,2026,6,2014.0,467.0,151.4,13.7,114.42,0.81,186.65,44.0,4.0,34370.0,12422.0,1830.0,5739.0,46.0,14333.0,"Savannah, GA: Savannah/Hilton Head International"
SAV,2026,7,2040.0,658.0,216.82,30.33,163.52,0.0,247.33,82.0,5.0,47777.0,15136.0,3693.0,8676.0,0.0,20272.0,"Savannah, GA: Savannah/Hilton Head International"
SBA,2025,8,746.0,132.0,47.089999999999996,3.15,24.27,0.0,57.51,2.0,0.0,7645.0,2347.0,141.0,1076.0,0.0,4081.0,"Santa Barbara, CA: Santa Barbara Municipal"
SBA,2025,9,731.0,130.0,40.32,2.07,34.35,0.0,53.26,4.0,6.0,7555.0,2651.0,213.0,1088.0,0.0,3603.0,"Santa Barbara, CA: Santa Barbara Municipal"
SBA,2025,10,795.0,141.0,51.6,1.96,40.47,0.07,46.9,1.0,3.0,9587.0,5395.0,92.0,1439.0,6.0,2655.0,"Santa Barbara, CA: Santa Barbara Municipal"
SBA,2025,11,757.0,124.0,52.64,3.0,19.83,0.0,48.53,19.0,4.0,8961.0,3903.0,1268.0,772.0,0.0,3018.0,"Santa Barbara, CA: Santa Barbara Municipal"
SBA,2025,12,728.0,141.0,55.47,6.44,28.310000000000002,0.0,50.78,18.0,6.0,11526.0,5041.0,1672.0,1509.0,0.0,3304.0,"Santa Barbara, CA: Santa Barbara Municipal"
SBA,2026,1,700.0,93.0,35.81,1.1199999999999999,17.63,0.0,38.43,24.0,5.0,5169.0,1798.0,189.0,885.0,0.0,2297.0,"Santa Barbara, CA: Santa Barbara Municipal"
SBA,2026,2,645.0,96.0,46.22,1.3,15.5,0.0,32.97,1.0,1.0,7589.0,3441.0,187.0,786.0,0.0,3175.0,"Santa Barbara, CA: Santa Barbara Municipal"
SBA,2026,3,766.0,103.0,41.769999999999996,3.86,8.7,0.0,48.68,2.0,1.0,8686.0,3533.0,1794.0,633.0,0.0,2726.0,"Santa Barbara, CA: Santa Barbara Municipal"
SBA,2026,4,765.0,126.0,47.94,1.11,27.56,0.0,49.39,4.0,0.0,7039.0,3900.0,33.0,870.0,0.0,2236.0,"Santa Barbara, CA: Santa Barbara Municipal"
SBA,2026,5,865.0,155.0,48.49,0.0,34.31,0.0,72.19,5.0,3.0,7980.0,2360.0,0.0,1084.0,0.0,4536.0,"Santa Barbara, CA: Santa Barbara Municipal"
SBA,2026,6,871.0,185.0,59.89,2.14,38.300000000000004,0.0,84.68,5.0,1.0,10531.0,3146.0,188.0,1362.0,0.0,5835.0,"Santa Barbara, CA: Santa Barbara Municipal"
SBA,2026,7,895.0,196.0,62.0,3.5500000000000003,34.1,0.0,96.34,11.0,0.0,10471.0,3448.0,256.0,1017.0,0.0,5750.0,"Santa Barbara, CA: Santa Barbara Municipal"
SBN,2025,8,661.0,175.0,84.3,25.169999999999998,22.9,0.94,41.7,12.0,1.0,13681.0,6086.0,2717.0,1210.0,30.0,3638.0,"South Bend, IN: South Bend International"
SBN,2025,9,665.0,109.0,65.93,7.0,12.13,0.0,23.94,4.0,0.0,6911.0,4390.0,459.0,540.0,0.0,1522.0,"South Bend, IN: South Bend International"
SBN,2025,10,754.0,143.0,78.39999999999999,9.170000000000002,21.860000000000003,0.0,33.57,0.0,0.0,8912.0,4894.0,984.0,1016.0,0.0,2018.0,"South Bend, IN: South Bend International"
SBN,2025,11,711.0,159.0,84.11999999999999,11.35,35.26,0.55,27.720000000000002,43.0,1.0,14177.0,7125.0,1578.0,3060.0,56.0,2358.0,"South Bend, IN: South Bend International"
SBN,2025,12,707.0,239.0,94.14,21.349999999999998,54.86,0.0,68.65,14.0,3.0,28424.0,11143.0,2932.0,4815.0,0.0,9534.0,"South Bend, IN: South Bend International"
SBN,2026,1,679.0,226.0,111.77,31.06,43.46,0.0,39.71,35.0,2.0,25489.0,13030.0,4350.0,2944.0,0.0,5165.0,"South Bend, IN: South Bend International"
SBN,2026,2,632.0,197.0,99.11,19.6,36.83,0.0,41.47,4.0,2.0,15155.0,7959.0,1622.0,2339.0,0.0,3235.0,"South Bend, IN: South Bend International"
SBN,2026,3,732.0,250.0,117.06,17.39,59.49,1.98,54.07,39.0,15.0,20740.0,9398.0,1980.0,4813.0,66.0,4483.0,"South Bend, IN: South Bend International"
SBN,2026,4,712.0,208.0,98.0,17.049999999999997,37.78,0.0,55.169999999999995,17.0,1.0,13574.0,5619.0,1809.0,1663.0,0.0,4483.0,"South Bend, IN: South Bend International"
SBN,2026,5,741.0,186.0,87.23,19.13,30.800000000000004,0.0,48.830000000000005,6.0,2.0,15412.0,6118.0,3132.0,1726.0,0.0,4436.0,"South Bend, IN: South Bend International"
SBN,2026,6,684.0,171.0,71.51,22.74,29.560000000000002,0.0,47.19,23.0,1.0,12935.0,5026.0,2324.0,1750.0,0.0,3835.0,"South Bend, IN: South Bend International"
SBN,2026,7,707.0,212.0,93.57000000000001,26.55,44.72,0.0,47.16,16.0,1.0,19367.0,7207.0,3860.0,3163.0,0.0,5137.0,"South Bend, IN: South Bend International"
SBP,2025,8,462.0,74.0,30.659999999999997,1.9,13.67,0.0,27.77,3.0,1.0,5679.0,1492.0,598.0,1810.0,0.0,1779.0,"San Luis Obispo, CA: San Luis Obispo County Regional"
SBP,2025,9,413.0,70.0,32.04,0.0,17.869999999999997,0.0,20.08,4.0,1.0,4568.0,2110.0,0.0,699.0,0.0,1759.0,"San Luis Obispo, CA: San Luis Obispo County Regional"
SBP,2025,10,529.0,113.0,44.11,11.94,18.91,0.0,38.02,6.0,8.0,8781.0,2099.0,3040.0,783.0,0.0,2859.0,"San Luis Obispo, CA: San Luis Obispo County Regional"
SBP,2025,11,527.0,84.0,24.700000000000003,6.72,21.709999999999997,0.0,30.87,18.0,7.0,9779.0,2747.0,2385.0,2956.0,0.0,1691.0,"San Luis Obispo, CA: San Luis Obispo County Regional"
SBP,2025,12,505.0,111.0,43.44,4.98,25.7,0.0,36.89,8.0,5.0,12349.0,4914.0,1654.0,2550.0,0.0,3231.0,"San Luis Obispo, CA: San Luis Obispo County Regional"
SBP,2026,1,532.0,88.0,38.379999999999995,4.5600000000000005,16.03,0.0,29.03,9.0,2.0,6033.0,2660.0,309.0,1118.0,0.0,1946.0,"San Luis Obispo, CA: San Luis Obispo County Regional"
SBP,2026,2,441.0,72.0,24.25,2.58,14.62,0.0,30.54,2.0,3.0,5811.0,1092.0,1055.0,696.0,0.0,2968.0,"San Luis Obispo, CA: San Luis Obispo County Regional"
SBP,2026,3,470.0,77.0,31.63,4.95,8.71,0.0,31.72,4.0,3.0,5128.0,2282.0,318.0,410.0,0.0,2118.0,"San Luis Obispo, CA: San Luis Obispo County Regional"
SBP,2026,4,462.0,90.0,27.3,2.98,16.86,0.0,42.870000000000005,1.0,1.0,6091.0,2136.0,1016.0,711.0,0.0,2228.0,"San Luis Obispo, CA: San Luis Obispo County Regional"
SBP,2026,5,528.0,110.0,27.83,1.0,23.959999999999997,1.0,56.22,2.0,0.0,6601.0,1887.0,52.0,1289.0,41.0,3332.0,"San Luis Obispo, CA: San Luis Obispo County Regional"
SBP,2026,6,509.0,101.0,29.619999999999997,0.16,16.53,0.0,54.7,2.0,2.0,5926.0,1963.0,14.0,603.0,0.0,3346.0,"San Luis Obispo, CA: San Luis Obispo County Regional"
SBP,2026,7,541.0,131.0,49.32,1.0,20.37,0.0,60.31,8.0,0.0,8293.0,3215.0,76.0,700.0,0.0,4302.0,"San Luis Obispo, CA: San Luis Obispo County Regional"
SBY,2025,8,179.0,42.0,12.36,0.42,9.57,0.0,19.65,0.0,1.0,2741.0,812.0,61.0,391.0,0.0,1477.0,"Salisbury, MD: Salisbury-Ocean City/Wicomico Regional"
SBY,2025,9,144.0,22.0,5.85,2.02,3.51,0.0,10.62,0.0,1.0,1715.0,214.0,314.0,141.0,0.0,1046.0,"Salisbury, MD: Salisbury-Ocean City/Wicomico Regional"
SBY,2025,10,171.0,28.0,7.12,0.0,6.01,0.0,14.87,0.0,1.0,1898.0,506.0,0.0,238.0,0.0,1154.0,"Salisbury, MD: Salisbury-Ocean City/Wicomico Regional"
SBY,2025,11,120.0,19.0,6.27,1.88,4.02,0.0,6.83,0.0,2.0,1695.0,417.0,635.0,181.0,0.0,462.0,"Salisbury, MD: Salisbury-Ocean City/Wicomico Regional"
SBY,2025,12,125.0,20.0,4.56,2.7,4.29,0.0,8.46,1.0,2.0,1872.0,232.0,537.0,157.0,0.0,946.0,"Salisbury, MD: Salisbury-Ocean City/Wicomico Regional"
SBY,2026,1,146.0,18.0,3.48,0.76,3.95,0.0,9.81,10.0,3.0,1325.0,153.0,62.0,163.0,0.0,947.0,"Salisbury, MD: Salisbury-Ocean City/Wicomico Regional"
SBY,2026,2,132.0,16.0,0.43,1.1,1.78,0.0,12.69,9.0,5.0,896.0,15.0,88.0,80.0,0.0,713.0,"Salisbury, MD: Salisbury-Ocean City/Wicomico Regional"
SBY,2026,3,164.0,35.0,9.83,2.49,2.08,0.0,20.6,3.0,4.0,3716.0,608.0,297.0,116.0,0.0,2695.0,"Salisbury, MD: Salisbury-Ocean City/Wicomico Regional"
SBY,2026,4,152.0,20.0,7.41,0.07,6.63,0.0,5.89,0.0,5.0,1037.0,410.0,3.0,183.0,0.0,441.0,"Salisbury, MD: Salisbury-Ocean City/Wicomico Regional"
SBY,2026,5,149.0,23.0,6.44,1.45,3.6,0.0,11.5,0.0,5.0,2116.0,364.0,163.0,97.0,0.0,1492.0,"Salisbury, MD: Salisbury-Ocean City/Wicomico Regional"
SBY,2026,6,141.0,33.0,6.09,8.59,4.17,0.2,13.95,1.0,0.0,3968.0,390.0,2256.0,161.0,4.0,1157.0,"Salisbury, MD: Salisbury-Ocean City/Wicomico Regional"
SBY,2026,7,146.0,57.0,11.7,5.84,9.4,0.0,30.05,4.0,0.0,4568.0,480.0,821.0,421.0,0.0,2846.0,"Salisbury, MD: Salisbury-Ocean City/Wicomico Regional"
SCC,2025,8,45.0,7.0,3.7199999999999998,0.75,0.53,0.0,2.0,0.0,0.0,340.0,119.0,91.0,38.0,0.0,92.0,"Deadhorse, AK: Deadhorse Airport"
SCC,2025,9,44.0,3.0,0.0,0.0,0.2,0.0,2.8,0.0,0.0,85.0,0.0,0.0,7.0,0.0,78.0,"Deadhorse, AK: Deadhorse Airport"
SCC,2025,10,45.0,5.0,1.61,2.77,0.62,0.0,0.0,2.0,0.0,723.0,162.0,537.0,24.0,0.0,0.0,"Deadhorse, AK: Deadhorse Airport"
SCC,2025,11,37.0,4.0,1.0,1.0,1.0,0.0,1.0,0.0,0.0,237.0,20.0,157.0,28.0,0.0,32.0,"Deadhorse, AK: Deadhorse Airport"
SCC,2025,12,44.0,5.0,0.0,0.0,0.0,0.0,5.0,1.0,1.0,203.0,0.0,0.0,0.0,0.0,203.0,"Deadhorse, AK: Deadhorse Airport"
SCC,2026,1,42.0,7.0,0.0,3.15,1.92,0.0,1.93,6.0,0.0,538.0,0.0,195.0,107.0,0.0,236.0,"Deadhorse, AK: Deadhorse Airport"
SCC,2026,2,40.0,7.0,0.0,2.0,1.57,0.0,3.43,1.0,0.0,462.0,0.0,110.0,49.0,0.0,303.0,"Deadhorse, AK: Deadhorse Airport"
SCC,2026,3,44.0,7.0,4.48,0.0,1.89,0.0,0.63,0.0,1.0,389.0,296.0,0.0,56.0,0.0,37.0,"Deadhorse, AK: Deadhorse Airport"
SCC,2026,4,44.0,1.0,0.0,0.0,1.0,0.0,0.0,0.0,1.0,19.0,0.0,0.0,19.0,0.0,0.0,"Deadhorse, AK: Deadhorse Airport"
SCC,2026,5,42.0,3.0,1.0,0.99,1.01,0.0,0.0,0.0,0.0,466.0,17.0,285.0,164.0,0.0,0.0,"Deadhorse, AK: Deadhorse Airport"
SCC,2026,6,44.0,1.0,0.0,0.0,0.03,0.0,0.97,0.0,0.0,30.0,0.0,0.0,1.0,0.0,29.0,"Deadhorse, AK: Deadhorse Airport"
SCC,2026,7,45.0,8.0,1.0,2.96,0.17,0.0,3.88,1.0,3.0,313.0,49.0,166.0,3.0,0.0,95.0,"Deadhorse, AK: Deadhorse Airport"
SCE,2025,8,326.0,68.0,25.86,3.5300000000000002,15.04,0.0,23.56,6.0,0.0,5452.0,1800.0,568.0,554.0,0.0,2530.0,"State College, PA: State College Regional"
SCE,2025,9,302.0,39.0,13.57,0.54,10.47,0.0,14.42,1.0,1.0,2312.0,721.0,48.0,406.0,0.0,1137.0,"State College, PA: State College Regional"
SCE,2025,10,329.0,71.0,25.83,3.83,17.18,0.0,24.18,0.0,1.0,5474.0,1558.0,626.0,672.0,0.0,2618.0,"State College, PA: State College Regional"
SCE,2025,11,343.0,81.0,23.8,4.58,20.57,0.0,32.05,14.0,2.0,7312.0,1940.0,520.0,1133.0,0.0,3719.0,"State College, PA: State College Regional"
SCE,2025,12,301.0,75.0,16.77,1.56,20.28,0.0,36.4,14.0,1.0,11114.0,1376.0,667.0,921.0,0.0,8150.0,"State College, PA: State College Regional"
SCE,2026,1,303.0,73.0,24.619999999999997,4.74,17.06,0.0,26.59,17.0,3.0,7198.0,2181.0,1074.0,948.0,0.0,2995.0,"State College, PA: State College Regional"
SCE,2026,2,271.0,57.0,18.34,3.14,17.61,0.0,17.92,6.0,1.0,2634.0,671.0,315.0,666.0,0.0,982.0,"State College, PA: State College Regional"
SCE,2026,3,315.0,87.0,24.47,5.22,19.790000000000003,0.0,37.53,7.0,2.0,8356.0,2043.0,1322.0,849.0,0.0,4142.0,"State College, PA: State College Regional"
SCE,2026,4,381.0,80.0,33.480000000000004,2.82,15.14,0.0,28.560000000000002,12.0,3.0,7752.0,2874.0,233.0,920.0,0.0,3725.0,"State College, PA: State College Regional"
SCE,2026,5,367.0,76.0,24.26,2.17,13.64,0.0,35.92,9.0,2.0,6772.0,2128.0,170.0,970.0,0.0,3504.0,"State College, PA: State College Regional"
SCE,2026,6,293.0,62.0,23.349999999999998,7.34,9.61,0.0,21.689999999999998,8.0,0.0,4257.0,1190.0,842.0,428.0,0.0,1797.0,"State College, PA: State College Regional"
SCE,2026,7,303.0,73.0,24.33,4.7700000000000005,12.92,0.0,30.96,15.0,0.0,5154.0,2042.0,257.0,649.0,0.0,2206.0,"State College, PA: State College Regional"
SCK,2025,8,50.0,7.0,1.17,0.0,0.14,0.0,5.69,0.0,0.0,876.0,59.0,0.0,14.0,0.0,803.0,"Stockton, CA: Stockton Metro"
SCK,2025,9,42.0,13.0,3.89,0.84,2.3,0.0,5.97,0.0,0.0,2052.0,1193.0,69.0,104.0,0.0,686.0,"Stockton, CA: Stockton Metro"
SCK,2025,10,54.0,12.0,1.52,0.03,3.13,0.0,7.32,0.0,0.0,1743.0,150.0,34.0,121.0,0.0,1438.0,"Stockton, CA: Stockton Metro"
SCK,2025,11,48.0,12.0,4.77,0.48,1.86,0.0,4.88,1.0,0.0,1523.0,1090.0,30.0,91.0,0.0,312.0,"Stockton, CA: Stockton Metro"
SCK,2025,12,62.0,8.0,0.98,2.0,1.24,0.0,3.78,0.0,4.0,724.0,55.0,313.0,30.0,0.0,326.0,"Stockton, CA: Stockton Metro"
SCK,2026,1,43.0,9.0,3.03,3.0,1.25,0.0,1.72,0.0,0.0,2269.0,246.0,1781.0,58.0,0.0,184.0,"Stockton, CA: Stockton Metro"
SCK,2026,2,34.0,5.0,3.43,0.0,0.78,0.0,0.79,0.0,0.0,1202.0,1159.0,0.0,24.0,0.0,19.0,"Stockton, CA: Stockton Metro"
SCK,2026,3,36.0,2.0,0.0,0.89,0.0,0.0,1.11,0.0,0.0,223.0,0.0,107.0,0.0,0.0,116.0,"Stockton, CA: Stockton Metro"
SCK,2026,4,33.0,8.0,1.61,1.0,1.65,0.0,3.74,0.0,0.0,476.0,197.0,21.0,57.0,0.0,201.0,"Stockton, CA: Stockton Metro"
SCK,2026,5,39.0,12.0,7.54,1.38,0.8,0.0,2.28,0.0,0.0,739.0,489.0,74.0,23.0,0.0,153.0,"Stockton, CA: Stockton Metro"
SCK,2026,6,40.0,8.0,2.61,0.52,1.69,0.0,3.17,0.0,0.0,561.0,126.0,13.0,53.0,0.0,369.0,"Stockton, CA: Stockton Metro"
SCK,2026,7,45.0,6.0,1.04,0.86,1.79,0.0,2.31,0.0,0.0,279.0,26.0,86.0,55.0,0.0,112.0,"Stockton, CA: Stockton Metro"
SDF,2025,8,2364.0,477.0,173.38,29.549999999999997,91.39,1.0,181.68,31.0,11.0,33867.0,12258.0,3320.0,3661.0,21.0,14607.0,"Louisville, KY: Louisville Muhammad Ali International"
SDF,2025,9,2243.0,296.0,104.97999999999999,11.65,51.8,1.0,126.59,11.0,1.0,20222.0,6960.0,1004.0,2232.0,49.0,9977.0,"Louisville, KY: Louisville Muhammad Ali International"
SDF,2025,10,2439.0,442.0,146.06,10.51,85.42,0.12,199.87,10.0,1.0,25168.0,8649.0,1418.0,3170.0,4.0,11927.0,"Louisville, KY: Louisville Muhammad Ali International"
SDF,2025,11,2087.0,405.0,131.29,14.84,95.2,0.49,163.22,85.0,5.0,32269.0,11015.0,1985.0,6577.0,24.0,12668.0,"Louisville, KY: Louisville Muhammad Ali International"
SDF,2025,12,2084.0,611.0,185.53,21.95,133.82999999999998,0.0,269.69,41.0,1.0,47217.0,13236.0,3855.0,6616.0,0.0,23510.0,"Louisville, KY: Louisville Muhammad Ali International"
SDF,2026,1,1887.0,372.0,132.36,13.52,87.83000000000001,1.35,136.96,126.0,1.0,23985.0,8031.0,1393.0,3672.0,33.0,10856.0,"Louisville, KY: Louisville Muhammad Ali International"
SDF,2026,2,1817.0,368.0,147.91,16.55,77.28,0.02,126.22,44.0,0.0,22125.0,8458.0,2055.0,3007.0,2.0,8603.0,"Louisville, KY: Louisville Muhammad Ali International"
SDF,2026,3,2224.0,580.0,220.56,22.79,112.28999999999999,1.2799999999999998,223.06,84.0,0.0,38396.0,14106.0,2087.0,5484.0,73.0,16646.0,"Louisville, KY: Louisville Muhammad Ali International"
SDF,2026,4,2319.0,428.0,161.6,10.58,101.34,0.0,154.49,24.0,4.0,25453.0,8694.0,1341.0,4394.0,0.0,11024.0,"Louisville, KY: Louisville Muhammad Ali International"
SDF,2026,5,2531.0,524.0,200.04,22.58,118.84,0.29,182.24,24.0,1.0,34318.0,12622.0,2767.0,6254.0,17.0,12658.0,"Louisville, KY: Louisville Muhammad Ali International"
SDF,2026,6,2349.0,600.0,208.2,22.59,127.37,0.04,240.79,56.0,6.0,45054.0,14741.0,3726.0,6917.0,4.0,19492.0,"Louisville, KY: Louisville Muhammad Ali International"
SDF,2026,7,2403.0,665.0,245.45999999999998,27.79,107.86,0.22999999999999998,283.67,69.0,3.0,54496.0,20762.0,3831.0,6016.0,25.0,23862.0,"Louisville, KY: Louisville Muhammad Ali International"
SEA,2025,8,17755.0,4236.0,1110.42,131.07999999999998,1389.85,27.1,1577.5700000000002,142.0,7.0,232311.0,76885.0,9915.0,51128.0,1299.0,93084.0,"Seattle, WA: Seattle/Tacoma International"
SEA,2025,9,16148.0,2521.0,705.75,92.91,879.08,12.239999999999998,831.0500000000001,62.0,16.0,140121.0,47363.0,5903.0,31831.0,450.0,54574.0,"Seattle, WA: Seattle/Tacoma International"
SEA,2025,10,15460.0,2751.0,778.66,59.059999999999995,983.28,6.6000000000000005,923.39,192.0,25.0,158026.0,58900.0,4043.0,34211.0,234.0,60638.0,"Seattle, WA: Seattle/Tacoma International"
SEA,2025,11,14109.0,2424.0,683.06,93.77,849.02,5.05,793.1,283.0,13.0,136215.0,47026.0,8539.0,29432.0,221.0,50997.0,"Seattle, WA: Seattle/Tacoma International"
SEA,2025,12,14562.0,4216.0,1109.4,135.9,1689.99,17.36,1263.36,209.0,61.0,248150.0,85533.0,11575.0,62355.0,1016.0,87671.0,"Seattle, WA: Seattle/Tacoma International"
SEA,2026,1,13270.0,2339.0,770.76,163.77,669.95,9.81,724.6800000000001,295.0,13.0,149512.0,56209.0,15995.0,25996.0,330.0,50982.0,"Seattle, WA: Seattle/Tacoma International"
SEA,2026,2,12259.0,1748.0,613.99,90.9,565.0799999999999,6.3500000000000005,471.65999999999997,123.0,10.0,105525.0,45629.0,8062.0,18845.0,295.0,32694.0,"Seattle, WA: Seattle/Tacoma International"
SEA,2026,3,14324.0,3047.0,863.05,139.48000000000002,1269.18,17.720000000000002,757.5600000000001,332.0,59.0,192633.0,62211.0,16127.0,56725.0,617.0,56953.0,"Seattle, WA: Seattle/Tacoma International"
SEA,2026,4,14409.0,2100.0,668.77,75.5,712.54,6.67,636.52,55.0,6.0,114425.0,46475.0,4745.0,24182.0,277.0,38746.0,"Seattle, WA: Seattle/Tacoma International"
SEA,2026,5,16364.0,2873.0,908.14,101.38,914.64,10.18,938.66,90.0,10.0,146965.0,54883.0,8684.0,29611.0,303.0,53484.0,"Seattle, WA: Seattle/Tacoma International"
SEA,2026,6,17051.0,3785.0,1111.39,130.66,1276.25,17.62,1249.07,103.0,15.0,211804.0,77128.0,10480.0,45231.0,727.0,78238.0,"Seattle, WA: Seattle/Tacoma International"
SEA,2026,7,17969.0,4180.0,1198.85,178.83,1070.51,17.8,1714.02,165.0,31.0,258484.0,90705.0,14789.0,44613.0,894.0,107483.0,"Seattle, WA: Seattle/Tacoma International"
SFB,2025,8,788.0,325.0,51.21,33.53,67.28,0.63,172.35,1.0,2.0,38914.0,10223.0,4659.0,5204.0,10.0,18818.0,"Sanford, FL: Orlando Sanford International"
SFB,2025,9,537.0,147.0,34.1,14.51,28.67,2.84,66.88,0.0,2.0,13596.0,4239.0,1683.0,2722.0,89.0,4863.0,"Sanford, FL: Orlando Sanford International"
SFB,2025,10,859.0,294.0,61.45,16.98,52.64,2.0,160.94,0.0,1.0,28633.0,8651.0,1311.0,3708.0,42.0,14921.0,"Sanford, FL: Orlando Sanford International"
SFB,2025,11,773.0,260.0,42.16,11.15,64.72,0.28,141.7,2.0,1.0,19974.0,2897.0,1628.0,3180.0,8.0,12261.0,"Sanford, FL: Orlando Sanford International"
SFB,2025,12,968.0,366.0,69.94,26.46,98.84,0.91,169.84,8.0,0.0,32983.0,8610.0,2919.0,5508.0,74.0,15872.0,"Sanford, FL: Orlando Sanford International"
SFB,2026,1,767.0,229.0,56.11,14.73,50.62,2.0,105.55,22.0,3.0,18440.0,5363.0,2495.0,2410.0,79.0,8093.0,"Sanford, FL: Orlando Sanford International"
SFB,2026,2,768.0,208.0,47.66,13.26,47.6,0.29,99.19,4.0,1.0,21241.0,7913.0,1439.0,3228.0,10.0,8651.0,"Sanford, FL: Orlando Sanford International"
SFB,2026,3,990.0,313.0,66.63,14.28,77.39,0.67,154.03,23.0,9.0,33311.0,8054.0,2876.0,5458.0,16.0,16907.0,"Sanford, FL: Orlando Sanford International"
SFB,2026,4,799.0,214.0,47.24,7.85,42.47,1.0,115.44,0.0,1.0,18539.0,5402.0,518.0,2702.0,24.0,9893.0,"Sanford, FL: Orlando Sanford International"
SFB,2026,5,844.0,327.0,79.78,25.09,84.58,0.4,137.15,3.0,0.0,38155.0,12473.0,5542.0,6233.0,6.0,13901.0,"Sanford, FL: Orlando Sanford International"
SFB,2026,6,1001.0,436.0,81.69,37.4,102.3,0.0,214.61,7.0,1.0,49327.0,9832.0,5612.0,9114.0,0.0,24769.0,"Sanford, FL: Orlando Sanford International"
SFB,2026,7,1026.0,487.0,94.14,58.18,98.43,0.0,236.25,4.0,7.0,62181.0,15751.0,10616.0,8631.0,0.0,27183.0,"Sanford, FL: Orlando Sanford International"
SFO,2025,8,12845.0,2891.0,956.84,94.13,877.3299999999999,3.59,959.11,89.0,16.0,188588.0,65508.0,9695.0,36457.0,121.0,76807.0,"San Francisco, CA: San Francisco International"
SFO,2025,9,11996.0,2586.0,789.63,64.17,1109.13,5.62,617.46,39.0,3.0,145535.0,48315.0,5703.0,45637.0,270.0,45610.0,"San Francisco, CA: San Francisco International"
SFO,2025,10,12978.0,3533.0,949.04,59.169999999999995,1729.57,3.2199999999999998,792.0,60.0,15.0,209509.0,59235.0,6403.0,85118.0,122.0,58631.0,"San Francisco, CA: San Francisco International"
SFO,2025,11,12301.0,3234.0,789.72,60.410000000000004,1682.89,0.68,700.31,245.0,26.0,231649.0,51625.0,8225.0,112773.0,24.0,59002.0,"San Francisco, CA: San Francisco International"
SFO,2025,12,12364.0,3699.0,933.71,105.83,1711.96,2.73,944.76,168.0,32.0,292512.0,66708.0,16961.0,125072.0,157.0,83614.0,"San Francisco, CA: San Francisco International"
SFO,2026,1,11516.0,2362.0,668.41,119.99,1026.78,2.97,543.84,301.0,19.0,212212.0,54156.0,16232.0,88645.0,181.0,52998.0,"San Francisco, CA: San Francisco International"
SFO,2026,2,10714.0,2712.0,733.77,67.53,1331.7,4.12,574.89,142.0,31.0,192849.0,53138.0,7649.0,81349.0,234.0,50479.0,"San Francisco, CA: San Francisco International"
SFO,2026,3,12508.0,2101.0,737.2,49.63,580.07,5.11,728.94,141.0,11.0,145832.0,50955.0,8135.0,23812.0,206.0,62724.0,"San Francisco, CA: San Francisco International"
SFO,2026,4,12594.0,5042.0,922.0699999999999,51.18,3266.23,3.33,799.21,83.0,40.0,297121.0,59619.0,4057.0,174755.0,150.0,58540.0,"San Francisco, CA: San Francisco International"
SFO,2026,5,13352.0,6101.0,872.02,70.64,4231.76,4.09,922.55,106.0,58.0,381956.0,58885.0,6300.0,243146.0,226.0,73399.0,"San Francisco, CA: San Francisco International"
SFO,2026,6,13625.0,6900.0,989.11,93.22000000000001,4551.54,2.83,1263.27,114.0,55.0,429910.0,74298.0,10695.0,238529.0,248.0,106140.0,"San Francisco, CA: San Francisco International"
SFO,2026,7,14023.0,6565.0,1102.5,111.96,4004.04,1.58,1344.91,183.0,41.0,427016.0,89986.0,13602.0,211620.0,130.0,111678.0,"San Francisco, CA: San Francisco International"
SGF,2025,8,1060.0,234.0,69.83,27.810000000000002,50.19,2.3,83.86,11.0,3.0,14662.0,4315.0,2246.0,2117.0,120.0,5864.0,"Springfield, MO: Springfield-Branson National"
SGF,2025,9,969.0,162.0,50.2,8.09,49.21,0.0,54.5,0.0,0.0,9452.0,2784.0,551.0,2383.0,0.0,3734.0,"Springfield, MO: Springfield-Branson National"
SGF,2025,10,1050.0,204.0,88.86,5.5600000000000005,46.86,0.0,62.730000000000004,1.0,8.0,13862.0,7253.0,784.0,1993.0,0.0,3832.0,"Springfield, MO: Springfield-Branson National"
SGF,2025,11,963.0,176.0,60.370000000000005,13.99,45.03,0.0,56.63,36.0,5.0,12570.0,3453.0,2082.0,2287.0,0.0,4748.0,"Springfield, MO: Springfield-Branson National"
SGF,2025,12,938.0,224.0,58.230000000000004,17.5,51.9,0.0,96.36999999999999,12.0,2.0,17372.0,4138.0,2133.0,2564.0,0.0,8537.0,"Springfield, MO: Springfield-Branson National"
SGF,2026,1,796.0,135.0,45.4,12.25,34.78,0.0,42.57,44.0,3.0,8166.0,2116.0,954.0,1338.0,0.0,3758.0,"Springfield, MO: Springfield-Branson National"
SGF,2026,2,714.0,123.0,45.260000000000005,3.01,32.14,0.0,42.6,2.0,1.0,8029.0,3283.0,234.0,1205.0,0.0,3307.0,"Springfield, MO: Springfield-Branson National"
SGF,2026,3,892.0,191.0,58.37,9.959999999999999,42.89,0.0,79.76,27.0,1.0,15719.0,3834.0,1733.0,2534.0,0.0,7618.0,"Springfield, MO: Springfield-Branson National"
SGF,2026,4,958.0,204.0,68.42999999999999,8.02,45.19,0.0,82.36,23.0,7.0,14948.0,4358.0,1603.0,2202.0,0.0,6785.0,"Springfield, MO: Springfield-Branson National"
SGF,2026,5,1056.0,218.0,71.82,11.78,50.410000000000004,0.0,83.99,23.0,8.0,14719.0,5466.0,998.0,1976.0,0.0,6279.0,"Springfield, MO: Springfield-Branson National"
SGF,2026,6,1072.0,275.0,77.06,25.3,72.27,0.0,100.38,27.0,3.0,20237.0,5875.0,2533.0,4282.0,0.0,7547.0,"Springfield, MO: Springfield-Branson National"
SGF,2026,7,1100.0,259.0,90.89,10.79,59.36,0.0,97.99000000000001,20.0,2.0,17304.0,5457.0,884.0,2935.0,0.0,8028.0,"Springfield, MO: Springfield-Branson National"
SGU,2025,8,376.0,55.0,27.78,8.76,7.81,0.0,10.65,1.0,0.0,3631.0,1773.0,834.0,366.0,0.0,658.0,"St. George, UT: St George Regional"
SGU,2025,9,369.0,40.0,25.91,0.47,8.78,0.0,4.84,1.0,2.0,2215.0,1229.0,8.0,734.0,0.0,244.0,"St. George, UT: St George Regional"
SGU,2025,10,448.0,58.0,39.38,5.68,4.99,1.0,6.95,0.0,1.0,3887.0,2734.0,456.0,200.0,44.0,453.0,"St. George, UT: St George Regional"
SGU,2025,11,406.0,41.0,27.17,3.45,6.91,0.0,3.47,3.0,0.0,2584.0,1400.0,169.0,869.0,0.0,146.0,"St. George, UT: St George Regional"
SGU,2025,12,381.0,43.0,27.83,0.0,3.27,0.0,11.89,0.0,0.0,2884.0,1927.0,0.0,110.0,0.0,847.0,"St. George, UT: St George Regional"
SGU,2026,1,387.0,68.0,39.54,11.12,6.68,0.0,10.66,2.0,2.0,6870.0,3890.0,1844.0,496.0,0.0,640.0,"St. George, UT: St George Regional"
SGU,2026,2,368.0,51.0,29.48,5.94,8.88,0.0,6.7,1.0,2.0,5178.0,3263.0,581.0,496.0,0.0,838.0,"St. George, UT: St George Regional"
SGU,2026,3,430.0,53.0,31.72,2.0,4.57,0.0,14.71,1.0,1.0,5196.0,3161.0,113.0,235.0,0.0,1687.0,"St. George, UT: St George Regional"
SGU,2026,4,405.0,58.0,28.3,2.99,6.21,0.0,20.51,0.0,3.0,5423.0,2788.0,1068.0,309.0,0.0,1258.0,"St. George, UT: St George Regional"
SGU,2026,5,416.0,70.0,38.64,6.8,6.97,0.19,17.4,1.0,3.0,4311.0,1937.0,574.0,315.0,5.0,1480.0,"St. George, UT: St George Regional"
SGU,2026,6,391.0,105.0,53.24,5.7,16.86,0.0,29.2,0.0,4.0,7879.0,3758.0,404.0,884.0,0.0,2833.0,"St. George, UT: St George Regional"
SGU,2026,7,327.0,68.0,43.37,3.95,7.06,0.0,13.62,0.0,1.0,4566.0,3297.0,165.0,274.0,0.0,830.0,"St. George, UT: St George Regional"
SHD,2026,2,52.0,18.0,10.81,0.84,1.37,0.0,4.98,2.0,0.0,1904.0,1448.0,58.0,46.0,0.0,352.0,"Staunton, VA: Shenandoah Valley Regional"
SHD,2026,3,62.0,26.0,7.64,4.73,5.48,0.0,8.15,4.0,0.0,5022.0,1356.0,2212.0,429.0,0.0,1025.0,"Staunton, VA: Shenandoah Valley Regional"
SHD,2026,4,52.0,12.0,7.34,1.59,1.23,0.0,1.84,1.0,0.0,818.0,447.0,75.0,71.0,0.0,225.0,"Staunton, VA: Shenandoah Valley Regional"
SHD,2026,5,56.0,12.0,2.98,0.4,0.61,0.0,8.0,0.0,0.0,1246.0,265.0,56.0,85.0,0.0,840.0,"Staunton, VA: Shenandoah Valley Regional"
SHD,2026,6,60.0,27.0,9.91,2.0,2.17,0.0,12.92,2.0,0.0,2975.0,1502.0,316.0,171.0,0.0,986.0,"Staunton, VA: Shenandoah Valley Regional"
SHD,2026,7,62.0,25.0,11.54,2.24,2.33,0.0,8.89,2.0,0.0,3345.0,1271.0,303.0,256.0,0.0,1515.0,"Staunton, VA: Shenandoah Valley Regional"
SHR,2025,8,62.0,17.0,7.07,0.0,1.01,0.0,8.92,0.0,0.0,1007.0,311.0,0.0,26.0,0.0,670.0,"Sheridan, WY: Sheridan County"
SHR,2025,9,60.0,8.0,5.0,2.0,1.0,0.0,0.0,0.0,0.0,700.0,260.0,260.0,180.0,0.0,0.0,"Sheridan, WY: Sheridan County"
SHR,2025,10,62.0,2.0,0.0,2.0,0.0,0.0,0.0,0.0,0.0,279.0,0.0,279.0,0.0,0.0,0.0,"Sheridan, WY: Sheridan County"
SHR,2025,11,64.0,6.0,2.09,0.0,0.91,0.0,3.0,0.0,0.0,398.0,112.0,0.0,32.0,0.0,254.0,"Sheridan, WY: Sheridan County"
SHR,2025,12,63.0,13.0,6.45,2.0,2.43,0.0,2.12,1.0,1.0,918.0,605.0,79.0,167.0,0.0,67.0,"Sheridan, WY: Sheridan County"
SHR,2026,1,62.0,13.0,6.0,1.0,0.58,0.0,5.42,1.0,0.0,3316.0,1529.0,20.0,64.0,0.0,1703.0,"Sheridan, WY: Sheridan County"
SHR,2026,2,55.0,10.0,2.0,1.0,3.15,0.0,3.85,0.0,0.0,873.0,72.0,18.0,490.0,0.0,293.0,"Sheridan, WY: Sheridan County"
SHR,2026,3,62.0,11.0,4.88,0.85,0.72,0.0,4.55,1.0,0.0,1762.0,417.0,102.0,123.0,0.0,1120.0,"Sheridan, WY: Sheridan County"
SHR,2026,4,78.0,14.0,6.93,2.59,1.48,0.0,3.0,1.0,1.0,1490.0,938.0,96.0,245.0,0.0,211.0,"Sheridan, WY: Sheridan County"
SHR,2026,5,76.0,14.0,8.36,1.0,3.07,0.0,1.56,0.0,0.0,1166.0,831.0,96.0,187.0,0.0,52.0,"Sheridan, WY: Sheridan County"
SHR,2026,6,60.0,15.0,6.57,0.84,2.17,0.0,5.41,0.0,0.0,1673.0,260.0,81.0,117.0,0.0,1215.0,"Sheridan, WY: Sheridan County"
SHR,2026,7,62.0,21.0,8.03,0.0,7.4,0.0,5.57,1.0,0.0,1681.0,357.0,0.0,1068.0,0.0,256.0,"Sheridan, WY: Sheridan County"
SHV,2025,8,578.0,156.0,71.19,27.22,30.14,0.0,27.46,2.0,1.0,13894.0,6644.0,3942.0,1941.0,0.0,1367.0,"Shreveport, LA: Shreveport Regional"
SHV,2025,9,564.0,81.0,45.82,7.3,10.26,0.0,17.61,5.0,0.0,8107.0,4994.0,527.0,458.0,0.0,2128.0,"Shreveport, LA: Shreveport Regional"
SHV,2025,10,586.0,114.0,61.099999999999994,8.67,22.700000000000003,0.0,21.540000000000003,3.0,0.0,8966.0,6223.0,667.0,963.0,0.0,1113.0,"Shreveport, LA: Shreveport Regional"
SHV,2025,11,547.0,108.0,64.69,14.86,13.290000000000001,0.0,15.15,26.0,0.0,8608.0,4944.0,1744.0,1086.0,0.0,834.0,"Shreveport, LA: Shreveport Regional"
SHV,2025,12,562.0,150.0,77.33,14.09,19.869999999999997,0.0,38.71,3.0,2.0,13567.0,7967.0,1117.0,959.0,0.0,3524.0,"Shreveport, LA: Shreveport Regional"
SHV,2026,1,491.0,91.0,57.03,6.7,8.92,0.0,18.35,62.0,0.0,9514.0,6162.0,975.0,496.0,0.0,1881.0,"Shreveport, LA: Shreveport Regional"
SHV,2026,2,455.0,91.0,48.37,9.35,14.63,0.0,18.66,7.0,0.0,11151.0,7898.0,909.0,928.0,0.0,1416.0,"Shreveport, LA: Shreveport Regional"
SHV,2026,3,525.0,126.0,77.39,13.74,9.64,0.0,25.220000000000002,15.0,1.0,14416.0,8254.0,1512.0,876.0,0.0,3774.0,"Shreveport, LA: Shreveport Regional"
SHV,2026,4,531.0,117.0,51.940000000000005,16.93,17.98,0.0,30.16,8.0,0.0,12488.0,5141.0,1397.0,1917.0,0.0,4033.0,"Shreveport, LA: Shreveport Regional"
SHV,2026,5,614.0,169.0,92.17,15.670000000000002,26.51,0.0,34.64,12.0,1.0,14394.0,9633.0,1205.0,1420.0,0.0,2136.0,"Shreveport, LA: Shreveport Regional"
SHV,2026,6,650.0,188.0,68.7,19.830000000000002,35.1,0.0,64.39,16.0,0.0,16103.0,5290.0,2433.0,3560.0,0.0,4820.0,"Shreveport, LA: Shreveport Regional"
SHV,2026,7,667.0,194.0,75.21,34.06,38.05,0.0,46.67,8.0,3.0,20211.0,10241.0,4050.0,2485.0,0.0,3435.0,"Shreveport, LA: Shreveport Regional"
SIT,2025,8,142.0,43.0,10.81,0.0,6.31,0.0,25.88,2.0,0.0,1950.0,457.0,0.0,261.0,0.0,1232.0,"Sitka, AK: Sitka Rocky Gutierrez"
SIT,2025,9,120.0,16.0,3.52,1.0,3.18,0.0,8.3,2.0,0.0,1071.0,194.0,275.0,111.0,0.0,491.0,"Sitka, AK: Sitka Rocky Gutierrez"
SIT,2025,10,96.0,9.0,2.83,0.0,1.41,0.0,4.76,4.0,1.0,554.0,109.0,0.0,37.0,0.0,408.0,"Sitka, AK: Sitka Rocky Gutierrez"
SIT,2025,11,89.0,15.0,4.02,0.0,2.57,0.0,8.41,1.0,0.0,618.0,162.0,0.0,60.0,0.0,396.0,"Sitka, AK: Sitka Rocky Gutierrez"
SIT,2025,12,90.0,31.0,4.43,3.5,6.79,0.0,16.28,8.0,1.0,2131.0,438.0,329.0,275.0,0.0,1089.0,"Sitka, AK: Sitka Rocky Gutierrez"
SIT,2026,1,92.0,30.0,5.22,2.25,3.44,0.0,19.09,9.0,2.0,2204.0,440.0,267.0,191.0,0.0,1306.0,"Sitka, AK: Sitka Rocky Gutierrez"
SIT,2026,2,84.0,15.0,1.86,2.93,5.76,0.0,4.45,2.0,4.0,831.0,184.0,167.0,227.0,0.0,253.0,"Sitka, AK: Sitka Rocky Gutierrez"
SIT,2026,3,93.0,30.0,3.94,2.74,5.85,0.0,17.47,1.0,1.0,2334.0,422.0,158.0,183.0,0.0,1571.0,"Sitka, AK: Sitka Rocky Gutierrez"
SIT,2026,4,90.0,9.0,2.03,0.0,0.0,0.0,6.97,1.0,0.0,686.0,184.0,0.0,0.0,0.0,502.0,"Sitka, AK: Sitka Rocky Gutierrez"
SIT,2026,5,132.0,20.0,5.5,0.0,2.81,0.0,11.69,1.0,0.0,993.0,261.0,0.0,62.0,0.0,670.0,"Sitka, AK: Sitka Rocky Gutierrez"
SIT,2026,6,150.0,31.0,6.45,0.0,4.72,0.0,19.83,1.0,1.0,1517.0,442.0,0.0,248.0,0.0,827.0,"Sitka, AK: Sitka Rocky Gutierrez"
SIT,2026,7,155.0,21.0,9.9,0.28,2.95,0.0,7.87,0.0,0.0,773.0,402.0,30.0,66.0,0.0,275.0,"Sitka, AK: Sitka Rocky Gutierrez"
SJC,2025,8,4095.0,743.0,244.24,18.27,89.6,0.63,390.25,16.0,0.0,40617.0,14727.0,1130.0,3086.0,10.0,21664.0,"San Jose, CA: Norman Y. Mineta San Jose International"
SJC,2025,9,3927.0,595.0,211.28,8.36,89.5,1.25,284.61,19.0,4.0,30325.0,11124.0,275.0,3353.0,66.0,15507.0,"San Jose, CA: Norman Y. Mineta San Jose International"
SJC,2025,10,4040.0,818.0,239.51000000000002,19.98,113.65,1.96,442.90999999999997,19.0,6.0,40152.0,11827.0,1339.0,3818.0,167.0,23001.0,"San Jose, CA: Norman Y. Mineta San Jose International"
SJC,2025,11,3848.0,618.0,180.41,16.09,88.16,0.5,332.84000000000003,47.0,1.0,32856.0,9421.0,1570.0,2867.0,20.0,18978.0,"San Jose, CA: Norman Y. Mineta San Jose International"
SJC,2025,12,3761.0,804.0,258.13,28.12,76.65,2.52,438.57000000000005,26.0,4.0,43783.0,14382.0,1838.0,3751.0,119.0,23693.0,"San Jose, CA: Norman Y. Mineta San Jose International"
SJC,2026,1,3246.0,426.0,165.49,13.5,49.06,0.0,197.95,38.0,1.0,24667.0,9063.0,1399.0,1880.0,0.0,12325.0,"San Jose, CA: Norman Y. Mineta San Jose International"
SJC,2026,2,3247.0,504.0,195.0,5.79,63.03,0.0,240.18,11.0,0.0,27162.0,11048.0,667.0,2135.0,0.0,13312.0,"San Jose, CA: Norman Y. Mineta San Jose International"
SJC,2026,3,3594.0,601.0,223.61,17.560000000000002,45.08,1.72,313.03000000000003,36.0,2.0,35323.0,13128.0,1435.0,2117.0,94.0,18549.0,"San Jose, CA: Norman Y. Mineta San Jose International"
SJC,2026,4,3512.0,664.0,189.54000000000002,9.77,86.69,1.0,377.02,16.0,3.0,29386.0,8483.0,622.0,2690.0,45.0,17546.0,"San Jose, CA: Norman Y. Mineta San Jose International"
SJC,2026,5,3820.0,779.0,257.74,9.3,57.379999999999995,2.29,452.28,17.0,0.0,37323.0,12684.0,1158.0,2160.0,75.0,21246.0,"San Jose, CA: Norman Y. Mineta San Jose International"
SJC,2026,6,3903.0,1101.0,358.71,18.32,95.08,1.52,626.39,27.0,1.0,61044.0,20345.0,2026.0,3499.0,34.0,34913.0,"San Jose, CA: Norman Y. Mineta San Jose International"
SJC,2026,7,4053.0,994.0,301.47,23.54,102.89,1.0,565.1,22.0,1.0,53783.0,16014.0,1545.0,4216.0,105.0,31903.0,"San Jose, CA: Norman Y. Mineta San Jose International"
SJT,2025,8,93.0,17.0,8.53,2.69,1.77,0.0,4.02,3.0,1.0,871.0,420.0,137.0,96.0,0.0,218.0,"San Angelo, TX: San Angelo Regional/Mathis Field"
SJT,2025,9,90.0,14.0,7.58,1.0,2.15,0.0,3.27,2.0,1.0,2101.0,1253.0,605.0,71.0,0.0,172.0,"San Angelo, TX: San Angelo Regional/Mathis Field"
SJT,2025,10,92.0,18.0,11.0,3.0,0.0,0.0,4.0,3.0,0.0,1979.0,869.0,770.0,0.0,0.0,340.0,"San Angelo, TX: San Angelo Regional/Mathis Field"
SJT,2025,11,87.0,15.0,7.38,0.23,2.88,0.0,4.52,5.0,2.0,851.0,476.0,8.0,202.0,0.0,165.0,"San Angelo, TX: San Angelo Regional/Mathis Field"
SJT,2025,12,91.0,15.0,9.13,1.0,0.87,0.0,4.0,0.0,0.0,766.0,413.0,90.0,24.0,0.0,239.0,"San Angelo, TX: San Angelo Regional/Mathis Field"
SJT,2026,1,92.0,9.0,3.99,3.0,0.01,0.0,2.0,12.0,0.0,1011.0,763.0,93.0,4.0,0.0,151.0,"San Angelo, TX: San Angelo Regional/Mathis Field"
SJT,2026,2,74.0,17.0,12.19,0.0,1.94,0.0,2.87,1.0,0.0,2603.0,1914.0,0.0,564.0,0.0,125.0,"San Angelo, TX: San Angelo Regional/Mathis Field"
SJT,2026,3,93.0,21.0,11.93,2.0,0.08,0.0,6.99,3.0,0.0,3229.0,1558.0,648.0,20.0,0.0,1003.0,"San Angelo, TX: San Angelo Regional/Mathis Field"
SJT,2026,4,90.0,20.0,6.99,3.45,3.09,0.0,6.47,4.0,0.0,1684.0,836.0,327.0,116.0,0.0,405.0,"San Angelo, TX: San Angelo Regional/Mathis Field"
SJT,2026,5,93.0,18.0,7.11,1.97,1.88,0.0,7.04,6.0,0.0,1342.0,322.0,201.0,161.0,0.0,658.0,"San Angelo, TX: San Angelo Regional/Mathis Field"
SJT,2026,6,90.0,21.0,4.29,3.0,3.71,0.0,10.0,5.0,0.0,1523.0,417.0,136.0,122.0,0.0,848.0,"San Angelo, TX: San Angelo Regional/Mathis Field"
SJT,2026,7,92.0,19.0,5.31,7.65,1.56,0.0,4.49,0.0,0.0,1112.0,190.0,662.0,103.0,0.0,157.0,"San Angelo, TX: San Angelo Regional/Mathis Field"
SJU,2025,8,2963.0,969.0,328.89,44.85,319.4,1.82,274.0,28.0,12.0,74478.0,27687.0,3536.0,16256.0,99.0,26900.0,"San Juan, PR: Luis Munoz Marin International"
SJU,2025,9,1959.0,433.0,154.89000000000001,19.31,165.57,0.8200000000000001,92.41999999999999,0.0,2.0,24294.0,9132.0,1178.0,6779.0,14.0,7191.0,"San Juan, PR: Luis Munoz Marin International"
SJU,2025,10,2193.0,585.0,216.18,8.14,231.29000000000002,0.8,128.59,7.0,6.0,37693.0,13445.0,547.0,10077.0,49.0,13575.0,"San Juan, PR: Luis Munoz Marin International"
SJU,2025,11,2725.0,681.0,255.17000000000002,9.45,207.51000000000002,0.0,208.87,26.0,6.0,49572.0,17907.0,622.0,11141.0,0.0,19902.0,"San Juan, PR: Luis Munoz Marin International"
SJU,2025,12,3401.0,1072.0,430.53,21.75,284.51,3.26,331.95,56.0,2.0,72905.0,25632.0,2287.0,16101.0,177.0,28708.0,"San Juan, PR: Luis Munoz Marin International"
SJU,2026,1,3289.0,976.0,336.85,34.27,329.94,1.3399999999999999,273.56,252.0,6.0,68317.0,23905.0,3442.0,17123.0,88.0,23759.0,"San Juan, PR: Luis Munoz Marin International"
SJU,2026,2,2841.0,807.0,289.65,21.78,256.03,2.12,237.4,92.0,1.0,60785.0,21791.0,1710.0,13713.0,89.0,23482.0,"San Juan, PR: Luis Munoz Marin International"
SJU,2026,3,3442.0,1094.0,390.69,12.28,331.54,5.9399999999999995,353.53999999999996,70.0,6.0,79359.0,29151.0,1350.0,18132.0,342.0,30384.0,"San Juan, PR: Luis Munoz Marin International"
SJU,2026,4,3187.0,780.0,282.25,7.58,226.04000000000002,0.6000000000000001,263.52,23.0,6.0,46628.0,17121.0,625.0,9533.0,29.0,19320.0,"San Juan, PR: Luis Munoz Marin International"
SJU,2026,5,2878.0,584.0,235.74,21.21,145.36,0.75,180.94,6.0,4.0,37029.0,14616.0,1545.0,6566.0,36.0,14266.0,"San Juan, PR: Luis Munoz Marin International"
SJU,2026,6,3100.0,740.0,277.36,39.19,137.48,3.77,282.2,15.0,4.0,54093.0,20139.0,4357.0,6506.0,213.0,22878.0,"San Juan, PR: Luis Munoz Marin International"
SJU,2026,7,3325.0,1173.0,406.6,51.09,249.99,6.15,457.21000000000004,107.0,4.0,91410.0,31406.0,5545.0,14963.0,304.0,38784.0,"San Juan, PR: Luis Munoz Marin International"
SLC,2025,8,10008.0,1514.0,609.36,68.72,260.47,4.33,571.14,45.0,9.0,108279.0,51097.0,6755.0,10791.0,251.0,39385.0,"Salt Lake City, UT: Salt Lake City International"
SLC,2025,9,9411.0,1038.0,400.39,36.47,211.03,0.0,390.11,15.0,1.0,68029.0,28784.0,3481.0,8980.0,0.0,26784.0,"Salt Lake City, UT: Salt Lake City International"
SLC,2025,10,9850.0,1291.0,500.02000000000004,35.53,294.21,0.67,460.57,14.0,17.0,81041.0,38327.0,2539.0,10566.0,30.0,29579.0,"Salt Lake City, UT: Salt Lake City International"
SLC,2025,11,9205.0,1164.0,430.12,60.28,239.37,0.42,433.84,151.0,3.0,85328.0,35925.0,7334.0,10407.0,10.0,31652.0,"Salt Lake City, UT: Salt Lake City International"
SLC,2025,12,9779.0,1841.0,716.61,87.76,409.84999999999997,3.7600000000000002,623.02,89.0,6.0,131997.0,63309.0,9461.0,16657.0,173.0,42397.0,"Salt Lake City, UT: Salt Lake City International"
SLC,2026,1,9550.0,1462.0,606.43,90.22,318.58,0.75,446.03999999999996,172.0,13.0,100501.0,48394.0,11524.0,12113.0,84.0,28386.0,"Salt Lake City, UT: Salt Lake City International"
SLC,2026,2,9193.0,1330.0,548.76,95.21,263.69,4.529999999999999,417.80999999999995,90.0,28.0,101501.0,48717.0,11600.0,11488.0,160.0,29536.0,"Salt Lake City, UT: Salt Lake City International"
SLC,2026,3,10646.0,1628.0,710.52,65.18,343.84,1.96,506.46000000000004,129.0,9.0,118916.0,63982.0,6309.0,14389.0,84.0,34152.0,"Salt Lake City, UT: Salt Lake City International"
SLC,2026,4,9955.0,1349.0,527.35,68.8,265.0,1.87,485.96000000000004,33.0,18.0,90592.0,45631.0,4945.0,9468.0,86.0,30462.0,"Salt Lake City, UT: Salt Lake City International"
SLC,2026,5,10248.0,1429.0,571.27,58.78,264.29,0.4,534.26,47.0,20.0,91871.0,43858.0,5781.0,10466.0,10.0,31756.0,"Salt Lake City, UT: Salt Lake City International"
SLC,2026,6,10128.0,1761.0,650.1899999999999,78.53,329.95,0.0,702.3100000000001,44.0,2.0,122557.0,54304.0,7003.0,13722.0,0.0,47528.0,"Salt Lake City, UT: Salt Lake City International"
SLC,2026,7,10427.0,1836.0,728.99,103.23,264.57,2.5700000000000003,736.65,90.0,33.0,137470.0,60198.0,11033.0,13640.0,263.0,52336.0,"Salt Lake City, UT: Salt Lake City International"
SLN,2025,8,93.0,38.0,13.7,1.98,8.55,0.0,13.77,1.0,0.0,4031.0,825.0,302.0,999.0,0.0,1905.0,"Salina, KS: Salina Regional"
SLN,2025,9,90.0,16.0,5.44,1.0,4.79,0.0,4.77,0.0,0.0,889.0,176.0,64.0,247.0,0.0,402.0,"Salina, KS: Salina Regional"
SLN,2025,10,93.0,20.0,11.96,2.0,2.65,0.0,3.39,0.0,0.0,1505.0,838.0,77.0,197.0,0.0,393.0,"Salina, KS: Salina Regional"
SLN,2025,11,88.0,22.0,15.17,0.0,3.95,0.0,2.88,2.0,0.0,1418.0,703.0,0.0,432.0,0.0,283.0,"Salina, KS: Salina Regional"
SLN,2025,12,90.0,31.0,10.86,2.0,4.68,0.0,13.46,1.0,2.0,5974.0,1277.0,915.0,506.0,0.0,3276.0,"Salina, KS: Salina Regional"
SLN,2026,1,91.0,20.0,8.48,1.0,3.8,0.0,6.72,3.0,0.0,1959.0,748.0,20.0,263.0,0.0,928.0,"Salina, KS: Salina Regional"
SLN,2026,2,84.0,18.0,5.74,0.77,4.14,0.0,7.36,0.0,0.0,1208.0,346.0,43.0,254.0,0.0,565.0,"Salina, KS: Salina Regional"
SLN,2026,3,93.0,26.0,12.41,3.0,4.54,0.0,6.05,3.0,1.0,3735.0,554.0,1642.0,910.0,0.0,629.0,"Salina, KS: Salina Regional"
SLN,2026,4,81.0,26.0,13.02,0.0,7.4,0.0,5.58,2.0,2.0,3706.0,2438.0,0.0,636.0,0.0,632.0,"Salina, KS: Salina Regional"
SLN,2026,5,85.0,30.0,8.77,2.94,4.72,0.0,13.57,0.0,1.0,2974.0,571.0,926.0,193.0,0.0,1284.0,"Salina, KS: Salina Regional"
SLN,2026,6,81.0,33.0,13.29,4.16,5.97,0.0,9.58,2.0,1.0,2274.0,877.0,289.0,435.0,0.0,673.0,"Salina, KS: Salina Regional"
SLN,2026,7,84.0,39.0,14.45,4.24,11.08,0.0,9.23,1.0,1.0,2689.0,820.0,334.0,882.0,0.0,653.0,"Salina, KS: Salina Regional"
SMF,2025,8,5161.0,969.0,343.6,25.48,110.02,1.08,488.82,20.0,3.0,58202.0,21094.0,2108.0,4828.0,53.0,30119.0,"Sacramento, CA: Sacramento International"
SMF,2025,9,4891.0,769.0,258.87,15.14,98.21000000000001,2.35,394.44,18.0,4.0,41561.0,13944.0,979.0,4367.0,61.0,22210.0,"Sacramento, CA: Sacramento International"
SMF,2025,10,5047.0,1013.0,348.23,15.220000000000002,125.27,2.16,522.13,14.0,6.0,55522.0,19835.0,977.0,5285.0,115.0,29310.0,"Sacramento, CA: Sacramento International"
SMF,2025,11,4823.0,837.0,292.7,18.38,120.78999999999999,1.14,404.02,82.0,11.0,44418.0,16030.0,887.0,4894.0,78.0,22529.0,"Sacramento, CA: Sacramento International"
SMF,2025,12,4763.0,1067.0,398.26,19.65,137.82999999999998,4.09,507.18,38.0,6.0,58854.0,22623.0,3130.0,4820.0,184.0,28097.0,"Sacramento, CA: Sacramento International"
SMF,2026,1,4255.0,673.0,232.44,44.3,127.53,0.52,268.21,53.0,26.0,40443.0,12103.0,5489.0,6417.0,13.0,16421.0,"Sacramento, CA: Sacramento International"
SMF,2026,2,4048.0,662.0,253.35,20.71,79.85,1.96,306.14,14.0,3.0,36469.0,13866.0,1524.0,3782.0,37.0,17260.0,"Sacramento, CA: Sacramento International"
SMF,2026,3,4740.0,871.0,336.75,25.689999999999998,84.18,2.77,420.62,47.0,3.0,51784.0,20315.0,2255.0,3826.0,106.0,25169.0,"Sacramento, CA: Sacramento International"
SMF,2026,4,4769.0,909.0,341.5,15.13,119.97,2.85,429.56000000000006,18.0,2.0,46885.0,18699.0,844.0,4574.0,61.0,22707.0,"Sacramento, CA: Sacramento International"
SMF,2026,5,5060.0,1027.0,346.92,17.87,122.27,2.01,537.94,21.0,5.0,52157.0,17453.0,1903.0,4830.0,165.0,27806.0,"Sacramento, CA: Sacramento International"
SMF,2026,6,5041.0,1340.0,449.96999999999997,24.88,154.76,2.9,707.48,27.0,2.0,74440.0,22891.0,2276.0,6269.0,192.0,42812.0,"Sacramento, CA: Sacramento International"
SMF,2026,7,5230.0,1214.0,425.46,31.41,108.85,3.0,645.27,61.0,0.0,75549.0,27306.0,3477.0,4529.0,73.0,40164.0,"Sacramento, CA: Sacramento International"
SMX,2025,8,9.0,1.0,0.73,0.0,0.27,0.0,0.0,0.0,0.0,73.0,53.0,0.0,20.0,0.0,0.0,"Santa Maria, CA: Santa Maria Public/Capt. G. Allan Hancock Field"
SMX,2025,9,8.0,3.0,0.0,0.0,0.42,0.0,2.58,0.0,0.0,175.0,0.0,0.0,31.0,0.0,144.0,"Santa Maria, CA: Santa Maria Public/Capt. G. Allan Hancock Field"
SMX,2025,10,41.0,6.0,3.19,0.0,1.06,0.0,1.75,0.0,1.0,239.0,96.0,0.0,58.0,0.0,85.0,"Santa Maria, CA: Santa Maria Public/Capt. G. Allan Hancock Field"
SMX,2025,11,69.0,10.0,3.0,4.0,1.0,0.0,2.0,1.0,1.0,2183.0,88.0,1971.0,18.0,0.0,106.0,"Santa Maria, CA: Santa Maria Public/Capt. G. Allan Hancock Field"
SMX,2025,12,71.0,9.0,3.35,0.0,0.0,0.0,5.65,2.0,0.0,856.0,486.0,0.0,0.0,0.0,370.0,"Santa Maria, CA: Santa Maria Public/Capt. G. Allan Hancock Field"
SMX,2026,1,70.0,16.0,5.0,3.0,1.02,0.0,6.98,0.0,0.0,1698.0,229.0,764.0,182.0,0.0,523.0,"Santa Maria, CA: Santa Maria Public/Capt. G. Allan Hancock Field"
SMX,2026,2,64.0,13.0,5.93,0.97,0.77,0.0,5.34,0.0,0.0,1812.0,1266.0,166.0,42.0,0.0,338.0,"Santa Maria, CA: Santa Maria Public/Capt. G. Allan Hancock Field"
SMX,2026,3,71.0,8.0,5.96,0.0,0.04,0.0,2.0,2.0,0.0,397.0,276.0,0.0,1.0,0.0,120.0,"Santa Maria, CA: Santa Maria Public/Capt. G. Allan Hancock Field"
SMX,2026,4,69.0,7.0,3.0,0.0,1.0,0.0,3.0,0.0,2.0,392.0,205.0,0.0,42.0,0.0,145.0,"Santa Maria, CA: Santa Maria Public/Capt. G. Allan Hancock Field"
SMX,2026,5,20.0,5.0,1.11,0.67,1.19,0.0,2.0300000000000002,0.0,0.0,236.0,17.0,45.0,46.0,0.0,128.0,"Santa Maria, CA: Santa Maria Public/Capt. G. Allan Hancock Field"
SMX,2026,6,8.0,1.0,0.0,1.0,0.0,0.0,0.0,0.0,0.0,25.0,0.0,25.0,0.0,0.0,0.0,"Santa Maria, CA: Santa Maria Public/Capt. G. Allan Hancock Field"
SMX,2026,7,9.0,3.0,0.58,0.0,1.09,0.0,1.34,0.0,0.0,139.0,26.0,0.0,43.0,0.0,70.0,"Santa Maria, CA: Santa Maria Public/Capt. G. Allan Hancock Field"
SNA,2025,8,3979.0,737.0,255.09,30.78,158.21,0.83,292.09000000000003,32.0,22.0,37762.0,14986.0,2567.0,5711.0,52.0,14446.0,"Santa Ana, CA: John Wayne Airport-Orange County"
SNA,2025,9,3812.0,642.0,238.72,9.93,153.72,0.85,238.79,23.0,8.0,32891.0,14862.0,648.0,5688.0,39.0,11654.0,"Santa Ana, CA: John Wayne Airport-Orange County"
SNA,2025,10,3933.0,762.0,256.01,18.72,194.98999999999998,0.0,292.26,21.0,11.0,39085.0,15266.0,1333.0,7321.0,0.0,15165.0,"Santa Ana, CA: John Wayne Airport-Orange County"
SNA,2025,11,3818.0,677.0,243.11,19.06,159.45,0.0,255.39000000000001,51.0,7.0,35938.0,12635.0,850.0,7399.0,0.0,15054.0,"Santa Ana, CA: John Wayne Airport-Orange County"
SNA,2025,12,3884.0,833.0,273.86,24.91,224.78,3.34,306.1,36.0,35.0,46602.0,15586.0,3046.0,9679.0,93.0,18198.0,"Santa Ana, CA: John Wayne Airport-Orange County"
SNA,2026,1,3673.0,511.0,198.61,18.31,129.44,0.0,164.67000000000002,69.0,4.0,31441.0,13055.0,2307.0,4717.0,0.0,11362.0,"Santa Ana, CA: John Wayne Airport-Orange County"
SNA,2026,2,3398.0,507.0,191.17000000000002,12.23,140.48000000000002,1.0,162.12,19.0,10.0,27108.0,10430.0,2065.0,5486.0,20.0,9107.0,"Santa Ana, CA: John Wayne Airport-Orange County"
SNA,2026,3,3885.0,545.0,213.61,10.3,90.63,1.99,227.51,42.0,7.0,30451.0,13492.0,723.0,3543.0,78.0,12480.0,"Santa Ana, CA: John Wayne Airport-Orange County"
SNA,2026,4,3746.0,659.0,218.46,8.47,164.1,0.0,267.96,24.0,5.0,34944.0,13826.0,503.0,6025.0,0.0,14590.0,"Santa Ana, CA: John Wayne Airport-Orange County"
SNA,2026,5,3897.0,661.0,227.75,14.03,161.92000000000002,0.04,257.26,26.0,13.0,35365.0,12909.0,1154.0,7088.0,1.0,14213.0,"Santa Ana, CA: John Wayne Airport-Orange County"
SNA,2026,6,3881.0,948.0,331.55,27.81,196.59,0.71,390.34,34.0,10.0,54667.0,21659.0,2416.0,8046.0,12.0,22407.0,"Santa Ana, CA: John Wayne Airport-Orange County"
SNA,2026,7,4055.0,949.0,325.38,20.060000000000002,198.49,1.0,404.08000000000004,39.0,11.0,53286.0,19515.0,1309.0,8983.0,125.0,23354.0,"Santa Ana, CA: John Wayne Airport-Orange County"
SPI,2025,8,64.0,17.0,5.75,2.81,0.74,0.0,7.7,2.0,0.0,1496.0,750.0,60.0,89.0,0.0,597.0,"Springfield, IL: Abraham Lincoln Capital"
SPI,2025,9,57.0,11.0,8.06,0.0,0.06,0.0,2.88,1.0,0.0,806.0,528.0,0.0,7.0,0.0,271.0,"Springfield, IL: Abraham Lincoln Capital"
SPI,2025,10,71.0,11.0,2.82,0.0,0.56,0.0,7.63,0.0,0.0,541.0,59.0,0.0,29.0,0.0,453.0,"Springfield, IL: Abraham Lincoln Capital"
SPI,2025,11,68.0,15.0,4.35,2.89,3.96,0.0,3.8,3.0,0.0,1335.0,345.0,494.0,256.0,0.0,240.0,"Springfield, IL: Abraham Lincoln Capital"
SPI,2025,12,73.0,23.0,2.76,1.91,8.76,0.0,9.57,3.0,1.0,1761.0,164.0,193.0,500.0,0.0,904.0,"Springfield, IL: Abraham Lincoln Capital"
SPI,2026,1,69.0,22.0,3.05,2.93,5.42,0.0,10.6,0.0,0.0,1736.0,135.0,186.0,311.0,0.0,1104.0,"Springfield, IL: Abraham Lincoln Capital"
SPI,2026,2,65.0,19.0,3.02,0.86,7.58,0.0,7.54,0.0,0.0,730.0,107.0,76.0,237.0,0.0,310.0,"Springfield, IL: Abraham Lincoln Capital"
SPI,2026,3,75.0,14.0,5.44,1.7,4.44,0.0,2.42,7.0,2.0,661.0,252.0,61.0,175.0,0.0,173.0,"Springfield, IL: Abraham Lincoln Capital"
SPI,2026,4,68.0,18.0,3.16,1.39,3.85,0.0,9.6,4.0,0.0,2000.0,163.0,471.0,299.0,0.0,1067.0,"Springfield, IL: Abraham Lincoln Capital"
SPI,2026,5,71.0,11.0,4.640000000000001,1.46,0.6599999999999999,0.0,4.24,0.0,0.0,830.0,420.0,68.0,37.0,0.0,305.0,"Springfield, IL: Abraham Lincoln Capital"
SPI,2026,6,69.0,15.0,1.83,3.42,4.36,0.0,5.39,1.0,0.0,1766.0,243.0,506.0,449.0,0.0,568.0,"Springfield, IL: Abraham Lincoln Capital"
SPI,2026,7,71.0,14.0,2.14,1.67,4.640000000000001,0.0,5.54,3.0,1.0,1261.0,190.0,248.0,180.0,0.0,643.0,"Springfield, IL: Abraham Lincoln Capital"
SPN,2025,8,31.0,0.0,0.0,0.0,0.0,0.0,0.0,0.0,0.0,0.0,0.0,0.0,0.0,0.0,0.0,"Saipan, TT: Francisco C. Ada Saipan International"
SPN,2025,9,30.0,1.0,1.0,0.0,0.0,0.0,0.0,0.0,0.0,33.0,33.0,0.0,0.0,0.0,0.0,"Saipan, TT: Francisco C. Ada Saipan International"
SPN,2025,10,31.0,0.0,0.0,0.0,0.0,0.0,0.0,1.0,0.0,0.0,0.0,0.0,0.0,0.0,0.0,"Saipan, TT: Francisco C. Ada Saipan International"
SPN,2025,11,30.0,6.0,3.22,0.0,0.0,0.0,2.78,0.0,0.0,190.0,99.0,0.0,0.0,0.0,91.0,"Saipan, TT: Francisco C. Ada Saipan International"
SPN,2025,12,31.0,5.0,4.8,0.0,0.2,0.0,0.0,0.0,0.0,290.0,281.0,0.0,9.0,0.0,0.0,"Saipan, TT: Francisco C. Ada Saipan International"
SPN,2026,1,31.0,3.0,2.61,0.0,0.39,0.0,0.0,0.0,0.0,212.0,201.0,0.0,11.0,0.0,0.0,"Saipan, TT: Francisco C. Ada Saipan International"
SPN,2026,2,28.0,3.0,1.92,0.0,0.12,0.0,0.96,0.0,0.0,168.0,35.0,0.0,3.0,0.0,130.0,"Saipan, TT: Francisco C. Ada Saipan International"
SPN,2026,3,31.0,6.0,3.57,0.98,0.13,0.0,1.32,0.0,0.0,493.0,277.0,147.0,8.0,0.0,61.0,"Saipan, TT: Francisco C. Ada Saipan International"
SPN,2026,4,30.0,4.0,2.55,0.0,1.45,0.0,0.0,6.0,0.0,85.0,59.0,0.0,26.0,0.0,0.0,"Saipan, TT: Francisco C. Ada Saipan International"
SPN,2026,5,31.0,3.0,1.0,0.0,2.0,0.0,0.0,0.0,0.0,80.0,27.0,0.0,53.0,0.0,0.0,"Saipan, TT: Francisco C. Ada Saipan International"
SPN,2026,6,30.0,0.0,0.0,0.0,0.0,0.0,0.0,0.0,0.0,0.0,0.0,0.0,0.0,0.0,0.0,"Saipan, TT: Francisco C. Ada Saipan International"
SPN,2026,7,31.0,4.0,1.09,0.0,2.91,0.0,0.0,3.0,0.0,108.0,32.0,0.0,76.0,0.0,0.0,"Saipan, TT: Francisco C. Ada Saipan International"
SPS,2025,8,62.0,13.0,8.53,2.61,0.85,0.0,1.0,1.0,0.0,717.0,489.0,152.0,46.0,0.0,30.0,"Wichita Falls, TX: Sheppard AFB/Wichita Falls Municipal"
SPS,2025,9,60.0,7.0,2.98,2.85,0.16,0.0,1.0,3.0,0.0,541.0,150.0,280.0,17.0,0.0,94.0,"Wichita Falls, TX: Sheppard AFB/Wichita Falls Municipal"
SPS,2025,10,62.0,9.0,5.0,1.95,1.05,0.0,1.0,1.0,0.0,1348.0,763.0,133.0,375.0,0.0,77.0,"Wichita Falls, TX: Sheppard AFB/Wichita Falls Municipal"
SPS,2025,11,59.0,6.0,0.0,0.96,1.0,0.0,4.04,5.0,0.0,295.0,0.0,75.0,69.0,0.0,151.0,"Wichita Falls, TX: Sheppard AFB/Wichita Falls Municipal"
SPS,2025,12,62.0,4.0,1.0,0.02,0.2,0.0,2.78,0.0,0.0,209.0,23.0,1.0,9.0,0.0,176.0,"Wichita Falls, TX: Sheppard AFB/Wichita Falls Municipal"
SPS,2026,1,62.0,2.0,0.24,0.0,1.0,0.0,0.76,11.0,0.0,49.0,5.0,0.0,28.0,0.0,16.0,"Wichita Falls, TX: Sheppard AFB/Wichita Falls Municipal"
SPS,2026,2,56.0,2.0,0.95,0.44,0.61,0.0,0.0,0.0,0.0,54.0,21.0,14.0,19.0,0.0,0.0,"Wichita Falls, TX: Sheppard AFB/Wichita Falls Municipal"
SPS,2026,3,62.0,10.0,2.67,1.02,2.46,0.0,3.85,0.0,0.0,708.0,148.0,92.0,106.0,0.0,362.0,"Wichita Falls, TX: Sheppard AFB/Wichita Falls Municipal"
SPS,2026,4,60.0,11.0,1.01,0.1,4.28,0.0,5.61,0.0,0.0,557.0,57.0,6.0,138.0,0.0,356.0,"Wichita Falls, TX: Sheppard AFB/Wichita Falls Municipal"
SPS,2026,5,62.0,15.0,1.99,2.27,1.67,0.0,9.07,2.0,1.0,1342.0,91.0,285.0,140.0,0.0,826.0,"Wichita Falls, TX: Sheppard AFB/Wichita Falls Municipal"
SPS,2026,6,60.0,15.0,5.35,0.81,4.13,0.0,4.71,1.0,0.0,1155.0,217.0,106.0,349.0,0.0,483.0,"Wichita Falls, TX: Sheppard AFB/Wichita Falls Municipal"
SPS,2026,7,62.0,14.0,4.12,1.65,3.11,0.0,5.12,0.0,1.0,3076.0,627.0,531.0,196.0,0.0,1722.0,"Wichita Falls, TX: Sheppard AFB/Wichita Falls Municipal"
SRQ,2025,8,1037.0,236.0,67.85,6.78,61.87,2.23,97.27,7.0,1.0,18126.0,6742.0,814.0,2536.0,124.0,7910.0,"Sarasota/Bradenton, FL: Sarasota/Bradenton International"
SRQ,2025,9,860.0,108.0,44.519999999999996,0.8300000000000001,21.96,1.0,39.68,1.0,1.0,7456.0,3793.0,61.0,1233.0,37.0,2332.0,"Sarasota/Bradenton, FL: Sarasota/Bradenton International"
SRQ,2025,10,1293.0,217.0,78.78,1.89,49.51,0.0,86.8,4.0,1.0,13858.0,5588.0,108.0,2047.0,0.0,6115.0,"Sarasota/Bradenton, FL: Sarasota/Bradenton International"
SRQ,2025,11,1481.0,297.0,91.99000000000001,3.4699999999999998,84.87,0.08,116.62,22.0,1.0,19837.0,6213.0,220.0,4471.0,3.0,8930.0,"Sarasota/Bradenton, FL: Sarasota/Bradenton International"
SRQ,2025,12,1686.0,481.0,142.5,19.17,161.42,3.68,154.25,21.0,6.0,34445.0,8391.0,2194.0,9799.0,130.0,13931.0,"Sarasota/Bradenton, FL: Sarasota/Bradenton International"
SRQ,2026,1,1603.0,344.0,96.08,15.84,128.17,0.91,103.0,73.0,4.0,20845.0,6606.0,2627.0,5214.0,32.0,6366.0,"Sarasota/Bradenton, FL: Sarasota/Bradenton International"
SRQ,2026,2,1701.0,305.0,93.26,7.18,85.01,1.0899999999999999,118.49,40.0,4.0,20241.0,5856.0,1478.0,3461.0,37.0,9409.0,"Sarasota/Bradenton, FL: Sarasota/Bradenton International"
SRQ,2026,3,2137.0,554.0,155.65,12.0,190.67000000000002,5.359999999999999,190.31,65.0,7.0,41598.0,12351.0,1888.0,13125.0,226.0,14008.0,"Sarasota/Bradenton, FL: Sarasota/Bradenton International"
SRQ,2026,4,1836.0,343.0,124.28,7.55,75.8,1.0,134.39,18.0,1.0,20441.0,8090.0,620.0,2892.0,47.0,8792.0,"Sarasota/Bradenton, FL: Sarasota/Bradenton International"
SRQ,2026,5,1528.0,282.0,79.24,7.07,80.22,1.0,114.47,8.0,1.0,14818.0,4585.0,378.0,3399.0,68.0,6388.0,"Sarasota/Bradenton, FL: Sarasota/Bradenton International"
SRQ,2026,6,1163.0,226.0,72.85,10.18,38.32,1.81,102.85,7.0,1.0,15329.0,5449.0,1009.0,1762.0,141.0,6968.0,"Sarasota/Bradenton, FL: Sarasota/Bradenton International"
SRQ,2026,7,1185.0,367.0,90.08,19.93,89.07,2.55,165.36,22.0,9.0,29428.0,7280.0,2310.0,4916.0,86.0,14836.0,"Sarasota/Bradenton, FL: Sarasota/Bradenton International"
STC,2025,8,3.0,2.0,1.0,0.64,0.36,0.0,0.0,0.0,0.0,291.0,269.0,14.0,8.0,0.0,0.0,"St. Cloud, MN: St. Cloud Regional"
STC,2025,10,9.0,1.0,1.0,0.0,0.0,0.0,0.0,0.0,0.0,43.0,43.0,0.0,0.0,0.0,0.0,"St. Cloud, MN: St. Cloud Regional"
STC,2025,11,13.0,2.0,0.85,0.0,1.15,0.0,0.0,0.0,0.0,157.0,113.0,0.0,44.0,0.0,0.0,"St. Cloud, MN: St. Cloud Regional"
STC,2025,12,17.0,2.0,0.47,0.0,1.53,0.0,0.0,0.0,0.0,166.0,27.0,0.0,139.0,0.0,0.0,"St. Cloud, MN: St. Cloud Regional"
STC,2026,1,17.0,2.0,0.0,0.0,1.71,0.0,0.29,0.0,0.0,142.0,0.0,0.0,126.0,0.0,16.0,"St. Cloud, MN: St. Cloud Regional"
STC,2026,2,23.0,0.0,0.0,0.0,0.0,0.0,0.0,0.0,0.0,0.0,0.0,0.0,0.0,0.0,0.0,"St. Cloud, MN: St. Cloud Regional"
STC,2026,3,36.0,9.0,4.93,2.22,0.96,0.0,0.9,0.0,0.0,789.0,629.0,83.0,42.0,0.0,35.0,"St. Cloud, MN: St. Cloud Regional"
STC,2026,4,13.0,4.0,0.95,0.0,1.68,0.0,1.38,0.0,0.0,135.0,40.0,0.0,52.0,0.0,43.0,"St. Cloud, MN: St. Cloud Regional"
STC,2026,5,9.0,4.0,0.92,0.43,2.35,0.0,0.31,0.0,0.0,117.0,22.0,9.0,74.0,0.0,12.0,"St. Cloud, MN: St. Cloud Regional"
STC,2026,6,8.0,0.0,0.0,0.0,0.0,0.0,0.0,0.0,0.0,0.0,0.0,0.0,0.0,0.0,0.0,"St. Cloud, MN: St. Cloud Regional"
STC,2026,7,9.0,0.0,0.0,0.0,0.0,0.0,0.0,0.0,0.0,0.0,0.0,0.0,0.0,0.0,0.0,"St. Cloud, MN: St. Cloud Regional"
STL,2025,8,5960.0,1256.0,417.24,53.309999999999995,196.25,3.13,586.06,46.0,13.0,84565.0,28119.0,4753.0,9809.0,110.0,41774.0,"St. Louis, MO: St Louis Lambert International"
STL,2025,9,5754.0,819.0,298.98,23.22,114.25,0.11,382.44,22.0,4.0,46879.0,15814.0,2183.0,4518.0,7.0,24357.0,"St. Louis, MO: St Louis Lambert International"
STL,2025,10,6053.0,1154.0,402.18,11.82,168.89,1.24,569.83,18.0,3.0,68240.0,24489.0,1521.0,6510.0,79.0,35641.0,"St. Louis, MO: St Louis Lambert International"
STL,2025,11,5649.0,1069.0,343.31,18.9,192.93,4.25,509.59,86.0,7.0,72126.0,23719.0,1903.0,10444.0,271.0,35789.0,"St. Louis, MO: St Louis Lambert International"
STL,2025,12,5743.0,1419.0,432.74,34.63,295.61,1.76,654.25,61.0,8.0,98819.0,29226.0,4791.0,14536.0,202.0,50064.0,"St. Louis, MO: St Louis Lambert International"
STL,2026,1,5099.0,852.0,328.0,37.61,184.18,2.02,300.18,181.0,2.0,52378.0,20534.0,5037.0,7425.0,164.0,19218.0,"St. Louis, MO: St Louis Lambert International"
STL,2026,2,4869.0,808.0,312.35999999999996,18.27,145.47,1.5699999999999998,330.33,61.0,3.0,44080.0,17877.0,1695.0,5744.0,63.0,18701.0,"St. Louis, MO: St Louis Lambert International"
STL,2026,3,5779.0,1401.0,487.1,30.7,198.70000000000002,12.11,672.42,152.0,7.0,102762.0,36500.0,3332.0,10476.0,626.0,51828.0,"St. Louis, MO: St Louis Lambert International"
STL,2026,4,5555.0,1081.0,335.73,33.51,181.67,3.07,525.01,46.0,37.0,66042.0,17682.0,3227.0,8372.0,157.0,36210.0,"St. Louis, MO: St Louis Lambert International"
STL,2026,5,5867.0,1314.0,415.83,21.77,195.92,4.85,675.64,53.0,33.0,82933.0,24219.0,2785.0,9458.0,161.0,46310.0,"St. Louis, MO: St Louis Lambert International"
STL,2026,6,5950.0,1584.0,522.97,52.239999999999995,235.78,2.92,770.0899999999999,82.0,22.0,102359.0,31989.0,5663.0,12152.0,138.0,52417.0,"St. Louis, MO: St Louis Lambert International"
STL,2026,7,6215.0,1714.0,553.35,58.9,270.38,3.91,826.48,137.0,24.0,111447.0,32232.0,5763.0,12885.0,138.0,60289.0,"St. Louis, MO: St Louis Lambert International"
STS,2025,8,492.0,75.0,29.470000000000002,5.72,9.530000000000001,0.0,30.28,2.0,0.0,4703.0,1830.0,342.0,517.0,0.0,2014.0,"Santa Rosa, CA: Charles M. Schulz - Sonoma County"
STS,2025,9,484.0,69.0,29.75,1.0,17.7,0.0,20.55,4.0,4.0,4340.0,1710.0,16.0,1071.0,0.0,1543.0,"Santa Rosa, CA: Charles M. Schulz - Sonoma County"
STS,2025,10,526.0,94.0,29.12,6.68,20.54,0.0,37.65,6.0,6.0,5128.0,1698.0,475.0,807.0,0.0,2148.0,"Santa Rosa, CA: Charles M. Schulz - Sonoma County"
STS,2025,11,542.0,86.0,21.040000000000003,13.73,25.35,0.0,25.880000000000003,19.0,5.0,4070.0,798.0,886.0,1273.0,0.0,1113.0,"Santa Rosa, CA: Charles M. Schulz - Sonoma County"
STS,2025,12,527.0,135.0,21.380000000000003,30.32,32.14,0.0,51.160000000000004,63.0,21.0,9357.0,1038.0,2733.0,1600.0,0.0,3986.0,"Santa Rosa, CA: Charles M. Schulz - Sonoma County"
STS,2026,1,441.0,66.0,19.75,6.74,12.89,0.0,26.619999999999997,19.0,10.0,3063.0,956.0,293.0,384.0,0.0,1430.0,"Santa Rosa, CA: Charles M. Schulz - Sonoma County"
STS,2026,2,383.0,57.0,17.970000000000002,5.9799999999999995,10.75,0.68,21.62,3.0,2.0,3285.0,938.0,370.0,549.0,13.0,1415.0,"Santa Rosa, CA: Charles M. Schulz - Sonoma County"
STS,2026,3,505.0,53.0,20.34,0.0,10.120000000000001,0.0,22.54,4.0,1.0,3030.0,1133.0,0.0,365.0,0.0,1532.0,"Santa Rosa, CA: Charles M. Schulz - Sonoma County"
STS,2026,4,626.0,85.0,23.39,2.93,17.64,0.0,41.040000000000006,1.0,5.0,4405.0,1439.0,177.0,595.0,0.0,2194.0,"Santa Rosa, CA: Charles M. Schulz - Sonoma County"
STS,2026,5,666.0,111.0,27.71,0.0,18.46,0.0,64.83,2.0,1.0,6520.0,1627.0,0.0,926.0,0.0,3967.0,"Santa Rosa, CA: Charles M. Schulz - Sonoma County"
STS,2026,6,679.0,149.0,53.69,2.58,27.53,0.0,65.22,2.0,1.0,8050.0,2729.0,210.0,1228.0,0.0,3883.0,"Santa Rosa, CA: Charles M. Schulz - Sonoma County"
STS,2026,7,718.0,155.0,38.74,3.35,41.97,0.0,70.93,8.0,4.0,6926.0,1723.0,125.0,1477.0,0.0,3601.0,"Santa Rosa, CA: Charles M. Schulz - Sonoma County"
STT,2025,8,350.0,77.0,27.48,5.14,29.31,0.0,15.08,20.0,3.0,4823.0,2507.0,271.0,1382.0,0.0,663.0,"Charlotte Amalie, VI: Cyril E King"
STT,2025,9,162.0,30.0,17.78,1.84,4.37,0.0,6.0,0.0,0.0,1446.0,839.0,46.0,99.0,0.0,462.0,"Charlotte Amalie, VI: Cyril E King"
STT,2025,10,223.0,41.0,16.68,1.07,16.02,0.0,7.25,0.0,0.0,2379.0,1000.0,33.0,522.0,0.0,824.0,"Charlotte Amalie, VI: Cyril E King"
STT,2025,11,367.0,70.0,26.63,1.6,30.77,1.0,10.02,0.0,1.0,3871.0,1454.0,127.0,1413.0,62.0,815.0,"Charlotte Amalie, VI: Cyril E King"
STT,2025,12,494.0,114.0,49.72,4.5600000000000005,35.24,0.8,23.689999999999998,0.0,1.0,8624.0,4266.0,601.0,1709.0,16.0,2032.0,"Charlotte Amalie, VI: Cyril E King"
STT,2026,1,602.0,162.0,50.51,5.640000000000001,85.85,0.0,19.99,40.0,10.0,10214.0,3476.0,775.0,4387.0,0.0,1576.0,"Charlotte Amalie, VI: Cyril E King"
STT,2026,2,611.0,158.0,51.58,4.39,65.03,0.44,36.550000000000004,14.0,1.0,12835.0,5557.0,600.0,2593.0,63.0,4022.0,"Charlotte Amalie, VI: Cyril E King"
STT,2026,3,764.0,252.0,59.9,6.62,145.78,0.55,39.15,6.0,1.0,14032.0,4334.0,513.0,6425.0,23.0,2737.0,"Charlotte Amalie, VI: Cyril E King"
STT,2026,4,611.0,115.0,31.889999999999997,2.44,55.87,0.97,23.830000000000002,2.0,4.0,5624.0,1651.0,159.0,1928.0,29.0,1857.0,"Charlotte Amalie, VI: Cyril E King"
STT,2026,5,481.0,50.0,20.79,0.9,15.8,0.0,12.51,0.0,0.0,2290.0,939.0,18.0,631.0,0.0,702.0,"Charlotte Amalie, VI: Cyril E King"
STT,2026,6,434.0,69.0,28.29,2.76,12.6,1.0,24.36,0.0,1.0,4555.0,1317.0,167.0,513.0,26.0,2532.0,"Charlotte Amalie, VI: Cyril E King"
STT,2026,7,448.0,105.0,36.86,2.78,36.33,1.0,28.03,1.0,0.0,6583.0,2020.0,223.0,1651.0,27.0,2662.0,"Charlotte Amalie, VI: Cyril E King"
STX,2025,8,128.0,35.0,11.129999999999999,3.35,10.31,1.2799999999999998,8.92,1.0,0.0,1719.0,443.0,272.0,462.0,40.0,502.0,"Christiansted, VI: Henry E. Rohlsen"
STX,2025,9,44.0,4.0,3.24,0.0,0.26,0.0,0.5,0.0,1.0,240.0,175.0,0.0,9.0,0.0,56.0,"Christiansted, VI: Henry E. Rohlsen"
STX,2025,10,68.0,21.0,10.120000000000001,0.88,5.76,0.0,4.23,0.0,0.0,1193.0,604.0,96.0,319.0,0.0,174.0,"Christiansted, VI: Henry E. Rohlsen"
STX,2025,11,113.0,29.0,6.96,0.0,10.23,0.44,11.36,0.0,0.0,1515.0,298.0,0.0,673.0,12.0,532.0,"Christiansted, VI: Henry E. Rohlsen"
STX,2025,12,134.0,34.0,15.059999999999999,0.08,6.79,0.65,11.42,0.0,0.0,2418.0,820.0,47.0,458.0,20.0,1073.0,"Christiansted, VI: Henry E. Rohlsen"
STX,2026,1,161.0,52.0,17.16,0.22,15.219999999999999,0.0,19.4,8.0,0.0,4328.0,782.0,32.0,560.0,0.0,2954.0,"Christiansted, VI: Henry E. Rohlsen"
STX,2026,2,148.0,44.0,18.19,1.93,15.48,0.38,8.02,2.0,0.0,1963.0,762.0,221.0,613.0,9.0,358.0,"Christiansted, VI: Henry E. Rohlsen"
STX,2026,3,167.0,55.0,15.14,1.19,22.18,0.0,16.49,2.0,1.0,3571.0,1142.0,52.0,1137.0,0.0,1240.0,"Christiansted, VI: Henry E. Rohlsen"
STX,2026,4,123.0,22.0,6.17,0.0,6.04,1.65,8.129999999999999,1.0,0.0,1359.0,423.0,0.0,194.0,59.0,683.0,"Christiansted, VI: Henry E. Rohlsen"
STX,2026,5,104.0,16.0,2.69,0.0,4.68,0.19,8.45,0.0,0.0,1104.0,200.0,0.0,192.0,5.0,707.0,"Christiansted, VI: Henry E. Rohlsen"
STX,2026,6,98.0,19.0,9.62,0.0,1.06,0.0,8.32,0.0,0.0,839.0,363.0,0.0,37.0,0.0,439.0,"Christiansted, VI: Henry E. Rohlsen"
STX,2026,7,100.0,32.0,10.549999999999999,3.19,2.18,0.0,16.09,0.0,0.0,1619.0,535.0,153.0,114.0,0.0,817.0,"Christiansted, VI: Henry E. Rohlsen"
SUN,2025,8,279.0,31.0,14.74,2.0,4.41,0.0,9.85,1.0,2.0,2194.0,975.0,94.0,471.0,0.0,654.0,"Sun Valley/Hailey/Ketchum, ID: Friedman Memorial"
SUN,2025,9,212.0,15.0,7.3100000000000005,1.0,3.69,0.0,3.0,0.0,0.0,872.0,408.0,34.0,247.0,0.0,183.0,"Sun Valley/Hailey/Ketchum, ID: Friedman Memorial"
SUN,2025,10,180.0,17.0,7.18,3.0,4.57,0.0,2.25,0.0,2.0,862.0,303.0,129.0,273.0,0.0,157.0,"Sun Valley/Hailey/Ketchum, ID: Friedman Memorial"
SUN,2025,11,131.0,6.0,2.3,2.0,0.92,0.0,0.78,1.0,0.0,238.0,146.0,50.0,28.0,0.0,14.0,"Sun Valley/Hailey/Ketchum, ID: Friedman Memorial"
SUN,2025,12,318.0,63.0,30.040000000000003,9.520000000000001,14.56,0.0,8.86,9.0,9.0,5781.0,2471.0,1195.0,1194.0,0.0,921.0,"Sun Valley/Hailey/Ketchum, ID: Friedman Memorial"
SUN,2026,1,401.0,67.0,22.16,11.56,16.28,0.0,17.0,5.0,14.0,5073.0,1295.0,1228.0,1128.0,0.0,1422.0,"Sun Valley/Hailey/Ketchum, ID: Friedman Memorial"
SUN,2026,2,370.0,68.0,36.09,5.95,12.44,0.0,13.53,2.0,6.0,4910.0,3439.0,339.0,574.0,0.0,558.0,"Sun Valley/Hailey/Ketchum, ID: Friedman Memorial"
SUN,2026,3,416.0,67.0,28.65,10.12,12.6,0.0,15.629999999999999,4.0,6.0,4743.0,2349.0,870.0,619.0,0.0,905.0,"Sun Valley/Hailey/Ketchum, ID: Friedman Memorial"
SUN,2026,4,178.0,28.0,12.67,4.09,5.19,0.0,6.050000000000001,1.0,3.0,1372.0,693.0,238.0,178.0,0.0,263.0,"Sun Valley/Hailey/Ketchum, ID: Friedman Memorial"
SUN,2026,5,154.0,12.0,6.0,0.0,2.15,0.0,3.85,0.0,0.0,513.0,221.0,0.0,98.0,0.0,194.0,"Sun Valley/Hailey/Ketchum, ID: Friedman Memorial"
SUN,2026,6,243.0,34.0,18.33,0.72,8.88,0.0,6.07,0.0,2.0,1982.0,1152.0,13.0,468.0,0.0,349.0,"Sun Valley/Hailey/Ketchum, ID: Friedman Memorial"
SUN,2026,7,325.0,50.0,25.12,2.68,10.31,0.0,11.9,2.0,0.0,3236.0,1643.0,156.0,508.0,0.0,929.0,"Sun Valley/Hailey/Ketchum, ID: Friedman Memorial"
SUX,2025,8,62.0,21.0,9.62,1.84,2.21,0.0,7.34,3.0,1.0,1571.0,896.0,83.0,102.0,0.0,490.0,"Sioux City, IA: Sioux Gateway Brig Gen Bud Day Field"
SUX,2025,9,60.0,5.0,1.73,0.26,2.06,0.0,0.95,0.0,1.0,191.0,101.0,11.0,60.0,0.0,19.0,"Sioux City, IA: Sioux Gateway Brig Gen Bud Day Field"
SUX,2025,10,62.0,12.0,3.55,1.0,3.67,0.0,3.79,0.0,1.0,437.0,99.0,69.0,133.0,0.0,136.0,"Sioux City, IA: Sioux Gateway Brig Gen Bud Day Field"
SUX,2025,11,59.0,11.0,4.63,0.0,3.59,0.0,2.78,4.0,0.0,2358.0,1559.0,0.0,509.0,0.0,290.0,"Sioux City, IA: Sioux Gateway Brig Gen Bud Day Field"
SUX,2025,12,62.0,22.0,7.64,0.0,5.89,0.0,8.47,4.0,2.0,2301.0,235.0,0.0,444.0,0.0,1622.0,"Sioux City, IA: Sioux Gateway Brig Gen Bud Day Field"
SUX,2026,1,88.0,16.0,7.75,0.0,3.83,0.0,4.42,2.0,0.0,2503.0,1890.0,0.0,216.0,0.0,397.0,"Sioux City, IA: Sioux Gateway Brig Gen Bud Day Field"
SUX,2026,2,83.0,18.0,7.97,1.0,3.68,1.0,4.35,0.0,0.0,1843.0,1319.0,73.0,161.0,34.0,256.0,"Sioux City, IA: Sioux Gateway Brig Gen Bud Day Field"
SUX,2026,3,93.0,19.0,10.84,0.0,4.49,0.0,3.67,5.0,0.0,1755.0,570.0,0.0,304.0,0.0,881.0,"Sioux City, IA: Sioux Gateway Brig Gen Bud Day Field"
SUX,2026,4,77.0,22.0,11.91,1.88,3.91,0.0,4.31,1.0,2.0,1654.0,807.0,211.0,284.0,0.0,352.0,"Sioux City, IA: Sioux Gateway Brig Gen Bud Day Field"
SUX,2026,5,80.0,23.0,12.7,1.29,3.58,0.0,5.43,2.0,1.0,2074.0,615.0,257.0,700.0,0.0,502.0,"Sioux City, IA: Sioux Gateway Brig Gen Bud Day Field"
SUX,2026,6,77.0,21.0,8.65,1.0,6.15,0.0,5.2,2.0,0.0,1838.0,482.0,27.0,358.0,0.0,971.0,"Sioux City, IA: Sioux Gateway Brig Gen Bud Day Field"
SUX,2026,7,80.0,22.0,9.94,2.0,4.09,0.0,5.97,2.0,0.0,2503.0,1682.0,59.0,189.0,0.0,573.0,"Sioux City, IA: Sioux Gateway Brig Gen Bud Day Field"
SWF,2025,8,58.0,6.0,0.95,2.19,0.89,0.0,1.96,0.0,0.0,284.0,21.0,165.0,21.0,0.0,77.0,"Newburgh/Poughkeepsie, NY: New York Stewart International"
SWF,2025,9,28.0,1.0,0.11,0.0,0.0,0.0,0.89,0.0,0.0,47.0,5.0,0.0,0.0,0.0,42.0,"Newburgh/Poughkeepsie, NY: New York Stewart International"
SWF,2025,10,49.0,10.0,2.03,0.0,3.86,0.0,4.11,0.0,0.0,410.0,54.0,0.0,189.0,0.0,167.0,"Newburgh/Poughkeepsie, NY: New York Stewart International"
SWF,2025,11,49.0,11.0,5.2,0.71,4.45,0.0,0.64,0.0,0.0,790.0,468.0,17.0,287.0,0.0,18.0,"Newburgh/Poughkeepsie, NY: New York Stewart International"
SWF,2025,12,53.0,7.0,1.2,0.0,2.17,0.0,3.63,2.0,0.0,389.0,134.0,0.0,85.0,0.0,170.0,"Newburgh/Poughkeepsie, NY: New York Stewart International"
SWF,2026,1,45.0,4.0,0.98,0.0,1.14,0.0,1.88,1.0,0.0,144.0,27.0,0.0,61.0,0.0,56.0,"Newburgh/Poughkeepsie, NY: New York Stewart International"
SWF,2026,2,49.0,7.0,1.77,0.0,2.61,0.0,2.62,4.0,0.0,232.0,53.0,0.0,68.0,0.0,111.0,"Newburgh/Poughkeepsie, NY: New York Stewart International"
SWF,2026,3,48.0,16.0,2.7,1.68,6.95,0.71,3.96,0.0,0.0,1216.0,433.0,109.0,331.0,34.0,309.0,"Newburgh/Poughkeepsie, NY: New York Stewart International"
SWF,2026,4,46.0,15.0,4.76,1.36,5.99,0.0,2.9,0.0,0.0,832.0,263.0,172.0,263.0,0.0,134.0,"Newburgh/Poughkeepsie, NY: New York Stewart International"
SWF,2026,5,40.0,7.0,1.01,2.51,0.63,0.0,2.85,0.0,1.0,440.0,100.0,137.0,34.0,0.0,169.0,"Newburgh/Poughkeepsie, NY: New York Stewart International"
SWF,2026,6,51.0,12.0,0.6,3.05,2.33,0.0,6.02,0.0,0.0,1067.0,34.0,442.0,97.0,0.0,494.0,"Newburgh/Poughkeepsie, NY: New York Stewart International"
SWF,2026,7,61.0,23.0,5.66,4.96,5.88,0.0,6.5,1.0,0.0,1472.0,322.0,441.0,294.0,0.0,415.0,"Newburgh/Poughkeepsie, NY: New York Stewart International"
SWO,2025,8,62.0,11.0,5.0,5.0,0.0,0.0,1.0,0.0,0.0,951.0,294.0,473.0,0.0,0.0,184.0,"Stillwater, OK: Stillwater Regional"
SWO,2025,9,60.0,7.0,3.0,0.99,1.01,0.0,2.0,3.0,0.0,1173.0,166.0,556.0,356.0,0.0,95.0,"Stillwater, OK: Stillwater Regional"
SWO,2025,10,62.0,11.0,6.46,1.0,0.54,1.0,2.0,0.0,0.0,464.0,212.0,71.0,13.0,128.0,40.0,"Stillwater, OK: Stillwater Regional"
SWO,2025,11,59.0,20.0,3.68,0.16,3.72,0.0,12.44,2.0,1.0,1692.0,323.0,33.0,143.0,0.0,1193.0,"Stillwater, OK: Stillwater Regional"
SWO,2025,12,62.0,29.0,11.7,0.03,0.59,0.0,16.69,1.0,0.0,2609.0,568.0,5.0,39.0,0.0,1997.0,"Stillwater, OK: Stillwater Regional"
SWO,2026,1,62.0,8.0,3.88,0.15,1.12,0.0,2.85,9.0,0.0,357.0,181.0,13.0,33.0,0.0,130.0,"Stillwater, OK: Stillwater Regional"
SWO,2026,2,56.0,8.0,3.94,0.78,0.22,0.0,3.06,2.0,1.0,634.0,472.0,18.0,5.0,0.0,139.0,"Stillwater, OK: Stillwater Regional"
SWO,2026,3,62.0,17.0,6.43,0.21,1.47,0.0,8.89,6.0,0.0,2361.0,1109.0,86.0,88.0,0.0,1078.0,"Stillwater, OK: Stillwater Regional"
SWO,2026,4,60.0,12.0,3.34,0.0,2.01,0.0,6.65,4.0,1.0,772.0,162.0,0.0,79.0,0.0,531.0,"Stillwater, OK: Stillwater Regional"
SWO,2026,5,62.0,11.0,1.57,4.65,0.65,0.0,4.13,2.0,1.0,2232.0,99.0,1629.0,83.0,0.0,421.0,"Stillwater, OK: Stillwater Regional"
SWO,2026,6,60.0,11.0,4.0,0.0,1.71,0.0,5.29,2.0,0.0,876.0,357.0,0.0,36.0,0.0,483.0,"Stillwater, OK: Stillwater Regional"
SWO,2026,7,62.0,15.0,4.0,3.0,1.43,0.0,6.57,0.0,0.0,1455.0,167.0,166.0,131.0,0.0,991.0,"Stillwater, OK: Stillwater Regional"
SYR,2025,8,1453.0,308.0,101.5,11.86,63.02,0.41,131.22,19.0,3.0,21502.0,8169.0,999.0,2930.0,18.0,9386.0,"Syracuse, NY: Syracuse Hancock International"
SYR,2025,9,1329.0,236.0,79.64,6.01,53.15,0.0,97.19,8.0,1.0,14368.0,5258.0,318.0,2191.0,0.0,6601.0,"Syracuse, NY: Syracuse Hancock International"
SYR,2025,10,1434.0,293.0,89.64,3.62,72.42,0.0,127.37,14.0,0.0,19049.0,5932.0,209.0,2822.0,0.0,10086.0,"Syracuse, NY: Syracuse Hancock International"
SYR,2025,11,1296.0,301.0,89.46,9.01,80.69,1.0,120.82,45.0,7.0,20442.0,5281.0,850.0,3957.0,74.0,10280.0,"Syracuse, NY: Syracuse Hancock International"
SYR,2025,12,1325.0,459.0,151.93,18.11,114.16,0.92,173.87,52.0,1.0,38102.0,13293.0,4468.0,5830.0,24.0,14487.0,"Syracuse, NY: Syracuse Hancock International"
SYR,2026,1,1153.0,289.0,95.89,17.62,67.8,0.04,107.64,71.0,1.0,25322.0,9410.0,3477.0,3059.0,2.0,9374.0,"Syracuse, NY: Syracuse Hancock International"
SYR,2026,2,1115.0,261.0,77.61,14.36,70.85,0.0,98.19,36.0,1.0,16895.0,4424.0,1335.0,2856.0,0.0,8280.0,"Syracuse, NY: Syracuse Hancock International"
SYR,2026,3,1356.0,366.0,104.26,11.129999999999999,84.09,0.0,166.51,47.0,0.0,28754.0,10476.0,917.0,3872.0,0.0,13489.0,"Syracuse, NY: Syracuse Hancock International"
SYR,2026,4,1392.0,260.0,90.05,8.86,45.42,0.14,115.53,9.0,1.0,16037.0,5747.0,607.0,1752.0,5.0,7926.0,"Syracuse, NY: Syracuse Hancock International"
SYR,2026,5,1422.0,269.0,93.77,7.68,53.29,0.53,113.74,14.0,2.0,17840.0,5567.0,655.0,2272.0,58.0,9288.0,"Syracuse, NY: Syracuse Hancock International"
SYR,2026,6,1337.0,303.0,91.07000000000001,19.68,61.84,0.0,130.4,40.0,8.0,23598.0,6464.0,2467.0,3388.0,0.0,11279.0,"Syracuse, NY: Syracuse Hancock International"
SYR,2026,7,1422.0,414.0,145.66,24.26,72.7,0.0,171.38,67.0,1.0,33641.0,12318.0,2265.0,4371.0,0.0,14687.0,"Syracuse, NY: Syracuse Hancock International"
TLH,2025,8,577.0,150.0,34.980000000000004,10.43,40.75,0.0,63.85,1.0,4.0,11859.0,3344.0,1573.0,1448.0,0.0,5494.0,"Tallahassee, FL: Tallahassee International"
TLH,2025,9,516.0,67.0,31.49,1.5499999999999998,13.24,0.0,20.73,2.0,0.0,4286.0,2063.0,225.0,622.0,0.0,1376.0,"Tallahassee, FL: Tallahassee International"
TLH,2025,10,561.0,63.0,20.549999999999997,1.3900000000000001,14.52,0.0,26.55,0.0,1.0,3187.0,935.0,79.0,473.0,0.0,1700.0,"Tallahassee, FL: Tallahassee International"
TLH,2025,11,544.0,72.0,25.86,3.08,14.370000000000001,0.0,28.7,14.0,8.0,5137.0,1799.0,696.0,664.0,0.0,1978.0,"Tallahassee, FL: Tallahassee International"
TLH,2025,12,539.0,125.0,43.12,7.42,16.53,0.0,57.94,6.0,6.0,8988.0,2425.0,859.0,895.0,0.0,4809.0,"Tallahassee, FL: Tallahassee International"
TLH,2026,1,504.0,93.0,32.86,4.89,27.48,0.0,27.790000000000003,27.0,0.0,4761.0,1617.0,419.0,950.0,0.0,1775.0,"Tallahassee, FL: Tallahassee International"
TLH,2026,2,486.0,93.0,34.63,2.1700000000000004,17.060000000000002,0.0,39.11,8.0,0.0,5535.0,2236.0,240.0,567.0,0.0,2492.0,"Tallahassee, FL: Tallahassee International"
TLH,2026,3,569.0,134.0,54.86000000000001,6.66,19.18,0.0,53.28,17.0,4.0,12602.0,4673.0,1310.0,870.0,0.0,5749.0,"Tallahassee, FL: Tallahassee International"
TLH,2026,4,557.0,78.0,24.1,3.09,14.97,0.0,35.839999999999996,7.0,2.0,5077.0,1737.0,146.0,731.0,0.0,2463.0,"Tallahassee, FL: Tallahassee International"
TLH,2026,5,564.0,108.0,29.56,9.99,24.61,0.0,43.83,8.0,1.0,6741.0,1496.0,542.0,1014.0,0.0,3689.0,"Tallahassee, FL: Tallahassee International"
TLH,2026,6,524.0,89.0,24.78,7.15,18.45,0.0,38.62,16.0,4.0,7346.0,1587.0,1140.0,1057.0,0.0,3562.0,"Tallahassee, FL: Tallahassee International"
TLH,2026,7,590.0,179.0,40.739999999999995,14.86,34.63,0.0,88.75999999999999,17.0,3.0,13549.0,2986.0,1219.0,2254.0,0.0,7090.0,"Tallahassee, FL: Tallahassee International"
TOL,2025,8,18.0,6.0,0.07,2.11,0.3,0.0,3.52,0.0,0.0,1115.0,2.0,919.0,16.0,0.0,178.0,"Toledo, OH: Eugene F Kranz Toledo Express"
TOL,2025,9,8.0,1.0,0.0,0.0,0.0,0.0,1.0,0.0,0.0,52.0,0.0,0.0,0.0,0.0,52.0,"Toledo, OH: Eugene F Kranz Toledo Express"
TOL,2025,10,27.0,0.0,0.0,0.0,0.0,0.0,0.0,0.0,1.0,0.0,0.0,0.0,0.0,0.0,0.0,"Toledo, OH: Eugene F Kranz Toledo Express"
TOL,2025,11,31.0,6.0,0.59,0.0,1.81,0.0,3.6,0.0,0.0,404.0,50.0,0.0,93.0,0.0,261.0,"Toledo, OH: Eugene F Kranz Toledo Express"
TOL,2025,12,47.0,11.0,4.27,1.0,3.12,0.0,2.62,0.0,0.0,536.0,225.0,31.0,157.0,0.0,123.0,"Toledo, OH: Eugene F Kranz Toledo Express"
TOL,2026,1,39.0,4.0,1.33,0.0,1.34,0.0,1.33,0.0,0.0,208.0,77.0,0.0,56.0,0.0,75.0,"Toledo, OH: Eugene F Kranz Toledo Express"
TOL,2026,2,42.0,9.0,5.54,0.9,2.43,0.0,0.13,0.0,0.0,594.0,293.0,187.0,99.0,0.0,15.0,"Toledo, OH: Eugene F Kranz Toledo Express"
TOL,2026,3,72.0,23.0,5.77,5.0,5.61,0.0,6.62,1.0,1.0,1978.0,756.0,486.0,295.0,0.0,441.0,"Toledo, OH: Eugene F Kranz Toledo Express"
TOL,2026,4,51.0,14.0,7.56,0.89,2.96,0.0,2.59,0.0,0.0,960.0,708.0,34.0,87.0,0.0,131.0,"Toledo, OH: Eugene F Kranz Toledo Express"
TOL,2026,5,38.0,8.0,5.78,0.0,1.44,0.0,0.78,0.0,1.0,400.0,345.0,0.0,30.0,0.0,25.0,"Toledo, OH: Eugene F Kranz Toledo Express"
TOL,2026,6,29.0,9.0,4.84,0.98,2.33,0.0,0.86,0.0,0.0,787.0,470.0,95.0,171.0,0.0,51.0,"Toledo, OH: Eugene F Kranz Toledo Express"
TOL,2026,7,30.0,2.0,0.09,0.0,1.64,0.0,0.27,0.0,0.0,116.0,3.0,0.0,91.0,0.0,22.0,"Toledo, OH: Eugene F Kranz Toledo Express"
TPA,2025,8,6164.0,1581.0,485.31,54.43,420.05,3.53,617.6500000000001,36.0,52.0,105604.0,32127.0,4343.0,20385.0,176.0,48573.0,"Tampa, FL: Tampa International"
TPA,2025,9,5501.0,807.0,293.39,25.14,177.82,0.55,310.13,14.0,9.0,48471.0,18586.0,1706.0,7929.0,26.0,20224.0,"Tampa, FL: Tampa International"
TPA,2025,10,6078.0,1310.0,455.94,7.890000000000001,312.36,5.11,528.69,30.0,11.0,76723.0,28397.0,696.0,11581.0,360.0,35689.0,"Tampa, FL: Tampa International"
TPA,2025,11,6424.0,1373.0,447.03999999999996,13.370000000000001,349.19,3.49,559.89,140.0,4.0,91488.0,27606.0,1479.0,17016.0,116.0,45271.0,"Tampa, FL: Tampa International"
TPA,2025,12,6871.0,1932.0,624.94,34.28,557.24,5.35,710.19,92.0,27.0,134295.0,44279.0,4260.0,30898.0,451.0,54407.0,"Tampa, FL: Tampa International"
TPA,2026,1,6430.0,1353.0,452.27,32.78,401.59000000000003,1.33,465.01,241.0,3.0,81733.0,28272.0,4621.0,17367.0,291.0,31182.0,"Tampa, FL: Tampa International"
TPA,2026,2,6177.0,1201.0,411.09999999999997,20.060000000000002,316.55,0.99,452.33,140.0,10.0,73674.0,23344.0,2007.0,14933.0,49.0,33341.0,"Tampa, FL: Tampa International"
TPA,2026,3,7674.0,2013.0,621.7,28.31,532.26,11.530000000000001,819.1800000000001,209.0,14.0,139505.0,38979.0,3395.0,30991.0,436.0,65704.0,"Tampa, FL: Tampa International"
TPA,2026,4,6952.0,1375.0,477.51,17.26,283.46999999999997,0.6900000000000001,596.1,35.0,2.0,79878.0,27597.0,1187.0,10262.0,47.0,40785.0,"Tampa, FL: Tampa International"
TPA,2026,5,6466.0,1577.0,537.41,32.14,373.76,6.81,626.88,38.0,32.0,102497.0,33629.0,3865.0,18268.0,343.0,46392.0,"Tampa, FL: Tampa International"
TPA,2026,6,5962.0,1504.0,549.63,40.61,229.15,2.48,682.13,49.0,5.0,98929.0,35407.0,4281.0,9800.0,73.0,49368.0,"Tampa, FL: Tampa International"
TPA,2026,7,6105.0,1915.0,639.73,65.61,404.40999999999997,1.04,804.23,136.0,41.0,142965.0,45253.0,7709.0,23546.0,35.0,66422.0,"Tampa, FL: Tampa International"
TRI,2025,8,387.0,78.0,23.61,16.58,12.99,0.0,24.83,1.0,0.0,7066.0,2160.0,2040.0,618.0,0.0,2248.0,"Bristol/Johnson City/Kingsport, TN: Tri Cities"
TRI,2025,9,383.0,52.0,25.98,4.05,9.02,0.0,12.94,1.0,1.0,4109.0,1379.0,771.0,360.0,0.0,1599.0,"Bristol/Johnson City/Kingsport, TN: Tri Cities"
TRI,2025,10,398.0,60.0,16.29,2.39,18.450000000000003,0.0,22.9,0.0,1.0,4567.0,935.0,136.0,1706.0,0.0,1790.0,"Bristol/Johnson City/Kingsport, TN: Tri Cities"
TRI,2025,11,367.0,53.0,22.439999999999998,3.0500000000000003,11.32,0.0,16.18,19.0,0.0,2730.0,1004.0,310.0,370.0,0.0,1046.0,"Bristol/Johnson City/Kingsport, TN: Tri Cities"
TRI,2025,12,367.0,65.0,23.23,6.23,7.550000000000001,0.0,27.97,3.0,1.0,4764.0,1531.0,485.0,339.0,0.0,2409.0,"Bristol/Johnson City/Kingsport, TN: Tri Cities"
TRI,2026,1,369.0,35.0,12.32,3.18,4.89,0.0,14.620000000000001,33.0,1.0,2414.0,556.0,266.0,204.0,0.0,1388.0,"Bristol/Johnson City/Kingsport, TN: Tri Cities"
TRI,2026,2,344.0,59.0,19.22,4.55,14.42,0.0,20.8,8.0,2.0,3702.0,872.0,338.0,741.0,0.0,1751.0,"Bristol/Johnson City/Kingsport, TN: Tri Cities"
TRI,2026,3,386.0,70.0,22.67,1.07,16.560000000000002,0.0,29.7,10.0,0.0,4146.0,1238.0,107.0,705.0,0.0,2096.0,"Bristol/Johnson City/Kingsport, TN: Tri Cities"
TRI,2026,4,393.0,66.0,26.33,0.09,13.12,0.0,26.44,1.0,1.0,4855.0,2566.0,9.0,625.0,0.0,1655.0,"Bristol/Johnson City/Kingsport, TN: Tri Cities"
TRI,2026,5,423.0,79.0,23.87,3.4,10.959999999999999,0.0,40.78,4.0,0.0,6122.0,1702.0,217.0,532.0,0.0,3671.0,"Bristol/Johnson City/Kingsport, TN: Tri Cities"
TRI,2026,6,430.0,89.0,23.96,8.05,15.969999999999999,1.0,40.03,28.0,2.0,6588.0,1594.0,965.0,1217.0,28.0,2784.0,"Bristol/Johnson City/Kingsport, TN: Tri Cities"
TRI,2026,7,471.0,152.0,33.620000000000005,13.32,33.7,0.0,71.34,6.0,4.0,12465.0,2924.0,1601.0,1650.0,0.0,6290.0,"Bristol/Johnson City/Kingsport, TN: Tri Cities"
TTN,2025,8,102.0,33.0,9.36,1.45,7.62,0.0,14.57,4.0,0.0,2223.0,616.0,111.0,289.0,0.0,1207.0,"Trenton, NJ: Trenton Mercer"
TTN,2025,9,58.0,3.0,1.97,0.0,0.07,0.0,0.97,0.0,0.0,289.0,119.0,0.0,3.0,0.0,167.0,"Trenton, NJ: Trenton Mercer"
TTN,2025,10,51.0,9.0,3.5,1.0,0.67,0.0,3.83,1.0,0.0,1224.0,501.0,500.0,43.0,0.0,180.0,"Trenton, NJ: Trenton Mercer"
TTN,2025,11,64.0,13.0,3.2,0.0,5.07,0.0,4.74,0.0,0.0,988.0,226.0,0.0,349.0,0.0,413.0,"Trenton, NJ: Trenton Mercer"
TTN,2025,12,56.0,14.0,6.3,0.31,3.41,0.0,3.97,4.0,0.0,854.0,463.0,5.0,128.0,0.0,258.0,"Trenton, NJ: Trenton Mercer"
TTN,2026,1,60.0,12.0,2.07,0.0,1.99,0.0,7.94,5.0,0.0,532.0,79.0,0.0,83.0,0.0,370.0,"Trenton, NJ: Trenton Mercer"
TTN,2026,2,68.0,16.0,1.74,0.0,7.8,0.0,6.46,8.0,2.0,551.0,51.0,0.0,253.0,0.0,247.0,"Trenton, NJ: Trenton Mercer"
TTN,2026,3,90.0,27.0,5.61,1.32,7.58,0.0,12.489999999999998,2.0,1.0,1891.0,262.0,364.0,373.0,0.0,892.0,"Trenton, NJ: Trenton Mercer"
TTN,2026,4,142.0,44.0,14.09,0.23,10.83,0.0,18.849999999999998,2.0,0.0,4078.0,2115.0,6.0,655.0,0.0,1302.0,"Trenton, NJ: Trenton Mercer"
TTN,2026,5,100.0,18.0,6.2,1.51,3.72,0.0,6.56,1.0,1.0,833.0,355.0,93.0,121.0,0.0,264.0,"Trenton, NJ: Trenton Mercer"
TTN,2026,6,112.0,15.0,3.45,3.19,2.25,0.0,6.12,1.0,1.0,929.0,178.0,190.0,115.0,0.0,446.0,"Trenton, NJ: Trenton Mercer"
TTN,2026,7,109.0,29.0,3.5700000000000003,1.24,6.59,0.0,17.599999999999998,2.0,1.0,2381.0,261.0,164.0,319.0,0.0,1637.0,"Trenton, NJ: Trenton Mercer"
TUL,2025,8,1754.0,415.0,139.1,22.41,64.55,1.0,187.95000000000002,18.0,4.0,27723.0,9819.0,2105.0,3126.0,23.0,12650.0,"Tulsa, OK: Tulsa International"
TUL,2025,9,1621.0,276.0,108.9,7.859999999999999,41.97,0.92,116.35000000000001,13.0,3.0,17130.0,5643.0,1356.0,1857.0,50.0,8224.0,"Tulsa, OK: Tulsa International"
TUL,2025,10,1734.0,365.0,115.93,6.25,72.15,1.0,169.67000000000002,11.0,3.0,22223.0,7208.0,1250.0,2501.0,15.0,11249.0,"Tulsa, OK: Tulsa International"
TUL,2025,11,1647.0,333.0,129.36,11.84,51.22,0.08,140.51,42.0,0.0,20893.0,6265.0,1237.0,3084.0,21.0,10286.0,"Tulsa, OK: Tulsa International"
TUL,2025,12,1658.0,380.0,142.59,12.299999999999999,55.379999999999995,0.0,169.74,13.0,1.0,27586.0,9933.0,1209.0,2840.0,0.0,13604.0,"Tulsa, OK: Tulsa International"
TUL,2026,1,1471.0,232.0,84.83,17.8,40.519999999999996,0.0,88.83,101.0,2.0,16115.0,5520.0,2393.0,1612.0,0.0,6590.0,"Tulsa, OK: Tulsa International"
TUL,2026,2,1369.0,251.0,105.29,11.49,29.68,0.0,104.54,13.0,1.0,15517.0,6938.0,687.0,1109.0,0.0,6783.0,"Tulsa, OK: Tulsa International"
TUL,2026,3,1693.0,409.0,158.48000000000002,15.799999999999999,60.25,1.1500000000000001,173.34,36.0,4.0,28422.0,10056.0,1881.0,3411.0,84.0,12990.0,"Tulsa, OK: Tulsa International"
TUL,2026,4,1732.0,350.0,132.81,20.41,58.31,1.0,137.47,16.0,7.0,21900.0,7371.0,2847.0,2875.0,27.0,8780.0,"Tulsa, OK: Tulsa International"
TUL,2026,5,1849.0,460.0,175.19,21.09,76.89999999999999,0.0,186.82,21.0,2.0,26595.0,9384.0,1828.0,3171.0,0.0,12212.0,"Tulsa, OK: Tulsa International"
TUL,2026,6,1828.0,540.0,179.68,27.57,90.58,0.24,241.95,30.0,5.0,36753.0,11093.0,3398.0,4143.0,39.0,18080.0,"Tulsa, OK: Tulsa International"
TUL,2026,7,1855.0,522.0,171.49,24.880000000000003,77.48,1.0,246.15,30.0,9.0,38245.0,11687.0,3515.0,4019.0,50.0,18759.0,"Tulsa, OK: Tulsa International"
TUS,2025,8,1462.0,292.0,120.26,18.51,31.28,1.0,120.96,9.0,2.0,19292.0,7874.0,1709.0,1580.0,68.0,8061.0,"Tucson, AZ: Tucson International"
TUS,2025,9,1422.0,263.0,111.94,7.390000000000001,39.29,0.44,103.93,15.0,0.0,16088.0,6305.0,637.0,1445.0,45.0,7656.0,"Tucson, AZ: Tucson International"
TUS,2025,10,1641.0,335.0,133.4,14.38,60.32,0.0,126.92,3.0,0.0,18106.0,8360.0,1194.0,1830.0,0.0,6722.0,"Tucson, AZ: Tucson International"
TUS,2025,11,1813.0,305.0,128.49,10.18,48.42,0.0,117.92,41.0,0.0,18179.0,7571.0,645.0,2014.0,0.0,7949.0,"Tucson, AZ: Tucson International"
TUS,2025,12,1844.0,423.0,172.51,12.75,64.86,0.96,171.95000000000002,8.0,0.0,30143.0,12426.0,1645.0,3845.0,75.0,12152.0,"Tucson, AZ: Tucson International"
TUS,2026,1,1767.0,369.0,169.49,19.24,64.98,0.6,114.7,36.0,1.0,23439.0,9613.0,2452.0,3322.0,27.0,8025.0,"Tucson, AZ: Tucson International"
TUS,2026,2,1653.0,311.0,137.76999999999998,8.89,55.92,2.0,106.44,1.0,0.0,19760.0,10012.0,662.0,2061.0,75.0,6950.0,"Tucson, AZ: Tucson International"
TUS,2026,3,1951.0,345.0,140.11,13.73,32.23,1.03,157.92,21.0,5.0,26161.0,9526.0,1395.0,2423.0,63.0,12754.0,"Tucson, AZ: Tucson International"
TUS,2026,4,1856.0,371.0,150.87,10.48,47.96,0.0,161.7,11.0,0.0,19882.0,7454.0,405.0,1949.0,0.0,10074.0,"Tucson, AZ: Tucson International"
TUS,2026,5,1748.0,385.0,165.73000000000002,4.92,57.22,0.35,156.76,7.0,3.0,24720.0,10492.0,260.0,2530.0,12.0,11426.0,"Tucson, AZ: Tucson International"
TUS,2026,6,1488.0,385.0,155.62,13.38,40.93,1.2,172.87,18.0,6.0,25993.0,10341.0,1460.0,1969.0,30.0,12052.0,"Tucson, AZ: Tucson International"
TUS,2026,7,1490.0,405.0,152.99,19.59,43.019999999999996,0.3,189.12,5.0,2.0,30778.0,10827.0,2119.0,2921.0,6.0,14905.0,"Tucson, AZ: Tucson International"
TVC,2025,8,917.0,204.0,83.77000000000001,15.49,42.480000000000004,0.27,62.019999999999996,18.0,0.0,15234.0,5924.0,1533.0,2037.0,13.0,5727.0,"Traverse City, MI: Cherry Capital"
TVC,2025,9,578.0,112.0,46.24,6.14,17.88,0.0,41.73,1.0,1.0,8176.0,2794.0,1570.0,804.0,0.0,3008.0,"Traverse City, MI: Cherry Capital"
TVC,2025,10,557.0,98.0,46.190000000000005,3.8200000000000003,12.27,0.0,35.73,1.0,0.0,8036.0,4410.0,178.0,662.0,0.0,2786.0,"Traverse City, MI: Cherry Capital"
TVC,2025,11,451.0,112.0,53.69,8.24,19.38,0.0,30.67,34.0,0.0,11302.0,4233.0,1165.0,1495.0,0.0,4409.0,"Traverse City, MI: Cherry Capital"
TVC,2025,12,400.0,180.0,53.56,28.7,45.29,1.0,51.46,18.0,2.0,24465.0,8965.0,6759.0,3534.0,18.0,5189.0,"Traverse City, MI: Cherry Capital"
TVC,2026,1,349.0,137.0,46.739999999999995,15.07,42.44,0.0,32.74,11.0,1.0,12038.0,3699.0,1603.0,2163.0,0.0,4573.0,"Traverse City, MI: Cherry Capital"
TVC,2026,2,332.0,93.0,41.480000000000004,10.63,22.72,0.0,18.16,4.0,0.0,7798.0,3145.0,1710.0,1317.0,0.0,1626.0,"Traverse City, MI: Cherry Capital"
TVC,2026,3,389.0,113.0,35.3,9.68,24.73,0.76,42.53,53.0,0.0,12681.0,3268.0,579.0,2199.0,16.0,6619.0,"Traverse City, MI: Cherry Capital"
TVC,2026,4,425.0,131.0,39.62,6.91,29.240000000000002,0.0,55.25,19.0,0.0,11700.0,2448.0,778.0,1462.0,0.0,7012.0,"Traverse City, MI: Cherry Capital"
TVC,2026,5,609.0,129.0,49.26,3.88,30.25,0.0,45.629999999999995,5.0,1.0,8691.0,3272.0,783.0,1265.0,0.0,3371.0,"Traverse City, MI: Cherry Capital"
TVC,2026,6,821.0,182.0,70.99000000000001,10.24,40.78,0.0,60.0,25.0,5.0,14868.0,5678.0,811.0,2340.0,0.0,6039.0,"Traverse City, MI: Cherry Capital"
TVC,2026,7,981.0,283.0,118.21999999999998,14.33,73.86,0.0,76.56,29.0,4.0,18716.0,7078.0,2075.0,3558.0,0.0,6005.0,"Traverse City, MI: Cherry Capital"
TWF,2025,8,56.0,1.0,0.0,1.0,0.0,0.0,0.0,0.0,0.0,22.0,0.0,22.0,0.0,0.0,0.0,"Twin Falls, ID: Joslin Field - Magic Valley Regional"
TWF,2025,9,60.0,0.0,0.0,0.0,0.0,0.0,0.0,0.0,0.0,0.0,0.0,0.0,0.0,0.0,0.0,"Twin Falls, ID: Joslin Field - Magic Valley Regional"
TWF,2025,10,61.0,2.0,0.99,0.97,0.05,0.0,0.0,0.0,0.0,105.0,75.0,28.0,2.0,0.0,0.0,"Twin Falls, ID: Joslin Field - Magic Valley Regional"
TWF,2025,11,57.0,5.0,4.82,0.0,0.18,0.0,0.0,0.0,0.0,323.0,316.0,0.0,7.0,0.0,0.0,"Twin Falls, ID: Joslin Field - Magic Valley Regional"
TWF,2025,12,59.0,6.0,3.79,2.0,0.21,0.0,0.0,0.0,0.0,378.0,303.0,60.0,15.0,0.0,0.0,"Twin Falls, ID: Joslin Field - Magic Valley Regional"
TWF,2026,1,61.0,8.0,4.92,2.0,1.08,0.0,0.0,3.0,0.0,1509.0,202.0,1249.0,58.0,0.0,0.0,"Twin Falls, ID: Joslin Field - Magic Valley Regional"
TWF,2026,2,56.0,6.0,4.94,1.0,0.06,0.0,0.0,1.0,0.0,240.0,201.0,36.0,3.0,0.0,0.0,"Twin Falls, ID: Joslin Field - Magic Valley Regional"
TWF,2026,3,86.0,1.0,1.0,0.0,0.0,0.0,0.0,0.0,0.0,25.0,25.0,0.0,0.0,0.0,0.0,"Twin Falls, ID: Joslin Field - Magic Valley Regional"
TWF,2026,4,82.0,10.0,9.91,0.0,0.09,0.0,0.0,0.0,0.0,1137.0,1083.0,0.0,54.0,0.0,0.0,"Twin Falls, ID: Joslin Field - Magic Valley Regional"
TWF,2026,5,85.0,6.0,4.59,1.0,0.41,0.0,0.0,0.0,0.0,354.0,323.0,17.0,14.0,0.0,0.0,"Twin Falls, ID: Joslin Field - Magic Valley Regional"
TWF,2026,6,83.0,10.0,9.5,0.0,0.5,0.0,0.0,0.0,0.0,1054.0,1046.0,0.0,8.0,0.0,0.0,"Twin Falls, ID: Joslin Field - Magic Valley Regional"
TWF,2026,7,85.0,4.0,2.0,1.53,0.47,0.0,0.0,0.0,0.0,127.0,46.0,72.0,9.0,0.0,0.0,"Twin Falls, ID: Joslin Field - Magic Valley Regional"
TXK,2025,8,62.0,14.0,2.46,1.15,2.96,0.0,7.43,1.0,0.0,1081.0,148.0,38.0,151.0,0.0,744.0,"Texarkana, AR: Texarkana Regional-Webb Field"
TXK,2025,9,60.0,12.0,4.58,1.65,1.87,0.0,3.9,1.0,0.0,818.0,213.0,293.0,91.0,0.0,221.0,"Texarkana, AR: Texarkana Regional-Webb Field"
TXK,2025,10,62.0,13.0,4.82,1.91,4.36,0.0,1.91,1.0,0.0,631.0,227.0,218.0,88.0,0.0,98.0,"Texarkana, AR: Texarkana Regional-Webb Field"
TXK,2025,11,59.0,5.0,1.76,0.0,1.31,0.0,1.93,3.0,0.0,199.0,56.0,0.0,103.0,0.0,40.0,"Texarkana, AR: Texarkana Regional-Webb Field"
TXK,2025,12,60.0,11.0,5.3,0.0,1.2,0.0,4.5,0.0,0.0,406.0,223.0,0.0,21.0,0.0,162.0,"Texarkana, AR: Texarkana Regional-Webb Field"
TXK,2026,1,62.0,5.0,2.18,0.0,1.45,0.0,1.37,11.0,0.0,116.0,55.0,0.0,40.0,0.0,21.0,"Texarkana, AR: Texarkana Regional-Webb Field"
TXK,2026,2,52.0,3.0,1.83,0.0,1.0,0.0,0.17,0.0,0.0,156.0,123.0,0.0,19.0,0.0,14.0,"Texarkana, AR: Texarkana Regional-Webb Field"
TXK,2026,3,62.0,9.0,3.98,1.91,1.09,0.0,2.02,0.0,0.0,666.0,165.0,342.0,51.0,0.0,108.0,"Texarkana, AR: Texarkana Regional-Webb Field"
TXK,2026,4,60.0,6.0,1.32,0.9,1.97,0.0,1.81,0.0,0.0,473.0,137.0,72.0,182.0,0.0,82.0,"Texarkana, AR: Texarkana Regional-Webb Field"
TXK,2026,5,62.0,10.0,2.53,1.35,1.5,0.0,4.62,2.0,0.0,766.0,225.0,54.0,76.0,0.0,411.0,"Texarkana, AR: Texarkana Regional-Webb Field"
TXK,2026,6,60.0,13.0,4.65,0.18,0.82,0.0,7.35,4.0,0.0,1388.0,231.0,5.0,57.0,0.0,1095.0,"Texarkana, AR: Texarkana Regional-Webb Field"
TXK,2026,7,62.0,22.0,5.18,0.21,4.24,0.0,12.37,0.0,0.0,1533.0,157.0,25.0,184.0,0.0,1167.0,"Texarkana, AR: Texarkana Regional-Webb Field"
TYR,2025,8,93.0,21.0,5.34,0.68,6.0,0.0,8.98,1.0,0.0,1426.0,198.0,100.0,261.0,0.0,867.0,"Tyler, TX: Tyler Pounds Regional"
TYR,2025,9,90.0,18.0,8.21,1.15,4.05,0.0,4.59,1.0,0.0,939.0,347.0,41.0,220.0,0.0,331.0,"Tyler, TX: Tyler Pounds Regional"
TYR,2025,10,93.0,18.0,5.3,1.71,1.03,0.0,9.97,1.0,0.0,1572.0,180.0,650.0,64.0,0.0,678.0,"Tyler, TX: Tyler Pounds Regional"
TYR,2025,11,87.0,13.0,7.64,2.8,0.88,0.0,1.69,11.0,1.0,897.0,237.0,567.0,35.0,0.0,58.0,"Tyler, TX: Tyler Pounds Regional"
TYR,2025,12,91.0,21.0,13.85,1.0,0.15,0.0,6.0,0.0,0.0,1040.0,856.0,17.0,16.0,0.0,151.0,"Tyler, TX: Tyler Pounds Regional"
TYR,2026,1,92.0,18.0,6.39,4.57,1.04,0.0,6.0,11.0,0.0,801.0,321.0,221.0,67.0,0.0,192.0,"Tyler, TX: Tyler Pounds Regional"
TYR,2026,2,73.0,17.0,9.64,1.97,0.44,0.0,4.95,0.0,0.0,1688.0,1238.0,87.0,54.0,0.0,309.0,"Tyler, TX: Tyler Pounds Regional"
TYR,2026,3,93.0,22.0,9.9,0.99,1.35,0.0,9.76,9.0,0.0,1869.0,1143.0,133.0,68.0,0.0,525.0,"Tyler, TX: Tyler Pounds Regional"
TYR,2026,4,90.0,17.0,6.86,3.0,0.79,0.0,6.35,2.0,0.0,2318.0,762.0,476.0,107.0,0.0,973.0,"Tyler, TX: Tyler Pounds Regional"
TYR,2026,5,93.0,23.0,10.370000000000001,2.42,1.3599999999999999,0.0,8.850000000000001,5.0,0.0,1997.0,933.0,445.0,118.0,0.0,501.0,"Tyler, TX: Tyler Pounds Regional"
TYR,2026,6,90.0,20.0,5.92,1.98,2.21,0.0,9.89,5.0,0.0,1577.0,233.0,128.0,198.0,0.0,1018.0,"Tyler, TX: Tyler Pounds Regional"
TYR,2026,7,92.0,10.0,1.53,1.73,2.31,0.0,4.43,0.0,0.0,935.0,50.0,291.0,275.0,0.0,319.0,"Tyler, TX: Tyler Pounds Regional"
TYS,2025,8,1970.0,471.0,144.31,29.189999999999998,98.39,0.0,199.11,29.0,2.0,42089.0,13020.0,2500.0,5101.0,0.0,21468.0,"Knoxville, TN: McGhee Tyson"
TYS,2025,9,1838.0,288.0,112.31,13.67,64.41,0.0,97.6,6.0,9.0,19267.0,5781.0,2385.0,3224.0,0.0,7877.0,"Knoxville, TN: McGhee Tyson"
TYS,2025,10,2058.0,469.0,129.35999999999999,10.24,122.65,0.0,206.72,10.0,2.0,33332.0,7894.0,1125.0,5943.0,0.0,18370.0,"Knoxville, TN: McGhee Tyson"
TYS,2025,11,1839.0,440.0,130.35,24.77,126.24000000000001,0.0,158.64000000000001,41.0,20.0,32320.0,8469.0,3645.0,5849.0,0.0,14357.0,"Knoxville, TN: McGhee Tyson"
TYS,2025,12,1786.0,587.0,181.54,19.020000000000003,135.73,1.08,249.62,27.0,2.0,54902.0,19861.0,3342.0,6160.0,60.0,25479.0,"Knoxville, TN: McGhee Tyson"
TYS,2026,1,1635.0,351.0,110.69,24.5,79.41,1.55,134.84,140.0,4.0,29258.0,8090.0,4191.0,3781.0,56.0,13140.0,"Knoxville, TN: McGhee Tyson"
TYS,2026,2,1464.0,300.0,99.62,12.98,66.32000000000001,0.77,120.33,25.0,2.0,22576.0,7298.0,763.0,3117.0,24.0,11374.0,"Knoxville, TN: McGhee Tyson"
TYS,2026,3,1919.0,492.0,154.94,26.72,98.42999999999999,1.0,210.92000000000002,57.0,1.0,43173.0,10928.0,3927.0,6201.0,129.0,21988.0,"Knoxville, TN: McGhee Tyson"
TYS,2026,4,1919.0,361.0,126.10000000000001,6.73,68.62,0.0,159.6,10.0,1.0,26081.0,8373.0,425.0,3579.0,0.0,13704.0,"Knoxville, TN: McGhee Tyson"
TYS,2026,5,2066.0,509.0,152.49,22.82,127.71000000000001,1.07,204.92999999999998,20.0,0.0,37458.0,11504.0,2991.0,6913.0,19.0,16031.0,"Knoxville, TN: McGhee Tyson"
TYS,2026,6,2127.0,592.0,194.55,31.14,115.81,0.48,250.01999999999998,32.0,1.0,49862.0,14220.0,5208.0,6604.0,10.0,23820.0,"Knoxville, TN: McGhee Tyson"
TYS,2026,7,2192.0,773.0,229.89,41.17,165.54,0.53,334.84,44.0,2.0,69153.0,20678.0,6528.0,9359.0,56.0,32373.0,"Knoxville, TN: McGhee Tyson"
USA,2025,8,49.0,21.0,4.5,2.31,4.55,0.0,9.64,0.0,0.0,1168.0,351.0,219.0,229.0,0.0,369.0,"Concord, NC: Concord Padgett Regional"
USA,2025,9,52.0,16.0,3.95,1.68,3.38,0.0,6.98,0.0,0.0,1022.0,210.0,161.0,89.0,0.0,562.0,"Concord, NC: Concord Padgett Regional"
USA,2025,10,54.0,19.0,7.26,2.45,2.93,0.0,6.36,0.0,0.0,1077.0,469.0,147.0,124.0,0.0,337.0,"Concord, NC: Concord Padgett Regional"
USA,2025,11,63.0,23.0,8.45,0.21,4.2,0.2,9.93,1.0,0.0,1451.0,608.0,13.0,282.0,10.0,538.0,"Concord, NC: Concord Padgett Regional"
USA,2025,12,75.0,43.0,9.02,2.03,11.85,1.12,18.97,0.0,1.0,3230.0,587.0,990.0,630.0,33.0,990.0,"Concord, NC: Concord Padgett Regional"
USA,2026,1,52.0,13.0,1.44,1.11,3.85,1.5,5.11,3.0,0.0,646.0,108.0,45.0,159.0,56.0,278.0,"Concord, NC: Concord Padgett Regional"
USA,2026,2,40.0,17.0,2.35,1.53,5.97,0.0,7.15,0.0,0.0,1753.0,969.0,72.0,299.0,0.0,413.0,"Concord, NC: Concord Padgett Regional"
USA,2026,3,61.0,22.0,5.5,1.2,7.25,0.0,8.06,2.0,0.0,1289.0,245.0,289.0,338.0,0.0,417.0,"Concord, NC: Concord Padgett Regional"
USA,2026,4,59.0,20.0,3.3,4.14,4.44,0.0,8.11,0.0,0.0,1268.0,350.0,151.0,227.0,0.0,540.0,"Concord, NC: Concord Padgett Regional"
USA,2026,5,63.0,23.0,8.24,0.5,4.55,0.0,9.7,0.0,2.0,1348.0,557.0,19.0,237.0,0.0,535.0,"Concord, NC: Concord Padgett Regional"
USA,2026,6,60.0,23.0,3.39,0.92,6.28,0.0,12.42,0.0,0.0,1660.0,187.0,80.0,342.0,0.0,1051.0,"Concord, NC: Concord Padgett Regional"
USA,2026,7,62.0,29.0,7.24,3.94,6.65,0.0,11.17,0.0,1.0,2730.0,938.0,608.0,420.0,0.0,764.0,"Concord, NC: Concord Padgett Regional"
VCT,2025,8,6.0,0.0,0.0,0.0,0.0,0.0,0.0,0.0,0.0,0.0,0.0,0.0,0.0,0.0,0.0,"Victoria, TX: Victoria Regional"
VCT,2025,9,46.0,5.0,2.99,1.0,0.02,0.0,0.99,0.0,0.0,2168.0,1484.0,85.0,11.0,0.0,588.0,"Victoria, TX: Victoria Regional"
VCT,2025,10,54.0,14.0,8.99,0.98,0.14,0.0,3.88,0.0,0.0,2723.0,1860.0,510.0,31.0,0.0,322.0,"Victoria, TX: Victoria Regional"
VCT,2025,11,55.0,10.0,3.0,1.84,1.19,0.0,3.97,0.0,0.0,1128.0,122.0,663.0,95.0,0.0,248.0,"Victoria, TX: Victoria Regional"
VCT,2025,12,56.0,15.0,2.0,0.95,0.33,0.0,11.71,0.0,1.0,2862.0,152.0,726.0,93.0,0.0,1891.0,"Victoria, TX: Victoria Regional"
VCT,2026,1,53.0,14.0,11.05,0.0,1.21,0.0,1.74,2.0,0.0,3026.0,2882.0,0.0,75.0,0.0,69.0,"Victoria, TX: Victoria Regional"
VCT,2026,2,50.0,7.0,4.85,0.95,0.2,0.0,1.0,0.0,2.0,1681.0,1005.0,573.0,37.0,0.0,66.0,"Victoria, TX: Victoria Regional"
VCT,2026,3,62.0,21.0,7.02,0.0,3.7,0.0,10.28,5.0,2.0,4905.0,2490.0,0.0,229.0,0.0,2186.0,"Victoria, TX: Victoria Regional"
VCT,2026,4,52.0,12.0,3.98,1.0,1.34,0.0,5.68,2.0,0.0,2747.0,2302.0,74.0,43.0,0.0,328.0,"Victoria, TX: Victoria Regional"
VCT,2026,5,53.0,16.0,6.97,2.28,1.77,0.0,4.98,1.0,0.0,3338.0,1676.0,39.0,124.0,0.0,1499.0,"Victoria, TX: Victoria Regional"
VCT,2026,6,51.0,23.0,13.39,5.72,2.92,0.0,0.97,0.0,0.0,5167.0,3558.0,1357.0,154.0,0.0,98.0,"Victoria, TX: Victoria Regional"
VCT,2026,7,54.0,11.0,5.35,1.0,0.65,0.0,4.0,0.0,0.0,2241.0,1855.0,39.0,32.0,0.0,315.0,"Victoria, TX: Victoria Regional"
VLD,2025,8,87.0,21.0,8.39,0.96,2.56,0.0,9.09,0.0,2.0,1936.0,1123.0,47.0,112.0,0.0,654.0,"Valdosta, GA: Valdosta Regional"
VLD,2025,9,86.0,16.0,6.22,0.0,3.75,0.0,6.03,0.0,0.0,710.0,218.0,0.0,109.0,0.0,383.0,"Valdosta, GA: Valdosta Regional"
VLD,2025,10,87.0,19.0,8.15,0.58,2.91,0.0,7.36,0.0,1.0,951.0,467.0,29.0,86.0,0.0,369.0,"Valdosta, GA: Valdosta Regional"
VLD,2025,11,84.0,19.0,6.17,1.31,4.8,0.0,6.72,6.0,0.0,1061.0,292.0,80.0,302.0,0.0,387.0,"Valdosta, GA: Valdosta Regional"
VLD,2025,12,79.0,25.0,6.73,0.8,2.49,0.0,14.98,0.0,1.0,2209.0,410.0,100.0,191.0,0.0,1508.0,"Valdosta, GA: Valdosta Regional"
VLD,2026,1,83.0,9.0,5.58,0.0,2.79,0.0,0.63,3.0,1.0,622.0,269.0,0.0,222.0,0.0,131.0,"Valdosta, GA: Valdosta Regional"
VLD,2026,2,78.0,14.0,7.82,1.0,2.93,0.0,2.24,0.0,0.0,632.0,314.0,102.0,131.0,0.0,85.0,"Valdosta, GA: Valdosta Regional"
VLD,2026,3,89.0,20.0,7.73,0.0,2.83,0.0,9.45,3.0,0.0,1619.0,681.0,0.0,170.0,0.0,768.0,"Valdosta, GA: Valdosta Regional"
VLD,2026,4,86.0,15.0,6.96,0.0,0.35,0.0,7.7,0.0,0.0,1213.0,502.0,0.0,25.0,0.0,686.0,"Valdosta, GA: Valdosta Regional"
VLD,2026,5,92.0,25.0,5.81,0.0,4.46,0.0,14.72,0.0,0.0,2264.0,367.0,0.0,447.0,0.0,1450.0,"Valdosta, GA: Valdosta Regional"
VLD,2026,6,90.0,24.0,9.46,0.63,3.42,1.0,9.5,1.0,0.0,1178.0,413.0,57.0,232.0,16.0,460.0,"Valdosta, GA: Valdosta Regional"
VLD,2026,7,92.0,32.0,9.2,3.36,2.3,0.0,17.14,3.0,0.0,3524.0,797.0,572.0,161.0,0.0,1994.0,"Valdosta, GA: Valdosta Regional"
VPS,2025,8,1102.0,266.0,69.96,11.530000000000001,59.59,1.5,123.43,11.0,4.0,24143.0,8698.0,955.0,3917.0,93.0,10480.0,"Valparaiso, FL: Eglin AFB Destin Fort Walton Beach"
VPS,2025,9,800.0,86.0,31.22,1.93,22.35,0.0,30.52,2.0,0.0,5929.0,2276.0,221.0,928.0,0.0,2504.0,"Valparaiso, FL: Eglin AFB Destin Fort Walton Beach"
VPS,2025,10,935.0,153.0,44.19,2.37,33.93,0.61,71.89,1.0,0.0,8930.0,2621.0,186.0,1716.0,17.0,4390.0,"Valparaiso, FL: Eglin AFB Destin Fort Walton Beach"
VPS,2025,11,677.0,105.0,30.150000000000002,4.92,27.22,0.0,42.71,14.0,0.0,7490.0,1739.0,1231.0,1254.0,0.0,3266.0,"Valparaiso, FL: Eglin AFB Destin Fort Walton Beach"
VPS,2025,12,683.0,146.0,49.06,11.5,23.64,0.0,61.79,7.0,2.0,10446.0,2836.0,1830.0,903.0,0.0,4877.0,"Valparaiso, FL: Eglin AFB Destin Fort Walton Beach"
VPS,2026,1,619.0,105.0,32.25,6.8100000000000005,19.93,0.0,46.01,29.0,10.0,8283.0,2473.0,1200.0,1479.0,0.0,3131.0,"Valparaiso, FL: Eglin AFB Destin Fort Walton Beach"
VPS,2026,2,608.0,102.0,32.27,3.3499999999999996,17.28,0.0,49.11,8.0,1.0,7068.0,2242.0,204.0,614.0,0.0,4008.0,"Valparaiso, FL: Eglin AFB Destin Fort Walton Beach"
VPS,2026,3,927.0,213.0,81.39,12.139999999999999,30.240000000000002,3.0,85.22,23.0,10.0,15285.0,5245.0,2195.0,1677.0,100.0,5721.0,"Valparaiso, FL: Eglin AFB Destin Fort Walton Beach"
VPS,2026,4,966.0,162.0,48.230000000000004,7.13,41.66,0.0,64.99,7.0,0.0,9524.0,2596.0,406.0,2306.0,0.0,4216.0,"Valparaiso, FL: Eglin AFB Destin Fort Walton Beach"
VPS,2026,5,1108.0,308.0,77.84,8.8,90.78999999999999,2.0,128.57,8.0,2.0,20342.0,6651.0,677.0,4517.0,50.0,8447.0,"Valparaiso, FL: Eglin AFB Destin Fort Walton Beach"
VPS,2026,6,1295.0,446.0,105.53,14.54,112.86,0.0,213.05,24.0,0.0,34852.0,9964.0,2036.0,5371.0,0.0,17481.0,"Valparaiso, FL: Eglin AFB Destin Fort Walton Beach"
VPS,2026,7,1339.0,433.0,110.81,9.76,109.67999999999999,0.0,202.75,22.0,4.0,33099.0,9086.0,1618.0,5793.0,0.0,16602.0,"Valparaiso, FL: Eglin AFB Destin Fort Walton Beach"
VRB,2025,12,42.0,21.0,8.0,0.44,10.69,0.0,1.87,1.0,0.0,1539.0,410.0,63.0,728.0,0.0,338.0,"Vero Beach, FL: Vero Beach Regional"
VRB,2026,1,62.0,15.0,1.81,0.0,11.42,0.0,1.77,4.0,0.0,861.0,54.0,0.0,714.0,0.0,93.0,"Vero Beach, FL: Vero Beach Regional"
VRB,2026,2,73.0,18.0,5.08,1.0,8.74,0.0,3.18,5.0,0.0,999.0,379.0,40.0,361.0,0.0,219.0,"Vero Beach, FL: Vero Beach Regional"
VRB,2026,3,93.0,19.0,6.16,0.08,6.97,0.73,5.06,5.0,0.0,1257.0,462.0,9.0,381.0,27.0,378.0,"Vero Beach, FL: Vero Beach Regional"
VRB,2026,4,90.0,13.0,4.12,0.0,5.359999999999999,0.0,3.52,0.0,1.0,882.0,247.0,0.0,313.0,0.0,322.0,"Vero Beach, FL: Vero Beach Regional"
VRB,2026,5,87.0,8.0,4.23,0.06,2.09,0.0,1.62,0.0,0.0,441.0,193.0,8.0,96.0,0.0,144.0,"Vero Beach, FL: Vero Beach Regional"
VRB,2026,6,90.0,8.0,3.5,0.0,1.63,0.0,2.88,0.0,0.0,429.0,189.0,0.0,57.0,0.0,183.0,"Vero Beach, FL: Vero Beach Regional"
VRB,2026,7,92.0,12.0,4.6,0.08,2.9,0.0,4.42,8.0,0.0,1014.0,306.0,8.0,257.0,0.0,443.0,"Vero Beach, FL: Vero Beach Regional"
WRG,2025,8,62.0,16.0,2.25,2.99,1.17,0.0,9.6,1.0,0.0,1048.0,174.0,241.0,40.0,0.0,593.0,"Wrangell, AK: Wrangell Airport"
WRG,2025,9,60.0,10.0,0.0,2.61,1.95,0.0,5.43,1.0,2.0,678.0,0.0,231.0,70.0,0.0,377.0,"Wrangell, AK: Wrangell Airport"
WRG,2025,10,62.0,2.0,0.0,0.0,0.82,0.0,1.18,2.0,1.0,180.0,0.0,0.0,37.0,0.0,143.0,"Wrangell, AK: Wrangell Airport"
WRG,2025,11,58.0,7.0,1.0,0.0,2.73,0.0,3.27,2.0,0.0,231.0,43.0,0.0,62.0,0.0,126.0,"Wrangell, AK: Wrangell Airport"
WRG,2025,12,60.0,22.0,1.79,3.3,4.74,0.0,12.17,4.0,1.0,1381.0,142.0,182.0,155.0,0.0,902.0,"Wrangell, AK: Wrangell Airport"
WRG,2026,1,60.0,14.0,2.7,2.0,1.46,0.0,7.85,5.0,4.0,1084.0,61.0,178.0,47.0,0.0,798.0,"Wrangell, AK: Wrangell Airport"
WRG,2026,2,56.0,10.0,1.56,2.0,1.01,0.0,5.43,5.0,1.0,523.0,52.0,51.0,31.0,0.0,389.0,"Wrangell, AK: Wrangell Airport"
WRG,2026,3,62.0,16.0,2.29,4.12,3.94,0.0,5.65,1.0,0.0,773.0,112.0,155.0,118.0,0.0,388.0,"Wrangell, AK: Wrangell Airport"
WRG,2026,4,60.0,9.0,3.18,0.0,0.2,0.0,5.62,0.0,0.0,758.0,330.0,0.0,4.0,0.0,424.0,"Wrangell, AK: Wrangell Airport"
WRG,2026,5,62.0,6.0,0.67,0.0,0.14,0.0,5.19,0.0,1.0,227.0,22.0,0.0,5.0,0.0,200.0,"Wrangell, AK: Wrangell Airport"
WRG,2026,6,60.0,1.0,0.0,0.0,0.0,0.0,1.0,0.0,0.0,44.0,0.0,0.0,0.0,0.0,44.0,"Wrangell, AK: Wrangell Airport"
WRG,2026,7,62.0,4.0,1.3,0.0,0.0,0.0,2.7,1.0,0.0,176.0,75.0,0.0,0.0,0.0,101.0,"Wrangell, AK: Wrangell Airport"
WYS,2025,8,73.0,15.0,7.99,0.0,2.01,0.0,5.0,0.0,1.0,689.0,316.0,0.0,73.0,0.0,300.0,"West Yellowstone, MT: Yellowstone"
WYS,2025,9,66.0,4.0,4.0,0.0,0.0,0.0,0.0,0.0,0.0,112.0,112.0,0.0,0.0,0.0,0.0,"West Yellowstone, MT: Yellowstone"
WYS,2025,10,15.0,5.0,3.45,0.0,0.55,0.0,1.0,0.0,0.0,231.0,181.0,0.0,25.0,0.0,25.0,"West Yellowstone, MT: Yellowstone"
WYS,2026,5,47.0,5.0,4.0,0.0,0.0,0.0,1.0,1.0,3.0,318.0,298.0,0.0,0.0,0.0,20.0,"West Yellowstone, MT: Yellowstone"
WYS,2026,6,76.0,12.0,8.52,0.0,1.48,0.0,2.0,0.0,2.0,462.0,352.0,0.0,51.0,0.0,59.0,"West Yellowstone, MT: Yellowstone"
WYS,2026,7,78.0,12.0,7.92,0.0,0.28,0.0,3.8,0.0,0.0,1177.0,732.0,0.0,47.0,0.0,398.0,"West Yellowstone, MT: Yellowstone"
XNA,2025,8,1554.0,316.0,108.45,26.66,73.0,0.0,107.88,17.0,3.0,26694.0,10970.0,2450.0,2960.0,0.0,10314.0,"Fayetteville, AR: Northwest Arkansas National"
XNA,2025,9,1523.0,278.0,98.53,5.15,87.5,0.0,86.81,8.0,4.0,19297.0,6794.0,1270.0,3447.0,0.0,7786.0,"Fayetteville, AR: Northwest Arkansas National"
XNA,2025,10,1623.0,269.0,93.78,5.07,63.47,0.0,106.67,9.0,1.0,17084.0,6012.0,479.0,2239.0,0.0,8354.0,"Fayetteville, AR: Northwest Arkansas National"
XNA,2025,11,1562.0,283.0,102.66,13.76,68.13,0.0,98.49,39.0,1.0,20367.0,6500.0,696.0,3323.0,0.0,9848.0,"Fayetteville, AR: Northwest Arkansas National"
XNA,2025,12,1485.0,401.0,121.72,22.35,92.46000000000001,0.06,164.42000000000002,17.0,2.0,30196.0,9411.0,2119.0,4629.0,1.0,14036.0,"Fayetteville, AR: Northwest Arkansas National"
XNA,2026,1,1395.0,257.0,83.58,19.31,64.69,0.0,89.42,92.0,1.0,18779.0,5521.0,2081.0,3246.0,0.0,7931.0,"Fayetteville, AR: Northwest Arkansas National"
XNA,2026,2,1338.0,244.0,86.2,12.05,64.27,1.0,80.48,16.0,0.0,17906.0,7945.0,996.0,3082.0,101.0,5782.0,"Fayetteville, AR: Northwest Arkansas National"
XNA,2026,3,1649.0,374.0,118.81,21.169999999999998,99.45,0.0,134.56,47.0,10.0,29993.0,9491.0,2914.0,5306.0,0.0,12282.0,"Fayetteville, AR: Northwest Arkansas National"
XNA,2026,4,1628.0,309.0,115.85,9.41,73.92,0.0,109.85,13.0,7.0,20938.0,8370.0,843.0,2987.0,0.0,8738.0,"Fayetteville, AR: Northwest Arkansas National"
XNA,2026,5,1737.0,383.0,137.09,18.54,100.06,0.0,127.32000000000001,18.0,7.0,25463.0,8892.0,2007.0,5358.0,0.0,9206.0,"Fayetteville, AR: Northwest Arkansas National"
XNA,2026,6,1735.0,457.0,137.16,31.61,136.41,1.31,150.5,36.0,5.0,32223.0,9564.0,3098.0,6231.0,30.0,13300.0,"Fayetteville, AR: Northwest Arkansas National"
XNA,2026,7,1764.0,486.0,168.79,36.79,98.31,0.0,182.1,45.0,1.0,38325.0,12790.0,3372.0,5241.0,0.0,16922.0,"Fayetteville, AR: Northwest Arkansas National"
XWA,2025,8,238.0,50.0,19.4,7.38,13.98,0.0,9.25,0.0,3.0,3565.0,953.0,612.0,623.0,0.0,1377.0,"Williston, ND: Williston Basin International"
XWA,2025,9,223.0,20.0,8.35,2.91,5.84,0.0,2.89,0.0,4.0,862.0,331.0,163.0,180.0,0.0,188.0,"Williston, ND: Williston Basin International"
XWA,2025,10,209.0,34.0,23.67,3.0,6.33,0.0,1.0,0.0,0.0,1465.0,935.0,169.0,294.0,0.0,67.0,"Williston, ND: Williston Basin International"
XWA,2025,11,197.0,33.0,21.42,5.68,4.76,0.0,1.14,7.0,1.0,2737.0,1188.0,1098.0,287.0,0.0,164.0,"Williston, ND: Williston Basin International"
XWA,2025,12,202.0,81.0,48.0,9.31,16.02,0.61,7.07,2.0,4.0,9999.0,3673.0,2747.0,1227.0,50.0,2302.0,"Williston, ND: Williston Basin International"
XWA,2026,1,185.0,46.0,31.41,4.75,2.94,0.0,6.9,11.0,3.0,5664.0,3862.0,605.0,304.0,0.0,893.0,"Williston, ND: Williston Basin International"
XWA,2026,2,177.0,45.0,31.65,4.4,5.28,0.0,3.67,1.0,3.0,4516.0,3593.0,359.0,411.0,0.0,153.0,"Williston, ND: Williston Basin International"
XWA,2026,3,207.0,55.0,36.3,5.56,7.58,0.0,5.56,8.0,1.0,5976.0,3541.0,1530.0,654.0,0.0,251.0,"Williston, ND: Williston Basin International"
XWA,2026,4,174.0,32.0,20.14,1.0,5.59,0.0,5.27,0.0,1.0,3945.0,2951.0,85.0,236.0,0.0,673.0,"Williston, ND: Williston Basin International"
XWA,2026,5,200.0,38.0,15.74,7.89,6.1,0.0,8.28,2.0,1.0,3718.0,1434.0,843.0,349.0,0.0,1092.0,"Williston, ND: Williston Basin International"
XWA,2026,6,197.0,52.0,25.69,5.94,11.9,0.0,8.48,1.0,2.0,4318.0,2352.0,606.0,732.0,0.0,628.0,"Williston, ND: Williston Basin International"
XWA,2026,7,200.0,40.0,24.73,4.41,7.0,1.0,2.87,1.0,0.0,2229.0,1294.0,181.0,555.0,29.0,170.0,"Williston, ND: Williston Basin International"
YAK,2025,8,62.0,11.0,4.0,0.0,0.33,1.0,5.67,0.0,0.0,305.0,121.0,0.0,19.0,15.0,150.0,"Yakutat, AK: Yakutat Airport"
YAK,2025,9,60.0,5.0,2.6,0.0,0.59,0.0,1.81,0.0,1.0,120.0,72.0,0.0,11.0,0.0,37.0,"Yakutat, AK: Yakutat Airport"
YAK,2025,10,62.0,8.0,0.0,0.0,2.03,0.0,5.97,0.0,1.0,339.0,0.0,0.0,57.0,0.0,282.0,"Yakutat, AK: Yakutat Airport"
YAK,2025,11,58.0,7.0,0.0,0.0,1.07,0.0,5.93,1.0,0.0,335.0,0.0,0.0,25.0,0.0,310.0,"Yakutat, AK: Yakutat Airport"
YAK,2025,12,60.0,9.0,1.0,0.89,0.39,0.0,6.71,1.0,8.0,894.0,38.0,74.0,28.0,0.0,754.0,"Yakutat, AK: Yakutat Airport"
YAK,2026,1,59.0,13.0,0.0,0.87,1.36,0.0,10.78,4.0,3.0,1139.0,0.0,30.0,39.0,0.0,1070.0,"Yakutat, AK: Yakutat Airport"
YAK,2026,2,56.0,9.0,0.0,2.12,1.99,0.0,4.89,1.0,2.0,424.0,0.0,92.0,64.0,0.0,268.0,"Yakutat, AK: Yakutat Airport"
YAK,2026,3,62.0,13.0,0.54,0.8,4.35,0.0,7.31,0.0,2.0,870.0,33.0,84.0,227.0,0.0,526.0,"Yakutat, AK: Yakutat Airport"
YAK,2026,4,60.0,6.0,1.13,0.0,0.21,0.0,4.66,1.0,1.0,182.0,21.0,0.0,8.0,0.0,153.0,"Yakutat, AK: Yakutat Airport"
YAK,2026,5,62.0,9.0,3.14,0.0,1.17,0.0,4.69,0.0,3.0,425.0,157.0,0.0,38.0,0.0,230.0,"Yakutat, AK: Yakutat Airport"
YAK,2026,6,60.0,3.0,0.0,0.0,0.0,0.0,3.0,0.0,0.0,285.0,0.0,0.0,0.0,0.0,285.0,"Yakutat, AK: Yakutat Airport"
YAK,2026,7,62.0,3.0,0.0,0.0,0.0,0.0,3.0,0.0,0.0,150.0,0.0,0.0,0.0,0.0,150.0,"Yakutat, AK: Yakutat Airport"
YKM,2025,8,62.0,6.0,1.45,0.0,1.16,0.0,3.4,0.0,0.0,299.0,94.0,0.0,53.0,0.0,152.0,"Yakima, WA: Yakima Air Terminal/McAllister Field"
YKM,2025,9,60.0,3.0,1.29,0.0,0.71,0.0,1.0,0.0,0.0,106.0,53.0,0.0,22.0,0.0,31.0,"Yakima, WA: Yakima Air Terminal/McAllister Field"
YKM,2025,10,61.0,5.0,1.89,0.0,0.67,0.14,2.3,1.0,0.0,232.0,88.0,0.0,18.0,10.0,116.0,"Yakima, WA: Yakima Air Terminal/McAllister Field"
YKM,2025,11,58.0,4.0,2.0,0.0,0.05,0.0,1.95,0.0,0.0,104.0,48.0,0.0,2.0,0.0,54.0,"Yakima, WA: Yakima Air Terminal/McAllister Field"
YKM,2025,12,62.0,7.0,1.1,0.0,0.33,0.0,5.57,2.0,0.0,191.0,23.0,0.0,5.0,0.0,163.0,"Yakima, WA: Yakima Air Terminal/McAllister Field"
YKM,2026,1,62.0,7.0,3.58,0.0,1.0,0.0,2.42,6.0,0.0,221.0,108.0,0.0,24.0,0.0,89.0,"Yakima, WA: Yakima Air Terminal/McAllister Field"
YKM,2026,2,56.0,5.0,1.13,0.0,0.0,0.0,3.88,1.0,0.0,193.0,38.0,0.0,0.0,0.0,155.0,"Yakima, WA: Yakima Air Terminal/McAllister Field"
YKM,2026,3,62.0,7.0,4.0,0.32,0.11,0.0,2.57,1.0,0.0,398.0,207.0,50.0,17.0,0.0,124.0,"Yakima, WA: Yakima Air Terminal/McAllister Field"
YKM,2026,4,60.0,0.0,0.0,0.0,0.0,0.0,0.0,0.0,0.0,0.0,0.0,0.0,0.0,0.0,0.0,"Yakima, WA: Yakima Air Terminal/McAllister Field"
YKM,2026,5,62.0,12.0,4.04,0.0,2.04,0.0,5.92,0.0,0.0,384.0,138.0,0.0,53.0,0.0,193.0,"Yakima, WA: Yakima Air Terminal/McAllister Field"
YKM,2026,6,60.0,5.0,1.84,0.0,0.41,0.0,2.75,0.0,0.0,135.0,46.0,0.0,9.0,0.0,80.0,"Yakima, WA: Yakima Air Terminal/McAllister Field"
YKM,2026,7,62.0,20.0,3.47,0.0,1.13,0.0,15.4,1.0,0.0,830.0,146.0,0.0,40.0,0.0,644.0,"Yakima, WA: Yakima Air Terminal/McAllister Field"
YUM,2025,8,106.0,12.0,4.16,3.99,1.6300000000000001,0.0,2.21,1.0,0.0,801.0,287.0,277.0,87.0,0.0,150.0,"Yuma, AZ: Yuma MCAS/Yuma International"
YUM,2025,9,119.0,19.0,11.11,0.0,2.36,0.0,5.52,3.0,2.0,974.0,510.0,0.0,148.0,0.0,316.0,"Yuma, AZ: Yuma MCAS/Yuma International"
YUM,2025,10,134.0,18.0,8.48,3.0,0.26,0.0,6.26,0.0,0.0,1587.0,942.0,319.0,14.0,0.0,312.0,"Yuma, AZ: Yuma MCAS/Yuma International"
YUM,2025,11,177.0,32.0,8.370000000000001,0.79,8.31,0.0,14.52,13.0,0.0,1633.0,411.0,19.0,315.0,0.0,888.0,"Yuma, AZ: Yuma MCAS/Yuma International"
YUM,2025,12,151.0,24.0,10.01,1.75,2.29,0.0,9.94,0.0,0.0,1282.0,428.0,225.0,70.0,0.0,559.0,"Yuma, AZ: Yuma MCAS/Yuma International"
YUM,2026,1,180.0,30.0,14.52,1.62,4.42,0.0,9.44,1.0,0.0,2807.0,1771.0,95.0,207.0,0.0,734.0,"Yuma, AZ: Yuma MCAS/Yuma International"
YUM,2026,2,143.0,27.0,16.15,2.0,0.7000000000000001,0.0,8.16,1.0,0.0,2732.0,2019.0,115.0,52.0,0.0,546.0,"Yuma, AZ: Yuma MCAS/Yuma International"
YUM,2026,3,153.0,26.0,13.4,1.0,0.78,0.0,10.82,4.0,0.0,1904.0,1063.0,73.0,32.0,0.0,736.0,"Yuma, AZ: Yuma MCAS/Yuma International"
YUM,2026,4,146.0,25.0,10.69,3.88,2.02,0.0,8.4,0.0,0.0,1765.0,463.0,468.0,79.0,0.0,755.0,"Yuma, AZ: Yuma MCAS/Yuma International"
YUM,2026,5,141.0,23.0,11.85,1.9,1.19,0.0,8.07,1.0,0.0,1295.0,556.0,100.0,55.0,0.0,584.0,"Yuma, AZ: Yuma MCAS/Yuma International"
YUM,2026,6,120.0,29.0,10.19,2.3,1.9400000000000002,0.0,14.559999999999999,0.0,0.0,2141.0,1011.0,133.0,102.0,0.0,895.0,"Yuma, AZ: Yuma MCAS/Yuma International"
YUM,2026,7,122.0,26.0,6.510000000000001,1.3800000000000001,2.7399999999999998,0.0,15.370000000000001,1.0,0.0,2593.0,387.0,40.0,145.0,0.0,2021.0,"Yuma, AZ: Yuma MCAS/Yuma International"
