year,month,origin,dest,departures,cancelled,distance_mi
2026,5,ABE,BNA,4,0.0,684.0
2026,5,ABE,CLT,62,1.0,481.0
2026,5,ABE,DEN,3,0.0,1539.0
2026,5,ABE,FLL,9,0.0,1041.0
2026,5,ABE,MCO,9,0.0,906.0
2026,5,ABE,MLB,9,0.0,914.0
2026,5,ABE,MYR,22,0.0,518.0
2026,5,ABE,ORD,70,3.0,654.0
2026,5,ABE,PGD,18,0.0,1018.0
2026,5,ABE,PIE,21,0.0,970.0
2026,5,ABE,RSW,9,0.0,1038.0
2026,5,ABE,SFB,49,0.0,882.0
2026,5,ABE,SRQ,9,0.0,1000.0
2026,5,ABI,DEN,62,0.0,584.0
2026,5,ABI,DFW,151,4.0,158.0
2026,5,ABI,IAH,31,0.0,306.0
2026,5,ABQ,ATL,87,1.0,1269.0
2026,5,ABQ,AUS,80,0.0,619.0
2026,5,ABQ,BNA,5,0.0,1123.0
2026,5,ABQ,BUR,26,0.0,672.0
2026,5,ABQ,BWI,31,0.0,1670.0
2026,5,ABQ,DAL,136,1.0,580.0
2026,5,ABQ,DEN,296,1.0,349.0
2026,5,ABQ,DFW,204,9.0,569.0
2026,5,ABQ,HOU,84,0.0,759.0
2026,5,ABQ,IAD,31,1.0,1628.0
2026,5,ABQ,IAH,34,0.0,744.0
2026,5,ABQ,JFK,18,0.0,1826.0
2026,5,ABQ,LAS,150,1.0,486.0
2026,5,ABQ,LAX,207,0.0,677.0
2026,5,ABQ,MDW,31,0.0,1121.0
2026,5,ABQ,MSP,24,0.0,981.0
2026,5,ABQ,OAK,31,0.0,889.0
2026,5,ABQ,ORD,103,0.0,1118.0
2026,5,ABQ,PHX,270,0.0,328.0
2026,5,ABQ,SAN,57,0.0,628.0
2026,5,ABQ,SEA,57,0.0,1180.0
2026,5,ABQ,SFO,76,0.0,896.0
2026,5,ABQ,SLC,113,0.0,493.0
2026,5,ABR,MSP,62,0.0,257.0
2026,5,ACK,BOS,13,0.0,91.0
2026,5,ACK,HPN,11,0.0,191.0
2026,5,ACK,JFK,13,0.0,199.0
2026,5,ACK,LGA,22,0.0,202.0
2026,5,ACT,DFW,93,4.0,90.0
2026,5,ACV,DEN,31,0.0,1026.0
2026,5,ACV,LAX,41,0.0,577.0
2026,5,ACV,SEA,31,0.0,456.0
2026,5,ACV,SFO,113,3.0,250.0
2026,5,ACY,FLL,23,0.0,977.0
2026,5,ACY,MCO,2,0.0,852.0
2026,5,ACY,MYR,7,0.0,466.0
2026,5,ACY,PBI,1,0.0,936.0
2026,5,ACY,PGD,6,0.0,964.0
2026,5,ACY,PIE,9,0.0,922.0
2026,5,ACY,RSW,1,0.0,982.0
2026,5,ACY,SFB,9,0.0,829.0
2026,5,ACY,TPA,1,0.0,914.0
2026,5,ADK,ANC,9,0.0,1192.0
2026,5,ADQ,ANC,81,0.0,253.0
2026,5,AEX,DFW,91,4.0,285.0
2026,5,AEX,IAH,21,0.0,190.0
2026,5,AGS,ATL,1,0.0,143.0
2026,5,AGS,DCA,29,2.0,468.0
2026,5,AGS,DFW,64,4.0,874.0
2026,5,AKN,ANC,19,0.0,288.0
2026,5,ALB,ATL,92,0.0,853.0
2026,5,ALB,BNA,34,0.0,825.0
2026,5,ALB,BWI,154,0.0,288.0
2026,5,ALB,CLT,93,0.0,646.0
2026,5,ALB,DCA,117,1.0,318.0
2026,5,ALB,DEN,36,0.0,1610.0
2026,5,ALB,DFW,10,1.0,1434.0
2026,5,ALB,DTW,112,1.0,489.0
2026,5,ALB,FLL,40,0.0,1204.0
2026,5,ALB,MCO,97,0.0,1073.0
2026,5,ALB,MDW,56,0.0,717.0
2026,5,ALB,MYR,9,0.0,685.0
2026,5,ALB,ORD,261,6.0,723.0
2026,5,ALB,PGD,12,0.0,1185.0
2026,5,ALB,PIE,9,0.0,1138.0
2026,5,ALB,SFB,9,0.0,1049.0
2026,5,ALB,SRQ,9,0.0,1167.0
2026,5,ALB,TPA,36,0.0,1130.0
2026,5,ALO,ORD,59,0.0,234.0
2026,5,AMA,AUS,18,0.0,419.0
2026,5,AMA,DAL,101,1.0,323.0
2026,5,AMA,DEN,56,0.0,359.0
2026,5,AMA,DFW,210,6.0,312.0
2026,5,AMA,IAH,3,0.0,518.0
2026,5,AMA,LAS,31,0.0,759.0
2026,5,ANC,ADK,9,0.0,1192.0
2026,5,ANC,ADQ,81,1.0,253.0
2026,5,ANC,AKN,19,0.0,288.0
2026,5,ANC,ATL,14,1.0,3417.0
2026,5,ANC,BET,62,0.0,399.0
2026,5,ANC,BRW,31,1.0,725.0
2026,5,ANC,CDV,31,0.0,160.0
2026,5,ANC,DEN,90,1.0,2405.0
2026,5,ANC,DFW,42,0.0,3043.0
2026,5,ANC,DTW,11,0.0,2986.0
2026,5,ANC,EWR,11,0.0,3370.0
2026,5,ANC,FAI,142,0.0,261.0
2026,5,ANC,HNL,31,0.0,2777.0
2026,5,ANC,IAD,11,0.0,3356.0
2026,5,ANC,IAH,11,0.0,3266.0
2026,5,ANC,JNU,112,0.0,571.0
2026,5,ANC,LAS,40,0.0,2304.0
2026,5,ANC,LAX,31,0.0,2345.0
2026,5,ANC,MSP,55,0.0,2519.0
2026,5,ANC,OME,38,0.0,539.0
2026,5,ANC,ORD,93,2.0,2846.0
2026,5,ANC,OTZ,31,2.0,549.0
2026,5,ANC,PDX,112,0.0,1542.0
2026,5,ANC,PHX,42,0.0,2552.0
2026,5,ANC,SAN,3,0.0,2452.0
2026,5,ANC,SCC,42,0.0,626.0
2026,5,ANC,SEA,585,3.0,1448.0
2026,5,ANC,SFO,30,0.0,2018.0
2026,5,ANC,SLC,8,0.0,2125.0
2026,5,APN,DTW,56,0.0,198.0
2026,5,ASE,ATL,10,0.0,1304.0
2026,5,ASE,AUS,10,0.0,812.0
2026,5,ASE,DEN,75,0.0,125.0
2026,5,ASE,DFW,17,0.0,701.0
2026,5,ASE,IAH,20,0.0,913.0
2026,5,ASE,LAX,20,0.0,737.0
2026,5,ASE,ORD,20,0.0,1013.0
2026,5,ASE,SFO,10,0.0,848.0
2026,5,ATL,ABQ,87,0.0,1269.0
2026,5,ATL,AGS,1,0.0,143.0
2026,5,ATL,ALB,92,0.0,853.0
2026,5,ATL,ANC,14,1.0,3417.0
2026,5,ATL,ASE,10,0.0,1304.0
2026,5,ATL,ATW,31,0.0,765.0
2026,5,ATL,AUS,387,5.0,813.0
2026,5,ATL,AVL,151,2.0,164.0
2026,5,ATL,BDL,200,1.0,859.0
2026,5,ATL,BGR,4,0.0,1134.0
2026,5,ATL,BHM,317,6.0,134.0
2026,5,ATL,BNA,399,10.0,214.0
2026,5,ATL,BOI,56,0.0,1838.0
2026,5,ATL,BOS,463,4.0,946.0
2026,5,ATL,BTR,67,2.0,448.0
2026,5,ATL,BTV,34,0.0,961.0
2026,5,ATL,BUF,149,2.0,712.0
2026,5,ATL,BUR,31,1.0,1941.0
2026,5,ATL,BWI,486,3.0,577.0
2026,5,ATL,BZN,35,0.0,1640.0
2026,5,ATL,CAE,195,2.0,192.0
2026,5,ATL,CHA,120,2.0,106.0
2026,5,ATL,CHS,290,4.0,259.0
2026,5,ATL,CID,31,0.0,694.0
2026,5,ATL,CLE,310,3.0,554.0
2026,5,ATL,CLT,389,0.0,226.0
2026,5,ATL,CMH,270,5.0,447.0
2026,5,ATL,COS,59,1.0,1184.0
2026,5,ATL,CVG,253,1.0,373.0
2026,5,ATL,DAB,124,3.0,366.0
2026,5,ATL,DAL,293,4.0,721.0
2026,5,ATL,DAY,119,1.0,432.0
2026,5,ATL,DCA,574,12.0,547.0
2026,5,ATL,DEN,483,4.0,1199.0
2026,5,ATL,DFW,563,19.0,731.0
2026,5,ATL,DSM,121,4.0,743.0
2026,5,ATL,DTW,403,1.0,594.0
2026,5,ATL,ECP,233,5.0,240.0
2026,5,ATL,ELP,62,0.0,1282.0
2026,5,ATL,EWR,519,6.0,746.0
2026,5,ATL,EYW,127,2.0,646.0
2026,5,ATL,FAR,31,0.0,1123.0
2026,5,ATL,FAY,17,1.0,330.0
2026,5,ATL,FLL,563,10.0,581.0
2026,5,ATL,FSD,31,0.0,954.0
2026,5,ATL,GEG,56,0.0,1969.0
2026,5,ATL,GNV,149,2.0,300.0
2026,5,ATL,GPT,118,0.0,352.0
2026,5,ATL,GRB,31,0.0,774.0
2026,5,ATL,GRR,118,0.0,640.0
2026,5,ATL,GSO,248,5.0,306.0
2026,5,ATL,GSP,254,3.0,153.0
2026,5,ATL,HHH,31,0.0,238.0
2026,5,ATL,HNL,31,0.0,4502.0
2026,5,ATL,HOU,242,7.0,696.0
2026,5,ATL,HPN,54,2.0,781.0
2026,5,ATL,HSV,195,2.0,151.0
2026,5,ATL,IAD,406,5.0,534.0
2026,5,ATL,IAH,444,2.0,689.0
2026,5,ATL,ICT,90,2.0,782.0
2026,5,ATL,ILM,112,1.0,377.0
2026,5,ATL,IND,257,4.0,432.0
2026,5,ATL,JAN,171,1.0,340.0
2026,5,ATL,JAX,375,6.0,269.0
2026,5,ATL,JFK,321,2.0,760.0
2026,5,ATL,LAS,407,0.0,1747.0
2026,5,ATL,LAX,428,2.0,1947.0
2026,5,ATL,LEX,210,5.0,304.0
2026,5,ATL,LGA,677,10.0,762.0
2026,5,ATL,LIT,203,3.0,453.0
2026,5,ATL,MCI,285,3.0,692.0
2026,5,ATL,MCO,722,3.0,404.0
2026,5,ATL,MDT,87,3.0,620.0
2026,5,ATL,MDW,297,1.0,591.0
2026,5,ATL,MEM,330,5.0,332.0
2026,5,ATL,MIA,552,3.0,594.0
2026,5,ATL,MKE,216,3.0,669.0
2026,5,ATL,MLB,124,2.0,443.0
2026,5,ATL,MOB,50,3.0,302.0
2026,5,ATL,MSN,90,5.0,707.0
2026,5,ATL,MSP,298,1.0,907.0
2026,5,ATL,MSY,348,3.0,425.0
2026,5,ATL,MYR,149,6.0,317.0
2026,5,ATL,OAJ,118,2.0,399.0
2026,5,ATL,OKC,159,4.0,761.0
2026,5,ATL,OMA,149,4.0,821.0
2026,5,ATL,ONT,93,1.0,1900.0
2026,5,ATL,ORD,596,7.0,606.0
2026,5,ATL,ORF,267,1.0,516.0
2026,5,ATL,PBI,341,7.0,545.0
2026,5,ATL,PDX,129,0.0,2172.0
2026,5,ATL,PHL,520,5.0,666.0
2026,5,ATL,PHX,340,1.0,1587.0
2026,5,ATL,PIT,243,3.0,526.0
2026,5,ATL,PNS,265,4.0,272.0
2026,5,ATL,PSP,6,0.0,1840.0
2026,5,ATL,PVD,120,0.0,903.0
2026,5,ATL,PWM,56,0.0,1027.0
2026,5,ATL,RAP,2,0.0,1231.0
2026,5,ATL,RDU,390,4.0,356.0
2026,5,ATL,RIC,234,0.0,481.0
2026,5,ATL,RNO,31,0.0,1993.0
2026,5,ATL,ROA,41,0.0,357.0
2026,5,ATL,ROC,91,0.0,749.0
2026,5,ATL,RSW,234,2.0,515.0
2026,5,ATL,SAN,185,0.0,1892.0
2026,5,ATL,SAT,259,11.0,874.0
2026,5,ATL,SAV,290,3.0,215.0
2026,5,ATL,SBN,87,1.0,566.0
2026,5,ATL,SDF,263,4.0,321.0
2026,5,ATL,SEA,296,0.0,2182.0
2026,5,ATL,SFO,285,1.0,2139.0
2026,5,ATL,SGF,51,2.0,563.0
2026,5,ATL,SHV,119,2.0,552.0
2026,5,ATL,SJC,82,1.0,2116.0
2026,5,ATL,SJU,186,1.0,1547.0
2026,5,ATL,SLC,248,0.0,1590.0
2026,5,ATL,SMF,87,0.0,2092.0
2026,5,ATL,SNA,90,0.0,1919.0
2026,5,ATL,SRQ,211,3.0,444.0
2026,5,ATL,STL,330,3.0,484.0
2026,5,ATL,STT,62,0.0,1599.0
2026,5,ATL,STX,5,0.0,1638.0
2026,5,ATL,SYR,91,0.0,794.0
2026,5,ATL,TLH,201,2.0,223.0
2026,5,ATL,TPA,565,2.0,406.0
2026,5,ATL,TRI,24,0.0,227.0
2026,5,ATL,TUL,145,3.0,674.0
2026,5,ATL,TUS,62,0.0,1541.0
2026,5,ATL,TVC,4,0.0,769.0
2026,5,ATL,TYS,174,6.0,152.0
2026,5,ATL,VPS,234,3.0,250.0
2026,5,ATL,XNA,104,0.0,589.0
2026,5,ATW,ATL,31,0.0,765.0
2026,5,ATW,AZA,18,0.0,1452.0
2026,5,ATW,BNA,9,0.0,570.0
2026,5,ATW,CLT,32,0.0,742.0
2026,5,ATW,DEN,34,0.0,883.0
2026,5,ATW,DFW,42,0.0,908.0
2026,5,ATW,DTW,93,0.0,296.0
2026,5,ATW,FLL,8,0.0,1338.0
2026,5,ATW,GUF,9,0.0,964.0
2026,5,ATW,LAS,12,0.0,1510.0
2026,5,ATW,MCO,9,0.0,1162.0
2026,5,ATW,MSP,93,0.0,236.0
2026,5,ATW,ORD,261,0.0,160.0
2026,5,ATW,PDX,3,0.0,1662.0
2026,5,ATW,PGD,13,0.0,1250.0
2026,5,ATW,PIE,13,0.0,1173.0
2026,5,ATW,RSW,6,0.0,1279.0
2026,5,ATW,SAV,8,0.0,926.0
2026,5,ATW,SFB,16,0.0,1141.0
2026,5,ATW,SNA,4,0.0,1729.0
2026,5,ATW,SRQ,6,0.0,1209.0
2026,5,ATY,DEN,31,0.0,519.0
2026,5,ATY,MSP,31,0.0,193.0
2026,5,AUS,ABQ,80,1.0,619.0
2026,5,AUS,AMA,18,0.0,419.0
2026,5,AUS,ASE,10,0.0,812.0
2026,5,AUS,ATL,386,4.0,813.0
2026,5,AUS,AVL,3,0.0,950.0
2026,5,AUS,BNA,275,1.0,756.0
2026,5,AUS,BOS,145,0.0,1698.0
2026,5,AUS,BUR,26,0.0,1241.0
2026,5,AUS,BWI,119,0.0,1342.0
2026,5,AUS,CHS,23,0.0,1055.0
2026,5,AUS,CLT,138,1.0,1032.0
2026,5,AUS,CMH,26,0.0,1073.0
2026,5,AUS,CVG,9,0.0,958.0
2026,5,AUS,DAL,205,2.0,189.0
2026,5,AUS,DCA,31,0.0,1315.0
2026,5,AUS,DEN,466,1.0,775.0
2026,5,AUS,DFW,427,23.0,190.0
2026,5,AUS,DSM,9,0.0,813.0
2026,5,AUS,DTW,123,6.0,1149.0
2026,5,AUS,ECP,62,0.0,710.0
2026,5,AUS,ELP,92,1.0,528.0
2026,5,AUS,EWR,145,0.0,1504.0
2026,5,AUS,FLL,88,0.0,1105.0
2026,5,AUS,GRR,9,0.0,1103.0
2026,5,AUS,HOU,102,0.0,148.0
2026,5,AUS,HRL,57,0.0,273.0
2026,5,AUS,IAD,88,0.0,1297.0
2026,5,AUS,IAH,228,4.0,140.0
2026,5,AUS,IND,130,0.0,919.0
2026,5,AUS,JAX,57,0.0,953.0
2026,5,AUS,JFK,208,3.0,1521.0
2026,5,AUS,LAS,249,1.0,1090.0
2026,5,AUS,LAX,381,4.0,1242.0
2026,5,AUS,LBB,26,1.0,341.0
2026,5,AUS,LGB,31,0.0,1226.0
2026,5,AUS,MAF,25,0.0,294.0
2026,5,AUS,MCI,80,1.0,650.0
2026,5,AUS,MCO,237,4.0,994.0
2026,5,AUS,MDW,131,0.0,972.0
2026,5,AUS,MEM,31,1.0,559.0
2026,5,AUS,MFE,87,1.0,279.0
2026,5,AUS,MIA,214,0.0,1103.0
2026,5,AUS,MKE,18,0.0,1032.0
2026,5,AUS,MSP,144,0.0,1042.0
2026,5,AUS,MSY,162,1.0,445.0
2026,5,AUS,OAK,31,0.0,1497.0
2026,5,AUS,OKC,26,0.0,358.0
2026,5,AUS,ONT,26,0.0,1196.0
2026,5,AUS,ORD,298,0.0,977.0
2026,5,AUS,PDX,62,1.0,1715.0
2026,5,AUS,PHL,107,1.0,1431.0
2026,5,AUS,PHX,297,1.0,872.0
2026,5,AUS,PIT,29,0.0,1210.0
2026,5,AUS,PNS,23,0.0,626.0
2026,5,AUS,PSP,5,0.0,1132.0
2026,5,AUS,PVU,9,0.0,1051.0
2026,5,AUS,RDU,44,0.0,1162.0
2026,5,AUS,RNO,18,0.0,1405.0
2026,5,AUS,SAN,236,2.0,1164.0
2026,5,AUS,SEA,185,1.0,1770.0
2026,5,AUS,SFB,4,0.0,994.0
2026,5,AUS,SFO,253,1.0,1504.0
2026,5,AUS,SJC,104,1.0,1476.0
2026,5,AUS,SJU,5,0.0,2146.0
2026,5,AUS,SLC,150,2.0,1086.0
2026,5,AUS,SMF,31,0.0,1481.0
2026,5,AUS,SNA,26,0.0,1209.0
2026,5,AUS,SRQ,3,0.0,936.0
2026,5,AUS,STL,93,0.0,721.0
2026,5,AUS,TPA,136,0.0,928.0
2026,5,AUS,TUL,26,0.0,426.0
2026,5,AUS,TYS,3,0.0,882.0
2026,5,AVL,ATL,151,2.0,164.0
2026,5,AVL,AUS,3,0.0,950.0
2026,5,AVL,BOS,19,0.0,783.0
2026,5,AVL,CLT,31,0.0,91.0
2026,5,AVL,DCA,42,1.0,384.0
2026,5,AVL,DEN,40,0.0,1248.0
2026,5,AVL,DFW,62,2.0,848.0
2026,5,AVL,EWR,29,0.0,583.0
2026,5,AVL,EYW,9,0.0,751.0
2026,5,AVL,FLL,50,0.0,661.0
2026,5,AVL,HOU,4,0.0,843.0
2026,5,AVL,IAD,9,0.0,371.0
2026,5,AVL,LAS,9,0.0,1824.0
2026,5,AVL,LGA,38,0.0,599.0
2026,5,AVL,MCO,10,0.0,488.0
2026,5,AVL,MDW,3,0.0,521.0
2026,5,AVL,MIA,31,0.0,677.0
2026,5,AVL,ORD,149,3.0,536.0
2026,5,AVL,PBI,11,0.0,620.0
2026,5,AVL,PGD,17,0.0,588.0
2026,5,AVL,PHL,4,0.0,504.0
2026,5,AVL,PIE,40,0.0,519.0
2026,5,AVL,SFB,36,0.0,465.0
2026,5,AVL,SRQ,9,0.0,554.0
2026,5,AVP,CLT,91,0.0,509.0
2026,5,AVP,ORD,120,1.0,632.0
2026,5,AZA,ATW,18,0.0,1452.0
2026,5,AZA,BIL,14,0.0,878.0
2026,5,AZA,BIS,14,0.0,1092.0
2026,5,AZA,BLI,10,0.0,1208.0
2026,5,AZA,BMI,6,0.0,1348.0
2026,5,AZA,BZN,11,0.0,861.0
2026,5,AZA,CID,11,0.0,1240.0
2026,5,AZA,COS,5,0.0,543.0
2026,5,AZA,CVG,9,0.0,1553.0
2026,5,AZA,DSM,11,0.0,1137.0
2026,5,AZA,EUG,9,0.0,971.0
2026,5,AZA,FAR,27,0.0,1220.0
2026,5,AZA,FCA,9,0.0,1044.0
2026,5,AZA,FNT,9,0.0,1650.0
2026,5,AZA,FSD,30,0.0,1072.0
2026,5,AZA,FWA,10,0.0,1546.0
2026,5,AZA,GEG,9,0.0,1034.0
2026,5,AZA,GFK,2,0.0,1260.0
2026,5,AZA,GRI,9,0.0,905.0
2026,5,AZA,GRR,12,0.0,1561.0
2026,5,AZA,GTF,9,0.0,978.0
2026,5,AZA,ICT,9,0.0,855.0
2026,5,AZA,IDA,12,0.0,705.0
2026,5,AZA,LSE,9,0.0,1318.0
2026,5,AZA,MLI,10,0.0,1287.0
2026,5,AZA,MOT,9,0.0,1164.0
2026,5,AZA,MSO,9,0.0,948.0
2026,5,AZA,OMA,9,0.0,1026.0
2026,5,AZA,PDX,9,0.0,1028.0
2026,5,AZA,PIA,15,0.0,1312.0
2026,5,AZA,PSC,10,0.0,977.0
2026,5,AZA,PVU,56,0.0,477.0
2026,5,AZA,RAP,14,0.0,873.0
2026,5,AZA,RFD,15,0.0,1373.0
2026,5,AZA,SBN,11,0.0,1501.0
2026,5,AZA,SGF,14,0.0,1066.0
2026,5,AZA,SNA,9,0.0,360.0
2026,5,AZA,STC,9,0.0,1259.0
2026,5,AZA,TVC,1,0.0,1599.0
2026,5,AZA,XNA,6,0.0,1006.0
2026,5,AZO,DTW,87,0.0,113.0
2026,5,AZO,ORD,79,1.0,122.0
2026,5,BDL,ATL,200,1.0,859.0
2026,5,BDL,BNA,31,0.0,852.0
2026,5,BDL,BWI,154,0.0,283.0
2026,5,BDL,CLT,151,0.0,644.0
2026,5,BDL,DCA,149,3.0,313.0
2026,5,BDL,DEN,62,0.0,1671.0
2026,5,BDL,DFW,59,2.0,1471.0
2026,5,BDL,DTW,113,2.0,549.0
2026,5,BDL,FLL,54,0.0,1173.0
2026,5,BDL,IAD,95,0.0,325.0
2026,5,BDL,IAH,10,0.0,1507.0
2026,5,BDL,JFK,31,0.0,106.0
2026,5,BDL,MCO,143,1.0,1050.0
2026,5,BDL,MDW,78,0.0,776.0
2026,5,BDL,MIA,51,0.0,1194.0
2026,5,BDL,MSP,82,0.0,1050.0
2026,5,BDL,ORD,229,2.0,783.0
2026,5,BDL,PBI,52,0.0,1133.0
2026,5,BDL,PHL,52,1.0,195.0
2026,5,BDL,RSW,31,0.0,1180.0
2026,5,BDL,SJU,93,1.0,1666.0
2026,5,BDL,TPA,61,0.0,1111.0
2026,5,BET,ANC,62,0.0,399.0
2026,5,BFF,DEN,54,0.0,150.0
2026,5,BFL,DEN,62,0.0,845.0
2026,5,BFL,DFW,31,2.0,1271.0
2026,5,BFL,PHX,116,0.0,425.0
2026,5,BFL,SFO,42,1.0,238.0
2026,5,BGM,DTW,25,0.0,378.0
2026,5,BGR,ATL,4,0.0,1134.0
2026,5,BGR,CLT,33,0.0,921.0
2026,5,BGR,DCA,108,1.0,590.0
2026,5,BGR,EWR,52,0.0,393.0
2026,5,BGR,LGA,19,0.0,378.0
2026,5,BGR,ORD,80,0.0,978.0
2026,5,BGR,PGD,5,0.0,1433.0
2026,5,BGR,PHL,13,0.0,473.0
2026,5,BGR,PIE,18,0.0,1394.0
2026,5,BGR,SFB,23,0.0,1299.0
2026,5,BHM,ATL,317,6.0,134.0
2026,5,BHM,BNA,62,0.0,177.0
2026,5,BHM,BWI,26,0.0,682.0
2026,5,BHM,CLT,147,0.0,350.0
2026,5,BHM,DAL,88,1.0,587.0
2026,5,BHM,DCA,88,1.0,653.0
2026,5,BHM,DEN,118,0.0,1083.0
2026,5,BHM,DFW,209,7.0,597.0
2026,5,BHM,DTW,36,0.0,625.0
2026,5,BHM,HOU,44,0.0,570.0
2026,5,BHM,LAS,31,0.0,1618.0
2026,5,BHM,MCO,93,0.0,479.0
2026,5,BHM,MDW,35,0.0,570.0
2026,5,BHM,MIA,34,0.0,661.0
2026,5,BHM,ORD,101,3.0,584.0
2026,5,BHM,PHL,63,0.0,772.0
2026,5,BHM,PHX,23,0.0,1455.0
2026,5,BHM,TPA,35,0.0,459.0
2026,5,BIH,SFO,7,1.0,221.0
2026,5,BIL,AZA,14,0.0,878.0
2026,5,BIL,DEN,163,0.0,455.0
2026,5,BIL,DFW,62,0.0,1081.0
2026,5,BIL,LAS,9,0.0,754.0
2026,5,BIL,MSP,31,0.0,748.0
2026,5,BIL,ORD,11,0.0,1060.0
2026,5,BIL,SLC,93,0.0,387.0
2026,5,BIS,AZA,14,0.0,1092.0
2026,5,BIS,DEN,121,0.0,516.0
2026,5,BIS,DFW,62,0.0,977.0
2026,5,BIS,LAS,9,0.0,1048.0
2026,5,BIS,MSP,69,0.0,386.0
2026,5,BIS,ORD,31,0.0,715.0
2026,5,BJI,MSP,62,1.0,199.0
2026,5,BLI,AZA,10,0.0,1208.0
2026,5,BLI,BUR,9,0.0,1030.0
2026,5,BLI,LAS,36,0.0,954.0
2026,5,BLI,OAK,8,0.0,764.0
2026,5,BLI,PDX,31,1.0,221.0
2026,5,BLI,PSP,6,0.0,1078.0
2026,5,BLI,SEA,93,0.0,93.0
2026,5,BLV,FLL,9,0.0,1028.0
2026,5,BLV,GUF,11,0.0,582.0
2026,5,BLV,JAX,9,0.0,723.0
2026,5,BLV,LAS,9,0.0,1400.0
2026,5,BLV,MYR,5,0.0,696.0
2026,5,BLV,PGD,19,0.0,921.0
2026,5,BLV,PIE,13,0.0,841.0
2026,5,BLV,SAV,3,0.0,658.0
2026,5,BLV,SFB,16,1.0,835.0
2026,5,BLV,SRQ,9,0.0,876.0
2026,5,BLV,VPS,37,0.0,587.0
2026,5,BMI,AZA,6,0.0,1348.0
2026,5,BMI,DFW,63,1.0,690.0
2026,5,BMI,ORD,93,0.0,116.0
2026,5,BMI,PIE,9,0.0,936.0
2026,5,BMI,SFB,10,0.0,917.0
2026,5,BNA,ABE,4,0.0,684.0
2026,5,BNA,ABQ,5,0.0,1123.0
2026,5,BNA,ALB,34,0.0,825.0
2026,5,BNA,ATL,400,10.0,214.0
2026,5,BNA,ATW,9,0.0,570.0
2026,5,BNA,AUS,276,0.0,756.0
2026,5,BNA,BDL,31,0.0,852.0
2026,5,BNA,BHM,62,0.0,177.0
2026,5,BNA,BOS,270,1.0,942.0
2026,5,BNA,BUF,31,0.0,633.0
2026,5,BNA,BUR,31,0.0,1791.0
2026,5,BNA,BWI,163,0.0,587.0
2026,5,BNA,BZN,13,0.0,1435.0
2026,5,BNA,CAK,8,0.0,436.0
2026,5,BNA,CHS,87,0.0,439.0
2026,5,BNA,CID,3,0.0,481.0
2026,5,BNA,CLE,87,0.0,448.0
2026,5,BNA,CLT,330,0.0,328.0
2026,5,BNA,CMH,92,0.0,338.0
2026,5,BNA,CVG,62,0.0,230.0
2026,5,BNA,DAL,209,0.0,623.0
2026,5,BNA,DCA,378,3.0,562.0
2026,5,BNA,DEN,314,0.0,1013.0
2026,5,BNA,DFW,324,9.0,631.0
2026,5,BNA,DSM,13,0.0,530.0
2026,5,BNA,DTW,226,5.0,456.0
2026,5,BNA,ECP,106,0.0,401.0
2026,5,BNA,EWR,179,2.0,748.0
2026,5,BNA,FAR,9,0.0,910.0
2026,5,BNA,FLL,122,0.0,793.0
2026,5,BNA,FNT,9,0.0,497.0
2026,5,BNA,FSD,9,0.0,741.0
2026,5,BNA,GRR,14,0.0,470.0
2026,5,BNA,GSP,93,0.0,265.0
2026,5,BNA,GUF,9,0.0,406.0
2026,5,BNA,HOU,150,0.0,670.0
2026,5,BNA,IAD,86,0.0,542.0
2026,5,BNA,IAH,111,0.0,657.0
2026,5,BNA,IND,62,0.0,249.0
2026,5,BNA,JAN,31,0.0,327.0
2026,5,BNA,JAX,106,0.0,483.0
2026,5,BNA,JFK,102,0.0,765.0
2026,5,BNA,LAS,152,1.0,1587.0
2026,5,BNA,LAX,215,0.0,1798.0
2026,5,BNA,LGA,283,3.0,764.0
2026,5,BNA,LGB,31,0.0,1785.0
2026,5,BNA,LIT,62,0.0,327.0
2026,5,BNA,MCI,121,0.0,491.0
2026,5,BNA,MCO,260,0.0,616.0
2026,5,BNA,MDT,9,0.0,608.0
2026,5,BNA,MDW,171,0.0,395.0
2026,5,BNA,MEM,61,0.0,200.0
2026,5,BNA,MIA,227,0.0,806.0
2026,5,BNA,MKE,88,0.0,475.0
2026,5,BNA,MSP,171,2.0,695.0
2026,5,BNA,MSY,123,0.0,471.0
2026,5,BNA,MYR,62,0.0,471.0
2026,5,BNA,OKC,62,0.0,616.0
2026,5,BNA,OMA,36,0.0,612.0
2026,5,BNA,ONT,31,0.0,1751.0
2026,5,BNA,ORD,497,10.0,409.0
2026,5,BNA,ORF,41,0.0,585.0
2026,5,BNA,PBI,31,0.0,757.0
2026,5,BNA,PDX,31,0.0,1973.0
2026,5,BNA,PGD,9,0.0,692.0
2026,5,BNA,PHL,245,4.0,675.0
2026,5,BNA,PHX,211,0.0,1449.0
2026,5,BNA,PIE,9,0.0,612.0
2026,5,BNA,PIT,93,0.0,462.0
2026,5,BNA,PNS,88,0.0,391.0
2026,5,BNA,PVD,31,0.0,906.0
2026,5,BNA,PVU,9,0.0,1388.0
2026,5,BNA,PWM,5,0.0,1010.0
2026,5,BNA,RDU,192,1.0,442.0
2026,5,BNA,RFD,4,0.0,438.0
2026,5,BNA,RIC,44,0.0,527.0
2026,5,BNA,RSW,92,0.0,722.0
2026,5,BNA,SAN,101,1.0,1751.0
2026,5,BNA,SAT,88,0.0,822.0
2026,5,BNA,SAV,87,0.0,417.0
2026,5,BNA,SDF,63,0.0,151.0
2026,5,BNA,SEA,142,1.0,1978.0
2026,5,BNA,SFB,11,0.0,598.0
2026,5,BNA,SFO,114,0.0,1969.0
2026,5,BNA,SHV,4,0.0,481.0
2026,5,BNA,SJU,5,0.0,1753.0
2026,5,BNA,SLC,92,0.0,1404.0
2026,5,BNA,SMF,31,0.0,1917.0
2026,5,BNA,SRQ,67,0.0,648.0
2026,5,BNA,STL,114,1.0,272.0
2026,5,BNA,SYR,9,0.0,741.0
2026,5,BNA,TPA,221,1.0,612.0
2026,5,BNA,TUL,62,0.0,515.0
2026,5,BNA,TYS,62,0.0,152.0
2026,5,BNA,VPS,75,0.0,389.0
2026,5,BNA,XNA,9,1.0,426.0
2026,5,BOI,ATL,56,0.0,1838.0
2026,5,BOI,BUR,31,0.0,656.0
2026,5,BOI,DEN,261,1.0,649.0
2026,5,BOI,DFW,73,3.0,1272.0
2026,5,BOI,GEG,12,0.0,287.0
2026,5,BOI,LAS,123,0.0,519.0
2026,5,BOI,LAX,138,0.0,674.0
2026,5,BOI,MSP,62,0.0,1142.0
2026,5,BOI,OAK,35,0.0,512.0
2026,5,BOI,ORD,93,0.0,1437.0
2026,5,BOI,PDX,76,1.0,344.0
2026,5,BOI,PHX,156,0.0,735.0
2026,5,BOI,SAN,101,0.0,749.0
2026,5,BOI,SEA,366,0.0,399.0
2026,5,BOI,SFO,146,0.0,522.0
2026,5,BOI,SJC,47,0.0,523.0
2026,5,BOI,SLC,155,0.0,290.0
2026,5,BOI,SMF,67,0.0,437.0
2026,5,BOI,SNA,42,0.0,688.0
2026,5,BOS,ACK,13,0.0,91.0
2026,5,BOS,ATL,463,4.0,946.0
2026,5,BOS,AUS,145,0.0,1698.0
2026,5,BOS,AVL,19,0.0,783.0
2026,5,BOS,BNA,269,1.0,942.0
2026,5,BOS,BUF,167,2.0,395.0
2026,5,BOS,BWI,316,0.0,369.0
2026,5,BOS,CHS,124,0.0,818.0
2026,5,BOS,CLE,140,0.0,563.0
2026,5,BOS,CLT,355,0.0,728.0
2026,5,BOS,CMH,168,2.0,640.0
2026,5,BOS,CVG,186,1.0,752.0
2026,5,BOS,DAB,31,0.0,1068.0
2026,5,BOS,DAL,31,0.0,1554.0
2026,5,BOS,DCA,797,10.0,399.0
2026,5,BOS,DEN,323,1.0,1754.0
2026,5,BOS,DFW,328,9.0,1562.0
2026,5,BOS,DSM,9,0.0,1165.0
2026,5,BOS,DTW,215,1.0,632.0
2026,5,BOS,EWR,348,2.0,200.0
2026,5,BOS,FLL,206,0.0,1237.0
2026,5,BOS,GRR,4,0.0,740.0
2026,5,BOS,HHH,2,0.0,878.0
2026,5,BOS,IAD,124,1.0,412.0
2026,5,BOS,IAH,178,0.0,1597.0
2026,5,BOS,ILM,67,0.0,672.0
2026,5,BOS,IND,167,0.0,818.0
2026,5,BOS,JAX,160,0.0,1011.0
2026,5,BOS,JFK,437,7.0,187.0
2026,5,BOS,LAS,159,1.0,2381.0
2026,5,BOS,LAX,398,0.0,2611.0
2026,5,BOS,LGA,666,18.0,184.0
2026,5,BOS,MCI,57,0.0,1256.0
2026,5,BOS,MCO,345,1.0,1121.0
2026,5,BOS,MDT,31,0.0,335.0
2026,5,BOS,MDW,123,0.0,861.0
2026,5,BOS,MEM,31,0.0,1139.0
2026,5,BOS,MIA,280,1.0,1258.0
2026,5,BOS,MKE,83,0.0,860.0
2026,5,BOS,MSP,155,0.0,1124.0
2026,5,BOS,MSY,77,0.0,1367.0
2026,5,BOS,MYR,23,0.0,738.0
2026,5,BOS,ORD,738,2.0,867.0
2026,5,BOS,ORF,42,0.0,468.0
2026,5,BOS,PBI,179,1.0,1197.0
2026,5,BOS,PDX,60,0.0,2537.0
2026,5,BOS,PHL,437,5.0,280.0
2026,5,BOS,PHX,201,0.0,2300.0
2026,5,BOS,PIT,204,0.0,496.0
2026,5,BOS,PQI,31,1.0,332.0
2026,5,BOS,RDU,261,1.0,612.0
2026,5,BOS,RIC,149,0.0,473.0
2026,5,BOS,ROC,87,1.0,343.0
2026,5,BOS,RSW,186,0.0,1249.0
2026,5,BOS,SAN,163,0.0,2588.0
2026,5,BOS,SAT,31,1.0,1764.0
2026,5,BOS,SAV,106,0.0,901.0
2026,5,BOS,SDF,64,0.0,829.0
2026,5,BOS,SEA,254,1.0,2496.0
2026,5,BOS,SFO,439,0.0,2704.0
2026,5,BOS,SJU,140,0.0,1674.0
2026,5,BOS,SLC,93,1.0,2105.0
2026,5,BOS,SRQ,72,0.0,1220.0
2026,5,BOS,STL,142,0.0,1047.0
2026,5,BOS,STT,5,0.0,1693.0
2026,5,BOS,SYR,62,0.0,265.0
2026,5,BOS,TPA,232,1.0,1185.0
2026,5,BOS,TVC,22,0.0,749.0
2026,5,BOS,TYS,11,0.0,830.0
2026,5,BOS,VPS,32,0.0,1187.0
2026,5,BOS,VRB,31,0.0,1144.0
2026,5,BPT,DFW,61,1.0,270.0
2026,5,BQN,EWR,31,1.0,1585.0
2026,5,BQN,FLL,31,0.0,982.0
2026,5,BQN,JFK,32,0.0,1576.0
2026,5,BQN,MCO,94,0.0,1129.0
2026,5,BRD,MSP,56,0.0,114.0
2026,5,BRO,DFW,124,5.0,482.0
2026,5,BRW,ANC,31,2.0,725.0
2026,5,BTM,DEN,31,0.0,578.0
2026,5,BTM,SLC,31,0.0,357.0
2026,5,BTR,ATL,67,2.0,448.0
2026,5,BTR,CLT,79,0.0,675.0
2026,5,BTR,DCA,29,1.0,985.0
2026,5,BTR,DFW,182,10.0,383.0
2026,5,BTR,IAH,9,1.0,253.0
2026,5,BTV,ATL,34,0.0,961.0
2026,5,BTV,CLT,71,0.0,761.0
2026,5,BTV,DCA,87,1.0,437.0
2026,5,BTV,DEN,31,0.0,1639.0
2026,5,BTV,DTW,16,0.0,537.0
2026,5,BTV,EWR,37,0.0,266.0
2026,5,BTV,IAD,29,0.0,441.0
2026,5,BTV,ORD,144,2.0,763.0
2026,5,BTV,PHL,100,3.0,335.0
2026,5,BUF,ATL,149,2.0,712.0
2026,5,BUF,BNA,31,0.0,633.0
2026,5,BUF,BOS,167,2.0,395.0
2026,5,BUF,BWI,154,1.0,281.0
2026,5,BUF,CLT,93,1.0,546.0
2026,5,BUF,DCA,93,2.0,296.0
2026,5,BUF,DEN,36,0.0,1359.0
2026,5,BUF,DFW,42,1.0,1212.0
2026,5,BUF,DTW,107,1.0,241.0
2026,5,BUF,EWR,87,2.0,282.0
2026,5,BUF,FLL,45,0.0,1166.0
2026,5,BUF,IAD,21,0.0,283.0
2026,5,BUF,JFK,104,0.0,301.0
2026,5,BUF,LAS,31,0.0,1986.0
2026,5,BUF,LAX,11,0.0,2218.0
2026,5,BUF,LGA,153,1.0,292.0
2026,5,BUF,MCO,153,0.0,1011.0
2026,5,BUF,MDW,82,0.0,468.0
2026,5,BUF,ORD,216,1.0,474.0
2026,5,BUF,PHL,30,0.0,279.0
2026,5,BUF,PHX,10,0.0,1912.0
2026,5,BUF,RDU,10,0.0,487.0
2026,5,BUF,RSW,22,0.0,1144.0
2026,5,BUF,SJU,18,0.0,1845.0
2026,5,BUF,SRQ,5,0.0,1093.0
2026,5,BUF,TPA,66,0.0,1053.0
2026,5,BUR,ABQ,26,0.0,672.0
2026,5,BUR,ATL,31,1.0,1941.0
2026,5,BUR,AUS,26,0.0,1241.0
2026,5,BUR,BLI,9,0.0,1030.0
2026,5,BUR,BNA,31,0.0,1791.0
2026,5,BUR,BOI,30,0.0,656.0
2026,5,BUR,DAL,26,1.0,1243.0
2026,5,BUR,DEN,171,0.0,850.0
2026,5,BUR,DFW,62,4.0,1231.0
2026,5,BUR,DSM,3,0.0,1436.0
2026,5,BUR,EUG,31,0.0,732.0
2026,5,BUR,HNL,19,0.0,2562.0
2026,5,BUR,IND,3,0.0,1805.0
2026,5,BUR,JFK,31,1.0,2465.0
2026,5,BUR,LAS,296,2.0,223.0
2026,5,BUR,MDW,31,0.0,1740.0
2026,5,BUR,OAK,219,2.0,325.0
2026,5,BUR,PDX,91,1.0,817.0
2026,5,BUR,PHX,284,2.0,369.0
2026,5,BUR,PVU,9,0.0,553.0
2026,5,BUR,RDM,31,0.0,709.0
2026,5,BUR,RNO,35,0.0,374.0
2026,5,BUR,SEA,142,6.0,937.0
2026,5,BUR,SFO,289,4.0,326.0
2026,5,BUR,SJC,166,2.0,296.0
2026,5,BUR,SLC,118,0.0,574.0
2026,5,BUR,SMF,225,1.0,358.0
2026,5,BUR,STS,85,0.0,387.0
2026,5,BWI,ABQ,31,0.0,1670.0
2026,5,BWI,ALB,154,0.0,288.0
2026,5,BWI,ATL,486,4.0,577.0
2026,5,BWI,AUS,119,0.0,1342.0
2026,5,BWI,BDL,154,0.0,283.0
2026,5,BWI,BHM,26,0.0,682.0
2026,5,BWI,BNA,164,0.0,587.0
2026,5,BWI,BOS,316,0.0,369.0
2026,5,BWI,BUF,154,0.0,281.0
2026,5,BWI,CHS,112,0.0,472.0
2026,5,BWI,CLE,88,0.0,314.0
2026,5,BWI,CLT,260,1.0,361.0
2026,5,BWI,CMH,88,0.0,337.0
2026,5,BWI,CVG,62,0.0,430.0
2026,5,BWI,DAL,144,1.0,1209.0
2026,5,BWI,DEN,208,0.0,1491.0
2026,5,BWI,DFW,121,4.0,1217.0
2026,5,BWI,DTW,206,4.0,409.0
2026,5,BWI,ECP,10,0.0,798.0
2026,5,BWI,FLL,214,1.0,925.0
2026,5,BWI,GRR,41,0.0,528.0
2026,5,BWI,GSP,62,0.0,426.0
2026,5,BWI,HOU,124,0.0,1246.0
2026,5,BWI,IAH,106,0.0,1235.0
2026,5,BWI,IND,106,0.0,516.0
2026,5,BWI,ISP,114,0.0,220.0
2026,5,BWI,JAX,128,1.0,663.0
2026,5,BWI,LAS,149,0.0,2106.0
2026,5,BWI,LAX,143,1.0,2329.0
2026,5,BWI,MCI,67,0.0,966.0
2026,5,BWI,MCO,370,1.0,787.0
2026,5,BWI,MDW,140,0.0,611.0
2026,5,BWI,MEM,23,0.0,787.0
2026,5,BWI,MHT,153,0.0,377.0
2026,5,BWI,MIA,204,1.0,946.0
2026,5,BWI,MKE,62,0.0,641.0
2026,5,BWI,MSP,118,0.0,936.0
2026,5,BWI,MSY,93,0.0,998.0
2026,5,BWI,MYR,97,0.0,399.0
2026,5,BWI,ONT,31,0.0,2283.0
2026,5,BWI,ORD,273,2.0,622.0
2026,5,BWI,ORF,124,0.0,159.0
2026,5,BWI,PBI,118,0.0,883.0
2026,5,BWI,PDX,19,0.0,2358.0
2026,5,BWI,PHX,123,0.0,1999.0
2026,5,BWI,PIT,93,0.0,210.0
2026,5,BWI,PVD,167,0.0,327.0
2026,5,BWI,PWM,106,0.0,452.0
2026,5,BWI,RDU,149,0.0,256.0
2026,5,BWI,RIC,62,0.0,120.0
2026,5,BWI,ROC,93,0.0,277.0
2026,5,BWI,RSW,136,1.0,919.0
2026,5,BWI,SAN,106,0.0,2295.0
2026,5,BWI,SAT,52,0.0,1407.0
2026,5,BWI,SAV,97,0.0,548.0
2026,5,BWI,SDF,80,0.0,495.0
2026,5,BWI,SEA,58,0.0,2335.0
2026,5,BWI,SFO,87,0.0,2457.0
2026,5,BWI,SJC,31,0.0,2439.0
2026,5,BWI,SJU,90,0.0,1565.0
2026,5,BWI,SLC,62,0.0,1865.0
2026,5,BWI,SMF,31,0.0,2395.0
2026,5,BWI,SRQ,118,0.0,880.0
2026,5,BWI,STL,111,0.0,738.0
2026,5,BWI,STT,10,0.0,1598.0
2026,5,BWI,TPA,255,1.0,842.0
2026,5,BWI,TYS,31,0.0,464.0
2026,5,BWI,VPS,31,0.0,819.0
2026,5,BZN,ATL,35,0.0,1640.0
2026,5,BZN,AZA,11,0.0,861.0
2026,5,BZN,BNA,13,0.0,1435.0
2026,5,BZN,CLT,7,0.0,1736.0
2026,5,BZN,DEN,224,0.0,524.0
2026,5,BZN,DFW,52,2.0,1163.0
2026,5,BZN,EWR,11,1.0,1882.0
2026,5,BZN,IAD,4,0.0,1773.0
2026,5,BZN,IAH,4,1.0,1385.0
2026,5,BZN,LAS,40,0.0,701.0
2026,5,BZN,LAX,31,0.0,902.0
2026,5,BZN,MSP,62,1.0,874.0
2026,5,BZN,ORD,95,1.0,1185.0
2026,5,BZN,PDX,12,0.0,554.0
2026,5,BZN,SEA,124,0.0,543.0
2026,5,BZN,SFO,31,0.0,807.0
2026,5,BZN,SLC,93,0.0,347.0
2026,5,CAE,ATL,195,2.0,192.0
2026,5,CAE,CLT,25,0.0,88.0
2026,5,CAE,DCA,91,1.0,408.0
2026,5,CAE,DFW,92,3.0,922.0
2026,5,CAE,FLL,2,0.0,545.0
2026,5,CAE,LGA,57,1.0,617.0
2026,5,CAE,MIA,2,0.0,563.0
2026,5,CAE,ORD,41,0.0,666.0
2026,5,CAK,BNA,8,0.0,436.0
2026,5,CAK,CLT,123,0.0,394.0
2026,5,CAK,DCA,26,1.0,274.0
2026,5,CAK,FLL,1,0.0,1026.0
2026,5,CAK,JAX,18,0.0,719.0
2026,5,CAK,MYR,9,0.0,518.0
2026,5,CAK,ORD,235,6.0,344.0
2026,5,CAK,PGD,12,0.0,965.0
2026,5,CAK,PIE,11,0.0,899.0
2026,5,CAK,SAV,12,0.0,606.0
2026,5,CAK,SFB,9,0.0,837.0
2026,5,CAK,SRQ,11,0.0,934.0
2026,5,CAK,VPS,9,0.0,774.0
2026,5,CDC,SLC,54,0.0,221.0
2026,5,CDV,ANC,31,0.0,160.0
2026,5,CDV,YAK,31,0.0,213.0
2026,5,CHA,ATL,120,3.0,106.0
2026,5,CHA,CLT,1,0.0,241.0
2026,5,CHA,DCA,26,1.0,523.0
2026,5,CHA,DEN,2,0.0,1118.0
2026,5,CHA,DFW,144,7.0,695.0
2026,5,CHA,EWR,1,0.0,718.0
2026,5,CHA,FLL,9,0.0,687.0
2026,5,CHA,IAH,62,0.0,686.0
2026,5,CHA,LAS,1,0.0,1682.0
2026,5,CHA,MIA,5,0.0,701.0
2026,5,CHA,ORD,53,1.0,501.0
2026,5,CHA,PIE,10,0.0,513.0
2026,5,CHA,SFB,9,0.0,490.0
2026,5,CHO,LGA,31,1.0,305.0
2026,5,CHO,ORD,121,1.0,566.0
2026,5,CHS,ATL,290,4.0,259.0
2026,5,CHS,AUS,23,0.0,1055.0
2026,5,CHS,BNA,87,0.0,439.0
2026,5,CHS,BOS,125,0.0,818.0
2026,5,CHS,BWI,113,0.0,472.0
2026,5,CHS,CLT,216,0.0,168.0
2026,5,CHS,CVG,11,0.0,497.0
2026,5,CHS,DAL,31,0.0,977.0
2026,5,CHS,DCA,151,1.0,444.0
2026,5,CHS,DEN,49,0.0,1449.0
2026,5,CHS,DFW,122,3.0,987.0
2026,5,CHS,DTW,26,2.0,667.0
2026,5,CHS,EWR,93,0.0,628.0
2026,5,CHS,FLL,31,0.0,470.0
2026,5,CHS,HOU,18,0.0,928.0
2026,5,CHS,IAD,82,0.0,442.0
2026,5,CHS,IAH,29,0.0,925.0
2026,5,CHS,IND,3,0.0,585.0
2026,5,CHS,JFK,63,0.0,636.0
2026,5,CHS,LGA,116,2.0,641.0
2026,5,CHS,MDW,36,0.0,745.0
2026,5,CHS,MIA,85,0.0,489.0
2026,5,CHS,MSP,31,0.0,1087.0
2026,5,CHS,ORD,208,1.0,760.0
2026,5,CHS,PHL,100,1.0,550.0
2026,5,CHS,SEA,31,1.0,2415.0
2026,5,CHS,STL,30,1.0,706.0
2026,5,CID,ATL,31,0.0,694.0
2026,5,CID,AZA,11,0.0,1240.0
2026,5,CID,BNA,3,0.0,481.0
2026,5,CID,CLT,31,0.0,742.0
2026,5,CID,DCA,31,0.0,801.0
2026,5,CID,DEN,109,0.0,692.0
2026,5,CID,DFW,101,2.0,685.0
2026,5,CID,FLL,9,0.0,1273.0
2026,5,CID,LAS,9,0.0,1319.0
2026,5,CID,MSP,18,0.0,220.0
2026,5,CID,ORD,289,2.0,196.0
2026,5,CID,PGD,11,0.0,1170.0
2026,5,CID,PHX,60,0.0,1252.0
2026,5,CID,PIE,10,0.0,1090.0
2026,5,CID,SFB,11,0.0,1078.0
2026,5,CIU,DTW,31,1.0,285.0
2026,5,CIU,MSP,27,0.0,434.0
2026,5,CIU,ORD,7,0.0,341.0
2026,5,CKB,IAD,25,0.0,150.0
2026,5,CKB,MYR,4,1.0,394.0
2026,5,CKB,ORD,31,1.0,444.0
2026,5,CKB,PIE,9,0.0,798.0
2026,5,CKB,SFB,9,0.0,727.0
2026,5,CLD,DEN,62,0.0,840.0
2026,5,CLD,PHX,80,0.0,306.0
2026,5,CLD,SFO,62,0.0,422.0
2026,5,CLE,ATL,311,4.0,554.0
2026,5,CLE,BNA,87,0.0,448.0
2026,5,CLE,BOS,140,0.0,563.0
2026,5,CLE,BWI,88,0.0,314.0
2026,5,CLE,CLT,154,0.0,430.0
2026,5,CLE,DCA,139,3.0,310.0
2026,5,CLE,DEN,161,0.0,1201.0
2026,5,CLE,DFW,147,4.0,1021.0
2026,5,CLE,DTW,82,0.0,95.0
2026,5,CLE,EWR,182,3.0,404.0
2026,5,CLE,FLL,126,1.0,1062.0
2026,5,CLE,IAD,104,1.0,287.0
2026,5,CLE,IAH,70,0.0,1091.0
2026,5,CLE,JFK,72,0.0,425.0
2026,5,CLE,LAS,92,0.0,1824.0
2026,5,CLE,LAX,86,0.0,2052.0
2026,5,CLE,LGA,185,5.0,419.0
2026,5,CLE,MCO,210,0.0,895.0
2026,5,CLE,MDW,87,0.0,307.0
2026,5,CLE,MIA,70,0.0,1080.0
2026,5,CLE,MSP,97,0.0,622.0
2026,5,CLE,MYR,11,0.0,557.0
2026,5,CLE,ORD,468,10.0,316.0
2026,5,CLE,PHL,98,3.0,363.0
2026,5,CLE,PHX,92,0.0,1737.0
2026,5,CLE,RDU,21,0.0,416.0
2026,5,CLE,RSW,71,0.0,1025.0
2026,5,CLE,SEA,45,0.0,2021.0
2026,5,CLE,SFO,42,0.0,2161.0
2026,5,CLE,SLC,31,1.0,1565.0
2026,5,CLE,SRQ,13,0.0,967.0
2026,5,CLE,STL,56,0.0,487.0
2026,5,CLE,TPA,107,1.0,927.0
2026,5,CLL,DFW,93,3.0,164.0
2026,5,CLT,ABE,62,1.0,481.0
2026,5,CLT,ALB,93,0.0,646.0
2026,5,CLT,ATL,389,1.0,226.0
2026,5,CLT,ATW,31,0.0,742.0
2026,5,CLT,AUS,139,1.0,1032.0
2026,5,CLT,AVL,31,0.0,91.0
2026,5,CLT,AVP,91,0.0,509.0
2026,5,CLT,BDL,151,0.0,644.0
2026,5,CLT,BGR,33,0.0,921.0
2026,5,CLT,BHM,147,0.0,350.0
2026,5,CLT,BNA,330,0.0,328.0
2026,5,CLT,BOS,354,0.0,728.0
2026,5,CLT,BTR,79,0.0,675.0
2026,5,CLT,BTV,71,1.0,761.0
2026,5,CLT,BUF,93,0.0,546.0
2026,5,CLT,BWI,260,0.0,361.0
2026,5,CLT,BZN,7,0.0,1736.0
2026,5,CLT,CAE,26,0.0,88.0
2026,5,CLT,CAK,123,0.0,394.0
2026,5,CLT,CHS,218,0.0,168.0
2026,5,CLT,CID,31,0.0,742.0
2026,5,CLT,CLE,154,0.0,430.0
2026,5,CLT,CMH,195,0.0,347.0
2026,5,CLT,COU,11,0.0,670.0
2026,5,CLT,CRW,91,1.0,221.0
2026,5,CLT,CVG,152,0.0,335.0
2026,5,CLT,DAB,121,0.0,416.0
2026,5,CLT,DAL,31,1.0,926.0
2026,5,CLT,DAY,117,0.0,370.0
2026,5,CLT,DCA,226,1.0,331.0
2026,5,CLT,DEN,234,0.0,1337.0
2026,5,CLT,DFW,353,12.0,935.0
2026,5,CLT,DSM,59,0.0,815.0
2026,5,CLT,DTW,296,2.0,500.0
2026,5,CLT,ECP,113,0.0,437.0
2026,5,CLT,EWN,17,0.0,222.0
2026,5,CLT,EWR,273,2.0,529.0
2026,5,CLT,EYW,110,1.0,736.0
2026,5,CLT,FLL,223,0.0,632.0
2026,5,CLT,GPT,51,0.0,577.0
2026,5,CLT,GRR,93,0.0,583.0
2026,5,CLT,GSO,124,0.0,84.0
2026,5,CLT,GSP,121,0.0,75.0
2026,5,CLT,HHH,136,1.0,206.0
2026,5,CLT,HPN,104,0.0,564.0
2026,5,CLT,HSV,11,1.0,333.0
2026,5,CLT,IAD,175,0.0,322.0
2026,5,CLT,IAH,216,0.0,912.0
2026,5,CLT,ILM,145,0.0,185.0
2026,5,CLT,IND,172,0.0,427.0
2026,5,CLT,JAC,11,0.0,1685.0
2026,5,CLT,JAN,51,0.0,562.0
2026,5,CLT,JAX,173,0.0,328.0
2026,5,CLT,JFK,180,1.0,542.0
2026,5,CLT,LAS,192,0.0,1916.0
2026,5,CLT,LAX,196,0.0,2125.0
2026,5,CLT,LEX,150,0.0,281.0
2026,5,CLT,LFT,31,0.0,729.0
2026,5,CLT,LGA,327,6.0,544.0
2026,5,CLT,LIT,126,1.0,640.0
2026,5,CLT,LWB,31,0.0,185.0
2026,5,CLT,MCI,104,0.0,808.0
2026,5,CLT,MCO,396,1.0,468.0
2026,5,CLT,MDT,56,1.0,413.0
2026,5,CLT,MDW,62,0.0,584.0
2026,5,CLT,MEM,142,0.0,511.0
2026,5,CLT,MHT,92,0.0,738.0
2026,5,CLT,MIA,296,1.0,650.0
2026,5,CLT,MKE,91,0.0,651.0
2026,5,CLT,MLB,93,0.0,490.0
2026,5,CLT,MSN,93,0.0,708.0
2026,5,CLT,MSP,223,0.0,930.0
2026,5,CLT,MSY,163,0.0,650.0
2026,5,CLT,MYR,184,0.0,157.0
2026,5,CLT,OKC,89,0.0,940.0
2026,5,CLT,OMA,92,0.0,913.0
2026,5,CLT,ONT,31,0.0,2078.0
2026,5,CLT,ORD,413,5.0,599.0
2026,5,CLT,ORF,229,0.0,290.0
2026,5,CLT,PBI,170,0.0,590.0
2026,5,CLT,PDX,42,0.0,2282.0
2026,5,CLT,PHL,297,1.0,449.0
2026,5,CLT,PHX,265,0.0,1773.0
2026,5,CLT,PIA,62,0.0,607.0
2026,5,CLT,PIT,186,0.0,366.0
2026,5,CLT,PNS,170,0.0,488.0
2026,5,CLT,PVD,116,0.0,684.0
2026,5,CLT,PWM,75,0.0,813.0
2026,5,CLT,RAP,11,0.0,1322.0
2026,5,CLT,RDU,266,0.0,130.0
2026,5,CLT,RIC,212,0.0,257.0
2026,5,CLT,ROA,5,0.0,155.0
2026,5,CLT,ROC,92,0.0,573.0
2026,5,CLT,RSW,163,0.0,600.0
2026,5,CLT,SAN,124,0.0,2077.0
2026,5,CLT,SAT,121,0.0,1095.0
2026,5,CLT,SAV,162,0.0,213.0
2026,5,CLT,SBN,92,0.0,534.0
2026,5,CLT,SDF,167,1.0,335.0
2026,5,CLT,SEA,113,0.0,2279.0
2026,5,CLT,SFO,143,0.0,2296.0
2026,5,CLT,SGF,102,1.0,708.0
2026,5,CLT,SHD,25,0.0,239.0
2026,5,CLT,SHV,60,0.0,764.0
2026,5,CLT,SJU,95,0.0,1475.0
2026,5,CLT,SLC,73,1.0,1727.0
2026,5,CLT,SMF,31,0.0,2244.0
2026,5,CLT,SNA,31,0.0,2099.0
2026,5,CLT,SRQ,129,0.0,547.0
2026,5,CLT,STL,139,0.0,575.0
2026,5,CLT,STT,64,0.0,1520.0
2026,5,CLT,STX,5,0.0,1562.0
2026,5,CLT,SYR,93,0.0,603.0
2026,5,CLT,TLH,1,0.0,386.0
2026,5,CLT,TPA,250,0.0,507.0
2026,5,CLT,TUL,62,0.0,842.0
2026,5,CLT,TVC,20,0.0,702.0
2026,5,CLT,TYS,89,1.0,176.0
2026,5,CLT,VPS,103,0.0,460.0
2026,5,CLT,VRB,31,0.0,522.0
2026,5,CLT,XNA,121,0.0,754.0
2026,5,CMH,ATL,270,5.0,447.0
2026,5,CMH,AUS,26,0.0,1073.0
2026,5,CMH,BNA,92,0.0,338.0
2026,5,CMH,BOS,168,1.0,640.0
2026,5,CMH,BWI,89,1.0,337.0
2026,5,CMH,CLT,195,1.0,347.0
2026,5,CMH,DAL,48,2.0,919.0
2026,5,CMH,DCA,178,2.0,323.0
2026,5,CMH,DEN,152,0.0,1154.0
2026,5,CMH,DFW,152,6.0,926.0
2026,5,CMH,DTW,150,1.0,155.0
2026,5,CMH,EWR,179,4.0,463.0
2026,5,CMH,FLL,24,0.0,973.0
2026,5,CMH,HOU,31,0.0,1000.0
2026,5,CMH,IAD,69,1.0,299.0
2026,5,CMH,IAH,39,1.0,986.0
2026,5,CMH,JFK,112,1.0,483.0
2026,5,CMH,LAS,87,0.0,1771.0
2026,5,CMH,LAX,61,0.0,1995.0
2026,5,CMH,LGA,251,6.0,479.0
2026,5,CMH,MCO,152,3.0,802.0
2026,5,CMH,MDW,92,0.0,283.0
2026,5,CMH,MIA,96,0.0,990.0
2026,5,CMH,MSP,104,1.0,626.0
2026,5,CMH,ORD,459,6.0,296.0
2026,5,CMH,PHL,138,2.0,407.0
2026,5,CMH,PHX,111,2.0,1670.0
2026,5,CMH,RSW,36,0.0,930.0
2026,5,CMH,SAN,18,0.0,1964.0
2026,5,CMH,SEA,44,0.0,2016.0
2026,5,CMH,SFO,38,1.0,2120.0
2026,5,CMH,SLC,31,0.0,1528.0
2026,5,CMH,SRQ,27,0.0,869.0
2026,5,CMH,STL,56,0.0,409.0
2026,5,CMH,TPA,85,0.0,829.0
2026,5,CMI,DFW,61,2.0,692.0
2026,5,CMI,ORD,90,1.0,135.0
2026,5,CMX,ORD,62,1.0,360.0
2026,5,COD,DEN,75,0.0,391.0
2026,5,COD,ORD,2,0.0,1077.0
2026,5,COS,ATL,59,1.0,1184.0
2026,5,COS,AZA,5,0.0,543.0
2026,5,COS,DAL,57,1.0,602.0
2026,5,COS,DEN,426,1.0,73.0
2026,5,COS,DFW,165,6.0,592.0
2026,5,COS,HOU,31,0.0,829.0
2026,5,COS,IAH,21,0.0,809.0
2026,5,COS,LAS,79,0.0,604.0
2026,5,COS,ORD,94,1.0,911.0
2026,5,COS,PHX,88,0.0,551.0
2026,5,COS,PIE,9,0.0,1472.0
2026,5,COS,SAN,18,0.0,816.0
2026,5,COS,SLC,62,0.0,411.0
2026,5,COS,SNA,5,0.0,815.0
2026,5,COU,CLT,10,0.0,670.0
2026,5,COU,DEN,31,0.0,671.0
2026,5,COU,DFW,110,4.0,490.0
2026,5,COU,ORD,186,4.0,315.0
2026,5,CPR,DEN,226,1.0,230.0
2026,5,CRP,DEN,9,1.0,930.0
2026,5,CRP,DFW,231,11.0,355.0
2026,5,CRP,HOU,88,0.0,187.0
2026,5,CRP,IAH,42,0.0,201.0
2026,5,CRW,CLT,91,0.0,221.0
2026,5,CRW,DCA,31,0.0,249.0
2026,5,CRW,ORD,105,1.0,416.0
2026,5,CVG,ATL,252,1.0,373.0
2026,5,CVG,AUS,9,0.0,958.0
2026,5,CVG,AZA,9,0.0,1553.0
2026,5,CVG,BNA,62,0.0,230.0
2026,5,CVG,BOS,186,1.0,752.0
2026,5,CVG,BWI,62,0.0,430.0
2026,5,CVG,CHS,11,0.0,497.0
2026,5,CVG,CLT,152,0.0,335.0
2026,5,CVG,DCA,85,0.0,411.0
2026,5,CVG,DEN,127,1.0,1069.0
2026,5,CVG,DFW,165,9.0,812.0
2026,5,CVG,EWR,93,1.0,569.0
2026,5,CVG,EYW,9,0.0,1013.0
2026,5,CVG,FLL,94,0.0,932.0
2026,5,CVG,GUF,10,0.0,627.0
2026,5,CVG,IAD,41,0.0,388.0
2026,5,CVG,IAH,62,1.0,871.0
2026,5,CVG,JAX,9,0.0,613.0
2026,5,CVG,JFK,40,0.0,589.0
2026,5,CVG,LAS,58,1.0,1678.0
2026,5,CVG,LAX,31,1.0,1900.0
2026,5,CVG,MCO,151,0.0,757.0
2026,5,CVG,MDW,61,0.0,249.0
2026,5,CVG,MIA,73,0.0,948.0
2026,5,CVG,MLB,9,0.0,789.0
2026,5,CVG,MSP,80,2.0,596.0
2026,5,CVG,MSY,5,0.0,701.0
2026,5,CVG,MYR,14,0.0,489.0
2026,5,CVG,ORD,457,10.0,264.0
2026,5,CVG,PBI,9,0.0,892.0
2026,5,CVG,PDX,4,0.0,1975.0
2026,5,CVG,PGD,31,0.0,850.0
2026,5,CVG,PHL,136,2.0,507.0
2026,5,CVG,PHX,50,0.0,1569.0
2026,5,CVG,PIE,31,0.0,776.0
2026,5,CVG,RSW,46,0.0,879.0
2026,5,CVG,SAV,16,0.0,515.0
2026,5,CVG,SEA,62,1.0,1965.0
2026,5,CVG,SFB,31,0.0,735.0
2026,5,CVG,SLC,87,0.0,1450.0
2026,5,CVG,SNA,4,0.0,1877.0
2026,5,CVG,SRQ,25,0.0,812.0
2026,5,CVG,TPA,70,0.0,773.0
2026,5,CVG,VPS,45,0.0,600.0
2026,5,CWA,ORD,93,1.0,213.0
2026,5,CYS,DEN,62,1.0,90.0
2026,5,DAB,ATL,124,3.0,366.0
2026,5,DAB,BOS,31,0.0,1068.0
2026,5,DAB,CLT,121,0.0,416.0
2026,5,DAB,JFK,31,0.0,891.0
2026,5,DAL,ABQ,136,2.0,580.0
2026,5,DAL,AMA,101,1.0,323.0
2026,5,DAL,ATL,292,7.0,721.0
2026,5,DAL,AUS,204,1.0,189.0
2026,5,DAL,BHM,88,3.0,587.0
2026,5,DAL,BNA,209,2.0,623.0
2026,5,DAL,BOS,31,0.0,1554.0
2026,5,DAL,BUR,26,1.0,1243.0
2026,5,DAL,BWI,145,2.0,1209.0
2026,5,DAL,CHS,31,0.0,977.0
2026,5,DAL,CLT,31,1.0,926.0
2026,5,DAL,CMH,48,2.0,919.0
2026,5,DAL,COS,57,0.0,602.0
2026,5,DAL,DCA,145,2.0,1184.0
2026,5,DAL,DEN,257,5.0,651.0
2026,5,DAL,ECP,72,0.0,674.0
2026,5,DAL,ELP,145,1.0,562.0
2026,5,DAL,FLL,54,2.0,1108.0
2026,5,DAL,HOU,350,10.0,239.0
2026,5,DAL,HRL,31,0.0,458.0
2026,5,DAL,IND,66,1.0,755.0
2026,5,DAL,JAX,31,0.0,906.0
2026,5,DAL,LAS,260,3.0,1067.0
2026,5,DAL,LAX,131,2.0,1246.0
2026,5,DAL,LBB,119,2.0,293.0
2026,5,DAL,LGA,145,5.0,1381.0
2026,5,DAL,LGB,35,0.0,1232.0
2026,5,DAL,LIT,88,1.0,296.0
2026,5,DAL,MAF,109,0.0,319.0
2026,5,DAL,MCI,178,5.0,461.0
2026,5,DAL,MCO,237,4.0,973.0
2026,5,DAL,MDW,176,6.0,793.0
2026,5,DAL,MEM,45,1.0,423.0
2026,5,DAL,MIA,41,1.0,1109.0
2026,5,DAL,MKE,31,1.0,850.0
2026,5,DAL,MSP,5,0.0,853.0
2026,5,DAL,MSY,202,3.0,437.0
2026,5,DAL,MYR,5,0.0,1038.0
2026,5,DAL,OAK,40,1.0,1468.0
2026,5,DAL,OKC,62,1.0,181.0
2026,5,DAL,OMA,36,1.0,586.0
2026,5,DAL,ONT,35,1.0,1200.0
2026,5,DAL,ORD,31,0.0,798.0
2026,5,DAL,ORF,10,0.0,1203.0
2026,5,DAL,PDX,31,0.0,1626.0
2026,5,DAL,PHL,31,0.0,1295.0
2026,5,DAL,PHX,256,7.0,879.0
2026,5,DAL,PIT,31,1.0,1060.0
2026,5,DAL,PNS,40,1.0,592.0
2026,5,DAL,RDU,35,1.0,1052.0
2026,5,DAL,SAN,135,2.0,1182.0
2026,5,DAL,SAT,252,2.0,247.0
2026,5,DAL,SAV,31,0.0,915.0
2026,5,DAL,SDF,27,0.0,725.0
2026,5,DAL,SEA,31,0.0,1670.0
2026,5,DAL,SFO,31,0.0,1476.0
2026,5,DAL,SJC,31,2.0,1450.0
2026,5,DAL,SLC,61,2.0,999.0
2026,5,DAL,SMF,62,1.0,1442.0
2026,5,DAL,SNA,31,0.0,1216.0
2026,5,DAL,STL,167,3.0,546.0
2026,5,DAL,TPA,114,1.0,917.0
2026,5,DAL,TUL,88,0.0,237.0
2026,5,DAL,TUS,23,0.0,824.0
2026,5,DAL,TYS,31,0.0,762.0
2026,5,DAL,VPS,31,0.0,630.0
2026,5,DAY,ATL,119,1.0,432.0
2026,5,DAY,CLT,118,0.0,370.0
2026,5,DAY,DCA,80,2.0,391.0
2026,5,DAY,DEN,31,1.0,1085.0
2026,5,DAY,DFW,121,3.0,861.0
2026,5,DAY,MYR,3,0.0,520.0
2026,5,DAY,ORD,144,4.0,240.0
2026,5,DAY,PGD,9,0.0,904.0
2026,5,DAY,PHL,31,0.0,477.0
2026,5,DAY,PIE,9,0.0,831.0
2026,5,DAY,SFB,9,0.0,785.0
2026,5,DCA,AGS,29,2.0,468.0
2026,5,DCA,ALB,117,1.0,318.0
2026,5,DCA,ATL,574,11.0,547.0
2026,5,DCA,AUS,31,0.0,1315.0
2026,5,DCA,AVL,42,1.0,384.0
2026,5,DCA,BDL,149,3.0,313.0
2026,5,DCA,BGR,108,3.0,590.0
2026,5,DCA,BHM,88,0.0,653.0
2026,5,DCA,BNA,378,1.0,562.0
2026,5,DCA,BOS,797,10.0,399.0
2026,5,DCA,BTR,29,2.0,985.0
2026,5,DCA,BTV,87,1.0,437.0
2026,5,DCA,BUF,93,2.0,296.0
2026,5,DCA,CAE,91,1.0,408.0
2026,5,DCA,CAK,26,0.0,274.0
2026,5,DCA,CHA,26,2.0,523.0
2026,5,DCA,CHS,151,0.0,444.0
2026,5,DCA,CID,30,0.0,801.0
2026,5,DCA,CLE,139,2.0,310.0
2026,5,DCA,CLT,223,1.0,331.0
2026,5,DCA,CMH,178,3.0,323.0
2026,5,DCA,CRW,31,0.0,249.0
2026,5,DCA,CVG,85,1.0,411.0
2026,5,DCA,DAL,145,2.0,1184.0
2026,5,DCA,DAY,80,1.0,391.0
2026,5,DCA,DEN,116,0.0,1476.0
2026,5,DCA,DFW,300,12.0,1192.0
2026,5,DCA,DSM,62,1.0,897.0
2026,5,DCA,DTW,257,4.0,405.0
2026,5,DCA,ECP,38,1.0,769.0
2026,5,DCA,EWR,20,0.0,199.0
2026,5,DCA,EYW,55,1.0,1023.0
2026,5,DCA,FLL,195,0.0,899.0
2026,5,DCA,GRR,63,3.0,524.0
2026,5,DCA,GSO,56,1.0,248.0
2026,5,DCA,GSP,88,3.0,396.0
2026,5,DCA,HHH,36,0.0,501.0
2026,5,DCA,HOU,88,0.0,1218.0
2026,5,DCA,HPN,105,4.0,234.0
2026,5,DCA,HSV,110,1.0,613.0
2026,5,DCA,IAH,288,3.0,1208.0
2026,5,DCA,ICT,31,0.0,1110.0
2026,5,DCA,ILM,74,0.0,320.0
2026,5,DCA,IND,173,8.0,500.0
2026,5,DCA,JAN,26,2.0,860.0
2026,5,DCA,JAX,118,2.0,634.0
2026,5,DCA,JFK,205,4.0,213.0
2026,5,DCA,LAN,26,0.0,479.0
2026,5,DCA,LAS,62,0.0,2089.0
2026,5,DCA,LAX,124,3.0,2311.0
2026,5,DCA,LEX,26,1.0,414.0
2026,5,DCA,LGA,425,10.0,214.0
2026,5,DCA,LIT,32,0.0,888.0
2026,5,DCA,MCI,166,2.0,949.0
2026,5,DCA,MCO,394,2.0,759.0
2026,5,DCA,MDW,176,0.0,601.0
2026,5,DCA,MEM,89,3.0,762.0
2026,5,DCA,MGM,24,0.0,693.0
2026,5,DCA,MHT,88,3.0,406.0
2026,5,DCA,MIA,341,2.0,919.0
2026,5,DCA,MKE,114,2.0,634.0
2026,5,DCA,MSN,109,1.0,707.0
2026,5,DCA,MSP,224,3.0,931.0
2026,5,DCA,MSY,170,3.0,969.0
2026,5,DCA,MYR,68,1.0,372.0
2026,5,DCA,OKC,57,0.0,1158.0
2026,5,DCA,OMA,57,0.0,1012.0
2026,5,DCA,ORD,610,10.0,612.0
2026,5,DCA,ORF,91,0.0,142.0
2026,5,DCA,PBI,142,0.0,857.0
2026,5,DCA,PDX,31,0.0,2350.0
2026,5,DCA,PHL,62,1.0,120.0
2026,5,DCA,PHX,93,1.0,1979.0
2026,5,DCA,PIT,123,1.0,204.0
2026,5,DCA,PNS,93,2.0,816.0
2026,5,DCA,PVD,213,4.0,356.0
2026,5,DCA,PWM,94,2.0,482.0
2026,5,DCA,RDU,166,4.0,227.0
2026,5,DCA,ROC,91,2.0,296.0
2026,5,DCA,RSW,82,0.0,892.0
2026,5,DCA,SAN,31,0.0,2276.0
2026,5,DCA,SAT,31,0.0,1380.0
2026,5,DCA,SAV,102,0.0,519.0
2026,5,DCA,SDF,90,1.0,474.0
2026,5,DCA,SEA,93,0.0,2329.0
2026,5,DCA,SFO,93,0.0,2442.0
2026,5,DCA,SJU,31,0.0,1554.0
2026,5,DCA,SLC,31,0.0,1851.0
2026,5,DCA,SRQ,51,0.0,851.0
2026,5,DCA,STL,197,4.0,719.0
2026,5,DCA,SYR,91,2.0,298.0
2026,5,DCA,TLH,31,1.0,716.0
2026,5,DCA,TPA,176,2.0,814.0
2026,5,DCA,TUL,49,2.0,1050.0
2026,5,DCA,TVC,12,0.0,599.0
2026,5,DCA,TYS,93,0.0,437.0
2026,5,DCA,VPS,31,0.0,789.0
2026,5,DCA,XNA,31,1.0,963.0
2026,5,DDC,DEN,53,0.0,292.0
2026,5,DEC,ORD,53,1.0,156.0
2026,5,DEN,ABE,3,0.0,1539.0
2026,5,DEN,ABI,62,0.0,584.0
2026,5,DEN,ABQ,296,1.0,349.0
2026,5,DEN,ACV,31,0.0,1026.0
2026,5,DEN,ALB,36,0.0,1610.0
2026,5,DEN,AMA,56,0.0,359.0
2026,5,DEN,ANC,89,0.0,2405.0
2026,5,DEN,ASE,77,0.0,125.0
2026,5,DEN,ATL,482,4.0,1199.0
2026,5,DEN,ATW,34,0.0,883.0
2026,5,DEN,ATY,31,0.0,519.0
2026,5,DEN,AUS,467,3.0,775.0
2026,5,DEN,AVL,40,0.0,1248.0
2026,5,DEN,BDL,62,0.0,1671.0
2026,5,DEN,BFF,54,1.0,150.0
2026,5,DEN,BFL,63,0.0,845.0
2026,5,DEN,BHM,118,0.0,1083.0
2026,5,DEN,BIL,163,0.0,455.0
2026,5,DEN,BIS,121,0.0,516.0
2026,5,DEN,BNA,314,0.0,1013.0
2026,5,DEN,BOI,261,0.0,649.0
2026,5,DEN,BOS,323,1.0,1754.0
2026,5,DEN,BTM,31,0.0,578.0
2026,5,DEN,BTV,31,0.0,1639.0
2026,5,DEN,BUF,36,0.0,1359.0
2026,5,DEN,BUR,171,0.0,850.0
2026,5,DEN,BWI,207,2.0,1491.0
2026,5,DEN,BZN,224,0.0,524.0
2026,5,DEN,CHA,2,0.0,1118.0
2026,5,DEN,CHS,48,0.0,1449.0
2026,5,DEN,CID,109,0.0,692.0
2026,5,DEN,CLD,62,0.0,840.0
2026,5,DEN,CLE,161,0.0,1201.0
2026,5,DEN,CLT,234,0.0,1337.0
2026,5,DEN,CMH,152,0.0,1154.0
2026,5,DEN,COD,75,0.0,391.0
2026,5,DEN,COS,428,1.0,73.0
2026,5,DEN,COU,31,0.0,671.0
2026,5,DEN,CPR,226,1.0,230.0
2026,5,DEN,CRP,9,0.0,930.0
2026,5,DEN,CVG,126,0.0,1069.0
2026,5,DEN,CYS,62,0.0,90.0
2026,5,DEN,DAL,256,4.0,651.0
2026,5,DEN,DAY,31,0.0,1085.0
2026,5,DEN,DCA,116,0.0,1476.0
2026,5,DEN,DDC,53,0.0,292.0
2026,5,DEN,DFW,533,9.0,641.0
2026,5,DEN,DIK,53,2.0,488.0
2026,5,DEN,DRO,205,0.0,251.0
2026,5,DEN,DSM,217,0.0,589.0
2026,5,DEN,DTW,282,1.0,1123.0
2026,5,DEN,DVL,53,1.0,638.0
2026,5,DEN,EAR,54,1.0,305.0
2026,5,DEN,ECP,36,0.0,1250.0
2026,5,DEN,EGE,93,0.0,120.0
2026,5,DEN,ELP,155,0.0,563.0
2026,5,DEN,EUG,118,0.0,996.0
2026,5,DEN,EWR,290,1.0,1605.0
2026,5,DEN,FAI,12,0.0,2430.0
2026,5,DEN,FAR,120,0.0,627.0
2026,5,DEN,FAT,124,0.0,844.0
2026,5,DEN,FCA,84,0.0,752.0
2026,5,DEN,FLL,113,0.0,1703.0
2026,5,DEN,FMN,31,0.0,289.0
2026,5,DEN,FOD,11,0.0,576.0
2026,5,DEN,FSD,168,0.0,483.0
2026,5,DEN,GCC,33,0.0,313.0
2026,5,DEN,GEG,173,0.0,836.0
2026,5,DEN,GJT,214,1.0,212.0
2026,5,DEN,GRR,106,0.0,1015.0
2026,5,DEN,GSP,31,0.0,1278.0
2026,5,DEN,GTF,62,0.0,623.0
2026,5,DEN,GUC,73,0.0,152.0
2026,5,DEN,HDN,104,0.0,141.0
2026,5,DEN,HLN,62,0.0,594.0
2026,5,DEN,HNL,62,0.0,3365.0
2026,5,DEN,HOB,31,1.0,501.0
2026,5,DEN,HOU,180,0.0,883.0
2026,5,DEN,HSV,62,0.0,1048.0
2026,5,DEN,HYS,53,4.0,298.0
2026,5,DEN,IAD,316,0.0,1452.0
2026,5,DEN,IAH,412,0.0,861.0
2026,5,DEN,ICT,210,1.0,420.0
2026,5,DEN,IDA,134,0.0,458.0
2026,5,DEN,ILM,2,0.0,1522.0
2026,5,DEN,IND,216,1.0,976.0
2026,5,DEN,JAC,136,0.0,406.0
2026,5,DEN,JAX,91,0.0,1446.0
2026,5,DEN,JFK,124,2.0,1626.0
2026,5,DEN,JLN,22,0.0,582.0
2026,5,DEN,JMS,53,1.0,573.0
2026,5,DEN,KOA,31,0.0,3329.0
2026,5,DEN,LAR,53,1.0,113.0
2026,5,DEN,LAS,640,4.0,628.0
2026,5,DEN,LAX,687,1.0,862.0
2026,5,DEN,LBB,87,0.0,456.0
2026,5,DEN,LBF,54,0.0,227.0
2026,5,DEN,LBL,53,1.0,280.0
2026,5,DEN,LEX,31,0.0,1086.0
2026,5,DEN,LGA,397,4.0,1620.0
2026,5,DEN,LGB,93,0.0,854.0
2026,5,DEN,LIH,31,0.0,3414.0
2026,5,DEN,LIT,135,0.0,771.0
2026,5,DEN,LNK,131,0.0,423.0
2026,5,DEN,MAF,143,1.0,563.0
2026,5,DEN,MCI,382,1.0,533.0
2026,5,DEN,MCO,351,0.0,1547.0
2026,5,DEN,MDW,163,1.0,895.0
2026,5,DEN,MEM,129,1.0,872.0
2026,5,DEN,MFR,62,0.0,964.0
2026,5,DEN,MIA,180,0.0,1709.0
2026,5,DEN,MKE,190,0.0,896.0
2026,5,DEN,MLI,31,0.0,751.0
2026,5,DEN,MOT,101,0.0,604.0
2026,5,DEN,MRY,62,0.0,959.0
2026,5,DEN,MSN,107,0.0,826.0
2026,5,DEN,MSO,93,0.0,679.0
2026,5,DEN,MSP,533,1.0,680.0
2026,5,DEN,MSY,206,1.0,1062.0
2026,5,DEN,MTJ,104,0.0,197.0
2026,5,DEN,MYR,2,0.0,1484.0
2026,5,DEN,OAK,128,0.0,957.0
2026,5,DEN,OGG,31,0.0,3302.0
2026,5,DEN,OKC,269,0.0,495.0
2026,5,DEN,OMA,290,0.0,472.0
2026,5,DEN,ONT,242,0.0,819.0
2026,5,DEN,ORD,583,0.0,888.0
2026,5,DEN,ORF,40,0.0,1553.0
2026,5,DEN,OTH,11,0.0,1040.0
2026,5,DEN,PDX,366,0.0,991.0
2026,5,DEN,PHL,276,1.0,1558.0
2026,5,DEN,PHX,768,4.0,602.0
2026,5,DEN,PIA,35,0.0,793.0
2026,5,DEN,PIR,54,0.0,385.0
2026,5,DEN,PIT,119,0.0,1290.0
2026,5,DEN,PNS,86,0.0,1179.0
2026,5,DEN,PRC,53,1.0,558.0
2026,5,DEN,PSC,62,0.0,853.0
2026,5,DEN,PSP,179,1.0,776.0
2026,5,DEN,PWM,28,0.0,1782.0
2026,5,DEN,RAP,260,2.0,301.0
2026,5,DEN,RDD,31,0.0,932.0
2026,5,DEN,RDM,62,0.0,898.0
2026,5,DEN,RDU,155,1.0,1436.0
2026,5,DEN,RIC,74,0.0,1481.0
2026,5,DEN,RIW,62,0.0,296.0
2026,5,DEN,RKS,62,0.0,260.0
2026,5,DEN,RNO,193,0.0,804.0
2026,5,DEN,ROW,62,1.0,452.0
2026,5,DEN,RSW,95,0.0,1607.0
2026,5,DEN,SAF,155,1.0,303.0
2026,5,DEN,SAN,515,1.0,853.0
2026,5,DEN,SAT,267,0.0,794.0
2026,5,DEN,SAV,36,0.0,1414.0
2026,5,DEN,SBA,88,0.0,916.0
2026,5,DEN,SBP,62,0.0,931.0
2026,5,DEN,SDF,94,0.0,1024.0
2026,5,DEN,SEA,546,0.0,1024.0
2026,5,DEN,SFO,483,0.0,967.0
2026,5,DEN,SGF,121,0.0,637.0
2026,5,DEN,SGU,93,1.0,517.0
2026,5,DEN,SHR,76,0.0,359.0
2026,5,DEN,SHV,42,0.0,792.0
2026,5,DEN,SJC,197,0.0,948.0
2026,5,DEN,SJU,31,0.0,2733.0
2026,5,DEN,SLC,665,0.0,391.0
2026,5,DEN,SLN,31,0.0,383.0
2026,5,DEN,SMF,322,0.0,909.0
2026,5,DEN,SNA,319,0.0,846.0
2026,5,DEN,SRQ,5,0.0,1531.0
2026,5,DEN,STL,312,0.0,770.0
2026,5,DEN,STS,5,0.0,977.0
2026,5,DEN,SUN,38,0.0,557.0
2026,5,DEN,SUX,49,2.0,466.0
2026,5,DEN,SYR,40,0.0,1492.0
2026,5,DEN,TPA,268,0.0,1506.0
2026,5,DEN,TUL,210,0.0,541.0
2026,5,DEN,TUS,232,0.0,639.0
2026,5,DEN,TVC,31,0.0,1032.0
2026,5,DEN,TYS,84,0.0,1162.0
2026,5,DEN,VPS,4,0.0,1210.0
2026,5,DEN,WYS,34,0.0,469.0
2026,5,DEN,XNA,121,0.0,616.0
2026,5,DEN,XWA,114,1.0,582.0
2026,5,DFW,ABI,151,5.0,158.0
2026,5,DFW,ABQ,203,9.0,569.0
2026,5,DFW,ACT,93,5.0,90.0
2026,5,DFW,AEX,91,5.0,285.0
2026,5,DFW,AGS,64,5.0,874.0
2026,5,DFW,ALB,11,1.0,1434.0
2026,5,DFW,AMA,211,6.0,312.0
2026,5,DFW,ANC,43,0.0,3043.0
2026,5,DFW,ASE,18,0.0,701.0
2026,5,DFW,ATL,561,19.0,731.0
2026,5,DFW,ATW,42,0.0,908.0
2026,5,DFW,AUS,425,18.0,190.0
2026,5,DFW,AVL,62,2.0,848.0
2026,5,DFW,BDL,59,2.0,1471.0
2026,5,DFW,BFL,31,2.0,1271.0
2026,5,DFW,BHM,208,5.0,597.0
2026,5,DFW,BIL,62,0.0,1081.0
2026,5,DFW,BIS,62,0.0,977.0
2026,5,DFW,BMI,63,1.0,690.0
2026,5,DFW,BNA,323,9.0,631.0
2026,5,DFW,BOI,73,3.0,1272.0
2026,5,DFW,BOS,329,10.0,1562.0
2026,5,DFW,BPT,61,2.0,270.0
2026,5,DFW,BRO,124,5.0,482.0
2026,5,DFW,BTR,183,10.0,383.0
2026,5,DFW,BUF,42,1.0,1212.0
2026,5,DFW,BUR,62,4.0,1231.0
2026,5,DFW,BWI,121,4.0,1217.0
2026,5,DFW,BZN,53,2.0,1163.0
2026,5,DFW,CAE,92,3.0,922.0
2026,5,DFW,CHA,144,8.0,695.0
2026,5,DFW,CHS,121,3.0,987.0
2026,5,DFW,CID,101,2.0,685.0
2026,5,DFW,CLE,146,4.0,1021.0
2026,5,DFW,CLL,93,3.0,164.0
2026,5,DFW,CLT,353,12.0,935.0
2026,5,DFW,CMH,153,4.0,926.0
2026,5,DFW,CMI,61,1.0,692.0
2026,5,DFW,COS,166,7.0,592.0
2026,5,DFW,COU,110,3.0,490.0
2026,5,DFW,CRP,231,11.0,355.0
2026,5,DFW,CVG,164,8.0,812.0
2026,5,DFW,DAY,121,4.0,861.0
2026,5,DFW,DCA,297,12.0,1192.0
2026,5,DFW,DEN,532,10.0,641.0
2026,5,DFW,DRO,114,3.0,674.0
2026,5,DFW,DSM,123,6.0,624.0
2026,5,DFW,DTW,301,8.0,986.0
2026,5,DFW,ECP,123,5.0,685.0
2026,5,DFW,EGE,42,1.0,721.0
2026,5,DFW,ELP,214,7.0,551.0
2026,5,DFW,EVV,87,3.0,642.0
2026,5,DFW,EWR,305,5.0,1372.0
2026,5,DFW,EYW,34,1.0,1089.0
2026,5,DFW,FAR,93,2.0,967.0
2026,5,DFW,FAT,124,5.0,1313.0
2026,5,DFW,FCA,24,1.0,1390.0
2026,5,DFW,FLG,51,4.0,853.0
2026,5,DFW,FLL,245,6.0,1119.0
2026,5,DFW,FSD,93,1.0,737.0
2026,5,DFW,FSM,102,4.0,227.0
2026,5,DFW,FWA,93,3.0,859.0
2026,5,DFW,GCK,62,2.0,404.0
2026,5,DFW,GEG,42,1.0,1477.0
2026,5,DFW,GGG,62,3.0,140.0
2026,5,DFW,GJT,93,4.0,772.0
2026,5,DFW,GNV,62,2.0,900.0
2026,5,DFW,GPT,104,5.0,500.0
2026,5,DFW,GRI,58,3.0,562.0
2026,5,DFW,GRK,179,7.0,134.0
2026,5,DFW,GRR,90,3.0,931.0
2026,5,DFW,GSO,93,3.0,999.0
2026,5,DFW,GSP,104,2.0,862.0
2026,5,DFW,GTR,31,3.0,491.0
2026,5,DFW,HNL,62,0.0,3784.0
2026,5,DFW,HOU,152,9.0,247.0
2026,5,DFW,HRL,124,7.0,461.0
2026,5,DFW,HSV,180,7.0,603.0
2026,5,DFW,IAD,175,4.0,1172.0
2026,5,DFW,IAH,518,15.0,224.0
2026,5,DFW,ICT,208,9.0,328.0
2026,5,DFW,IDA,42,2.0,1095.0
2026,5,DFW,ILM,62,1.0,1106.0
2026,5,DFW,IND,166,5.0,761.0
2026,5,DFW,JAC,57,1.0,1047.0
2026,5,DFW,JAN,183,6.0,408.0
2026,5,DFW,JAX,177,9.0,917.0
2026,5,DFW,JFK,180,2.0,1391.0
2026,5,DFW,LAS,452,16.0,1055.0
2026,5,DFW,LAW,93,5.0,140.0
2026,5,DFW,LAX,527,16.0,1235.0
2026,5,DFW,LBB,207,7.0,282.0
2026,5,DFW,LCH,93,4.0,295.0
2026,5,DFW,LEX,104,2.0,785.0
2026,5,DFW,LFT,153,7.0,351.0
2026,5,DFW,LGA,549,19.0,1389.0
2026,5,DFW,LIT,220,5.0,304.0
2026,5,DFW,LRD,152,7.0,396.0
2026,5,DFW,MAF,247,6.0,309.0
2026,5,DFW,MCI,218,9.0,460.0
2026,5,DFW,MCO,427,12.0,985.0
2026,5,DFW,MDT,31,1.0,1231.0
2026,5,DFW,MDW,29,1.0,797.0
2026,5,DFW,MEM,207,9.0,431.0
2026,5,DFW,MFE,214,7.0,469.0
2026,5,DFW,MGM,92,3.0,622.0
2026,5,DFW,MHK,93,4.0,431.0
2026,5,DFW,MIA,398,12.0,1121.0
2026,5,DFW,MKE,90,4.0,853.0
2026,5,DFW,MLI,93,4.0,691.0
2026,5,DFW,MLU,113,4.0,293.0
2026,5,DFW,MOB,109,7.0,539.0
2026,5,DFW,MRY,31,0.0,1430.0
2026,5,DFW,MSN,93,2.0,821.0
2026,5,DFW,MSO,42,0.0,1320.0
2026,5,DFW,MSP,278,5.0,852.0
2026,5,DFW,MSY,243,10.0,448.0
2026,5,DFW,MTJ,31,0.0,722.0
2026,5,DFW,MYR,44,1.0,1048.0
2026,5,DFW,OGG,35,1.0,3710.0
2026,5,DFW,OKC,285,13.0,175.0
2026,5,DFW,OMA,143,5.0,583.0
2026,5,DFW,ONT,197,7.0,1188.0
2026,5,DFW,ORD,628,11.0,802.0
2026,5,DFW,ORF,89,4.0,1212.0
2026,5,DFW,PBI,92,1.0,1102.0
2026,5,DFW,PDX,203,7.0,1616.0
2026,5,DFW,PHL,312,9.0,1303.0
2026,5,DFW,PHX,501,20.0,868.0
2026,5,DFW,PIA,93,4.0,672.0
2026,5,DFW,PIT,134,4.0,1067.0
2026,5,DFW,PNS,174,6.0,604.0
2026,5,DFW,PSP,79,2.0,1126.0
2026,5,DFW,PVU,58,2.0,958.0
2026,5,DFW,PWM,11,1.0,1622.0
2026,5,DFW,RAP,104,2.0,835.0
2026,5,DFW,RDU,202,6.0,1061.0
2026,5,DFW,RIC,90,3.0,1158.0
2026,5,DFW,RNO,115,4.0,1345.0
2026,5,DFW,ROW,71,4.0,435.0
2026,5,DFW,RSW,122,3.0,1017.0
2026,5,DFW,SAF,157,5.0,551.0
2026,5,DFW,SAN,374,8.0,1171.0
2026,5,DFW,SAT,390,20.0,247.0
2026,5,DFW,SAV,112,3.0,925.0
2026,5,DFW,SBA,31,0.0,1316.0
2026,5,DFW,SBN,93,1.0,846.0
2026,5,DFW,SBP,31,0.0,1360.0
2026,5,DFW,SDF,183,4.0,733.0
2026,5,DFW,SEA,483,10.0,1660.0
2026,5,DFW,SFO,401,13.0,1464.0
2026,5,DFW,SGF,271,15.0,364.0
2026,5,DFW,SGU,57,0.0,976.0
2026,5,DFW,SHV,194,9.0,190.0
2026,5,DFW,SJC,93,2.0,1438.0
2026,5,DFW,SJT,93,6.0,229.0
2026,5,DFW,SJU,90,0.0,2165.0
2026,5,DFW,SLC,329,12.0,989.0
2026,5,DFW,SMF,143,4.0,1431.0
2026,5,DFW,SNA,255,10.0,1205.0
2026,5,DFW,SPS,62,2.0,113.0
2026,5,DFW,SRQ,31,1.0,945.0
2026,5,DFW,STL,209,8.0,550.0
2026,5,DFW,STS,11,0.0,1495.0
2026,5,DFW,STT,14,0.0,2225.0
2026,5,DFW,SWO,62,2.0,225.0
2026,5,DFW,SYR,31,2.0,1336.0
2026,5,DFW,TLH,93,4.0,767.0
2026,5,DFW,TPA,271,12.0,929.0
2026,5,DFW,TRI,62,3.0,868.0
2026,5,DFW,TUL,242,11.0,237.0
2026,5,DFW,TUS,185,6.0,813.0
2026,5,DFW,TVC,11,0.0,1022.0
2026,5,DFW,TXK,62,2.0,181.0
2026,5,DFW,TYR,93,5.0,102.0
2026,5,DFW,TYS,164,4.0,772.0
2026,5,DFW,VPS,127,3.0,641.0
2026,5,DFW,XNA,317,9.0,280.0
2026,5,DFW,YUM,31,1.0,1022.0
2026,5,DIK,DEN,53,2.0,488.0
2026,5,DLH,MSP,122,0.0,144.0
2026,5,DLH,ORD,135,1.0,397.0
2026,5,DRO,DEN,205,0.0,251.0
2026,5,DRO,DFW,115,2.0,674.0
2026,5,DRO,IAH,11,0.0,869.0
2026,5,DRO,PHX,88,0.0,352.0
2026,5,DSM,ATL,121,4.0,743.0
2026,5,DSM,AUS,9,0.0,813.0
2026,5,DSM,AZA,11,0.0,1137.0
2026,5,DSM,BNA,13,0.0,530.0
2026,5,DSM,BOS,9,0.0,1165.0
2026,5,DSM,BUR,3,0.0,1436.0
2026,5,DSM,CLT,60,0.0,815.0
2026,5,DSM,DCA,61,0.0,897.0
2026,5,DSM,DEN,217,0.0,589.0
2026,5,DSM,DFW,123,6.0,624.0
2026,5,DSM,EWR,3,0.0,1017.0
2026,5,DSM,FLL,8,0.0,1316.0
2026,5,DSM,GUF,9,0.0,844.0
2026,5,DSM,IAH,31,1.0,802.0
2026,5,DSM,LAS,51,0.0,1216.0
2026,5,DSM,LAX,32,0.0,1447.0
2026,5,DSM,LGA,22,0.0,1031.0
2026,5,DSM,MDW,57,0.0,306.0
2026,5,DSM,MIA,8,0.0,1327.0
2026,5,DSM,ORD,346,4.0,299.0
2026,5,DSM,PDX,4,0.0,1471.0
2026,5,DSM,PGD,11,0.0,1206.0
2026,5,DSM,PHL,26,1.0,973.0
2026,5,DSM,PHX,94,0.0,1149.0
2026,5,DSM,PIE,15,0.0,1126.0
2026,5,DSM,RSW,6,0.0,1236.0
2026,5,DSM,SFB,16,0.0,1124.0
2026,5,DSM,SNA,10,0.0,1428.0
2026,5,DSM,SRQ,2,0.0,1160.0
2026,5,DSM,VPS,4,0.0,860.0
2026,5,DTW,ALB,112,1.0,489.0
2026,5,DTW,ANC,11,0.0,2986.0
2026,5,DTW,APN,56,0.0,198.0
2026,5,DTW,ATL,400,1.0,594.0
2026,5,DTW,ATW,93,0.0,296.0
2026,5,DTW,AUS,122,6.0,1149.0
2026,5,DTW,AZO,87,0.0,113.0
2026,5,DTW,BDL,113,2.0,549.0
2026,5,DTW,BGM,25,0.0,378.0
2026,5,DTW,BHM,36,0.0,625.0
2026,5,DTW,BNA,226,4.0,456.0
2026,5,DTW,BOS,216,1.0,632.0
2026,5,DTW,BTV,15,0.0,537.0
2026,5,DTW,BUF,107,1.0,241.0
2026,5,DTW,BWI,206,4.0,409.0
2026,5,DTW,CHS,26,2.0,667.0
2026,5,DTW,CIU,31,1.0,285.0
2026,5,DTW,CLE,82,0.0,95.0
2026,5,DTW,CLT,296,2.0,500.0
2026,5,DTW,CMH,151,1.0,155.0
2026,5,DTW,DCA,257,4.0,405.0
2026,5,DTW,DEN,281,2.0,1123.0
2026,5,DTW,DFW,300,7.0,986.0
2026,5,DTW,ELM,92,0.0,331.0
2026,5,DTW,ESC,31,0.0,306.0
2026,5,DTW,EWR,260,7.0,488.0
2026,5,DTW,FLL,182,1.0,1127.0
2026,5,DTW,FWA,60,0.0,128.0
2026,5,DTW,GRB,93,1.0,287.0
2026,5,DTW,GRR,186,1.0,120.0
2026,5,DTW,GSP,56,1.0,508.0
2026,5,DTW,HNL,31,0.0,4475.0
2026,5,DTW,HPN,7,0.0,505.0
2026,5,DTW,HSV,11,0.0,554.0
2026,5,DTW,IAD,145,1.0,383.0
2026,5,DTW,IAH,182,2.0,1075.0
2026,5,DTW,IMT,31,0.0,344.0
2026,5,DTW,IND,111,0.0,231.0
2026,5,DTW,JAX,62,3.0,813.0
2026,5,DTW,JFK,110,2.0,509.0
2026,5,DTW,LAN,41,0.0,74.0
2026,5,DTW,LAS,216,4.0,1749.0
2026,5,DTW,LAX,186,3.0,1979.0
2026,5,DTW,LEX,62,1.0,296.0
2026,5,DTW,LGA,270,5.0,502.0
2026,5,DTW,MBS,69,0.0,98.0
2026,5,DTW,MCI,117,3.0,629.0
2026,5,DTW,MCO,224,1.0,957.0
2026,5,DTW,MDT,53,0.0,371.0
2026,5,DTW,MDW,87,0.0,228.0
2026,5,DTW,MEM,81,2.0,610.0
2026,5,DTW,MIA,103,0.0,1145.0
2026,5,DTW,MKE,148,0.0,237.0
2026,5,DTW,MQT,31,1.0,349.0
2026,5,DTW,MSN,57,2.0,311.0
2026,5,DTW,MSP,156,0.0,528.0
2026,5,DTW,MSY,62,4.0,926.0
2026,5,DTW,MYR,31,0.0,636.0
2026,5,DTW,OMA,87,0.0,650.0
2026,5,DTW,ORD,600,11.0,235.0
2026,5,DTW,ORF,59,1.0,529.0
2026,5,DTW,PBI,31,1.0,1086.0
2026,5,DTW,PDX,31,1.0,1953.0
2026,5,DTW,PHL,248,7.0,453.0
2026,5,DTW,PHX,217,1.0,1671.0
2026,5,DTW,PIT,78,0.0,201.0
2026,5,DTW,PLN,54,8.0,243.0
2026,5,DTW,PVD,18,0.0,615.0
2026,5,DTW,PWM,61,1.0,668.0
2026,5,DTW,RDU,121,2.0,501.0
2026,5,DTW,RIC,39,0.0,455.0
2026,5,DTW,ROC,2,0.0,296.0
2026,5,DTW,RSW,103,2.0,1084.0
2026,5,DTW,SAN,112,1.0,1956.0
2026,5,DTW,SAT,87,2.0,1214.0
2026,5,DTW,SAV,62,0.0,705.0
2026,5,DTW,SBN,62,0.0,157.0
2026,5,DTW,SDF,118,0.0,306.0
2026,5,DTW,SEA,206,1.0,1927.0
2026,5,DTW,SFO,156,0.0,2079.0
2026,5,DTW,SJU,31,0.0,1930.0
2026,5,DTW,SLC,148,1.0,1481.0
2026,5,DTW,SMF,31,0.0,2013.0
2026,5,DTW,SNA,25,0.0,1960.0
2026,5,DTW,SRQ,6,1.0,1022.0
2026,5,DTW,STL,179,3.0,440.0
2026,5,DTW,SYR,55,0.0,374.0
2026,5,DTW,TPA,141,0.0,983.0
2026,5,DTW,TVC,51,0.0,207.0
2026,5,DVL,DEN,53,0.0,638.0
2026,5,EAR,DEN,54,2.0,305.0
2026,5,EAR,ORD,31,0.0,583.0
2026,5,EAU,ORD,53,0.0,269.0
2026,5,ECP,ATL,234,6.0,240.0
2026,5,ECP,AUS,62,0.0,710.0
2026,5,ECP,BNA,106,0.0,401.0
2026,5,ECP,BWI,10,0.0,798.0
2026,5,ECP,CLT,113,3.0,437.0
2026,5,ECP,DAL,72,0.0,674.0
2026,5,ECP,DCA,38,1.0,769.0
2026,5,ECP,DEN,36,0.0,1250.0
2026,5,ECP,DFW,123,4.0,685.0
2026,5,ECP,HOU,41,0.0,570.0
2026,5,ECP,IND,5,0.0,646.0
2026,5,ECP,MCI,15,0.0,797.0
2026,5,ECP,MDW,23,0.0,795.0
2026,5,ECP,ORD,92,1.0,810.0
2026,5,ECP,PHL,10,0.0,886.0
2026,5,ECP,STL,41,0.0,634.0
2026,5,EGE,DEN,93,0.0,120.0
2026,5,EGE,DFW,42,1.0,721.0
2026,5,EKO,SLC,49,0.0,200.0
2026,5,ELM,DTW,92,1.0,331.0
2026,5,ELM,MYR,3,0.0,595.0
2026,5,ELM,PIE,9,0.0,1035.0
2026,5,ELM,SFB,11,0.0,954.0
2026,5,ELP,ATL,62,0.0,1282.0
2026,5,ELP,AUS,92,1.0,528.0
2026,5,ELP,DAL,145,0.0,562.0
2026,5,ELP,DEN,155,0.0,563.0
2026,5,ELP,DFW,213,8.0,551.0
2026,5,ELP,HOU,93,0.0,677.0
2026,5,ELP,LAS,121,2.0,584.0
2026,5,ELP,LAX,116,0.0,715.0
2026,5,ELP,ORD,63,0.0,1236.0
2026,5,ELP,PHX,209,1.0,347.0
2026,5,ELP,SAN,26,0.0,636.0
2026,5,ELP,SAT,62,0.0,496.0
2026,5,ESC,DTW,31,0.0,306.0
2026,5,ESC,MSP,23,0.0,304.0
2026,5,EUG,AZA,9,0.0,971.0
2026,5,EUG,BUR,31,0.0,732.0
2026,5,EUG,DEN,118,0.0,996.0
2026,5,EUG,LAS,40,0.0,700.0
2026,5,EUG,LAX,43,0.0,748.0
2026,5,EUG,ORD,31,0.0,1780.0
2026,5,EUG,PDX,74,0.0,105.0
2026,5,EUG,PHX,55,0.0,952.0
2026,5,EUG,SAN,57,0.0,850.0
2026,5,EUG,SEA,131,0.0,234.0
2026,5,EUG,SFO,86,1.0,451.0
2026,5,EUG,SJC,30,0.0,471.0
2026,5,EUG,SLC,62,0.0,618.0
2026,5,EUG,SMF,31,0.0,384.0
2026,5,EUG,SNA,9,0.0,776.0
2026,5,EVV,DFW,87,5.0,642.0
2026,5,EVV,ORD,51,1.0,272.0
2026,5,EVV,PIE,10,0.0,752.0
2026,5,EVV,SFB,12,0.0,734.0
2026,5,EVV,VPS,3,0.0,524.0
2026,5,EWN,CLT,17,0.0,222.0
2026,5,EWR,ANC,11,0.0,3370.0
2026,5,EWR,ATL,519,5.0,746.0
2026,5,EWR,AUS,145,0.0,1504.0
2026,5,EWR,AVL,29,0.0,583.0
2026,5,EWR,BGR,52,0.0,393.0
2026,5,EWR,BNA,179,2.0,748.0
2026,5,EWR,BOS,348,2.0,200.0
2026,5,EWR,BQN,31,0.0,1585.0
2026,5,EWR,BTV,18,0.0,266.0
2026,5,EWR,BUF,87,2.0,282.0
2026,5,EWR,BZN,11,1.0,1882.0
2026,5,EWR,CHS,93,0.0,628.0
2026,5,EWR,CLE,182,3.0,404.0
2026,5,EWR,CLT,273,2.0,529.0
2026,5,EWR,CMH,179,3.0,463.0
2026,5,EWR,CVG,98,2.0,569.0
2026,5,EWR,DCA,20,0.0,199.0
2026,5,EWR,DEN,291,1.0,1605.0
2026,5,EWR,DFW,305,5.0,1372.0
2026,5,EWR,DSM,3,0.0,1017.0
2026,5,EWR,DTW,261,8.0,488.0
2026,5,EWR,EYW,31,0.0,1196.0
2026,5,EWR,FLL,310,2.0,1065.0
2026,5,EWR,GRR,72,1.0,605.0
2026,5,EWR,GSO,68,1.0,445.0
2026,5,EWR,GSP,92,1.0,594.0
2026,5,EWR,HHH,31,0.0,687.0
2026,5,EWR,IAD,135,2.0,212.0
2026,5,EWR,IAH,289,4.0,1400.0
2026,5,EWR,ILM,62,1.0,488.0
2026,5,EWR,IND,181,1.0,645.0
2026,5,EWR,JAC,12,0.0,1874.0
2026,5,EWR,JAX,122,0.0,820.0
2026,5,EWR,LAS,270,0.0,2227.0
2026,5,EWR,LAX,339,0.0,2454.0
2026,5,EWR,MCI,62,1.0,1092.0
2026,5,EWR,MCO,484,2.0,937.0
2026,5,EWR,MDW,4,0.0,711.0
2026,5,EWR,MEM,59,1.0,946.0
2026,5,EWR,MIA,315,1.0,1085.0
2026,5,EWR,MKE,70,1.0,725.0
2026,5,EWR,MSN,41,1.0,799.0
2026,5,EWR,MSP,201,2.0,1008.0
2026,5,EWR,MSY,111,1.0,1167.0
2026,5,EWR,MYR,64,1.0,550.0
2026,5,EWR,OMA,3,0.0,1134.0
2026,5,EWR,ORD,552,5.0,719.0
2026,5,EWR,ORF,99,1.0,284.0
2026,5,EWR,PBI,288,1.0,1024.0
2026,5,EWR,PDX,71,1.0,2434.0
2026,5,EWR,PHX,210,1.0,2133.0
2026,5,EWR,PIT,160,3.0,319.0
2026,5,EWR,PWM,118,1.0,284.0
2026,5,EWR,RDU,174,2.0,416.0
2026,5,EWR,RIC,22,1.0,277.0
2026,5,EWR,ROC,81,2.0,246.0
2026,5,EWR,RSW,175,0.0,1068.0
2026,5,EWR,SAN,135,2.0,2425.0
2026,5,EWR,SAT,54,0.0,1569.0
2026,5,EWR,SAV,82,2.0,708.0
2026,5,EWR,SDF,91,2.0,642.0
2026,5,EWR,SEA,213,0.0,2402.0
2026,5,EWR,SFO,404,5.0,2565.0
2026,5,EWR,SJU,135,1.0,1608.0
2026,5,EWR,SLC,102,1.0,1969.0
2026,5,EWR,SMF,31,0.0,2500.0
2026,5,EWR,SNA,93,1.0,2433.0
2026,5,EWR,SRQ,82,1.0,1034.0
2026,5,EWR,STL,93,2.0,872.0
2026,5,EWR,STT,24,0.0,1634.0
2026,5,EWR,SYR,3,0.0,194.0
2026,5,EWR,TPA,225,1.0,997.0
2026,5,EWR,TYS,11,0.0,631.0
2026,5,EWR,VPS,9,0.0,988.0
2026,5,EYW,ATL,126,2.0,646.0
2026,5,EYW,AVL,9,0.0,751.0
2026,5,EYW,BNA,1,0.0,849.0
2026,5,EYW,CLT,111,1.0,736.0
2026,5,EYW,CVG,9,0.0,1013.0
2026,5,EYW,DCA,55,1.0,1023.0
2026,5,EYW,DFW,34,1.0,1089.0
2026,5,EYW,EWR,31,0.0,1196.0
2026,5,EYW,IND,9,0.0,1078.0
2026,5,EYW,LCK,4,0.0,1054.0
2026,5,EYW,LGA,40,0.0,1207.0
2026,5,EYW,MIA,97,0.0,126.0
2026,5,EYW,ORD,83,1.0,1251.0
2026,5,EYW,PHL,31,0.0,1122.0
2026,5,EYW,PIE,27,0.0,238.0
2026,5,EYW,PIT,9,0.0,1102.0
2026,5,EYW,SFB,12,0.0,292.0
2026,5,EYW,TYS,9,0.0,787.0
2026,5,FAI,ANC,142,0.0,261.0
2026,5,FAI,DEN,11,0.0,2430.0
2026,5,FAI,ORD,31,0.0,2785.0
2026,5,FAI,SEA,173,1.0,1533.0
2026,5,FAR,ATL,31,0.0,1123.0
2026,5,FAR,AZA,27,0.0,1220.0
2026,5,FAR,BNA,9,0.0,910.0
2026,5,FAR,DEN,120,0.0,627.0
2026,5,FAR,DFW,94,2.0,967.0
2026,5,FAR,LAS,11,0.0,1205.0
2026,5,FAR,MSP,128,0.0,223.0
2026,5,FAR,ORD,179,3.0,557.0
2026,5,FAR,PIE,3,0.0,1519.0
2026,5,FAR,SFB,9,0.0,1508.0
2026,5,FAT,DEN,124,0.0,844.0
2026,5,FAT,DFW,124,5.0,1313.0
2026,5,FAT,LAS,138,0.0,259.0
2026,5,FAT,LAX,70,0.0,209.0
2026,5,FAT,ORD,31,0.0,1730.0
2026,5,FAT,PDX,43,1.0,626.0
2026,5,FAT,PHX,119,0.0,493.0
2026,5,FAT,SAN,160,1.0,314.0
2026,5,FAT,SEA,82,0.0,748.0
2026,5,FAT,SFO,108,0.0,158.0
2026,5,FAT,SLC,118,0.0,501.0
2026,5,FAY,ATL,17,1.0,330.0
2026,5,FCA,AZA,9,0.0,1044.0
2026,5,FCA,DEN,84,0.0,752.0
2026,5,FCA,DFW,24,1.0,1390.0
2026,5,FCA,LAS,8,0.0,846.0
2026,5,FCA,LAX,11,0.0,1015.0
2026,5,FCA,MSP,31,0.0,1025.0
2026,5,FCA,ORD,33,0.0,1352.0
2026,5,FCA,PDX,10,0.0,437.0
2026,5,FCA,SFO,11,1.0,844.0
2026,5,FCA,SLC,113,0.0,532.0
2026,5,FLG,DFW,51,4.0,853.0
2026,5,FLG,PHX,110,0.0,119.0
2026,5,FLL,ABE,9,0.0,1041.0
2026,5,FLL,ACY,23,1.0,977.0
2026,5,FLL,ALB,40,0.0,1204.0
2026,5,FLL,ATL,563,10.0,581.0
2026,5,FLL,ATW,8,0.0,1338.0
2026,5,FLL,AUS,87,0.0,1105.0
2026,5,FLL,AVL,50,0.0,661.0
2026,5,FLL,BDL,54,0.0,1173.0
2026,5,FLL,BLV,9,0.0,1028.0
2026,5,FLL,BNA,122,0.0,793.0
2026,5,FLL,BOS,206,0.0,1237.0
2026,5,FLL,BQN,31,0.0,982.0
2026,5,FLL,BUF,45,0.0,1166.0
2026,5,FLL,BWI,215,1.0,925.0
2026,5,FLL,CAE,2,0.0,545.0
2026,5,FLL,CAK,1,0.0,1026.0
2026,5,FLL,CHA,9,0.0,687.0
2026,5,FLL,CHS,31,0.0,470.0
2026,5,FLL,CID,9,0.0,1273.0
2026,5,FLL,CLE,126,1.0,1062.0
2026,5,FLL,CLT,223,0.0,632.0
2026,5,FLL,CMH,24,0.0,973.0
2026,5,FLL,CVG,94,0.0,932.0
2026,5,FLL,DAL,54,2.0,1108.0
2026,5,FLL,DCA,195,0.0,899.0
2026,5,FLL,DEN,113,0.0,1703.0
2026,5,FLL,DFW,246,6.0,1119.0
2026,5,FLL,DSM,8,0.0,1316.0
2026,5,FLL,DTW,182,1.0,1127.0
2026,5,FLL,EWR,310,1.0,1065.0
2026,5,FLL,FSD,6,0.0,1526.0
2026,5,FLL,FWA,9,0.0,1067.0
2026,5,FLL,GRR,9,0.0,1198.0
2026,5,FLL,GSP,9,0.0,620.0
2026,5,FLL,HOU,62,0.0,957.0
2026,5,FLL,HPN,70,0.0,1097.0
2026,5,FLL,HSV,9,0.0,710.0
2026,5,FLL,HTS,1,0.0,859.0
2026,5,FLL,IAD,81,0.0,901.0
2026,5,FLL,IAH,160,2.0,966.0
2026,5,FLL,IND,56,0.0,1005.0
2026,5,FLL,ISP,31,0.0,1092.0
2026,5,FLL,JFK,304,3.0,1069.0
2026,5,FLL,LAS,62,0.0,2173.0
2026,5,FLL,LAX,178,0.0,2343.0
2026,5,FLL,LCK,9,0.0,961.0
2026,5,FLL,LEX,10,0.0,865.0
2026,5,FLL,LGA,359,1.0,1076.0
2026,5,FLL,MCI,31,0.0,1242.0
2026,5,FLL,MCO,81,0.0,177.0
2026,5,FLL,MDT,10,0.0,993.0
2026,5,FLL,MDW,97,0.0,1167.0
2026,5,FLL,MEM,23,0.0,851.0
2026,5,FLL,MHT,3,0.0,1262.0
2026,5,FLL,MSP,62,0.0,1487.0
2026,5,FLL,MSY,97,0.0,673.0
2026,5,FLL,MYR,1,1.0,529.0
2026,5,FLL,ORD,229,0.0,1182.0
2026,5,FLL,ORF,24,0.0,781.0
2026,5,FLL,ORH,31,0.0,1211.0
2026,5,FLL,PBG,9,0.0,1334.0
2026,5,FLL,PHL,258,1.0,993.0
2026,5,FLL,PHX,28,0.0,1972.0
2026,5,FLL,PIT,65,0.0,994.0
2026,5,FLL,PNS,1,1.0,525.0
2026,5,FLL,PVD,51,0.0,1188.0
2026,5,FLL,RDU,111,0.0,680.0
2026,5,FLL,RFD,9,0.0,1222.0
2026,5,FLL,RIC,54,0.0,806.0
2026,5,FLL,ROC,1,0.0,1183.0
2026,5,FLL,SAN,13,0.0,2269.0
2026,5,FLL,SAT,1,1.0,1145.0
2026,5,FLL,SAV,2,0.0,422.0
2026,5,FLL,SBN,9,0.0,1134.0
2026,5,FLL,SDF,12,0.0,895.0
2026,5,FLL,SEA,62,0.0,2717.0
2026,5,FLL,SFO,93,0.0,2584.0
2026,5,FLL,SJU,174,0.0,1046.0
2026,5,FLL,SLC,31,0.0,2084.0
2026,5,FLL,STL,67,0.0,1057.0
2026,5,FLL,STT,2,0.0,1107.0
2026,5,FLL,SWF,1,0.0,1118.0
2026,5,FLL,SYR,41,1.0,1197.0
2026,5,FLL,TPA,65,0.0,197.0
2026,5,FLL,TTN,9,0.0,1026.0
2026,5,FLL,TYS,39,0.0,709.0
2026,5,FLL,USA,18,0.0,643.0
2026,5,FLL,XNA,8,0.0,1092.0
2026,5,FMN,DEN,31,0.0,289.0
2026,5,FNT,AZA,9,0.0,1650.0
2026,5,FNT,BNA,9,0.0,497.0
2026,5,FNT,JAX,9,0.0,867.0
2026,5,FNT,LAS,9,0.0,1733.0
2026,5,FNT,ORD,178,4.0,223.0
2026,5,FNT,PGD,23,0.0,1111.0
2026,5,FNT,PIE,24,0.0,1040.0
2026,5,FNT,SFB,23,0.0,988.0
2026,5,FNT,SRQ,11,0.0,1075.0
2026,5,FNT,VPS,6,0.0,874.0
2026,5,FOD,DEN,11,0.0,576.0
2026,5,FOD,ORD,45,0.0,324.0
2026,5,FSD,ATL,31,0.0,954.0
2026,5,FSD,AZA,30,0.0,1072.0
2026,5,FSD,BNA,9,0.0,741.0
2026,5,FSD,DEN,169,0.0,483.0
2026,5,FSD,DFW,93,2.0,737.0
2026,5,FSD,FLL,6,0.0,1526.0
2026,5,FSD,LAS,13,0.0,1104.0
2026,5,FSD,MSP,149,0.0,196.0
2026,5,FSD,ORD,154,2.0,462.0
2026,5,FSD,PHX,61,0.0,1081.0
2026,5,FSD,PIE,10,0.0,1334.0
2026,5,FSD,SFB,10,0.0,1334.0
2026,5,FSM,DFW,102,3.0,227.0
2026,5,FWA,AZA,10,0.0,1546.0
2026,5,FWA,CLT,1,0.0,460.0
2026,5,FWA,DFW,93,3.0,859.0
2026,5,FWA,DTW,60,0.0,128.0
2026,5,FWA,FLL,9,0.0,1067.0
2026,5,FWA,LAS,4,0.0,1649.0
2026,5,FWA,MSP,31,0.0,488.0
2026,5,FWA,MYR,4,0.0,610.0
2026,5,FWA,ORD,278,3.0,157.0
2026,5,FWA,PGD,17,0.0,986.0
2026,5,FWA,PIE,15,0.0,912.0
2026,5,FWA,SFB,12,0.0,870.0
2026,5,FWA,SRQ,9,0.0,948.0
2026,5,GCC,DEN,32,0.0,313.0
2026,5,GCK,DFW,62,1.0,404.0
2026,5,GEG,ATL,56,0.0,1969.0
2026,5,GEG,AZA,9,0.0,1034.0
2026,5,GEG,BOI,12,0.0,287.0
2026,5,GEG,DEN,173,0.0,836.0
2026,5,GEG,DFW,42,1.0,1477.0
2026,5,GEG,IAH,2,0.0,1695.0
2026,5,GEG,LAS,70,0.0,806.0
2026,5,GEG,LAX,96,1.0,945.0
2026,5,GEG,MSP,62,1.0,1175.0
2026,5,GEG,OAK,30,0.0,723.0
2026,5,GEG,ORD,62,0.0,1498.0
2026,5,GEG,PDX,69,0.0,279.0
2026,5,GEG,PHX,118,1.0,1020.0
2026,5,GEG,SAN,36,0.0,1027.0
2026,5,GEG,SEA,415,3.0,224.0
2026,5,GEG,SFO,75,1.0,733.0
2026,5,GEG,SJC,17,0.0,742.0
2026,5,GEG,SLC,149,0.0,546.0
2026,5,GEG,SMF,49,0.0,649.0
2026,5,GFK,AZA,2,0.0,1260.0
2026,5,GFK,LAS,1,0.0,1230.0
2026,5,GFK,MSP,114,0.0,284.0
2026,5,GGG,DFW,62,2.0,140.0
2026,5,GJT,DEN,214,1.0,212.0
2026,5,GJT,DFW,93,2.0,772.0
2026,5,GJT,PHX,89,0.0,438.0
2026,5,GJT,SLC,53,0.0,217.0
2026,5,GNV,ATL,149,3.0,300.0
2026,5,GNV,DFW,62,2.0,900.0
2026,5,GNV,MIA,31,0.0,294.0
2026,5,GPT,ATL,118,1.0,352.0
2026,5,GPT,CLT,51,0.0,577.0
2026,5,GPT,DFW,104,3.0,500.0
2026,5,GRB,ATL,31,0.0,774.0
2026,5,GRB,DTW,93,1.0,287.0
2026,5,GRB,MSP,92,0.0,252.0
2026,5,GRB,ORD,217,2.0,173.0
2026,5,GRI,AZA,9,0.0,905.0
2026,5,GRI,DFW,58,3.0,562.0
2026,5,GRI,LAS,9,0.0,971.0
2026,5,GRK,DFW,179,8.0,134.0
2026,5,GRR,ATL,118,0.0,640.0
2026,5,GRR,AUS,9,0.0,1103.0
2026,5,GRR,AZA,12,0.0,1561.0
2026,5,GRR,BNA,14,0.0,470.0
2026,5,GRR,BOS,4,0.0,740.0
2026,5,GRR,BWI,41,0.0,528.0
2026,5,GRR,CLT,93,0.0,583.0
2026,5,GRR,DCA,63,2.0,524.0
2026,5,GRR,DEN,106,0.0,1015.0
2026,5,GRR,DFW,90,3.0,931.0
2026,5,GRR,DTW,186,1.0,120.0
2026,5,GRR,EWR,72,0.0,605.0
2026,5,GRR,FLL,9,0.0,1198.0
2026,5,GRR,IAH,2,0.0,1042.0
2026,5,GRR,JAX,9,0.0,880.0
2026,5,GRR,LAS,18,0.0,1642.0
2026,5,GRR,LGA,62,1.0,618.0
2026,5,GRR,MCO,19,0.0,1024.0
2026,5,GRR,MDW,87,0.0,137.0
2026,5,GRR,MIA,25,0.0,1214.0
2026,5,GRR,MSP,115,0.0,408.0
2026,5,GRR,ORD,421,5.0,137.0
2026,5,GRR,PDX,3,0.0,1833.0
2026,5,GRR,PGD,24,0.0,1118.0
2026,5,GRR,PHL,43,1.0,573.0
2026,5,GRR,PIE,30,0.0,1044.0
2026,5,GRR,SAV,3,0.0,778.0
2026,5,GRR,SFB,28,0.0,1001.0
2026,5,GRR,SNA,4,0.0,1856.0
2026,5,GRR,SRQ,12,0.0,1081.0
2026,5,GRR,VPS,4,0.0,857.0
2026,5,GSO,ATL,248,5.0,306.0
2026,5,GSO,CLT,124,0.0,84.0
2026,5,GSO,DCA,56,1.0,248.0
2026,5,GSO,DFW,93,3.0,999.0
2026,5,GSO,EWR,69,0.0,445.0
2026,5,GSO,LGA,117,1.0,461.0
2026,5,GSO,MIA,43,0.0,710.0
2026,5,GSO,ORD,176,3.0,589.0
2026,5,GSO,PHL,9,0.0,365.0
2026,5,GSO,PIE,9,0.0,587.0
2026,5,GSP,ATL,254,3.0,153.0
2026,5,GSP,BNA,93,0.0,265.0
2026,5,GSP,BWI,62,0.0,426.0
2026,5,GSP,CLT,121,0.0,75.0
2026,5,GSP,DCA,88,1.0,396.0
2026,5,GSP,DEN,31,0.0,1278.0
2026,5,GSP,DFW,105,3.0,862.0
2026,5,GSP,DTW,55,1.0,508.0
2026,5,GSP,EWR,92,1.0,594.0
2026,5,GSP,FLL,9,0.0,620.0
2026,5,GSP,LGA,80,1.0,610.0
2026,5,GSP,MIA,64,0.0,637.0
2026,5,GSP,ORD,184,4.0,577.0
2026,5,GSP,PHL,31,0.0,515.0
2026,5,GSP,PIE,12,0.0,482.0
2026,5,GSP,SFB,12,0.0,426.0
2026,5,GSP,SRQ,9,0.0,517.0
2026,5,GTF,AZA,9,0.0,978.0
2026,5,GTF,DEN,62,2.0,623.0
2026,5,GTF,LAS,9,0.0,810.0
2026,5,GTF,SLC,93,0.0,463.0
2026,5,GTR,DFW,31,3.0,491.0
2026,5,GUC,DEN,73,0.0,152.0
2026,5,GUF,ATW,9,0.0,964.0
2026,5,GUF,BLV,11,0.0,582.0
2026,5,GUF,BNA,9,0.0,406.0
2026,5,GUF,CVG,10,0.0,627.0
2026,5,GUF,DSM,9,0.0,844.0
2026,5,GUF,HSV,4,0.0,304.0
2026,5,GUF,MCI,9,0.0,738.0
2026,5,GUF,OKC,5,1.0,675.0
2026,5,GUF,OMA,4,0.0,888.0
2026,5,GUF,SDF,3,0.0,555.0
2026,5,GUF,SGF,3,0.0,581.0
2026,5,GUF,TYS,4,1.0,436.0
2026,5,GUF,XNA,6,0.0,563.0
2026,5,GUM,HNL,31,1.0,3801.0
2026,5,GUM,SPN,31,0.0,129.0
2026,5,HDN,DEN,104,0.0,141.0
2026,5,HGR,MYR,3,0.0,421.0
2026,5,HGR,PIE,9,0.0,861.0
2026,5,HGR,SFB,9,0.0,780.0
2026,5,HHH,ATL,31,0.0,238.0
2026,5,HHH,BOS,2,0.0,878.0
2026,5,HHH,CLT,136,1.0,206.0
2026,5,HHH,DCA,36,0.0,501.0
2026,5,HHH,EWR,31,0.0,687.0
2026,5,HHH,LGA,31,0.0,701.0
2026,5,HHH,ORD,42,1.0,781.0
2026,5,HHH,PHL,2,0.0,609.0
2026,5,HIB,MSP,56,0.0,174.0
2026,5,HLN,DEN,62,0.0,594.0
2026,5,HLN,SLC,62,0.0,402.0
2026,5,HNL,ANC,31,0.0,2777.0
2026,5,HNL,ATL,31,0.0,4502.0
2026,5,HNL,BUR,18,0.0,2562.0
2026,5,HNL,DEN,62,0.0,3365.0
2026,5,HNL,DFW,62,0.0,3784.0
2026,5,HNL,DTW,31,0.0,4475.0
2026,5,HNL,GUM,31,0.0,3801.0
2026,5,HNL,IAD,5,1.0,4816.0
2026,5,HNL,IAH,31,0.0,3904.0
2026,5,HNL,ITO,542,4.0,216.0
2026,5,HNL,JFK,62,0.0,4983.0
2026,5,HNL,KOA,634,12.0,163.0
2026,5,HNL,LAS,206,1.0,2762.0
2026,5,HNL,LAX,506,5.0,2556.0
2026,5,HNL,LGB,62,0.0,2569.0
2026,5,HNL,LIH,660,20.0,102.0
2026,5,HNL,MSP,31,0.0,3972.0
2026,5,HNL,OAK,62,0.0,2409.0
2026,5,HNL,OGG,818,6.0,101.0
2026,5,HNL,ONT,31,0.0,2603.0
2026,5,HNL,ORD,31,0.0,4243.0
2026,5,HNL,PDX,80,1.0,2603.0
2026,5,HNL,PHX,124,1.0,2917.0
2026,5,HNL,SAN,152,2.0,2614.0
2026,5,HNL,SEA,248,1.0,2677.0
2026,5,HNL,SFO,216,1.0,2398.0
2026,5,HNL,SJC,62,0.0,2417.0
2026,5,HNL,SLC,62,1.0,2994.0
2026,5,HNL,SMF,62,0.0,2462.0
2026,5,HOB,DEN,31,1.0,501.0
2026,5,HOB,IAH,21,0.0,501.0
2026,5,HOU,ABQ,84,1.0,759.0
2026,5,HOU,ATL,242,5.0,696.0
2026,5,HOU,AUS,102,1.0,148.0
2026,5,HOU,AVL,4,0.0,843.0
2026,5,HOU,BHM,44,0.0,570.0
2026,5,HOU,BNA,152,1.0,670.0
2026,5,HOU,BWI,124,0.0,1246.0
2026,5,HOU,CHS,18,0.0,928.0
2026,5,HOU,CMH,31,0.0,1000.0
2026,5,HOU,COS,31,0.0,829.0
2026,5,HOU,CRP,88,0.0,187.0
2026,5,HOU,DAL,350,6.0,239.0
2026,5,HOU,DCA,88,1.0,1218.0
2026,5,HOU,DEN,180,1.0,883.0
2026,5,HOU,DFW,152,10.0,247.0
2026,5,HOU,ECP,41,0.0,570.0
2026,5,HOU,ELP,93,0.0,677.0
2026,5,HOU,FLL,62,0.0,957.0
2026,5,HOU,HRL,88,0.0,277.0
2026,5,HOU,IND,44,0.0,861.0
2026,5,HOU,JAN,62,0.0,359.0
2026,5,HOU,JAX,31,0.0,815.0
2026,5,HOU,LAS,161,0.0,1235.0
2026,5,HOU,LAX,93,0.0,1390.0
2026,5,HOU,LBB,31,0.0,474.0
2026,5,HOU,LGA,119,2.0,1428.0
2026,5,HOU,LGB,31,1.0,1374.0
2026,5,HOU,LIT,5,0.0,393.0
2026,5,HOU,MAF,114,0.0,441.0
2026,5,HOU,MCI,92,1.0,666.0
2026,5,HOU,MCO,183,0.0,849.0
2026,5,HOU,MDW,149,0.0,937.0
2026,5,HOU,MEM,74,0.0,484.0
2026,5,HOU,MIA,31,0.0,955.0
2026,5,HOU,MSY,194,0.0,303.0
2026,5,HOU,OAK,31,0.0,1642.0
2026,5,HOU,OKC,101,0.0,419.0
2026,5,HOU,OMA,31,0.0,804.0
2026,5,HOU,ONT,31,1.0,1345.0
2026,5,HOU,PHX,197,1.0,1020.0
2026,5,HOU,PIT,31,1.0,1131.0
2026,5,HOU,PNS,35,0.0,488.0
2026,5,HOU,PVU,10,0.0,1181.0
2026,5,HOU,RDU,35,0.0,1050.0
2026,5,HOU,SAN,87,1.0,1313.0
2026,5,HOU,SAT,103,0.0,192.0
2026,5,HOU,SAV,18,0.0,853.0
2026,5,HOU,SDF,32,0.0,803.0
2026,5,HOU,SJC,31,0.0,1621.0
2026,5,HOU,SJU,5,0.0,1997.0
2026,5,HOU,SLC,31,0.0,1214.0
2026,5,HOU,SMF,31,0.0,1624.0
2026,5,HOU,STL,132,2.0,687.0
2026,5,HOU,TPA,93,0.0,781.0
2026,5,HOU,TUL,46,0.0,453.0
2026,5,HOU,TYS,3,0.0,782.0
2026,5,HOU,VPS,31,0.0,527.0
2026,5,HPN,ACK,11,0.0,191.0
2026,5,HPN,ATL,54,2.0,781.0
2026,5,HPN,CLT,106,0.0,564.0
2026,5,HPN,DCA,103,5.0,234.0
2026,5,HPN,DTW,7,0.0,505.0
2026,5,HPN,FLL,70,0.0,1097.0
2026,5,HPN,MCO,83,0.0,972.0
2026,5,HPN,MIA,18,0.0,1118.0
2026,5,HPN,ORD,121,3.0,738.0
2026,5,HPN,PBI,131,0.0,1056.0
2026,5,HPN,RSW,48,0.0,1102.0
2026,5,HPN,SJU,29,0.0,1624.0
2026,5,HPN,TPA,29,0.0,1032.0
2026,5,HRL,AUS,57,0.0,273.0
2026,5,HRL,DAL,31,0.0,458.0
2026,5,HRL,DFW,124,6.0,461.0
2026,5,HRL,HOU,88,0.0,277.0
2026,5,HRL,MSP,6,0.0,1310.0
2026,5,HSV,ATL,196,2.0,151.0
2026,5,HSV,CLT,10,0.0,333.0
2026,5,HSV,DCA,112,1.0,613.0
2026,5,HSV,DEN,62,0.0,1048.0
2026,5,HSV,DFW,179,8.0,603.0
2026,5,HSV,DTW,12,0.0,554.0
2026,5,HSV,FLL,9,0.0,710.0
2026,5,HSV,GUF,4,0.0,304.0
2026,5,HSV,MIA,2,0.0,722.0
2026,5,HSV,ORD,61,1.0,510.0
2026,5,HSV,PIE,9,0.0,523.0
2026,5,HSV,SFB,8,0.0,519.0
2026,5,HTS,FLL,1,0.0,859.0
2026,5,HTS,MYR,4,0.0,382.0
2026,5,HTS,PIE,15,0.0,721.0
2026,5,HTS,SFB,12,0.0,665.0
2026,5,HYS,DEN,53,4.0,298.0
2026,5,IAD,ABQ,31,1.0,1628.0
2026,5,IAD,ANC,11,0.0,3356.0
2026,5,IAD,ATL,405,6.0,534.0
2026,5,IAD,AUS,88,0.0,1297.0
2026,5,IAD,AVL,9,0.0,371.0
2026,5,IAD,BDL,95,0.0,325.0
2026,5,IAD,BNA,86,0.0,542.0
2026,5,IAD,BOS,124,1.0,412.0
2026,5,IAD,BTV,47,0.0,441.0
2026,5,IAD,BUF,22,0.0,283.0
2026,5,IAD,BZN,4,0.0,1773.0
2026,5,IAD,CHS,81,0.0,442.0
2026,5,IAD,CKB,25,0.0,150.0
2026,5,IAD,CLE,104,1.0,287.0
2026,5,IAD,CLT,174,1.0,322.0
2026,5,IAD,CMH,68,0.0,299.0
2026,5,IAD,CVG,36,1.0,388.0
2026,5,IAD,DEN,316,0.0,1452.0
2026,5,IAD,DFW,175,3.0,1172.0
2026,5,IAD,DTW,144,2.0,383.0
2026,5,IAD,EWR,135,3.0,212.0
2026,5,IAD,FLL,80,0.0,901.0
2026,5,IAD,HNL,5,0.0,4816.0
2026,5,IAD,IAH,167,1.0,1190.0
2026,5,IAD,IND,92,1.0,476.0
2026,5,IAD,JAX,84,0.0,631.0
2026,5,IAD,JFK,31,1.0,228.0
2026,5,IAD,JST,22,0.0,119.0
2026,5,IAD,LAS,86,0.0,2065.0
2026,5,IAD,LAX,252,1.0,2288.0
2026,5,IAD,LGA,96,3.0,228.0
2026,5,IAD,LYH,31,0.0,147.0
2026,5,IAD,MCI,24,0.0,926.0
2026,5,IAD,MCO,197,0.0,758.0
2026,5,IAD,MGW,31,1.0,140.0
2026,5,IAD,MIA,45,0.0,922.0
2026,5,IAD,MSP,101,0.0,907.0
2026,5,IAD,MSY,70,0.0,955.0
2026,5,IAD,ORD,217,0.0,588.0
2026,5,IAD,ORF,62,0.0,158.0
2026,5,IAD,PBI,20,0.0,859.0
2026,5,IAD,PDX,31,0.0,2327.0
2026,5,IAD,PGD,10,0.0,870.0
2026,5,IAD,PHL,15,0.0,135.0
2026,5,IAD,PHX,96,0.0,1956.0
2026,5,IAD,PIT,88,1.0,182.0
2026,5,IAD,PWM,114,1.0,493.0
2026,5,IAD,RDU,112,0.0,225.0
2026,5,IAD,RIC,20,0.0,100.0
2026,5,IAD,RSW,45,0.0,891.0
2026,5,IAD,SAN,120,0.0,2253.0
2026,5,IAD,SAT,50,0.0,1362.0
2026,5,IAD,SAV,11,0.0,516.0
2026,5,IAD,SCE,20,1.0,132.0
2026,5,IAD,SDF,42,0.0,451.0
2026,5,IAD,SEA,201,0.0,2305.0
2026,5,IAD,SFO,268,0.0,2418.0
2026,5,IAD,SJU,62,0.0,1572.0
2026,5,IAD,SLC,62,0.0,1827.0
2026,5,IAD,SMF,31,1.0,2357.0
2026,5,IAD,SRQ,9,0.0,849.0
2026,5,IAD,STT,33,0.0,1606.0
2026,5,IAD,SYR,36,0.0,295.0
2026,5,IAD,TPA,97,0.0,811.0
2026,5,IAD,TYS,8,0.0,420.0
2026,5,IAG,PGD,14,0.0,1129.0
2026,5,IAG,PIE,9,0.0,1069.0
2026,5,IAG,SFB,6,0.0,996.0
2026,5,IAH,ABI,31,0.0,306.0
2026,5,IAH,ABQ,34,0.0,744.0
2026,5,IAH,AEX,22,0.0,190.0
2026,5,IAH,AMA,3,0.0,518.0
2026,5,IAH,ANC,11,0.0,3266.0
2026,5,IAH,ASE,21,0.0,913.0
2026,5,IAH,ATL,446,2.0,689.0
2026,5,IAH,AUS,228,3.0,140.0
2026,5,IAH,BDL,11,0.0,1507.0
2026,5,IAH,BHM,1,0.0,562.0
2026,5,IAH,BNA,111,0.0,657.0
2026,5,IAH,BOS,178,0.0,1597.0
2026,5,IAH,BTR,9,1.0,253.0
2026,5,IAH,BWI,106,0.0,1235.0
2026,5,IAH,BZN,4,0.0,1385.0
2026,5,IAH,CHA,62,0.0,686.0
2026,5,IAH,CHS,30,0.0,925.0
2026,5,IAH,CLE,70,0.0,1091.0
2026,5,IAH,CLT,215,0.0,912.0
2026,5,IAH,CMH,39,1.0,986.0
2026,5,IAH,COS,20,0.0,809.0
2026,5,IAH,CRP,42,0.0,201.0
2026,5,IAH,CVG,62,1.0,871.0
2026,5,IAH,DCA,289,2.0,1208.0
2026,5,IAH,DEN,412,0.0,861.0
2026,5,IAH,DFW,518,16.0,224.0
2026,5,IAH,DRO,11,0.0,869.0
2026,5,IAH,DSM,31,0.0,802.0
2026,5,IAH,DTW,182,1.0,1075.0
2026,5,IAH,ELP,1,0.0,667.0
2026,5,IAH,EWR,288,3.0,1400.0
2026,5,IAH,FLL,158,0.0,966.0
2026,5,IAH,GEG,2,0.0,1695.0
2026,5,IAH,GRR,1,0.0,1042.0
2026,5,IAH,HNL,31,0.0,3904.0
2026,5,IAH,HOB,20,0.0,501.0
2026,5,IAH,IAD,166,1.0,1190.0
2026,5,IAH,ICT,11,0.0,542.0
2026,5,IAH,IND,62,0.0,844.0
2026,5,IAH,JAC,4,0.0,1265.0
2026,5,IAH,JAN,20,1.0,351.0
2026,5,IAH,JAX,75,0.0,816.0
2026,5,IAH,JFK,53,1.0,1417.0
2026,5,IAH,LAS,263,1.0,1222.0
2026,5,IAH,LAX,422,1.0,1379.0
2026,5,IAH,LGA,347,5.0,1416.0
2026,5,IAH,LIT,84,0.0,374.0
2026,5,IAH,MAF,48,0.0,429.0
2026,5,IAH,MCI,61,0.0,643.0
2026,5,IAH,MCO,274,1.0,854.0
2026,5,IAH,MEI,53,0.0,422.0
2026,5,IAH,MEM,95,0.0,468.0
2026,5,IAH,MFE,76,2.0,316.0
2026,5,IAH,MGM,62,0.0,554.0
2026,5,IAH,MIA,294,0.0,964.0
2026,5,IAH,MKE,48,0.0,984.0
2026,5,IAH,MSP,180,0.0,1034.0
2026,5,IAH,MSY,233,0.0,305.0
2026,5,IAH,OKC,116,1.0,395.0
2026,5,IAH,OMA,73,0.0,781.0
2026,5,IAH,ONT,61,0.0,1334.0
2026,5,IAH,ORD,539,0.0,925.0
2026,5,IAH,ORF,12,0.0,1201.0
2026,5,IAH,PAH,25,0.0,617.0
2026,5,IAH,PBI,48,0.0,956.0
2026,5,IAH,PDX,119,0.0,1825.0
2026,5,IAH,PHL,167,0.0,1325.0
2026,5,IAH,PHX,256,0.0,1009.0
2026,5,IAH,PIB,53,0.0,372.0
2026,5,IAH,PIT,69,0.0,1117.0
2026,5,IAH,PNS,53,0.0,489.0
2026,5,IAH,RAP,2,0.0,1058.0
2026,5,IAH,RDU,76,0.0,1042.0
2026,5,IAH,RIC,11,0.0,1157.0
2026,5,IAH,RNO,2,0.0,1530.0
2026,5,IAH,RSW,79,0.0,861.0
2026,5,IAH,SAN,149,0.0,1303.0
2026,5,IAH,SAT,185,0.0,191.0
2026,5,IAH,SDF,2,0.0,788.0
2026,5,IAH,SEA,183,0.0,1874.0
2026,5,IAH,SFO,307,0.0,1635.0
2026,5,IAH,SHV,92,0.0,192.0
2026,5,IAH,SJC,31,0.0,1608.0
2026,5,IAH,SJU,73,0.0,2007.0
2026,5,IAH,SLC,149,1.0,1195.0
2026,5,IAH,SLN,23,0.0,621.0
2026,5,IAH,SMF,62,0.0,1609.0
2026,5,IAH,SNA,93,0.0,1346.0
2026,5,IAH,STL,29,0.0,667.0
2026,5,IAH,STT,31,0.0,2070.0
2026,5,IAH,TPA,123,0.0,787.0
2026,5,IAH,TUL,82,0.0,429.0
2026,5,IAH,TUS,20,0.0,937.0
2026,5,IAH,VCT,53,1.0,123.0
2026,5,IAH,XNA,26,0.0,438.0
2026,5,ICT,ATL,90,2.0,782.0
2026,5,ICT,AZA,9,0.0,855.0
2026,5,ICT,DCA,31,0.0,1110.0
2026,5,ICT,DEN,210,0.0,420.0
2026,5,ICT,DFW,209,7.0,328.0
2026,5,ICT,IAH,12,0.0,542.0
2026,5,ICT,LAS,40,0.0,986.0
2026,5,ICT,MDW,57,0.0,589.0
2026,5,ICT,MIA,2,0.0,1295.0
2026,5,ICT,MSP,59,0.0,545.0
2026,5,ICT,ORD,187,3.0,588.0
2026,5,ICT,PHX,77,1.0,870.0
2026,5,ICT,PIE,3,0.0,1087.0
2026,5,ICT,SFB,10,0.0,1117.0
2026,5,ICT,VPS,11,0.0,796.0
2026,5,IDA,AZA,12,0.0,705.0
2026,5,IDA,DEN,134,0.0,458.0
2026,5,IDA,DFW,42,2.0,1095.0
2026,5,IDA,LAS,9,0.0,539.0
2026,5,IDA,ORD,13,0.0,1229.0
2026,5,IDA,PDX,22,0.0,539.0
2026,5,IDA,PHX,20,0.0,696.0
2026,5,IDA,SEA,38,0.0,566.0
2026,5,IDA,SLC,118,0.0,189.0
2026,5,IDA,SNA,9,0.0,748.0
2026,5,ILM,ATL,112,1.0,377.0
2026,5,ILM,BOS,67,0.0,672.0
2026,5,ILM,CLT,145,1.0,185.0
2026,5,ILM,DCA,74,1.0,320.0
2026,5,ILM,DEN,2,0.0,1522.0
2026,5,ILM,DFW,62,1.0,1106.0
2026,5,ILM,EWR,62,2.0,488.0
2026,5,ILM,LGA,96,1.0,500.0
2026,5,ILM,MIA,46,0.0,601.0
2026,5,ILM,ORD,69,0.0,760.0
2026,5,ILM,PHL,3,0.0,414.0
2026,5,IMT,DTW,31,0.0,344.0
2026,5,IMT,MSP,31,0.0,257.0
2026,5,IND,ATL,257,4.0,432.0
2026,5,IND,AUS,130,0.0,919.0
2026,5,IND,BNA,62,0.0,249.0
2026,5,IND,BOS,167,1.0,818.0
2026,5,IND,BUR,3,0.0,1805.0
2026,5,IND,BWI,105,0.0,516.0
2026,5,IND,CHS,3,0.0,585.0
2026,5,IND,CLT,172,0.0,427.0
2026,5,IND,DAL,66,0.0,755.0
2026,5,IND,DCA,173,5.0,500.0
2026,5,IND,DEN,216,2.0,976.0
2026,5,IND,DFW,166,5.0,761.0
2026,5,IND,DTW,112,0.0,231.0
2026,5,IND,ECP,5,0.0,646.0
2026,5,IND,EWR,181,2.0,645.0
2026,5,IND,EYW,9,0.0,1078.0
2026,5,IND,FLL,56,0.0,1005.0
2026,5,IND,HOU,44,0.0,861.0
2026,5,IND,IAD,93,1.0,476.0
2026,5,IND,IAH,62,1.0,844.0
2026,5,IND,JAX,10,0.0,687.0
2026,5,IND,JFK,73,0.0,665.0
2026,5,IND,LAS,119,0.0,1590.0
2026,5,IND,LAX,83,0.0,1814.0
2026,5,IND,LGA,219,3.0,660.0
2026,5,IND,MCI,25,1.0,451.0
2026,5,IND,MCO,170,0.0,829.0
2026,5,IND,MDW,62,0.0,162.0
2026,5,IND,MIA,84,0.0,1020.0
2026,5,IND,MSP,118,0.0,503.0
2026,5,IND,ORD,572,11.0,177.0
2026,5,IND,PGD,18,0.0,916.0
2026,5,IND,PHL,160,2.0,588.0
2026,5,IND,PHX,142,0.0,1489.0
2026,5,IND,PIE,16,0.0,840.0
2026,5,IND,RSW,66,0.0,945.0
2026,5,IND,SAN,17,0.0,1782.0
2026,5,IND,SAV,9,0.0,596.0
2026,5,IND,SEA,62,0.0,1866.0
2026,5,IND,SFB,18,0.0,807.0
2026,5,IND,SFO,59,0.0,1943.0
2026,5,IND,SLC,31,0.0,1355.0
2026,5,IND,SRQ,21,0.0,876.0
2026,5,IND,TPA,79,0.0,837.0
2026,5,IND,VPS,9,0.0,637.0
2026,5,INL,MSP,54,0.0,255.0
2026,5,ISP,BWI,114,0.0,220.0
2026,5,ISP,FLL,31,0.0,1092.0
2026,5,ISP,MCO,126,0.0,971.0
2026,5,ISP,MYR,19,0.0,586.0
2026,5,ISP,PBI,83,0.0,1052.0
2026,5,ISP,TPA,20,0.0,1034.0
2026,5,ITO,HNL,542,4.0,216.0
2026,5,ITO,OGG,26,0.0,121.0
2026,5,JAC,CLT,11,0.0,1685.0
2026,5,JAC,DEN,135,0.0,406.0
2026,5,JAC,DFW,56,1.0,1047.0
2026,5,JAC,EWR,11,0.0,1874.0
2026,5,JAC,IAH,4,0.0,1265.0
2026,5,JAC,LAX,28,0.0,784.0
2026,5,JAC,MSP,25,0.0,872.0
2026,5,JAC,ORD,44,2.0,1162.0
2026,5,JAC,SEA,6,0.0,621.0
2026,5,JAC,SFO,20,1.0,737.0
2026,5,JAC,SLC,117,0.0,205.0
2026,5,JAN,ATL,171,1.0,340.0
2026,5,JAN,BNA,31,0.0,327.0
2026,5,JAN,CLT,49,0.0,562.0
2026,5,JAN,DCA,26,2.0,860.0
2026,5,JAN,DFW,182,8.0,408.0
2026,5,JAN,HOU,62,0.0,359.0
2026,5,JAN,IAH,20,1.0,351.0
2026,5,JAN,MIA,5,0.0,742.0
2026,5,JAX,ATL,375,7.0,269.0
2026,5,JAX,AUS,57,0.0,953.0
2026,5,JAX,BLV,9,0.0,723.0
2026,5,JAX,BNA,106,0.0,483.0
2026,5,JAX,BOS,161,0.0,1011.0
2026,5,JAX,BWI,128,1.0,663.0
2026,5,JAX,CAK,18,0.0,719.0
2026,5,JAX,CLT,172,0.0,328.0
2026,5,JAX,CVG,9,0.0,613.0
2026,5,JAX,DAL,31,1.0,906.0
2026,5,JAX,DCA,119,1.0,634.0
2026,5,JAX,DEN,91,0.0,1446.0
2026,5,JAX,DFW,176,10.0,917.0
2026,5,JAX,DTW,62,3.0,813.0
2026,5,JAX,EWR,122,0.0,820.0
2026,5,JAX,FNT,9,0.0,867.0
2026,5,JAX,GRR,9,0.0,880.0
2026,5,JAX,HOU,31,0.0,815.0
2026,5,JAX,IAD,84,0.0,631.0
2026,5,JAX,IAH,76,0.0,816.0
2026,5,JAX,IND,10,0.0,687.0
2026,5,JAX,JFK,120,1.0,829.0
2026,5,JAX,LGA,72,0.0,834.0
2026,5,JAX,MDT,8,0.0,724.0
2026,5,JAX,MDW,31,0.0,848.0
2026,5,JAX,MIA,123,0.0,335.0
2026,5,JAX,MSP,31,0.0,1173.0
2026,5,JAX,ORD,210,1.0,864.0
2026,5,JAX,PHL,151,2.0,742.0
2026,5,JAX,PHX,30,0.0,1785.0
2026,5,JAX,PIT,12,0.0,694.0
2026,5,JAX,SJU,52,0.0,1288.0
2026,5,JAX,STL,41,0.0,753.0
2026,5,JAX,TYS,8,0.0,390.0
2026,5,JFK,ABQ,18,0.0,1826.0
2026,5,JFK,ACK,13,0.0,199.0
2026,5,JFK,ATL,322,2.0,760.0
2026,5,JFK,AUS,208,3.0,1521.0
2026,5,JFK,BDL,31,1.0,106.0
2026,5,JFK,BNA,102,1.0,765.0
2026,5,JFK,BOS,437,8.0,187.0
2026,5,JFK,BQN,32,0.0,1576.0
2026,5,JFK,BUF,104,0.0,301.0
2026,5,JFK,BUR,31,1.0,2465.0
2026,5,JFK,CHS,63,0.0,636.0
2026,5,JFK,CLE,72,0.0,425.0
2026,5,JFK,CLT,180,0.0,542.0
2026,5,JFK,CMH,111,0.0,483.0
2026,5,JFK,CVG,40,0.0,589.0
2026,5,JFK,DAB,31,0.0,891.0
2026,5,JFK,DCA,205,6.0,213.0
2026,5,JFK,DEN,124,2.0,1626.0
2026,5,JFK,DFW,182,2.0,1391.0
2026,5,JFK,DTW,110,2.0,509.0
2026,5,JFK,FLL,303,3.0,1069.0
2026,5,JFK,HNL,62,0.0,4983.0
2026,5,JFK,IAD,31,1.0,228.0
2026,5,JFK,IAH,53,0.0,1417.0
2026,5,JFK,IND,73,1.0,665.0
2026,5,JFK,JAX,120,1.0,829.0
2026,5,JFK,LAS,329,6.0,2248.0
2026,5,JFK,LAX,868,8.0,2475.0
2026,5,JFK,MCO,395,2.0,944.0
2026,5,JFK,MEM,25,1.0,964.0
2026,5,JFK,MIA,400,5.0,1089.0
2026,5,JFK,MSP,87,0.0,1029.0
2026,5,JFK,MSY,92,4.0,1182.0
2026,5,JFK,MVY,11,0.0,173.0
2026,5,JFK,ONT,18,0.0,2429.0
2026,5,JFK,ORD,177,1.0,740.0
2026,5,JFK,ORF,51,1.0,290.0
2026,5,JFK,PBI,161,2.0,1028.0
2026,5,JFK,PDX,87,2.0,2454.0
2026,5,JFK,PHX,269,4.0,2153.0
2026,5,JFK,PIT,149,4.0,340.0
2026,5,JFK,PSP,2,0.0,2378.0
2026,5,JFK,PVD,31,0.0,144.0
2026,5,JFK,PWM,40,1.0,273.0
2026,5,JFK,RDU,164,0.0,427.0
2026,5,JFK,RIC,1,0.0,288.0
2026,5,JFK,ROC,42,1.0,264.0
2026,5,JFK,RSW,91,2.0,1074.0
2026,5,JFK,SAN,208,2.0,2446.0
2026,5,JFK,SAT,31,0.0,1587.0
2026,5,JFK,SAV,42,0.0,717.0
2026,5,JFK,SDF,4,0.0,662.0
2026,5,JFK,SEA,263,6.0,2422.0
2026,5,JFK,SFO,593,3.0,2586.0
2026,5,JFK,SJU,254,1.0,1598.0
2026,5,JFK,SLC,155,0.0,1990.0
2026,5,JFK,SMF,18,0.0,2521.0
2026,5,JFK,SNA,55,0.0,2454.0
2026,5,JFK,SRQ,37,0.0,1041.0
2026,5,JFK,STT,62,0.0,1623.0
2026,5,JFK,SYR,37,0.0,209.0
2026,5,JFK,TPA,180,2.0,1005.0
2026,5,JFK,VPS,23,0.0,1001.0
2026,5,JFK,VRB,25,0.0,972.0
2026,5,JLN,DEN,22,0.0,582.0
2026,5,JLN,ORD,31,0.0,484.0
2026,5,JMS,DEN,53,0.0,573.0
2026,5,JNU,ANC,112,3.0,571.0
2026,5,JNU,KTN,31,0.0,234.0
2026,5,JNU,PSG,31,0.0,123.0
2026,5,JNU,SEA,130,0.0,909.0
2026,5,JNU,SIT,62,0.0,95.0
2026,5,JNU,YAK,31,0.0,199.0
2026,5,JST,IAD,22,0.0,119.0
2026,5,JST,ORD,31,0.0,487.0
2026,5,KOA,DEN,31,0.0,3329.0
2026,5,KOA,HNL,635,11.0,163.0
2026,5,KOA,LAS,31,0.0,2718.0
2026,5,KOA,LAX,135,0.0,2504.0
2026,5,KOA,LIH,31,0.0,263.0
2026,5,KOA,OGG,124,0.0,84.0
2026,5,KOA,PDX,31,0.0,2607.0
2026,5,KOA,PHX,31,0.0,2860.0
2026,5,KOA,SAN,31,0.0,2556.0
2026,5,KOA,SEA,112,0.0,2688.0
2026,5,KOA,SFO,104,2.0,2368.0
2026,5,KOA,SJC,13,0.0,2384.0
2026,5,KOA,SMF,44,0.0,2435.0
2026,5,KTN,JNU,31,0.0,234.0
2026,5,KTN,SEA,112,0.0,680.0
2026,5,KTN,SIT,31,1.0,183.0
2026,5,KTN,WRG,31,0.0,82.0
2026,5,LAF,ORD,49,0.0,119.0
2026,5,LAN,DCA,26,0.0,479.0
2026,5,LAN,DTW,42,0.0,74.0
2026,5,LAN,ORD,62,2.0,179.0
2026,5,LAR,DEN,53,1.0,113.0
2026,5,LAS,ABQ,149,2.0,486.0
2026,5,LAS,AMA,31,0.0,759.0
2026,5,LAS,ANC,40,0.0,2304.0
2026,5,LAS,ATL,407,1.0,1747.0
2026,5,LAS,ATW,12,0.0,1510.0
2026,5,LAS,AUS,249,1.0,1090.0
2026,5,LAS,AVL,9,0.0,1824.0
2026,5,LAS,BHM,31,0.0,1618.0
2026,5,LAS,BIL,9,0.0,754.0
2026,5,LAS,BIS,9,0.0,1048.0
2026,5,LAS,BLI,36,0.0,954.0
2026,5,LAS,BLV,9,0.0,1400.0
2026,5,LAS,BNA,153,2.0,1587.0
2026,5,LAS,BOI,123,0.0,519.0
2026,5,LAS,BOS,158,1.0,2381.0
2026,5,LAS,BUF,31,0.0,1986.0
2026,5,LAS,BUR,296,2.0,223.0
2026,5,LAS,BWI,148,0.0,2106.0
2026,5,LAS,BZN,40,0.0,701.0
2026,5,LAS,CHA,1,0.0,1682.0
2026,5,LAS,CID,9,0.0,1319.0
2026,5,LAS,CLE,92,0.0,1824.0
2026,5,LAS,CLT,193,0.0,1916.0
2026,5,LAS,CMH,87,1.0,1771.0
2026,5,LAS,COS,79,0.0,604.0
2026,5,LAS,CVG,57,1.0,1678.0
2026,5,LAS,DAL,259,4.0,1067.0
2026,5,LAS,DCA,62,0.0,2089.0
2026,5,LAS,DEN,640,6.0,628.0
2026,5,LAS,DFW,455,15.0,1055.0
2026,5,LAS,DSM,51,0.0,1216.0
2026,5,LAS,DTW,216,5.0,1749.0
2026,5,LAS,ELP,121,2.0,584.0
2026,5,LAS,EUG,40,0.0,700.0
2026,5,LAS,EWR,270,1.0,2227.0
2026,5,LAS,FAR,11,0.0,1205.0
2026,5,LAS,FAT,138,2.0,259.0
2026,5,LAS,FCA,8,0.0,846.0
2026,5,LAS,FLL,62,0.0,2173.0
2026,5,LAS,FNT,9,0.0,1733.0
2026,5,LAS,FSD,13,0.0,1104.0
2026,5,LAS,FWA,4,0.0,1649.0
2026,5,LAS,GEG,70,1.0,806.0
2026,5,LAS,GFK,1,0.0,1230.0
2026,5,LAS,GRI,9,0.0,971.0
2026,5,LAS,GRR,18,0.0,1642.0
2026,5,LAS,GTF,9,0.0,810.0
2026,5,LAS,HNL,206,2.0,2762.0
2026,5,LAS,HOU,163,0.0,1235.0
2026,5,LAS,IAD,86,0.0,2065.0
2026,5,LAS,IAH,264,2.0,1222.0
2026,5,LAS,ICT,40,0.0,986.0
2026,5,LAS,IDA,9,0.0,539.0
2026,5,LAS,IND,119,0.0,1590.0
2026,5,LAS,JFK,329,6.0,2248.0
2026,5,LAS,KOA,31,0.0,2718.0
2026,5,LAS,LAX,650,4.0,236.0
2026,5,LAS,LBB,31,0.0,775.0
2026,5,LAS,LEX,9,0.0,1686.0
2026,5,LAS,LGB,159,0.0,231.0
2026,5,LAS,LIH,31,0.0,2817.0
2026,5,LAS,LIT,31,0.0,1294.0
2026,5,LAS,LRD,10,0.0,1092.0
2026,5,LAS,MAF,31,0.0,795.0
2026,5,LAS,MCI,158,0.0,1139.0
2026,5,LAS,MCO,164,0.0,2039.0
2026,5,LAS,MDW,200,1.0,1521.0
2026,5,LAS,MEM,39,0.0,1416.0
2026,5,LAS,MFE,34,0.0,1210.0
2026,5,LAS,MFR,12,0.0,600.0
2026,5,LAS,MIA,126,0.0,2174.0
2026,5,LAS,MKE,92,0.0,1524.0
2026,5,LAS,MLI,9,0.0,1376.0
2026,5,LAS,MOT,8,0.0,1098.0
2026,5,LAS,MRY,8,0.0,375.0
2026,5,LAS,MSO,10,0.0,750.0
2026,5,LAS,MSP,179,3.0,1299.0
2026,5,LAS,MSY,66,0.0,1500.0
2026,5,LAS,OAK,284,3.0,407.0
2026,5,LAS,OGG,62,0.0,2695.0
2026,5,LAS,OKC,109,1.0,986.0
2026,5,LAS,OMA,101,0.0,1099.0
2026,5,LAS,ONT,200,1.0,197.0
2026,5,LAS,ORD,483,0.0,1514.0
2026,5,LAS,PAE,38,0.0,894.0
2026,5,LAS,PDX,237,1.0,763.0
2026,5,LAS,PHL,153,1.0,2177.0
2026,5,LAS,PHX,547,1.0,255.0
2026,5,LAS,PIA,9,0.0,1413.0
2026,5,LAS,PIT,66,0.0,1910.0
2026,5,LAS,PSC,9,0.0,732.0
2026,5,LAS,PSP,79,0.0,173.0
2026,5,LAS,RAP,9,0.0,843.0
2026,5,LAS,RDU,62,0.0,2026.0
2026,5,LAS,RFD,9,0.0,1455.0
2026,5,LAS,RNO,316,3.0,345.0
2026,5,LAS,SAN,404,3.0,258.0
2026,5,LAS,SAT,175,1.0,1069.0
2026,5,LAS,SBA,79,1.0,289.0
2026,5,LAS,SBN,9,0.0,1594.0
2026,5,LAS,SCK,30,0.0,359.0
2026,5,LAS,SDF,32,0.0,1624.0
2026,5,LAS,SEA,496,4.0,867.0
2026,5,LAS,SFB,5,0.0,2034.0
2026,5,LAS,SFO,534,4.0,414.0
2026,5,LAS,SGF,11,0.0,1209.0
2026,5,LAS,SHV,9,0.0,1243.0
2026,5,LAS,SJC,304,1.0,386.0
2026,5,LAS,SLC,315,1.0,368.0
2026,5,LAS,SMF,332,4.0,397.0
2026,5,LAS,SMX,9,0.0,310.0
2026,5,LAS,SNA,305,1.0,226.0
2026,5,LAS,STL,171,0.0,1371.0
2026,5,LAS,STS,62,0.0,454.0
2026,5,LAS,TPA,118,0.0,1984.0
2026,5,LAS,TUL,58,1.0,1076.0
2026,5,LAS,TUS,105,0.0,364.0
2026,5,LAS,TYS,9,0.0,1739.0
2026,5,LAS,VPS,3,0.0,1695.0
2026,5,LAS,XNA,9,0.0,1163.0
2026,5,LAW,DFW,93,3.0,140.0
2026,5,LAX,ABQ,207,0.0,677.0
2026,5,LAX,ACV,41,0.0,577.0
2026,5,LAX,ANC,31,0.0,2345.0
2026,5,LAX,ASE,21,0.0,737.0
2026,5,LAX,ATL,427,3.0,1947.0
2026,5,LAX,AUS,381,3.0,1242.0
2026,5,LAX,BNA,216,0.0,1798.0
2026,5,LAX,BOI,139,0.0,674.0
2026,5,LAX,BOS,400,0.0,2611.0
2026,5,LAX,BUF,11,0.0,2218.0
2026,5,LAX,BWI,143,0.0,2329.0
2026,5,LAX,BZN,31,0.0,902.0
2026,5,LAX,CLE,86,0.0,2052.0
2026,5,LAX,CLT,197,1.0,2125.0
2026,5,LAX,CMH,61,1.0,1995.0
2026,5,LAX,CVG,31,1.0,1900.0
2026,5,LAX,DAL,131,3.0,1246.0
2026,5,LAX,DCA,124,3.0,2311.0
2026,5,LAX,DEN,687,0.0,862.0
2026,5,LAX,DFW,529,16.0,1235.0
2026,5,LAX,DSM,31,0.0,1447.0
2026,5,LAX,DTW,187,3.0,1979.0
2026,5,LAX,ELP,116,0.0,715.0
2026,5,LAX,EUG,42,0.0,748.0
2026,5,LAX,EWR,339,1.0,2454.0
2026,5,LAX,FAT,70,0.0,209.0
2026,5,LAX,FCA,11,0.0,1015.0
2026,5,LAX,FLL,178,0.0,2343.0
2026,5,LAX,GEG,95,0.0,945.0
2026,5,LAX,HNL,505,3.0,2556.0
2026,5,LAX,HOU,93,0.0,1390.0
2026,5,LAX,IAD,252,0.0,2288.0
2026,5,LAX,IAH,422,0.0,1379.0
2026,5,LAX,IND,83,0.0,1814.0
2026,5,LAX,JAC,28,1.0,784.0
2026,5,LAX,JFK,870,8.0,2475.0
2026,5,LAX,KOA,135,0.0,2504.0
2026,5,LAX,LAS,649,2.0,236.0
2026,5,LAX,LIH,137,0.0,2615.0
2026,5,LAX,MCI,135,3.0,1363.0
2026,5,LAX,MCO,317,1.0,2218.0
2026,5,LAX,MDW,106,0.0,1751.0
2026,5,LAX,MEM,21,0.0,1619.0
2026,5,LAX,MFR,29,0.0,630.0
2026,5,LAX,MIA,302,2.0,2342.0
2026,5,LAX,MRY,62,0.0,266.0
2026,5,LAX,MSO,20,0.0,923.0
2026,5,LAX,MSP,186,2.0,1535.0
2026,5,LAX,MSY,107,0.0,1671.0
2026,5,LAX,MTJ,2,0.0,666.0
2026,5,LAX,OAK,176,1.0,337.0
2026,5,LAX,OGG,218,0.0,2485.0
2026,5,LAX,OKC,60,0.0,1187.0
2026,5,LAX,OMA,44,0.0,1330.0
2026,5,LAX,ORD,601,4.0,1744.0
2026,5,LAX,PDX,379,1.0,833.0
2026,5,LAX,PHL,224,0.0,2402.0
2026,5,LAX,PHX,643,0.0,370.0
2026,5,LAX,PIT,57,0.0,2136.0
2026,5,LAX,PRC,31,0.0,346.0
2026,5,LAX,PSC,31,0.0,851.0
2026,5,LAX,PSP,31,0.0,110.0
2026,5,LAX,RDD,31,0.0,501.0
2026,5,LAX,RDM,38,0.0,726.0
2026,5,LAX,RDU,70,0.0,2239.0
2026,5,LAX,RNO,216,0.0,390.0
2026,5,LAX,SAF,31,0.0,710.0
2026,5,LAX,SAN,224,0.0,109.0
2026,5,LAX,SAT,149,3.0,1211.0
2026,5,LAX,SBA,61,0.0,89.0
2026,5,LAX,SBP,62,0.0,155.0
2026,5,LAX,SDF,3,0.0,1843.0
2026,5,LAX,SEA,679,3.0,954.0
2026,5,LAX,SFO,1028,14.0,337.0
2026,5,LAX,SGU,18,0.0,349.0
2026,5,LAX,SJC,382,3.0,308.0
2026,5,LAX,SLC,328,0.0,590.0
2026,5,LAX,SMF,525,0.0,373.0
2026,5,LAX,STL,75,0.0,1592.0
2026,5,LAX,STS,59,0.0,399.0
2026,5,LAX,SUN,4,0.0,696.0
2026,5,LAX,TPA,107,2.0,2158.0
2026,5,LAX,TUL,31,0.0,1283.0
2026,5,LAX,TUS,234,0.0,451.0
2026,5,LAX,XNA,43,0.0,1371.0
2026,5,LBB,AUS,26,0.0,341.0
2026,5,LBB,DAL,119,0.0,293.0
2026,5,LBB,DEN,87,0.0,456.0
2026,5,LBB,DFW,207,7.0,282.0
2026,5,LBB,HOU,31,0.0,474.0
2026,5,LBB,LAS,31,0.0,775.0
2026,5,LBB,PHX,31,0.0,588.0
2026,5,LBE,MYR,1,0.0,455.0
2026,5,LBF,DEN,54,0.0,227.0
2026,5,LBL,DEN,53,1.0,280.0
2026,5,LCH,DFW,93,4.0,295.0
2026,5,LCK,EYW,4,0.0,1054.0
2026,5,LCK,FLL,9,0.0,961.0
2026,5,LCK,MYR,15,0.0,478.0
2026,5,LCK,PGD,12,0.0,890.0
2026,5,LCK,PIE,15,0.0,821.0
2026,5,LCK,SAV,12,0.0,539.0
2026,5,LCK,SFB,13,0.0,767.0
2026,5,LCK,SRQ,9,0.0,856.0
2026,5,LCK,VPS,13,0.0,675.0
2026,5,LEX,ATL,210,5.0,304.0
2026,5,LEX,CLT,150,1.0,281.0
2026,5,LEX,DCA,26,0.0,414.0
2026,5,LEX,DEN,31,0.0,1086.0
2026,5,LEX,DFW,103,2.0,785.0
2026,5,LEX,DTW,62,0.0,296.0
2026,5,LEX,FLL,10,0.0,865.0
2026,5,LEX,LAS,9,0.0,1686.0
2026,5,LEX,LGA,5,0.0,604.0
2026,5,LEX,ORD,134,5.0,323.0
2026,5,LEX,PGD,11,0.0,781.0
2026,5,LEX,PHL,59,2.0,520.0
2026,5,LEX,PIE,15,0.0,707.0
2026,5,LEX,SFB,19,0.0,667.0
2026,5,LEX,SRQ,9,0.0,743.0
2026,5,LFT,CLT,31,0.0,729.0
2026,5,LFT,DFW,153,9.0,351.0
2026,5,LGA,ACK,22,0.0,202.0
2026,5,LGA,ATL,677,10.0,762.0
2026,5,LGA,AVL,38,0.0,599.0
2026,5,LGA,BGR,19,0.0,378.0
2026,5,LGA,BNA,283,5.0,764.0
2026,5,LGA,BOS,667,11.0,184.0
2026,5,LGA,BUF,154,4.0,292.0
2026,5,LGA,CAE,57,0.0,617.0
2026,5,LGA,CHO,31,1.0,305.0
2026,5,LGA,CHS,116,2.0,641.0
2026,5,LGA,CLE,184,7.0,419.0
2026,5,LGA,CLT,327,7.0,544.0
2026,5,LGA,CMH,251,5.0,479.0
2026,5,LGA,DAL,145,2.0,1381.0
2026,5,LGA,DCA,424,8.0,214.0
2026,5,LGA,DEN,397,7.0,1620.0
2026,5,LGA,DFW,549,20.0,1389.0
2026,5,LGA,DSM,22,0.0,1031.0
2026,5,LGA,DTW,270,5.0,502.0
2026,5,LGA,EYW,40,0.0,1207.0
2026,5,LGA,FLL,359,0.0,1076.0
2026,5,LGA,GRR,63,0.0,618.0
2026,5,LGA,GSO,116,1.0,461.0
2026,5,LGA,GSP,80,0.0,610.0
2026,5,LGA,HHH,31,0.0,701.0
2026,5,LGA,HOU,119,1.0,1428.0
2026,5,LGA,IAD,96,3.0,228.0
2026,5,LGA,IAH,347,5.0,1416.0
2026,5,LGA,ILM,96,1.0,500.0
2026,5,LGA,IND,220,6.0,660.0
2026,5,LGA,JAX,72,0.0,834.0
2026,5,LGA,LEX,5,0.0,604.0
2026,5,LGA,LIT,26,0.0,1085.0
2026,5,LGA,MCI,168,4.0,1107.0
2026,5,LGA,MCO,371,7.0,950.0
2026,5,LGA,MDW,202,9.0,725.0
2026,5,LGA,MEM,136,2.0,963.0
2026,5,LGA,MIA,457,8.0,1096.0
2026,5,LGA,MKE,82,3.0,738.0
2026,5,LGA,MSN,68,3.0,812.0
2026,5,LGA,MSP,177,0.0,1020.0
2026,5,LGA,MSY,124,4.0,1183.0
2026,5,LGA,MVY,22,0.0,175.0
2026,5,LGA,MYR,45,0.0,563.0
2026,5,LGA,OKC,51,2.0,1341.0
2026,5,LGA,OMA,30,1.0,1148.0
2026,5,LGA,ORD,997,17.0,733.0
2026,5,LGA,ORF,104,2.0,296.0
2026,5,LGA,PBI,285,5.0,1035.0
2026,5,LGA,PIT,259,4.0,335.0
2026,5,LGA,PWM,130,1.0,269.0
2026,5,LGA,RDU,207,3.0,431.0
2026,5,LGA,RIC,210,5.0,291.0
2026,5,LGA,ROA,31,0.0,405.0
2026,5,LGA,RSW,82,1.0,1080.0
2026,5,LGA,SAV,87,1.0,722.0
2026,5,LGA,SDF,115,2.0,659.0
2026,5,LGA,SRQ,48,1.0,1047.0
2026,5,LGA,STL,233,4.0,888.0
2026,5,LGA,SYR,16,0.0,198.0
2026,5,LGA,TPA,204,6.0,1010.0
2026,5,LGA,TUL,54,1.0,1231.0
2026,5,LGA,XNA,77,1.0,1147.0
2026,5,LGB,AUS,31,0.0,1226.0
2026,5,LGB,BNA,31,0.0,1785.0
2026,5,LGB,DAL,35,0.0,1232.0
2026,5,LGB,DEN,93,0.0,854.0
2026,5,LGB,HNL,62,0.0,2569.0
2026,5,LGB,HOU,31,0.0,1374.0
2026,5,LGB,LAS,159,1.0,231.0
2026,5,LGB,MDW,25,0.0,1741.0
2026,5,LGB,OAK,118,0.0,353.0
2026,5,LGB,OGG,31,0.0,2498.0
2026,5,LGB,PHX,122,0.0,355.0
2026,5,LGB,RNO,48,0.0,402.0
2026,5,LGB,SJC,118,0.0,324.0
2026,5,LGB,SLC,136,0.0,588.0
2026,5,LGB,SMF,144,0.0,387.0
2026,5,LIH,DEN,31,0.0,3414.0
2026,5,LIH,HNL,660,20.0,102.0
2026,5,LIH,KOA,31,0.0,263.0
2026,5,LIH,LAS,31,0.0,2817.0
2026,5,LIH,LAX,137,0.0,2615.0
2026,5,LIH,OAK,62,0.0,2456.0
2026,5,LIH,OGG,124,0.0,202.0
2026,5,LIH,PDX,31,0.0,2630.0
2026,5,LIH,PHX,31,0.0,2979.0
2026,5,LIH,SAN,31,0.0,2676.0
2026,5,LIH,SEA,93,1.0,2700.0
2026,5,LIH,SFO,74,0.0,2446.0
2026,5,LIH,SJC,18,0.0,2465.0
2026,5,LIH,SMF,18,0.0,2508.0
2026,5,LIT,ATL,203,3.0,453.0
2026,5,LIT,BNA,62,0.0,327.0
2026,5,LIT,CLT,125,1.0,640.0
2026,5,LIT,DAL,88,1.0,296.0
2026,5,LIT,DCA,32,0.0,888.0
2026,5,LIT,DEN,135,0.0,771.0
2026,5,LIT,DFW,221,6.0,304.0
2026,5,LIT,HOU,5,0.0,393.0
2026,5,LIT,IAH,83,0.0,374.0
2026,5,LIT,LAS,31,0.0,1294.0
2026,5,LIT,LGA,26,0.0,1085.0
2026,5,LIT,MIA,5,0.0,941.0
2026,5,LIT,ORD,127,1.0,552.0
2026,5,LIT,PHX,31,0.0,1136.0
2026,5,LIT,PIE,3,0.0,734.0
2026,5,LIT,SFB,4,0.0,765.0
2026,5,LIT,SLC,31,0.0,1156.0
2026,5,LIT,VPS,3,0.0,443.0
2026,5,LNK,DEN,132,0.0,423.0
2026,5,LNK,ORD,151,3.0,466.0
2026,5,LRD,DFW,152,7.0,396.0
2026,5,LRD,LAS,10,0.0,1092.0
2026,5,LSE,AZA,9,0.0,1318.0
2026,5,LSE,ORD,93,1.0,215.0
2026,5,LSE,SFB,4,0.0,1180.0
2026,5,LWB,CLT,31,0.0,185.0
2026,5,LWB,ORD,31,0.0,489.0
2026,5,LWS,SEA,31,0.0,262.0
2026,5,LWS,SLC,31,0.0,461.0
2026,5,LYH,IAD,31,1.0,147.0
2026,5,LYH,ORD,31,0.0,564.0
2026,5,MAF,AUS,25,0.0,294.0
2026,5,MAF,DAL,109,1.0,319.0
2026,5,MAF,DEN,143,0.0,563.0
2026,5,MAF,DFW,246,11.0,309.0
2026,5,MAF,HOU,114,0.0,441.0
2026,5,MAF,IAH,48,1.0,429.0
2026,5,MAF,LAS,31,0.0,795.0
2026,5,MAF,PHX,31,0.0,581.0
2026,5,MBS,DTW,68,0.0,98.0
2026,5,MBS,ORD,93,0.0,222.0
2026,5,MCI,ATL,285,3.0,692.0
2026,5,MCI,AUS,80,0.0,650.0
2026,5,MCI,BNA,119,0.0,491.0
2026,5,MCI,BOS,57,0.0,1256.0
2026,5,MCI,BWI,68,0.0,966.0
2026,5,MCI,CLT,104,0.0,808.0
2026,5,MCI,DAL,179,2.0,461.0
2026,5,MCI,DCA,165,2.0,949.0
2026,5,MCI,DEN,381,2.0,533.0
2026,5,MCI,DFW,218,10.0,460.0
2026,5,MCI,DTW,117,4.0,629.0
2026,5,MCI,ECP,15,0.0,797.0
2026,5,MCI,EWR,62,0.0,1092.0
2026,5,MCI,FLL,31,0.0,1242.0
2026,5,MCI,GUF,9,1.0,738.0
2026,5,MCI,HOU,92,0.0,666.0
2026,5,MCI,IAD,22,0.0,926.0
2026,5,MCI,IAH,62,0.0,643.0
2026,5,MCI,IND,25,0.0,451.0
2026,5,MCI,LAS,157,2.0,1139.0
2026,5,MCI,LAX,135,4.0,1363.0
2026,5,MCI,LGA,168,4.0,1107.0
2026,5,MCI,MCO,106,2.0,1072.0
2026,5,MCI,MDW,177,0.0,404.0
2026,5,MCI,MIA,86,0.0,1251.0
2026,5,MCI,MKE,25,0.0,436.0
2026,5,MCI,MSP,102,2.0,393.0
2026,5,MCI,MSY,35,0.0,690.0
2026,5,MCI,ORD,413,5.0,403.0
2026,5,MCI,PDX,31,0.0,1482.0
2026,5,MCI,PGD,9,0.0,1125.0
2026,5,MCI,PHL,93,1.0,1038.0
2026,5,MCI,PHX,204,1.0,1044.0
2026,5,MCI,PIE,9,0.0,1045.0
2026,5,MCI,PNS,31,0.0,743.0
2026,5,MCI,RDU,4,0.0,904.0
2026,5,MCI,RSW,10,0.0,1155.0
2026,5,MCI,SAN,31,0.0,1334.0
2026,5,MCI,SAT,30,0.0,706.0
2026,5,MCI,SDF,1,0.0,491.0
2026,5,MCI,SEA,109,1.0,1490.0
2026,5,MCI,SFO,31,0.0,1499.0
2026,5,MCI,SLC,87,1.0,920.0
2026,5,MCI,SRQ,5,0.0,1078.0
2026,5,MCI,STL,88,1.0,237.0
2026,5,MCI,TPA,67,0.0,1048.0
2026,5,MCI,VPS,19,0.0,764.0
2026,5,MCO,ABE,9,0.0,906.0
2026,5,MCO,ACY,2,1.0,852.0
2026,5,MCO,ALB,97,0.0,1073.0
2026,5,MCO,ATL,723,6.0,404.0
2026,5,MCO,ATW,9,0.0,1162.0
2026,5,MCO,AUS,238,4.0,994.0
2026,5,MCO,AVL,10,0.0,488.0
2026,5,MCO,BDL,143,2.0,1050.0
2026,5,MCO,BHM,93,0.0,479.0
2026,5,MCO,BNA,261,0.0,616.0
2026,5,MCO,BOS,344,1.0,1121.0
2026,5,MCO,BQN,95,0.0,1129.0
2026,5,MCO,BUF,153,2.0,1011.0
2026,5,MCO,BWI,369,3.0,787.0
2026,5,MCO,CLE,210,0.0,895.0
2026,5,MCO,CLT,395,0.0,468.0
2026,5,MCO,CMH,153,3.0,802.0
2026,5,MCO,CVG,150,0.0,757.0
2026,5,MCO,DAL,238,5.0,973.0
2026,5,MCO,DCA,395,3.0,759.0
2026,5,MCO,DEN,351,2.0,1547.0
2026,5,MCO,DFW,426,12.0,985.0
2026,5,MCO,DTW,224,1.0,957.0
2026,5,MCO,EWR,485,1.0,937.0
2026,5,MCO,FLL,81,1.0,177.0
2026,5,MCO,GRR,19,0.0,1024.0
2026,5,MCO,HOU,183,1.0,849.0
2026,5,MCO,HPN,83,0.0,972.0
2026,5,MCO,IAD,197,0.0,758.0
2026,5,MCO,IAH,275,2.0,854.0
2026,5,MCO,IND,169,1.0,829.0
2026,5,MCO,ISP,126,1.0,971.0
2026,5,MCO,JFK,399,2.0,944.0
2026,5,MCO,LAS,164,0.0,2039.0
2026,5,MCO,LAX,317,1.0,2218.0
2026,5,MCO,LGA,371,7.0,950.0
2026,5,MCO,MCI,107,2.0,1072.0
2026,5,MCO,MDW,200,1.0,990.0
2026,5,MCO,MEM,42,0.0,684.0
2026,5,MCO,MHT,97,0.0,1142.0
2026,5,MCO,MIA,301,1.0,192.0
2026,5,MCO,MKE,108,0.0,1066.0
2026,5,MCO,MSP,165,3.0,1310.0
2026,5,MCO,MSY,178,2.0,551.0
2026,5,MCO,OKC,31,1.0,1069.0
2026,5,MCO,OMA,31,1.0,1211.0
2026,5,MCO,ORD,503,3.0,1005.0
2026,5,MCO,ORF,53,2.0,655.0
2026,5,MCO,ORH,31,0.0,1091.0
2026,5,MCO,PBI,57,0.0,141.0
2026,5,MCO,PDX,31,0.0,2535.0
2026,5,MCO,PHL,449,1.0,862.0
2026,5,MCO,PHX,156,0.0,1849.0
2026,5,MCO,PIT,164,1.0,834.0
2026,5,MCO,PNS,6,0.0,381.0
2026,5,MCO,PSE,61,0.0,1178.0
2026,5,MCO,PVD,173,0.0,1072.0
2026,5,MCO,RDU,229,1.0,534.0
2026,5,MCO,RIC,78,0.0,667.0
2026,5,MCO,ROC,53,0.0,1033.0
2026,5,MCO,RSW,57,0.0,133.0
2026,5,MCO,SAN,116,0.0,2149.0
2026,5,MCO,SAT,63,0.0,1041.0
2026,5,MCO,SDF,62,1.0,719.0
2026,5,MCO,SEA,155,2.0,2554.0
2026,5,MCO,SFO,117,0.0,2446.0
2026,5,MCO,SJU,476,1.0,1188.0
2026,5,MCO,SLC,136,1.0,1931.0
2026,5,MCO,SMF,31,1.0,2408.0
2026,5,MCO,SRQ,57,0.0,104.0
2026,5,MCO,STL,216,4.0,882.0
2026,5,MCO,STT,32,0.0,1246.0
2026,5,MCO,SYR,58,0.0,1053.0
2026,5,MCO,TTN,53,0.0,896.0
2026,5,MCO,TUL,28,0.0,1006.0
2026,5,MCO,TYS,40,0.0,532.0
2026,5,MCW,ORD,53,2.0,288.0
2026,5,MDT,ATL,87,4.0,620.0
2026,5,MDT,BNA,9,0.0,608.0
2026,5,MDT,BOS,31,0.0,335.0
2026,5,MDT,CLT,55,0.0,413.0
2026,5,MDT,DFW,31,1.0,1231.0
2026,5,MDT,DTW,52,0.0,371.0
2026,5,MDT,FLL,10,0.0,993.0
2026,5,MDT,JAX,8,0.0,724.0
2026,5,MDT,MYR,9,0.0,465.0
2026,5,MDT,ORD,213,6.0,594.0
2026,5,MDT,PGD,10,0.0,963.0
2026,5,MDT,PIE,13,0.0,912.0
2026,5,MDT,SFB,23,0.0,827.0
2026,5,MDT,SRQ,9,0.0,942.0
2026,5,MDW,ABQ,31,0.0,1121.0
2026,5,MDW,ALB,56,0.0,717.0
2026,5,MDW,ATL,298,1.0,591.0
2026,5,MDW,AUS,131,0.0,972.0
2026,5,MDW,AVL,3,0.0,521.0
2026,5,MDW,BDL,78,0.0,776.0
2026,5,MDW,BHM,35,0.0,570.0
2026,5,MDW,BNA,172,0.0,395.0
2026,5,MDW,BOS,123,0.0,861.0
2026,5,MDW,BUF,82,0.0,468.0
2026,5,MDW,BUR,31,0.0,1740.0
2026,5,MDW,BWI,140,0.0,611.0
2026,5,MDW,CHS,36,0.0,745.0
2026,5,MDW,CLE,87,0.0,307.0
2026,5,MDW,CLT,62,0.0,584.0
2026,5,MDW,CMH,92,0.0,283.0
2026,5,MDW,CVG,61,0.0,249.0
2026,5,MDW,DAL,176,3.0,793.0
2026,5,MDW,DCA,176,0.0,601.0
2026,5,MDW,DEN,163,1.0,895.0
2026,5,MDW,DFW,30,1.0,797.0
2026,5,MDW,DSM,57,0.0,306.0
2026,5,MDW,DTW,87,0.0,228.0
2026,5,MDW,ECP,23,0.0,795.0
2026,5,MDW,EWR,4,0.0,711.0
2026,5,MDW,FLL,97,0.0,1167.0
2026,5,MDW,GRR,87,0.0,137.0
2026,5,MDW,HOU,150,0.0,937.0
2026,5,MDW,ICT,57,0.0,589.0
2026,5,MDW,IND,62,2.0,162.0
2026,5,MDW,JAX,31,0.0,848.0
2026,5,MDW,LAS,202,0.0,1521.0
2026,5,MDW,LAX,106,0.0,1751.0
2026,5,MDW,LGA,202,5.0,725.0
2026,5,MDW,LGB,25,0.0,1741.0
2026,5,MDW,MCI,176,0.0,404.0
2026,5,MDW,MCO,199,1.0,990.0
2026,5,MDW,MEM,62,0.0,480.0
2026,5,MDW,MHT,49,0.0,838.0
2026,5,MDW,MIA,53,0.0,1182.0
2026,5,MDW,MKE,62,1.0,80.0
2026,5,MDW,MSP,149,1.0,349.0
2026,5,MDW,MSY,92,0.0,825.0
2026,5,MDW,MYR,10,0.0,738.0
2026,5,MDW,OAK,52,0.0,1844.0
2026,5,MDW,OKC,62,1.0,691.0
2026,5,MDW,OMA,106,0.0,423.0
2026,5,MDW,ONT,31,0.0,1706.0
2026,5,MDW,ORF,31,0.0,704.0
2026,5,MDW,PDX,61,1.0,1751.0
2026,5,MDW,PGD,9,0.0,1076.0
2026,5,MDW,PHL,119,0.0,668.0
2026,5,MDW,PHX,235,2.0,1444.0
2026,5,MDW,PIT,87,0.0,402.0
2026,5,MDW,PNS,10,0.0,781.0
2026,5,MDW,PVD,77,0.0,842.0
2026,5,MDW,PVU,4,0.0,1254.0
2026,5,MDW,RDU,80,0.0,632.0
2026,5,MDW,RIC,31,0.0,629.0
2026,5,MDW,ROC,57,0.0,523.0
2026,5,MDW,RSW,92,0.0,1105.0
2026,5,MDW,SAN,105,1.0,1728.0
2026,5,MDW,SAT,62,0.0,1036.0
2026,5,MDW,SAV,36,0.0,758.0
2026,5,MDW,SDF,86,0.0,271.0
2026,5,MDW,SEA,62,0.0,1733.0
2026,5,MDW,SFO,62,0.0,1855.0
2026,5,MDW,SJC,57,0.0,1838.0
2026,5,MDW,SJU,5,0.0,2057.0
2026,5,MDW,SLC,56,0.0,1259.0
2026,5,MDW,SMF,62,0.0,1790.0
2026,5,MDW,SRQ,44,0.0,1035.0
2026,5,MDW,STL,156,1.0,251.0
2026,5,MDW,TPA,124,0.0,997.0
2026,5,MDW,TUL,61,0.0,583.0
2026,5,MDW,TUS,30,0.0,1440.0
2026,5,MDW,TYS,4,0.0,459.0
2026,5,MDW,VPS,8,0.0,782.0
2026,5,MEI,IAH,53,0.0,422.0
2026,5,MEM,ATL,330,6.0,332.0
2026,5,MEM,AUS,31,0.0,559.0
2026,5,MEM,BNA,61,0.0,200.0
2026,5,MEM,BOS,31,0.0,1139.0
2026,5,MEM,BWI,23,0.0,787.0
2026,5,MEM,CLT,143,0.0,511.0
2026,5,MEM,DAL,45,0.0,423.0
2026,5,MEM,DCA,89,1.0,762.0
2026,5,MEM,DEN,129,1.0,872.0
2026,5,MEM,DFW,207,9.0,431.0
2026,5,MEM,DTW,81,2.0,610.0
2026,5,MEM,EWR,59,1.0,946.0
2026,5,MEM,FLL,23,0.0,851.0
2026,5,MEM,HOU,74,0.0,484.0
2026,5,MEM,IAH,95,0.0,468.0
2026,5,MEM,JFK,25,0.0,964.0
2026,5,MEM,LAS,39,0.0,1416.0
2026,5,MEM,LAX,21,0.0,1619.0
2026,5,MEM,LGA,135,1.0,963.0
2026,5,MEM,MCO,42,0.0,684.0
2026,5,MEM,MDW,62,0.0,480.0
2026,5,MEM,MIA,42,0.0,859.0
2026,5,MEM,MSP,87,0.0,700.0
2026,5,MEM,ORD,204,2.0,491.0
2026,5,MEM,PHL,69,1.0,875.0
2026,5,MEM,PHX,31,0.0,1264.0
2026,5,MEM,PIE,9,0.0,653.0
2026,5,MEM,SFB,10,0.0,671.0
2026,5,MEM,SLC,31,0.0,1262.0
2026,5,MFE,AUS,87,1.0,279.0
2026,5,MFE,DFW,214,7.0,469.0
2026,5,MFE,IAH,76,2.0,316.0
2026,5,MFE,LAS,34,0.0,1210.0
2026,5,MFE,SFB,11,0.0,1059.0
2026,5,MFR,DEN,62,0.0,964.0
2026,5,MFR,LAS,12,0.0,600.0
2026,5,MFR,LAX,30,0.0,630.0
2026,5,MFR,PDX,53,1.0,222.0
2026,5,MFR,PHX,58,1.0,855.0
2026,5,MFR,SAN,30,0.0,734.0
2026,5,MFR,SEA,131,0.0,352.0
2026,5,MFR,SFO,84,1.0,329.0
2026,5,MFR,SLC,62,0.0,575.0
2026,5,MFR,SNA,8,0.0,659.0
2026,5,MGM,DCA,24,0.0,693.0
2026,5,MGM,DFW,92,3.0,622.0
2026,5,MGM,IAH,62,0.0,554.0
2026,5,MGW,IAD,31,0.0,140.0
2026,5,MGW,ORD,22,3.0,449.0
2026,5,MHK,DFW,93,4.0,431.0
2026,5,MHK,ORD,62,1.0,501.0
2026,5,MHT,BWI,153,0.0,377.0
2026,5,MHT,CLT,92,0.0,738.0
2026,5,MHT,DCA,88,4.0,406.0
2026,5,MHT,FLL,3,0.0,1262.0
2026,5,MHT,MCO,98,0.0,1142.0
2026,5,MHT,MDW,49,0.0,838.0
2026,5,MHT,ORD,93,1.0,843.0
2026,5,MHT,RSW,1,0.0,1271.0
2026,5,MHT,TPA,5,0.0,1204.0
2026,5,MIA,ATL,552,3.0,594.0
2026,5,MIA,AUS,213,0.0,1103.0
2026,5,MIA,AVL,31,0.0,677.0
2026,5,MIA,BDL,51,0.0,1194.0
2026,5,MIA,BHM,34,0.0,661.0
2026,5,MIA,BNA,226,0.0,806.0
2026,5,MIA,BOS,280,1.0,1258.0
2026,5,MIA,BWI,204,0.0,946.0
2026,5,MIA,CAE,2,0.0,563.0
2026,5,MIA,CHA,5,0.0,701.0
2026,5,MIA,CHS,84,0.0,489.0
2026,5,MIA,CLE,70,0.0,1080.0
2026,5,MIA,CLT,294,0.0,650.0
2026,5,MIA,CMH,96,0.0,990.0
2026,5,MIA,CVG,72,0.0,948.0
2026,5,MIA,DAL,41,1.0,1109.0
2026,5,MIA,DCA,339,2.0,919.0
2026,5,MIA,DEN,180,0.0,1709.0
2026,5,MIA,DFW,398,12.0,1121.0
2026,5,MIA,DSM,9,0.0,1327.0
2026,5,MIA,DTW,104,0.0,1145.0
2026,5,MIA,EWR,315,1.0,1085.0
2026,5,MIA,EYW,96,0.0,126.0
2026,5,MIA,GNV,31,0.0,294.0
2026,5,MIA,GRR,24,0.0,1214.0
2026,5,MIA,GSO,43,0.0,710.0
2026,5,MIA,GSP,64,0.0,637.0
2026,5,MIA,HOU,31,0.0,955.0
2026,5,MIA,HPN,18,0.0,1118.0
2026,5,MIA,HSV,2,0.0,722.0
2026,5,MIA,IAD,45,0.0,922.0
2026,5,MIA,IAH,294,2.0,964.0
2026,5,MIA,ICT,2,0.0,1295.0
2026,5,MIA,ILM,47,0.0,601.0
2026,5,MIA,IND,84,0.0,1020.0
2026,5,MIA,JAN,5,0.0,742.0
2026,5,MIA,JAX,122,0.0,335.0
2026,5,MIA,JFK,398,4.0,1089.0
2026,5,MIA,LAS,126,0.0,2174.0
2026,5,MIA,LAX,304,2.0,2342.0
2026,5,MIA,LGA,458,9.0,1096.0
2026,5,MIA,LIT,5,0.0,941.0
2026,5,MIA,MCI,85,0.0,1251.0
2026,5,MIA,MCO,303,0.0,192.0
2026,5,MIA,MDW,53,0.0,1182.0
2026,5,MIA,MEM,42,0.0,859.0
2026,5,MIA,MSP,93,0.0,1501.0
2026,5,MIA,MSY,124,0.0,674.0
2026,5,MIA,OKC,18,0.0,1222.0
2026,5,MIA,ORD,354,2.0,1197.0
2026,5,MIA,ORF,62,0.0,802.0
2026,5,MIA,PDX,20,0.0,2700.0
2026,5,MIA,PHL,247,2.0,1013.0
2026,5,MIA,PHX,173,0.0,1972.0
2026,5,MIA,PIT,67,0.0,1013.0
2026,5,MIA,PNS,108,0.0,530.0
2026,5,MIA,RDU,202,0.0,700.0
2026,5,MIA,RIC,60,0.0,826.0
2026,5,MIA,SAN,62,0.0,2267.0
2026,5,MIA,SAT,54,0.0,1143.0
2026,5,MIA,SAV,58,0.0,440.0
2026,5,MIA,SDF,39,0.0,910.0
2026,5,MIA,SEA,104,1.0,2724.0
2026,5,MIA,SFO,164,0.0,2585.0
2026,5,MIA,SGF,2,0.0,1102.0
2026,5,MIA,SJU,214,0.0,1045.0
2026,5,MIA,SLC,69,0.0,2088.0
2026,5,MIA,SRQ,47,0.0,178.0
2026,5,MIA,STL,89,0.0,1068.0
2026,5,MIA,STT,84,0.0,1107.0
2026,5,MIA,STX,63,0.0,1139.0
2026,5,MIA,TLH,95,0.0,402.0
2026,5,MIA,TPA,227,0.0,204.0
2026,5,MIA,TUL,16,0.0,1168.0
2026,5,MIA,TYS,36,0.0,724.0
2026,5,MIA,VPS,31,0.0,499.0
2026,5,MIA,XNA,32,0.0,1099.0
2026,5,MKE,ATL,216,3.0,669.0
2026,5,MKE,AUS,18,0.0,1032.0
2026,5,MKE,BNA,88,0.0,475.0
2026,5,MKE,BOS,83,0.0,860.0
2026,5,MKE,BWI,62,0.0,641.0
2026,5,MKE,CLT,91,0.0,651.0
2026,5,MKE,DAL,31,0.0,850.0
2026,5,MKE,DCA,114,1.0,634.0
2026,5,MKE,DEN,190,0.0,896.0
2026,5,MKE,DFW,90,4.0,853.0
2026,5,MKE,DTW,148,0.0,237.0
2026,5,MKE,EWR,69,1.0,725.0
2026,5,MKE,IAH,47,0.0,984.0
2026,5,MKE,LAS,92,0.0,1524.0
2026,5,MKE,LGA,82,1.0,738.0
2026,5,MKE,MCI,25,0.0,436.0
2026,5,MKE,MCO,108,0.0,1066.0
2026,5,MKE,MDW,62,0.0,80.0
2026,5,MKE,MSP,162,0.0,297.0
2026,5,MKE,ORD,516,5.0,67.0
2026,5,MKE,PHL,71,4.0,690.0
2026,5,MKE,PHX,134,0.0,1460.0
2026,5,MKE,RSW,31,0.0,1183.0
2026,5,MKE,SAN,17,0.0,1739.0
2026,5,MKE,SEA,55,0.0,1694.0
2026,5,MKE,SLC,31,0.0,1247.0
2026,5,MKE,STL,61,0.0,317.0
2026,5,MKE,TPA,41,1.0,1075.0
2026,5,MLB,ABE,9,0.0,914.0
2026,5,MLB,ATL,124,2.0,443.0
2026,5,MLB,CLT,93,0.0,490.0
2026,5,MLB,CVG,9,0.0,789.0
2026,5,MLB,PIT,9,0.0,854.0
2026,5,MLI,AZA,10,0.0,1287.0
2026,5,MLI,DEN,31,0.0,751.0
2026,5,MLI,DFW,93,5.0,691.0
2026,5,MLI,LAS,9,0.0,1376.0
2026,5,MLI,ORD,248,2.0,139.0
2026,5,MLI,PGD,9,0.0,1113.0
2026,5,MLI,PIE,9,0.0,1033.0
2026,5,MLI,SFB,9,0.0,1018.0
2026,5,MLI,SRQ,2,0.0,1069.0
2026,5,MLU,DFW,113,5.0,293.0
2026,5,MOB,ATL,51,4.0,302.0
2026,5,MOB,DFW,109,7.0,539.0
2026,5,MOT,AZA,9,0.0,1164.0
2026,5,MOT,DEN,101,0.0,604.0
2026,5,MOT,LAS,8,0.0,1098.0
2026,5,MOT,MSP,118,2.0,449.0
2026,5,MQT,DTW,31,1.0,349.0
2026,5,MQT,MSP,23,0.0,300.0
2026,5,MQT,ORD,76,1.0,303.0
2026,5,MRY,DEN,62,0.0,959.0
2026,5,MRY,DFW,31,0.0,1430.0
2026,5,MRY,LAS,8,0.0,375.0
2026,5,MRY,LAX,62,0.0,266.0
2026,5,MRY,ORD,2,0.0,1844.0
2026,5,MRY,PHX,109,0.0,598.0
2026,5,MRY,SAN,24,0.0,375.0
2026,5,MRY,SEA,12,0.0,750.0
2026,5,MRY,SFO,71,1.0,77.0
2026,5,MSN,ATL,90,5.0,707.0
2026,5,MSN,CLT,93,1.0,708.0
2026,5,MSN,DCA,109,1.0,707.0
2026,5,MSN,DEN,106,0.0,826.0
2026,5,MSN,DFW,93,2.0,821.0
2026,5,MSN,DTW,57,2.0,311.0
2026,5,MSN,EWR,41,0.0,799.0
2026,5,MSN,LGA,68,1.0,812.0
2026,5,MSN,MSP,119,2.0,228.0
2026,5,MSN,ORD,403,3.0,108.0
2026,5,MSN,PHL,68,0.0,764.0
2026,5,MSN,PHX,58,0.0,1396.0
2026,5,MSO,AZA,9,0.0,948.0
2026,5,MSO,DEN,93,0.0,679.0
2026,5,MSO,DFW,42,0.0,1320.0
2026,5,MSO,LAS,10,0.0,750.0
2026,5,MSO,LAX,19,0.0,923.0
2026,5,MSO,MSP,56,0.0,1013.0
2026,5,MSO,ORD,42,1.0,1332.0
2026,5,MSO,SEA,54,0.0,389.0
2026,5,MSO,SFO,11,1.0,769.0
2026,5,MSO,SLC,93,0.0,436.0
2026,5,MSO,SNA,3,0.0,935.0
2026,5,MSP,ABQ,25,0.0,981.0
2026,5,MSP,ABR,62,0.0,257.0
2026,5,MSP,ANC,56,0.0,2519.0
2026,5,MSP,ATL,296,1.0,907.0
2026,5,MSP,ATW,92,0.0,236.0
2026,5,MSP,ATY,31,0.0,193.0
2026,5,MSP,AUS,144,0.0,1042.0
2026,5,MSP,BDL,82,0.0,1050.0
2026,5,MSP,BIL,31,0.0,748.0
2026,5,MSP,BIS,68,0.0,386.0
2026,5,MSP,BJI,62,1.0,199.0
2026,5,MSP,BNA,171,2.0,695.0
2026,5,MSP,BOI,62,0.0,1142.0
2026,5,MSP,BOS,155,0.0,1124.0
2026,5,MSP,BRD,56,0.0,114.0
2026,5,MSP,BWI,118,0.0,936.0
2026,5,MSP,BZN,62,0.0,874.0
2026,5,MSP,CHS,31,0.0,1087.0
2026,5,MSP,CID,17,0.0,220.0
2026,5,MSP,CIU,27,0.0,434.0
2026,5,MSP,CLE,97,0.0,622.0
2026,5,MSP,CLT,223,1.0,930.0
2026,5,MSP,CMH,104,1.0,626.0
2026,5,MSP,CVG,80,0.0,596.0
2026,5,MSP,DAL,5,0.0,853.0
2026,5,MSP,DCA,224,3.0,931.0
2026,5,MSP,DEN,534,2.0,680.0
2026,5,MSP,DFW,277,5.0,852.0
2026,5,MSP,DLH,122,0.0,144.0
2026,5,MSP,DTW,156,0.0,528.0
2026,5,MSP,ESC,23,0.0,304.0
2026,5,MSP,EWR,202,3.0,1008.0
2026,5,MSP,FAR,128,0.0,223.0
2026,5,MSP,FCA,31,0.0,1025.0
2026,5,MSP,FLL,61,0.0,1487.0
2026,5,MSP,FSD,149,0.0,196.0
2026,5,MSP,FWA,31,0.0,488.0
2026,5,MSP,GEG,62,1.0,1175.0
2026,5,MSP,GFK,114,0.0,284.0
2026,5,MSP,GRB,92,0.0,252.0
2026,5,MSP,GRR,115,0.0,408.0
2026,5,MSP,HIB,56,0.0,174.0
2026,5,MSP,HNL,31,0.0,3972.0
2026,5,MSP,HRL,6,0.0,1310.0
2026,5,MSP,IAD,100,0.0,907.0
2026,5,MSP,IAH,181,0.0,1034.0
2026,5,MSP,ICT,59,0.0,545.0
2026,5,MSP,IMT,31,0.0,257.0
2026,5,MSP,IND,118,0.0,503.0
2026,5,MSP,INL,54,0.0,255.0
2026,5,MSP,JAC,25,0.0,872.0
2026,5,MSP,JAX,31,0.0,1173.0
2026,5,MSP,JFK,87,0.0,1029.0
2026,5,MSP,LAS,178,3.0,1299.0
2026,5,MSP,LAX,185,2.0,1535.0
2026,5,MSP,LGA,176,0.0,1020.0
2026,5,MSP,MCI,102,2.0,393.0
2026,5,MSP,MCO,165,3.0,1310.0
2026,5,MSP,MDW,149,0.0,349.0
2026,5,MSP,MEM,87,0.0,700.0
2026,5,MSP,MIA,93,0.0,1501.0
2026,5,MSP,MKE,162,0.0,297.0
2026,5,MSP,MOT,118,1.0,449.0
2026,5,MSP,MQT,23,0.0,300.0
2026,5,MSP,MSN,119,1.0,228.0
2026,5,MSP,MSO,56,0.0,1013.0
2026,5,MSP,MSY,37,1.0,1040.0
2026,5,MSP,MYR,31,0.0,1085.0
2026,5,MSP,OKC,36,0.0,694.0
2026,5,MSP,OMA,143,0.0,282.0
2026,5,MSP,ORD,572,5.0,334.0
2026,5,MSP,PDX,141,0.0,1426.0
2026,5,MSP,PHL,209,4.0,981.0
2026,5,MSP,PHX,234,3.0,1276.0
2026,5,MSP,PIT,96,0.0,726.0
2026,5,MSP,PSC,31,0.0,1254.0
2026,5,MSP,PSP,10,0.0,1454.0
2026,5,MSP,RAP,113,1.0,490.0
2026,5,MSP,RDU,118,1.0,980.0
2026,5,MSP,RHI,62,0.0,190.0
2026,5,MSP,RST,76,1.0,76.0
2026,5,MSP,RSW,99,1.0,1416.0
2026,5,MSP,SAN,112,0.0,1532.0
2026,5,MSP,SAT,87,0.0,1097.0
2026,5,MSP,SAV,31,1.0,1092.0
2026,5,MSP,SBN,31,0.0,411.0
2026,5,MSP,SDF,117,0.0,604.0
2026,5,MSP,SEA,226,2.0,1399.0
2026,5,MSP,SFO,169,2.0,1589.0
2026,5,MSP,SJC,50,0.0,1575.0
2026,5,MSP,SJU,5,0.0,2404.0
2026,5,MSP,SLC,151,0.0,991.0
2026,5,MSP,SMF,56,0.0,1517.0
2026,5,MSP,SNA,48,0.0,1522.0
2026,5,MSP,SRQ,10,0.0,1342.0
2026,5,MSP,STL,172,0.0,448.0
2026,5,MSP,SYR,12,0.0,860.0
2026,5,MSP,TPA,117,0.0,1306.0
2026,5,MSP,TUS,6,0.0,1298.0
2026,5,MSP,VPS,31,1.0,1058.0
2026,5,MSP,XNA,5,0.0,596.0
2026,5,MSP,XWA,86,1.0,553.0
2026,5,MSY,ATL,348,3.0,425.0
2026,5,MSY,AUS,162,0.0,445.0
2026,5,MSY,BNA,123,0.0,471.0
2026,5,MSY,BOS,78,0.0,1367.0
2026,5,MSY,BWI,93,0.0,998.0
2026,5,MSY,CLT,164,1.0,650.0
2026,5,MSY,CVG,5,0.0,701.0
2026,5,MSY,DAL,201,1.0,437.0
2026,5,MSY,DCA,171,2.0,969.0
2026,5,MSY,DEN,206,1.0,1062.0
2026,5,MSY,DFW,243,10.0,448.0
2026,5,MSY,DTW,62,4.0,926.0
2026,5,MSY,EWR,111,1.0,1167.0
2026,5,MSY,FLL,97,0.0,673.0
2026,5,MSY,HOU,193,1.0,303.0
2026,5,MSY,IAD,70,0.0,955.0
2026,5,MSY,IAH,234,0.0,305.0
2026,5,MSY,JFK,92,4.0,1182.0
2026,5,MSY,LAS,66,0.0,1500.0
2026,5,MSY,LAX,107,0.0,1671.0
2026,5,MSY,LGA,124,2.0,1183.0
2026,5,MSY,MCI,35,0.0,690.0
2026,5,MSY,MCO,180,0.0,551.0
2026,5,MSY,MDW,92,0.0,825.0
2026,5,MSY,MIA,124,1.0,674.0
2026,5,MSY,MSP,37,1.0,1040.0
2026,5,MSY,ORD,184,2.0,837.0
2026,5,MSY,PDX,12,0.0,2051.0
2026,5,MSY,PGD,2,0.0,545.0
2026,5,MSY,PHL,103,1.0,1089.0
2026,5,MSY,PHX,104,0.0,1301.0
2026,5,MSY,RDU,5,0.0,779.0
2026,5,MSY,SAN,31,0.0,1600.0
2026,5,MSY,SAT,30,0.0,495.0
2026,5,MSY,SEA,62,0.0,2086.0
2026,5,MSY,SFO,45,0.0,1911.0
2026,5,MSY,SLC,56,0.0,1429.0
2026,5,MSY,STL,61,0.0,604.0
2026,5,MSY,TPA,81,0.0,487.0
2026,5,MTJ,DEN,104,1.0,197.0
2026,5,MTJ,DFW,31,0.0,722.0
2026,5,MTJ,LAX,2,0.0,666.0
2026,5,MTJ,ORD,9,0.0,1081.0
2026,5,MVY,JFK,11,0.0,173.0
2026,5,MVY,LGA,22,0.0,175.0
2026,5,MYR,ABE,22,0.0,518.0
2026,5,MYR,ACY,7,0.0,466.0
2026,5,MYR,ALB,9,0.0,685.0
2026,5,MYR,ATL,149,6.0,317.0
2026,5,MYR,BLV,5,0.0,696.0
2026,5,MYR,BNA,62,0.0,471.0
2026,5,MYR,BOS,23,0.0,738.0
2026,5,MYR,BWI,97,0.0,399.0
2026,5,MYR,CAK,9,0.0,518.0
2026,5,MYR,CKB,4,1.0,394.0
2026,5,MYR,CLE,11,0.0,557.0
2026,5,MYR,CLT,185,0.0,157.0
2026,5,MYR,CVG,14,0.0,489.0
2026,5,MYR,DAL,5,0.0,1038.0
2026,5,MYR,DAY,3,0.0,520.0
2026,5,MYR,DCA,68,1.0,372.0
2026,5,MYR,DEN,2,0.0,1484.0
2026,5,MYR,DFW,43,1.0,1048.0
2026,5,MYR,DTW,31,0.0,636.0
2026,5,MYR,ELM,3,0.0,595.0
2026,5,MYR,EWR,64,1.0,550.0
2026,5,MYR,FLL,1,0.0,529.0
2026,5,MYR,FWA,4,0.0,610.0
2026,5,MYR,HGR,3,0.0,421.0
2026,5,MYR,HTS,4,0.0,382.0
2026,5,MYR,ISP,19,0.0,586.0
2026,5,MYR,LBE,1,0.0,455.0
2026,5,MYR,LCK,15,0.0,478.0
2026,5,MYR,LGA,45,0.0,563.0
2026,5,MYR,MDT,9,0.0,465.0
2026,5,MYR,MDW,10,0.0,738.0
2026,5,MYR,MSP,31,0.0,1085.0
2026,5,MYR,ORD,90,0.0,753.0
2026,5,MYR,PHL,55,1.0,474.0
2026,5,MYR,PIT,3,0.0,475.0
2026,5,MYR,STL,5,0.0,728.0
2026,5,MYR,SWF,12,0.0,601.0
2026,5,MYR,SYR,9,0.0,668.0
2026,5,OAJ,ATL,118,3.0,399.0
2026,5,OAK,ABQ,31,0.0,889.0
2026,5,OAK,AUS,31,0.0,1497.0
2026,5,OAK,BLI,8,0.0,764.0
2026,5,OAK,BOI,35,0.0,512.0
2026,5,OAK,BUR,219,3.0,325.0
2026,5,OAK,DAL,40,1.0,1468.0
2026,5,OAK,DEN,128,1.0,957.0
2026,5,OAK,GEG,30,0.0,723.0
2026,5,OAK,HNL,62,0.0,2409.0
2026,5,OAK,HOU,31,0.0,1642.0
2026,5,OAK,LAS,285,4.0,407.0
2026,5,OAK,LAX,176,0.0,337.0
2026,5,OAK,LGB,118,1.0,353.0
2026,5,OAK,LIH,62,2.0,2456.0
2026,5,OAK,MDW,52,0.0,1844.0
2026,5,OAK,OGG,62,0.0,2348.0
2026,5,OAK,ONT,117,0.0,362.0
2026,5,OAK,PDX,111,0.0,543.0
2026,5,OAK,PHX,179,0.0,646.0
2026,5,OAK,PSP,70,1.0,418.0
2026,5,OAK,SAN,339,2.0,446.0
2026,5,OAK,SBA,31,0.0,263.0
2026,5,OAK,SEA,124,0.0,672.0
2026,5,OAK,SLC,141,0.0,588.0
2026,5,OAK,SNA,201,2.0,371.0
2026,5,OGG,DEN,31,0.0,3302.0
2026,5,OGG,DFW,35,2.0,3710.0
2026,5,OGG,HNL,819,7.0,101.0
2026,5,OGG,ITO,26,0.0,121.0
2026,5,OGG,KOA,124,0.0,84.0
2026,5,OGG,LAS,62,0.0,2695.0
2026,5,OGG,LAX,218,0.0,2485.0
2026,5,OGG,LGB,31,0.0,2498.0
2026,5,OGG,LIH,124,0.0,202.0
2026,5,OGG,OAK,62,0.0,2348.0
2026,5,OGG,ORD,5,0.0,4184.0
2026,5,OGG,PDX,62,2.0,2561.0
2026,5,OGG,PHX,73,0.0,2844.0
2026,5,OGG,SAN,93,0.0,2540.0
2026,5,OGG,SEA,155,2.0,2639.0
2026,5,OGG,SFO,145,0.0,2338.0
2026,5,OGG,SJC,41,0.0,2355.0
2026,5,OGG,SLC,31,4.0,2935.0
2026,5,OGG,SMF,41,0.0,2403.0
2026,5,OKC,ATL,159,4.0,761.0
2026,5,OKC,AUS,26,0.0,358.0
2026,5,OKC,BNA,62,0.0,616.0
2026,5,OKC,CLT,89,0.0,940.0
2026,5,OKC,DAL,62,0.0,181.0
2026,5,OKC,DCA,57,0.0,1158.0
2026,5,OKC,DEN,270,2.0,495.0
2026,5,OKC,DFW,286,13.0,175.0
2026,5,OKC,GUF,5,1.0,675.0
2026,5,OKC,HOU,101,0.0,419.0
2026,5,OKC,IAH,115,0.0,395.0
2026,5,OKC,LAS,109,0.0,986.0
2026,5,OKC,LAX,60,1.0,1187.0
2026,5,OKC,LGA,50,1.0,1341.0
2026,5,OKC,MCO,31,0.0,1069.0
2026,5,OKC,MDW,62,0.0,691.0
2026,5,OKC,MIA,17,0.0,1222.0
2026,5,OKC,MSP,36,0.0,694.0
2026,5,OKC,ORD,236,3.0,693.0
2026,5,OKC,PHX,167,0.0,833.0
2026,5,OKC,SEA,31,0.0,1519.0
2026,5,OKC,SFB,2,0.0,1061.0
2026,5,OKC,SLC,62,0.0,866.0
2026,5,OKC,VPS,7,0.0,726.0
2026,5,OMA,ATL,149,4.0,821.0
2026,5,OMA,AZA,9,0.0,1026.0
2026,5,OMA,BNA,36,0.0,612.0
2026,5,OMA,CLT,92,0.0,913.0
2026,5,OMA,DAL,36,1.0,586.0
2026,5,OMA,DCA,57,0.0,1012.0
2026,5,OMA,DEN,290,1.0,472.0
2026,5,OMA,DFW,143,5.0,583.0
2026,5,OMA,DTW,87,0.0,650.0
2026,5,OMA,EWR,3,0.0,1134.0
2026,5,OMA,GUF,4,0.0,888.0
2026,5,OMA,HOU,31,0.0,804.0
2026,5,OMA,IAH,73,0.0,781.0
2026,5,OMA,LAS,101,0.0,1099.0
2026,5,OMA,LAX,43,0.0,1330.0
2026,5,OMA,LGA,30,0.0,1148.0
2026,5,OMA,MCO,31,0.0,1211.0
2026,5,OMA,MDW,106,1.0,423.0
2026,5,OMA,MSP,143,0.0,282.0
2026,5,OMA,ORD,287,1.0,416.0
2026,5,OMA,PGD,9,0.0,1269.0
2026,5,OMA,PHL,21,0.0,1089.0
2026,5,OMA,PHX,185,0.0,1037.0
2026,5,OMA,PIE,13,0.0,1188.0
2026,5,OMA,SAN,5,0.0,1313.0
2026,5,OMA,SEA,58,0.0,1368.0
2026,5,OMA,SFB,11,0.0,1195.0
2026,5,OMA,SFO,34,0.0,1433.0
2026,5,OMA,SLC,62,0.0,840.0
2026,5,OMA,SRQ,5,0.0,1222.0
2026,5,OMA,STL,66,0.0,342.0
2026,5,OMA,VPS,3,0.0,911.0
2026,5,OME,ANC,38,0.0,539.0
2026,5,ONT,ATL,93,1.0,1900.0
2026,5,ONT,AUS,26,0.0,1196.0
2026,5,ONT,BNA,31,0.0,1751.0
2026,5,ONT,BWI,31,0.0,2283.0
2026,5,ONT,CLT,31,0.0,2078.0
2026,5,ONT,DAL,35,2.0,1200.0
2026,5,ONT,DEN,242,0.0,819.0
2026,5,ONT,DFW,197,7.0,1188.0
2026,5,ONT,HNL,31,0.0,2603.0
2026,5,ONT,HOU,31,0.0,1345.0
2026,5,ONT,IAH,61,0.0,1334.0
2026,5,ONT,JFK,18,0.0,2429.0
2026,5,ONT,LAS,199,0.0,197.0
2026,5,ONT,MDW,31,0.0,1706.0
2026,5,ONT,OAK,118,0.0,362.0
2026,5,ONT,ORD,31,0.0,1700.0
2026,5,ONT,PDX,38,0.0,838.0
2026,5,ONT,PHX,254,0.0,325.0
2026,5,ONT,SEA,249,2.0,956.0
2026,5,ONT,SFO,127,2.0,363.0
2026,5,ONT,SJC,110,0.0,333.0
2026,5,ONT,SLC,115,1.0,558.0
2026,5,ONT,SMF,187,1.0,390.0
2026,5,ONT,STS,12,0.0,423.0
2026,5,ORD,ABE,69,2.0,654.0
2026,5,ORD,ABQ,105,0.0,1118.0
2026,5,ORD,ALB,260,5.0,723.0
2026,5,ORD,ALO,59,0.0,234.0
2026,5,ORD,ANC,92,1.0,2846.0
2026,5,ORD,ASE,21,0.0,1013.0
2026,5,ORD,ATL,597,7.0,606.0
2026,5,ORD,ATW,260,3.0,160.0
2026,5,ORD,AUS,300,0.0,977.0
2026,5,ORD,AVL,149,3.0,536.0
2026,5,ORD,AVP,119,1.0,632.0
2026,5,ORD,AZO,79,1.0,122.0
2026,5,ORD,BDL,230,2.0,783.0
2026,5,ORD,BGR,81,0.0,978.0
2026,5,ORD,BHM,102,3.0,584.0
2026,5,ORD,BIL,11,0.0,1060.0
2026,5,ORD,BIS,31,0.0,715.0
2026,5,ORD,BMI,93,0.0,116.0
2026,5,ORD,BNA,497,5.0,409.0
2026,5,ORD,BOI,93,0.0,1437.0
2026,5,ORD,BOS,740,3.0,867.0
2026,5,ORD,BTV,144,2.0,763.0
2026,5,ORD,BUF,217,3.0,474.0
2026,5,ORD,BWI,274,1.0,622.0
2026,5,ORD,BZN,95,0.0,1185.0
2026,5,ORD,CAE,42,0.0,666.0
2026,5,ORD,CAK,236,5.0,344.0
2026,5,ORD,CHA,53,1.0,501.0
2026,5,ORD,CHO,120,2.0,566.0
2026,5,ORD,CHS,208,1.0,760.0
2026,5,ORD,CID,289,1.0,196.0
2026,5,ORD,CIU,7,0.0,341.0
2026,5,ORD,CKB,31,1.0,444.0
2026,5,ORD,CLE,467,8.0,316.0
2026,5,ORD,CLT,411,4.0,599.0
2026,5,ORD,CMH,460,5.0,296.0
2026,5,ORD,CMI,90,1.0,135.0
2026,5,ORD,CMX,62,1.0,360.0
2026,5,ORD,COD,2,0.0,1077.0
2026,5,ORD,COS,93,3.0,911.0
2026,5,ORD,COU,186,4.0,315.0
2026,5,ORD,CRW,105,0.0,416.0
2026,5,ORD,CVG,459,9.0,264.0
2026,5,ORD,CWA,93,1.0,213.0
2026,5,ORD,DAL,31,1.0,798.0
2026,5,ORD,DAY,146,4.0,240.0
2026,5,ORD,DCA,608,7.0,612.0
2026,5,ORD,DEC,53,1.0,156.0
2026,5,ORD,DEN,584,0.0,888.0
2026,5,ORD,DFW,630,10.0,802.0
2026,5,ORD,DLH,134,1.0,397.0
2026,5,ORD,DSM,346,4.0,299.0
2026,5,ORD,DTW,599,9.0,235.0
2026,5,ORD,EAR,31,0.0,583.0
2026,5,ORD,EAU,53,1.0,269.0
2026,5,ORD,ECP,92,1.0,810.0
2026,5,ORD,ELP,62,0.0,1236.0
2026,5,ORD,EUG,31,0.0,1780.0
2026,5,ORD,EVV,51,1.0,272.0
2026,5,ORD,EWR,552,5.0,719.0
2026,5,ORD,EYW,83,1.0,1251.0
2026,5,ORD,FAI,31,0.0,2785.0
2026,5,ORD,FAR,180,3.0,557.0
2026,5,ORD,FAT,31,0.0,1730.0
2026,5,ORD,FCA,33,0.0,1352.0
2026,5,ORD,FLL,228,0.0,1182.0
2026,5,ORD,FNT,178,3.0,223.0
2026,5,ORD,FOD,45,0.0,324.0
2026,5,ORD,FSD,154,3.0,462.0
2026,5,ORD,FWA,279,4.0,157.0
2026,5,ORD,GEG,61,0.0,1498.0
2026,5,ORD,GRB,217,2.0,173.0
2026,5,ORD,GRR,418,7.0,137.0
2026,5,ORD,GSO,175,4.0,589.0
2026,5,ORD,GSP,185,4.0,577.0
2026,5,ORD,HHH,42,1.0,781.0
2026,5,ORD,HNL,31,0.0,4243.0
2026,5,ORD,HPN,121,3.0,738.0
2026,5,ORD,HSV,62,1.0,510.0
2026,5,ORD,IAD,216,0.0,588.0
2026,5,ORD,IAH,537,0.0,925.0
2026,5,ORD,ICT,189,3.0,588.0
2026,5,ORD,IDA,13,0.0,1229.0
2026,5,ORD,ILM,68,1.0,760.0
2026,5,ORD,IND,572,15.0,177.0
2026,5,ORD,JAC,45,0.0,1162.0
2026,5,ORD,JAX,210,1.0,864.0
2026,5,ORD,JFK,177,1.0,740.0
2026,5,ORD,JLN,31,0.0,484.0
2026,5,ORD,JST,31,1.0,487.0
2026,5,ORD,LAF,49,0.0,119.0
2026,5,ORD,LAN,62,2.0,179.0
2026,5,ORD,LAS,482,0.0,1514.0
2026,5,ORD,LAX,601,3.0,1744.0
2026,5,ORD,LEX,133,5.0,323.0
2026,5,ORD,LGA,996,16.0,733.0
2026,5,ORD,LIT,128,0.0,552.0
2026,5,ORD,LNK,152,2.0,466.0
2026,5,ORD,LSE,93,1.0,215.0
2026,5,ORD,LWB,31,0.0,489.0
2026,5,ORD,LYH,31,1.0,564.0
2026,5,ORD,MBS,93,1.0,222.0
2026,5,ORD,MCI,410,2.0,403.0
2026,5,ORD,MCO,502,2.0,1005.0
2026,5,ORD,MCW,53,1.0,288.0
2026,5,ORD,MDT,214,4.0,594.0
2026,5,ORD,MEM,203,2.0,491.0
2026,5,ORD,MGW,22,1.0,449.0
2026,5,ORD,MHK,62,1.0,501.0
2026,5,ORD,MHT,93,1.0,843.0
2026,5,ORD,MIA,352,3.0,1197.0
2026,5,ORD,MKE,517,5.0,67.0
2026,5,ORD,MLI,247,2.0,139.0
2026,5,ORD,MQT,76,1.0,303.0
2026,5,ORD,MRY,2,0.0,1844.0
2026,5,ORD,MSN,403,4.0,108.0
2026,5,ORD,MSO,42,0.0,1332.0
2026,5,ORD,MSP,570,5.0,334.0
2026,5,ORD,MSY,184,1.0,837.0
2026,5,ORD,MTJ,9,0.0,1081.0
2026,5,ORD,MYR,90,0.0,753.0
2026,5,ORD,OGG,5,0.0,4184.0
2026,5,ORD,OKC,235,2.0,693.0
2026,5,ORD,OMA,286,1.0,416.0
2026,5,ORD,ONT,31,0.0,1700.0
2026,5,ORD,ORF,211,1.0,717.0
2026,5,ORD,PAH,31,0.0,342.0
2026,5,ORD,PBI,104,0.0,1144.0
2026,5,ORD,PDX,284,0.0,1739.0
2026,5,ORD,PHL,492,5.0,678.0
2026,5,ORD,PHX,499,2.0,1440.0
2026,5,ORD,PIA,185,4.0,130.0
2026,5,ORD,PIT,397,3.0,413.0
2026,5,ORD,PLN,17,0.0,293.0
2026,5,ORD,PNS,82,2.0,794.0
2026,5,ORD,PSP,59,1.0,1651.0
2026,5,ORD,PVD,181,0.0,849.0
2026,5,ORD,PWM,166,1.0,900.0
2026,5,ORD,RAP,104,2.0,780.0
2026,5,ORD,RDU,374,5.0,646.0
2026,5,ORD,RHI,6,0.0,264.0
2026,5,ORD,RIC,210,2.0,642.0
2026,5,ORD,RNO,31,0.0,1671.0
2026,5,ORD,ROA,62,1.0,530.0
2026,5,ORD,ROC,222,3.0,528.0
2026,5,ORD,RST,93,4.0,268.0
2026,5,ORD,RSW,232,0.0,1120.0
2026,5,ORD,SAN,364,1.0,1723.0
2026,5,ORD,SAT,179,1.0,1041.0
2026,5,ORD,SAV,173,2.0,773.0
2026,5,ORD,SBA,31,0.0,1803.0
2026,5,ORD,SBN,253,4.0,84.0
2026,5,ORD,SCE,60,1.0,528.0
2026,5,ORD,SDF,311,6.0,286.0
2026,5,ORD,SEA,562,0.0,1721.0
2026,5,ORD,SFO,559,2.0,1846.0
2026,5,ORD,SGF,119,1.0,438.0
2026,5,ORD,SGU,2,0.0,1404.0
2026,5,ORD,SHD,31,0.0,541.0
2026,5,ORD,SJC,31,0.0,1829.0
2026,5,ORD,SJU,105,0.0,2072.0
2026,5,ORD,SLC,284,1.0,1250.0
2026,5,ORD,SLN,31,0.0,559.0
2026,5,ORD,SMF,151,1.0,1781.0
2026,5,ORD,SNA,181,0.0,1726.0
2026,5,ORD,SPI,62,0.0,174.0
2026,5,ORD,SRQ,94,1.0,1050.0
2026,5,ORD,STL,324,4.0,258.0
2026,5,ORD,STT,5,0.0,2116.0
2026,5,ORD,SUX,31,0.0,436.0
2026,5,ORD,SYR,222,2.0,607.0
2026,5,ORD,TPA,250,1.0,1012.0
2026,5,ORD,TRI,11,0.0,481.0
2026,5,ORD,TUL,197,1.0,585.0
2026,5,ORD,TUS,113,1.0,1437.0
2026,5,ORD,TVC,280,5.0,224.0
2026,5,ORD,TYS,216,4.0,475.0
2026,5,ORD,VPS,31,1.0,796.0
2026,5,ORD,XNA,191,3.0,522.0
2026,5,ORF,ATL,267,3.0,516.0
2026,5,ORF,BNA,41,0.0,585.0
2026,5,ORF,BOS,42,0.0,468.0
2026,5,ORF,BWI,124,0.0,159.0
2026,5,ORF,CLT,229,0.0,290.0
2026,5,ORF,DAL,10,0.0,1203.0
2026,5,ORF,DCA,91,1.0,142.0
2026,5,ORF,DEN,40,0.0,1553.0
2026,5,ORF,DFW,89,4.0,1212.0
2026,5,ORF,DTW,59,1.0,529.0
2026,5,ORF,EWR,99,0.0,284.0
2026,5,ORF,FLL,24,0.0,781.0
2026,5,ORF,IAD,62,0.0,158.0
2026,5,ORF,IAH,11,0.0,1201.0
2026,5,ORF,JFK,51,1.0,290.0
2026,5,ORF,LGA,104,2.0,296.0
2026,5,ORF,MCO,53,1.0,655.0
2026,5,ORF,MDW,31,0.0,704.0
2026,5,ORF,MIA,62,0.0,802.0
2026,5,ORF,ORD,210,1.0,717.0
2026,5,ORF,PHL,73,1.0,212.0
2026,5,ORF,SJU,18,0.0,1414.0
2026,5,ORH,FLL,31,0.0,1211.0
2026,5,ORH,MCO,31,0.0,1091.0
2026,5,OTH,DEN,11,0.0,1040.0
2026,5,OTH,SFO,31,0.0,412.0
2026,5,OTZ,ANC,31,2.0,549.0
2026,5,PAE,LAS,38,0.0,894.0
2026,5,PAE,PHX,38,0.0,1133.0
2026,5,PAH,IAH,25,0.0,617.0
2026,5,PAH,ORD,31,0.0,342.0
2026,5,PBG,FLL,9,0.0,1334.0
2026,5,PBG,PGD,2,0.0,1311.0
2026,5,PBG,PIE,9,0.0,1262.0
2026,5,PBG,SFB,9,0.0,1175.0
2026,5,PBI,ACY,1,0.0,936.0
2026,5,PBI,ATL,341,7.0,545.0
2026,5,PBI,AVL,11,0.0,620.0
2026,5,PBI,BDL,52,0.0,1133.0
2026,5,PBI,BNA,31,0.0,757.0
2026,5,PBI,BOS,178,1.0,1197.0
2026,5,PBI,BWI,118,1.0,883.0
2026,5,PBI,CLT,172,0.0,590.0
2026,5,PBI,CVG,9,0.0,892.0
2026,5,PBI,DCA,143,0.0,857.0
2026,5,PBI,DFW,92,1.0,1102.0
2026,5,PBI,DTW,31,1.0,1086.0
2026,5,PBI,EWR,291,3.0,1024.0
2026,5,PBI,HPN,131,0.0,1056.0
2026,5,PBI,IAD,20,0.0,859.0
2026,5,PBI,IAH,49,0.0,956.0
2026,5,PBI,ISP,82,0.0,1052.0
2026,5,PBI,JFK,162,2.0,1028.0
2026,5,PBI,LGA,285,5.0,1035.0
2026,5,PBI,MCO,57,0.0,141.0
2026,5,PBI,ORD,105,2.0,1144.0
2026,5,PBI,PHL,131,2.0,951.0
2026,5,PBI,PIT,9,0.0,952.0
2026,5,PBI,PVD,44,0.0,1148.0
2026,5,PDX,ANC,112,0.0,1542.0
2026,5,PDX,ATL,129,0.0,2172.0
2026,5,PDX,ATW,3,0.0,1662.0
2026,5,PDX,AUS,62,0.0,1715.0
2026,5,PDX,AZA,9,0.0,1028.0
2026,5,PDX,BLI,31,1.0,221.0
2026,5,PDX,BNA,31,0.0,1973.0
2026,5,PDX,BOI,76,1.0,344.0
2026,5,PDX,BOS,61,0.0,2537.0
2026,5,PDX,BUR,91,1.0,817.0
2026,5,PDX,BWI,19,0.0,2358.0
2026,5,PDX,BZN,12,0.0,554.0
2026,5,PDX,CLT,41,0.0,2282.0
2026,5,PDX,CVG,4,0.0,1975.0
2026,5,PDX,DAL,31,0.0,1626.0
2026,5,PDX,DCA,31,0.0,2350.0
2026,5,PDX,DEN,367,0.0,991.0
2026,5,PDX,DFW,203,7.0,1616.0
2026,5,PDX,DSM,4,0.0,1471.0
2026,5,PDX,DTW,31,1.0,1953.0
2026,5,PDX,EUG,74,0.0,105.0
2026,5,PDX,EWR,71,1.0,2434.0
2026,5,PDX,FAT,43,0.0,626.0
2026,5,PDX,GEG,69,0.0,279.0
2026,5,PDX,GRR,3,0.0,1833.0
2026,5,PDX,HNL,79,1.0,2603.0
2026,5,PDX,IAD,31,0.0,2327.0
2026,5,PDX,IAH,119,0.0,1825.0
2026,5,PDX,IDA,22,0.0,539.0
2026,5,PDX,JFK,87,1.0,2454.0
2026,5,PDX,KOA,31,0.0,2607.0
2026,5,PDX,LAS,237,1.0,763.0
2026,5,PDX,LAX,377,1.0,833.0
2026,5,PDX,LIH,31,0.0,2630.0
2026,5,PDX,MCI,31,0.0,1482.0
2026,5,PDX,MCO,31,0.0,2535.0
2026,5,PDX,MDW,61,1.0,1751.0
2026,5,PDX,MFR,54,1.0,222.0
2026,5,PDX,MIA,20,0.0,2700.0
2026,5,PDX,MSO,12,0.0,418.0
2026,5,PDX,MSP,142,0.0,1426.0
2026,5,PDX,MSY,11,0.0,2051.0
2026,5,PDX,OAK,111,0.0,543.0
2026,5,PDX,OGG,62,0.0,2561.0
2026,5,PDX,ONT,37,0.0,838.0
2026,5,PDX,ORD,285,0.0,1739.0
2026,5,PDX,PHL,40,0.0,2406.0
2026,5,PDX,PHX,314,0.0,1010.0
2026,5,PDX,PSP,55,0.0,873.0
2026,5,PDX,PVU,3,0.0,664.0
2026,5,PDX,RDM,31,0.0,116.0
2026,5,PDX,RNO,31,0.0,444.0
2026,5,PDX,SAN,155,0.0,933.0
2026,5,PDX,SBA,19,0.0,784.0
2026,5,PDX,SBP,19,0.0,722.0
2026,5,PDX,SEA,391,1.0,129.0
2026,5,PDX,SFO,299,1.0,550.0
2026,5,PDX,SJC,116,0.0,569.0
2026,5,PDX,SLC,192,2.0,630.0
2026,5,PDX,SMF,166,0.0,479.0
2026,5,PDX,SNA,124,1.0,859.0
2026,5,PDX,STL,19,0.0,1708.0
2026,5,PDX,STS,70,0.0,489.0
2026,5,PDX,TUS,12,0.0,1119.0
2026,5,PGD,ABE,18,0.0,1018.0
2026,5,PGD,ACY,6,0.0,964.0
2026,5,PGD,ALB,12,0.0,1185.0
2026,5,PGD,ATW,13,0.0,1250.0
2026,5,PGD,AVL,17,0.0,588.0
2026,5,PGD,BGR,5,0.0,1433.0
2026,5,PGD,BLV,19,0.0,921.0
2026,5,PGD,BNA,9,0.0,692.0
2026,5,PGD,CAK,12,0.0,965.0
2026,5,PGD,CID,11,0.0,1170.0
2026,5,PGD,CVG,31,0.0,850.0
2026,5,PGD,DAY,9,0.0,904.0
2026,5,PGD,DSM,11,0.0,1206.0
2026,5,PGD,FNT,23,0.0,1111.0
2026,5,PGD,FWA,17,0.0,986.0
2026,5,PGD,GRR,24,0.0,1118.0
2026,5,PGD,IAD,10,0.0,870.0
2026,5,PGD,IAG,14,0.0,1129.0
2026,5,PGD,IND,18,0.0,916.0
2026,5,PGD,LCK,12,0.0,890.0
2026,5,PGD,LEX,11,0.0,781.0
2026,5,PGD,MCI,9,0.0,1125.0
2026,5,PGD,MDT,10,0.0,963.0
2026,5,PGD,MDW,9,0.0,1076.0
2026,5,PGD,MLI,9,0.0,1113.0
2026,5,PGD,MSY,2,0.0,545.0
2026,5,PGD,OMA,9,0.0,1269.0
2026,5,PGD,PBG,2,0.0,1311.0
2026,5,PGD,PIA,11,0.0,1044.0
2026,5,PGD,PIT,15,0.0,941.0
2026,5,PGD,PSM,22,0.0,1279.0
2026,5,PGD,PVD,13,0.0,1184.0
2026,5,PGD,RFD,18,0.0,1127.0
2026,5,PGD,ROC,5,0.0,1143.0
2026,5,PGD,SBN,18,0.0,1049.0
2026,5,PGD,SDF,12,0.0,806.0
2026,5,PGD,SGF,9,0.0,975.0
2026,5,PGD,SPI,9,0.0,995.0
2026,5,PGD,SWF,9,0.0,1101.0
2026,5,PGD,SYR,6,0.0,1164.0
2026,5,PGD,TOL,12,0.0,1017.0
2026,5,PGD,TTN,9,0.0,1008.0
2026,5,PGD,TVC,6,0.0,1245.0
2026,5,PGD,TYS,15,0.0,624.0
2026,5,PGD,USA,9,0.0,588.0
2026,5,PHL,ATL,520,6.0,666.0
2026,5,PHL,AUS,104,0.0,1431.0
2026,5,PHL,AVL,4,0.0,504.0
2026,5,PHL,BDL,52,1.0,195.0
2026,5,PHL,BGR,14,0.0,473.0
2026,5,PHL,BHM,62,0.0,772.0
2026,5,PHL,BNA,245,3.0,675.0
2026,5,PHL,BOS,437,5.0,280.0
2026,5,PHL,BTV,100,2.0,335.0
2026,5,PHL,BUF,29,1.0,279.0
2026,5,PHL,CHS,101,1.0,550.0
2026,5,PHL,CLE,98,3.0,363.0
2026,5,PHL,CLT,296,1.0,449.0
2026,5,PHL,CMH,138,1.0,407.0
2026,5,PHL,CVG,137,2.0,507.0
2026,5,PHL,DAL,31,1.0,1295.0
2026,5,PHL,DAY,31,0.0,477.0
2026,5,PHL,DCA,63,2.0,120.0
2026,5,PHL,DEN,276,0.0,1558.0
2026,5,PHL,DFW,313,9.0,1303.0
2026,5,PHL,DSM,26,1.0,973.0
2026,5,PHL,DTW,248,7.0,453.0
2026,5,PHL,ECP,10,0.0,886.0
2026,5,PHL,EYW,31,0.0,1122.0
2026,5,PHL,FLL,256,1.0,993.0
2026,5,PHL,GRR,44,1.0,573.0
2026,5,PHL,GSO,9,0.0,365.0
2026,5,PHL,GSP,31,0.0,515.0
2026,5,PHL,HHH,2,0.0,609.0
2026,5,PHL,IAD,14,0.0,135.0
2026,5,PHL,IAH,166,0.0,1325.0
2026,5,PHL,ILM,3,0.0,414.0
2026,5,PHL,IND,160,2.0,588.0
2026,5,PHL,JAX,151,1.0,742.0
2026,5,PHL,LAS,153,1.0,2177.0
2026,5,PHL,LAX,224,0.0,2402.0
2026,5,PHL,LEX,58,1.0,520.0
2026,5,PHL,MCI,93,1.0,1038.0
2026,5,PHL,MCO,449,1.0,862.0
2026,5,PHL,MDW,119,0.0,668.0
2026,5,PHL,MEM,69,1.0,875.0
2026,5,PHL,MIA,246,2.0,1013.0
2026,5,PHL,MKE,71,3.0,690.0
2026,5,PHL,MSN,68,1.0,764.0
2026,5,PHL,MSP,209,5.0,981.0
2026,5,PHL,MSY,102,1.0,1089.0
2026,5,PHL,MYR,55,0.0,474.0
2026,5,PHL,OMA,22,0.0,1089.0
2026,5,PHL,ORD,492,6.0,678.0
2026,5,PHL,ORF,73,1.0,212.0
2026,5,PHL,PBI,131,2.0,951.0
2026,5,PHL,PDX,40,1.0,2406.0
2026,5,PHL,PHX,213,1.0,2076.0
2026,5,PHL,PIT,123,5.0,268.0
2026,5,PHL,PNS,45,1.0,935.0
2026,5,PHL,PVD,69,2.0,237.0
2026,5,PHL,PWM,53,1.0,364.0
2026,5,PHL,RDU,247,2.0,337.0
2026,5,PHL,RSW,115,0.0,993.0
2026,5,PHL,SAN,90,0.0,2370.0
2026,5,PHL,SAT,38,0.0,1496.0
2026,5,PHL,SAV,95,1.0,630.0
2026,5,PHL,SCE,4,0.0,153.0
2026,5,PHL,SDF,72,1.0,577.0
2026,5,PHL,SEA,157,1.0,2379.0
2026,5,PHL,SFO,211,2.0,2522.0
2026,5,PHL,SJU,198,1.0,1576.0
2026,5,PHL,SLC,82,1.0,1927.0
2026,5,PHL,SRQ,37,0.0,957.0
2026,5,PHL,STL,144,0.0,814.0
2026,5,PHL,STT,22,0.0,1605.0
2026,5,PHL,SYR,20,0.0,228.0
2026,5,PHL,TPA,228,1.0,920.0
2026,5,PHL,TVC,13,0.0,627.0
2026,5,PHL,TYS,35,1.0,555.0
2026,5,PHL,VPS,2,0.0,908.0
2026,5,PHL,XNA,62,2.0,1067.0
2026,5,PHX,ABQ,271,0.0,328.0
2026,5,PHX,ANC,42,0.0,2552.0
2026,5,PHX,ATL,339,1.0,1587.0
2026,5,PHX,AUS,296,0.0,872.0
2026,5,PHX,BFL,116,0.0,425.0
2026,5,PHX,BHM,23,0.0,1455.0
2026,5,PHX,BNA,211,0.0,1449.0
2026,5,PHX,BOI,156,0.0,735.0
2026,5,PHX,BOS,201,0.0,2300.0
2026,5,PHX,BUF,10,0.0,1912.0
2026,5,PHX,BUR,284,1.0,369.0
2026,5,PHX,BWI,123,0.0,1999.0
2026,5,PHX,CID,61,0.0,1252.0
2026,5,PHX,CLD,80,0.0,306.0
2026,5,PHX,CLE,92,0.0,1737.0
2026,5,PHX,CLT,264,0.0,1773.0
2026,5,PHX,CMH,111,1.0,1670.0
2026,5,PHX,COS,88,0.0,551.0
2026,5,PHX,CVG,49,0.0,1569.0
2026,5,PHX,DAL,256,2.0,879.0
2026,5,PHX,DCA,93,1.0,1979.0
2026,5,PHX,DEN,768,3.0,602.0
2026,5,PHX,DFW,502,20.0,868.0
2026,5,PHX,DRO,89,0.0,352.0
2026,5,PHX,DSM,96,0.0,1149.0
2026,5,PHX,DTW,217,1.0,1671.0
2026,5,PHX,ELP,209,0.0,347.0
2026,5,PHX,EUG,55,0.0,952.0
2026,5,PHX,EWR,210,1.0,2133.0
2026,5,PHX,FAT,119,0.0,493.0
2026,5,PHX,FLG,110,0.0,119.0
2026,5,PHX,FLL,28,0.0,1972.0
2026,5,PHX,FSD,62,0.0,1081.0
2026,5,PHX,GEG,118,0.0,1020.0
2026,5,PHX,GJT,89,0.0,438.0
2026,5,PHX,HNL,124,1.0,2917.0
2026,5,PHX,HOU,197,0.0,1020.0
2026,5,PHX,IAD,96,0.0,1956.0
2026,5,PHX,IAH,257,0.0,1009.0
2026,5,PHX,ICT,78,0.0,870.0
2026,5,PHX,IDA,20,0.0,696.0
2026,5,PHX,IND,142,0.0,1489.0
2026,5,PHX,JAX,30,0.0,1785.0
2026,5,PHX,JFK,268,2.0,2153.0
2026,5,PHX,KOA,31,0.0,2860.0
2026,5,PHX,LAS,547,2.0,255.0
2026,5,PHX,LAX,641,0.0,370.0
2026,5,PHX,LBB,31,0.0,588.0
2026,5,PHX,LGB,122,0.0,355.0
2026,5,PHX,LIH,31,0.0,2979.0
2026,5,PHX,LIT,31,0.0,1136.0
2026,5,PHX,MAF,31,0.0,581.0
2026,5,PHX,MCI,204,0.0,1044.0
2026,5,PHX,MCO,157,0.0,1849.0
2026,5,PHX,MDW,236,2.0,1444.0
2026,5,PHX,MEM,31,0.0,1264.0
2026,5,PHX,MFR,58,1.0,855.0
2026,5,PHX,MIA,173,0.0,1972.0
2026,5,PHX,MKE,134,1.0,1460.0
2026,5,PHX,MRY,109,0.0,598.0
2026,5,PHX,MSN,58,0.0,1396.0
2026,5,PHX,MSP,233,2.0,1276.0
2026,5,PHX,MSY,103,0.0,1301.0
2026,5,PHX,OAK,177,0.0,646.0
2026,5,PHX,OGG,73,0.0,2844.0
2026,5,PHX,OKC,168,0.0,833.0
2026,5,PHX,OMA,186,0.0,1037.0
2026,5,PHX,ONT,254,0.0,325.0
2026,5,PHX,ORD,499,1.0,1440.0
2026,5,PHX,PAE,38,0.0,1133.0
2026,5,PHX,PDX,313,0.0,1010.0
2026,5,PHX,PHL,214,1.0,2076.0
2026,5,PHX,PIT,68,0.0,1814.0
2026,5,PHX,PSC,61,0.0,962.0
2026,5,PHX,PSP,109,0.0,261.0
2026,5,PHX,PVU,30,0.0,468.0
2026,5,PHX,RDM,78,0.0,893.0
2026,5,PHX,RDU,87,0.0,1891.0
2026,5,PHX,RNO,196,0.0,601.0
2026,5,PHX,SAF,48,0.0,370.0
2026,5,PHX,SAN,554,3.0,304.0
2026,5,PHX,SAT,231,1.0,843.0
2026,5,PHX,SBA,116,0.0,455.0
2026,5,PHX,SBP,103,0.0,509.0
2026,5,PHX,SCK,9,0.0,603.0
2026,5,PHX,SDF,33,0.0,1506.0
2026,5,PHX,SEA,623,2.0,1107.0
2026,5,PHX,SFO,418,1.0,651.0
2026,5,PHX,SGF,2,0.0,1082.0
2026,5,PHX,SGU,83,0.0,262.0
2026,5,PHX,SJC,269,0.0,621.0
2026,5,PHX,SLC,500,1.0,507.0
2026,5,PHX,SMF,341,0.0,647.0
2026,5,PHX,SMX,11,0.0,494.0
2026,5,PHX,SNA,402,0.0,338.0
2026,5,PHX,STL,202,0.0,1262.0
2026,5,PHX,STS,59,0.0,699.0
2026,5,PHX,TPA,114,0.0,1788.0
2026,5,PHX,TUL,118,0.0,935.0
2026,5,PHX,TUS,341,0.0,109.0
2026,5,PHX,TYS,9,0.0,1599.0
2026,5,PHX,XNA,79,0.0,1023.0
2026,5,PHX,YUM,110,0.0,160.0
2026,5,PIA,AZA,15,0.0,1312.0
2026,5,PIA,CLT,62,1.0,607.0
2026,5,PIA,DEN,35,0.0,793.0
2026,5,PIA,DFW,93,3.0,672.0
2026,5,PIA,LAS,9,0.0,1413.0
2026,5,PIA,ORD,185,5.0,130.0
2026,5,PIA,PGD,11,0.0,1044.0
2026,5,PIA,PIE,12,0.0,965.0
2026,5,PIA,SFB,10,0.0,949.0
2026,5,PIA,SRQ,9,0.0,1001.0
2026,5,PIA,VPS,6,0.0,724.0
2026,5,PIB,IAH,53,0.0,372.0
2026,5,PIE,ABE,21,0.0,970.0
2026,5,PIE,ACY,9,0.0,922.0
2026,5,PIE,ALB,9,0.0,1138.0
2026,5,PIE,ATW,13,0.0,1173.0
2026,5,PIE,AVL,40,0.0,519.0
2026,5,PIE,BGR,18,0.0,1394.0
2026,5,PIE,BLV,13,0.0,841.0
2026,5,PIE,BMI,9,0.0,936.0
2026,5,PIE,BNA,9,0.0,612.0
2026,5,PIE,CAK,11,0.0,899.0
2026,5,PIE,CHA,10,0.0,513.0
2026,5,PIE,CID,10,0.0,1090.0
2026,5,PIE,CKB,9,0.0,798.0
2026,5,PIE,COS,9,0.0,1472.0
2026,5,PIE,CVG,31,0.0,776.0
2026,5,PIE,DAY,9,0.0,831.0
2026,5,PIE,DSM,15,0.0,1126.0
2026,5,PIE,ELM,9,0.0,1035.0
2026,5,PIE,EVV,10,0.0,752.0
2026,5,PIE,EYW,27,0.0,238.0
2026,5,PIE,FAR,3,0.0,1519.0
2026,5,PIE,FNT,24,0.0,1040.0
2026,5,PIE,FSD,10,0.0,1334.0
2026,5,PIE,FWA,15,0.0,912.0
2026,5,PIE,GRR,30,0.0,1044.0
2026,5,PIE,GSO,9,0.0,587.0
2026,5,PIE,GSP,12,0.0,482.0
2026,5,PIE,HGR,9,0.0,861.0
2026,5,PIE,HSV,9,0.0,523.0
2026,5,PIE,HTS,15,0.0,721.0
2026,5,PIE,IAG,9,0.0,1069.0
2026,5,PIE,ICT,3,0.0,1087.0
2026,5,PIE,IND,16,0.0,840.0
2026,5,PIE,LCK,15,0.0,821.0
2026,5,PIE,LEX,15,0.0,707.0
2026,5,PIE,LIT,3,0.0,734.0
2026,5,PIE,MCI,9,0.0,1045.0
2026,5,PIE,MDT,13,0.0,912.0
2026,5,PIE,MEM,9,0.0,653.0
2026,5,PIE,MLI,9,0.0,1033.0
2026,5,PIE,OMA,13,0.0,1188.0
2026,5,PIE,PBG,9,0.0,1262.0
2026,5,PIE,PIA,12,0.0,965.0
2026,5,PIE,PIT,13,0.0,878.0
2026,5,PIE,PSM,11,0.0,1239.0
2026,5,PIE,RFD,13,0.0,1049.0
2026,5,PIE,RIC,9,0.0,732.0
2026,5,PIE,ROA,9,0.0,668.0
2026,5,PIE,SBN,13,0.0,973.0
2026,5,PIE,SDF,8,0.0,729.0
2026,5,PIE,SGF,15,0.0,895.0
2026,5,PIE,SWF,9,0.0,1055.0
2026,5,PIE,SYR,9,0.0,1111.0
2026,5,PIE,TOL,12,0.0,945.0
2026,5,PIE,TRI,9,0.0,590.0
2026,5,PIE,TTN,10,0.0,964.0
2026,5,PIE,TUL,4,0.0,961.0
2026,5,PIE,TVC,9,0.0,1172.0
2026,5,PIE,TYS,48,0.0,550.0
2026,5,PIE,USA,18,0.0,528.0
2026,5,PIE,XNA,9,0.0,892.0
2026,5,PIH,SLC,54,0.0,149.0
2026,5,PIR,DEN,54,1.0,385.0
2026,5,PIT,ATL,243,3.0,526.0
2026,5,PIT,AUS,29,0.0,1210.0
2026,5,PIT,BNA,93,0.0,462.0
2026,5,PIT,BOS,204,0.0,496.0
2026,5,PIT,BWI,93,0.0,210.0
2026,5,PIT,CLT,186,0.0,366.0
2026,5,PIT,DAL,31,0.0,1060.0
2026,5,PIT,DCA,122,0.0,204.0
2026,5,PIT,DEN,119,1.0,1290.0
2026,5,PIT,DFW,133,4.0,1067.0
2026,5,PIT,DTW,79,0.0,201.0
2026,5,PIT,EWR,160,3.0,319.0
2026,5,PIT,EYW,9,0.0,1102.0
2026,5,PIT,FLL,65,0.0,994.0
2026,5,PIT,HOU,31,0.0,1131.0
2026,5,PIT,IAD,88,1.0,182.0
2026,5,PIT,IAH,69,0.0,1117.0
2026,5,PIT,JAX,12,0.0,694.0
2026,5,PIT,JFK,149,3.0,340.0
2026,5,PIT,LAS,66,0.0,1910.0
2026,5,PIT,LAX,57,0.0,2136.0
2026,5,PIT,LGA,259,3.0,335.0
2026,5,PIT,MCO,163,0.0,834.0
2026,5,PIT,MDW,87,0.0,402.0
2026,5,PIT,MIA,67,0.0,1013.0
2026,5,PIT,MLB,9,0.0,854.0
2026,5,PIT,MSP,96,0.0,726.0
2026,5,PIT,MYR,3,0.0,475.0
2026,5,PIT,ORD,396,4.0,413.0
2026,5,PIT,PBI,9,0.0,952.0
2026,5,PIT,PGD,15,0.0,941.0
2026,5,PIT,PHL,122,4.0,268.0
2026,5,PIT,PHX,68,0.0,1814.0
2026,5,PIT,PIE,13,0.0,878.0
2026,5,PIT,RDU,62,1.0,328.0
2026,5,PIT,RSW,35,0.0,966.0
2026,5,PIT,SAV,9,0.0,579.0
2026,5,PIT,SDF,1,0.0,335.0
2026,5,PIT,SEA,50,1.0,2125.0
2026,5,PIT,SFB,20,2.0,810.0
2026,5,PIT,SFO,57,0.0,2254.0
2026,5,PIT,SLC,31,0.0,1660.0
2026,5,PIT,SRQ,24,0.0,912.0
2026,5,PIT,STL,56,0.0,554.0
2026,5,PIT,TPA,80,0.0,873.0
2026,5,PIT,VPS,8,0.0,775.0
2026,5,PLN,DTW,54,8.0,243.0
2026,5,PLN,ORD,16,0.0,293.0
2026,5,PNS,ATL,265,4.0,272.0
2026,5,PNS,AUS,23,0.0,626.0
2026,5,PNS,BNA,88,0.0,391.0
2026,5,PNS,CLT,170,2.0,488.0
2026,5,PNS,DAL,40,0.0,592.0
2026,5,PNS,DCA,93,2.0,816.0
2026,5,PNS,DEN,86,0.0,1179.0
2026,5,PNS,DFW,174,6.0,604.0
2026,5,PNS,FLL,1,1.0,525.0
2026,5,PNS,HOU,35,0.0,488.0
2026,5,PNS,IAH,52,0.0,489.0
2026,5,PNS,MCI,31,0.0,743.0
2026,5,PNS,MCO,6,0.0,381.0
2026,5,PNS,MDW,10,0.0,781.0
2026,5,PNS,MIA,108,0.0,530.0
2026,5,PNS,ORD,82,2.0,794.0
2026,5,PNS,PHL,46,0.0,935.0
2026,5,PNS,STL,10,0.0,598.0
2026,5,PQI,BOS,31,1.0,332.0
2026,5,PRC,DEN,53,0.0,558.0
2026,5,PRC,LAX,31,0.0,346.0
2026,5,PSC,AZA,10,0.0,977.0
2026,5,PSC,DEN,62,0.0,853.0
2026,5,PSC,LAS,9,0.0,732.0
2026,5,PSC,LAX,31,0.0,851.0
2026,5,PSC,MSP,31,0.0,1254.0
2026,5,PSC,PHX,61,0.0,962.0
2026,5,PSC,SEA,130,0.0,172.0
2026,5,PSC,SFO,41,0.0,620.0
2026,5,PSC,SLC,113,0.0,521.0
2026,5,PSC,SNA,9,0.0,871.0
2026,5,PSE,MCO,60,0.0,1178.0
2026,5,PSG,JNU,31,1.0,123.0
2026,5,PSG,WRG,31,0.0,31.0
2026,5,PSM,PGD,22,1.0,1279.0
2026,5,PSM,PIE,11,0.0,1239.0
2026,5,PSM,SFB,14,0.0,1144.0
2026,5,PSP,ATL,6,0.0,1840.0
2026,5,PSP,AUS,5,0.0,1132.0
2026,5,PSP,BLI,6,0.0,1078.0
2026,5,PSP,DEN,180,2.0,776.0
2026,5,PSP,DFW,79,2.0,1126.0
2026,5,PSP,JFK,2,0.0,2378.0
2026,5,PSP,LAS,79,0.0,173.0
2026,5,PSP,LAX,31,0.0,110.0
2026,5,PSP,MSP,10,0.0,1454.0
2026,5,PSP,OAK,69,1.0,418.0
2026,5,PSP,ORD,60,1.0,1651.0
2026,5,PSP,PDX,55,0.0,873.0
2026,5,PSP,PHX,109,0.0,261.0
2026,5,PSP,SEA,123,2.0,987.0
2026,5,PSP,SFO,220,1.0,421.0
2026,5,PSP,SJC,31,0.0,390.0
2026,5,PSP,SLC,93,0.0,541.0
2026,5,PSP,SMF,48,1.0,439.0
2026,5,PSP,STS,9,0.0,478.0
2026,5,PVD,ATL,120,0.0,903.0
2026,5,PVD,BNA,31,0.0,906.0
2026,5,PVD,BWI,167,1.0,327.0
2026,5,PVD,CLT,116,0.0,684.0
2026,5,PVD,DCA,213,4.0,356.0
2026,5,PVD,DTW,19,0.0,615.0
2026,5,PVD,FLL,52,0.0,1188.0
2026,5,PVD,JFK,31,0.0,144.0
2026,5,PVD,MCO,174,1.0,1072.0
2026,5,PVD,MDW,77,0.0,842.0
2026,5,PVD,ORD,181,0.0,849.0
2026,5,PVD,PBI,44,0.0,1148.0
2026,5,PVD,PGD,13,0.0,1184.0
2026,5,PVD,PHL,69,2.0,237.0
2026,5,PVD,RSW,5,0.0,1200.0
2026,5,PVD,SJU,23,0.0,1636.0
2026,5,PVD,TPA,31,0.0,1136.0
2026,5,PVU,AUS,9,0.0,1051.0
2026,5,PVU,AZA,56,0.0,477.0
2026,5,PVU,BNA,9,0.0,1388.0
2026,5,PVU,BUR,9,0.0,553.0
2026,5,PVU,DFW,58,2.0,958.0
2026,5,PVU,HOU,10,0.0,1181.0
2026,5,PVU,MDW,4,0.0,1254.0
2026,5,PVU,PDX,3,0.0,664.0
2026,5,PVU,PHX,30,0.0,468.0
2026,5,PVU,SNA,40,0.0,565.0
2026,5,PWM,ATL,56,0.0,1027.0
2026,5,PWM,BNA,5,0.0,1010.0
2026,5,PWM,BWI,106,0.0,452.0
2026,5,PWM,CLT,75,0.0,813.0
2026,5,PWM,DCA,94,2.0,482.0
2026,5,PWM,DEN,28,0.0,1782.0
2026,5,PWM,DFW,11,1.0,1622.0
2026,5,PWM,DTW,61,1.0,668.0
2026,5,PWM,EWR,113,2.0,284.0
2026,5,PWM,IAD,119,0.0,493.0
2026,5,PWM,JFK,40,1.0,273.0
2026,5,PWM,LGA,130,1.0,269.0
2026,5,PWM,ORD,166,1.0,900.0
2026,5,PWM,PHL,52,1.0,364.0
2026,5,RAP,ATL,2,0.0,1231.0
2026,5,RAP,AZA,14,0.0,873.0
2026,5,RAP,CLT,11,0.0,1322.0
2026,5,RAP,DEN,261,3.0,301.0
2026,5,RAP,DFW,104,2.0,835.0
2026,5,RAP,IAH,2,0.0,1058.0
2026,5,RAP,LAS,9,0.0,843.0
2026,5,RAP,MSP,113,1.0,490.0
2026,5,RAP,ORD,104,2.0,780.0
2026,5,RAP,SFB,4,0.0,1600.0
2026,5,RDD,DEN,31,0.0,932.0
2026,5,RDD,LAX,32,0.0,501.0
2026,5,RDD,SFO,71,1.0,199.0
2026,5,RDM,BUR,31,0.0,709.0
2026,5,RDM,DEN,62,0.0,898.0
2026,5,RDM,LAX,39,0.0,726.0
2026,5,RDM,PDX,31,0.0,116.0
2026,5,RDM,PHX,78,0.0,893.0
2026,5,RDM,SAN,19,0.0,823.0
2026,5,RDM,SEA,162,1.0,228.0
2026,5,RDM,SFO,99,1.0,462.0
2026,5,RDM,SLC,62,0.0,525.0
2026,5,RDU,ATL,390,4.0,356.0
2026,5,RDU,AUS,44,0.0,1162.0
2026,5,RDU,BNA,192,0.0,442.0
2026,5,RDU,BOS,260,1.0,612.0
2026,5,RDU,BUF,10,0.0,487.0
2026,5,RDU,BWI,149,0.0,256.0
2026,5,RDU,CLE,21,0.0,416.0
2026,5,RDU,CLT,267,0.0,130.0
2026,5,RDU,DAL,35,1.0,1052.0
2026,5,RDU,DCA,166,6.0,227.0
2026,5,RDU,DEN,155,1.0,1436.0
2026,5,RDU,DFW,202,6.0,1061.0
2026,5,RDU,DTW,121,2.0,501.0
2026,5,RDU,EWR,174,2.0,416.0
2026,5,RDU,FLL,111,0.0,680.0
2026,5,RDU,HOU,35,0.0,1050.0
2026,5,RDU,IAD,112,0.0,225.0
2026,5,RDU,IAH,76,0.0,1042.0
2026,5,RDU,JFK,163,1.0,427.0
2026,5,RDU,LAS,62,0.0,2026.0
2026,5,RDU,LAX,70,0.0,2239.0
2026,5,RDU,LGA,207,4.0,431.0
2026,5,RDU,MCI,4,0.0,904.0
2026,5,RDU,MCO,229,1.0,534.0
2026,5,RDU,MDW,80,0.0,632.0
2026,5,RDU,MIA,203,0.0,700.0
2026,5,RDU,MSP,118,2.0,980.0
2026,5,RDU,MSY,5,0.0,779.0
2026,5,RDU,ORD,374,4.0,646.0
2026,5,RDU,PHL,247,4.0,337.0
2026,5,RDU,PHX,87,0.0,1891.0
2026,5,RDU,PIT,61,1.0,328.0
2026,5,RDU,SAN,31,0.0,2193.0
2026,5,RDU,SEA,93,1.0,2354.0
2026,5,RDU,SFO,85,0.0,2400.0
2026,5,RDU,SJU,39,0.0,1432.0
2026,5,RDU,SLC,31,0.0,1824.0
2026,5,RDU,STL,65,0.0,668.0
2026,5,RDU,TPA,110,1.0,587.0
2026,5,RFD,AZA,15,0.0,1373.0
2026,5,RFD,BNA,4,0.0,438.0
2026,5,RFD,FLL,9,0.0,1222.0
2026,5,RFD,LAS,9,0.0,1455.0
2026,5,RFD,PGD,18,0.0,1127.0
2026,5,RFD,PIE,13,0.0,1049.0
2026,5,RFD,SFB,13,0.0,1025.0
2026,5,RFD,SRQ,9,0.0,1085.0
2026,5,RHI,MSP,62,0.0,190.0
2026,5,RHI,ORD,6,0.0,264.0
2026,5,RIC,ATL,234,0.0,481.0
2026,5,RIC,BNA,44,0.0,527.0
2026,5,RIC,BOS,149,0.0,473.0
2026,5,RIC,BWI,62,0.0,120.0
2026,5,RIC,CLT,212,0.0,257.0
2026,5,RIC,DEN,74,1.0,1481.0
2026,5,RIC,DFW,90,3.0,1158.0
2026,5,RIC,DTW,39,0.0,455.0
2026,5,RIC,EWR,41,1.0,277.0
2026,5,RIC,FLL,54,0.0,806.0
2026,5,RIC,IAH,10,0.0,1157.0
2026,5,RIC,LGA,211,5.0,291.0
2026,5,RIC,MCO,78,0.0,667.0
2026,5,RIC,MDW,31,0.0,629.0
2026,5,RIC,MIA,60,0.0,826.0
2026,5,RIC,MSP,1,0.0,969.0
2026,5,RIC,ORD,211,3.0,642.0
2026,5,RIC,PIE,9,0.0,732.0
2026,5,RIC,SJU,13,0.0,1482.0
2026,5,RIW,DEN,62,1.0,296.0
2026,5,RKS,DEN,62,1.0,260.0
2026,5,RNO,ATL,31,0.0,1993.0
2026,5,RNO,AUS,18,0.0,1405.0
2026,5,RNO,BUR,35,0.0,374.0
2026,5,RNO,DEN,192,1.0,804.0
2026,5,RNO,DFW,115,4.0,1345.0
2026,5,RNO,IAH,2,0.0,1530.0
2026,5,RNO,LAS,316,3.0,345.0
2026,5,RNO,LAX,216,0.0,390.0
2026,5,RNO,LGB,48,0.0,402.0
2026,5,RNO,ORD,31,0.0,1671.0
2026,5,RNO,PDX,31,0.0,444.0
2026,5,RNO,PHX,196,0.0,601.0
2026,5,RNO,SAN,109,2.0,488.0
2026,5,RNO,SEA,88,0.0,564.0
2026,5,RNO,SFO,170,1.0,192.0
2026,5,RNO,SJC,17,0.0,188.0
2026,5,RNO,SLC,93,1.0,422.0
2026,5,ROA,ATL,41,0.0,357.0
2026,5,ROA,CLT,5,0.0,155.0
2026,5,ROA,LGA,31,1.0,405.0
2026,5,ROA,ORD,61,1.0,530.0
2026,5,ROA,PIE,9,0.0,668.0
2026,5,ROA,SFB,9,0.0,594.0
2026,5,ROC,ATL,91,0.0,749.0
2026,5,ROC,BOS,87,0.0,343.0
2026,5,ROC,BWI,93,0.0,277.0
2026,5,ROC,CLT,92,0.0,573.0
2026,5,ROC,DCA,91,3.0,296.0
2026,5,ROC,DTW,2,0.0,296.0
2026,5,ROC,EWR,81,2.0,246.0
2026,5,ROC,FLL,1,0.0,1183.0
2026,5,ROC,JFK,42,1.0,264.0
2026,5,ROC,MCO,53,0.0,1033.0
2026,5,ROC,MDW,57,0.0,523.0
2026,5,ROC,ORD,222,3.0,528.0
2026,5,ROC,PGD,5,0.0,1143.0
2026,5,ROC,SRQ,8,0.0,1118.0
2026,5,ROC,TPA,5,0.0,1079.0
2026,5,ROW,DEN,62,1.0,452.0
2026,5,ROW,DFW,71,3.0,435.0
2026,5,RST,MSP,75,1.0,76.0
2026,5,RST,ORD,93,4.0,268.0
2026,5,RSW,ABE,9,0.0,1038.0
2026,5,RSW,ACY,1,0.0,982.0
2026,5,RSW,ATL,234,2.0,515.0
2026,5,RSW,ATW,6,0.0,1279.0
2026,5,RSW,BDL,31,0.0,1180.0
2026,5,RSW,BNA,92,0.0,722.0
2026,5,RSW,BOS,186,0.0,1249.0
2026,5,RSW,BUF,22,0.0,1144.0
2026,5,RSW,BWI,136,1.0,919.0
2026,5,RSW,CLE,71,0.0,1025.0
2026,5,RSW,CLT,164,0.0,600.0
2026,5,RSW,CMH,36,0.0,930.0
2026,5,RSW,CVG,46,0.0,879.0
2026,5,RSW,DCA,82,0.0,892.0
2026,5,RSW,DEN,95,1.0,1607.0
2026,5,RSW,DFW,123,3.0,1017.0
2026,5,RSW,DSM,6,0.0,1236.0
2026,5,RSW,DTW,105,2.0,1084.0
2026,5,RSW,EWR,176,0.0,1068.0
2026,5,RSW,HPN,48,0.0,1102.0
2026,5,RSW,IAD,46,0.0,891.0
2026,5,RSW,IAH,80,0.0,861.0
2026,5,RSW,IND,66,0.0,945.0
2026,5,RSW,JFK,92,2.0,1074.0
2026,5,RSW,LGA,82,1.0,1080.0
2026,5,RSW,MCI,10,0.0,1155.0
2026,5,RSW,MCO,57,0.0,133.0
2026,5,RSW,MDW,92,1.0,1105.0
2026,5,RSW,MHT,1,0.0,1271.0
2026,5,RSW,MKE,31,0.0,1183.0
2026,5,RSW,MSP,99,1.0,1416.0
2026,5,RSW,ORD,232,0.0,1120.0
2026,5,RSW,PHL,114,0.0,993.0
2026,5,RSW,PIT,35,0.0,966.0
2026,5,RSW,PVD,5,0.0,1200.0
2026,5,RSW,SLC,6,1.0,1985.0
2026,5,RSW,STL,85,0.0,979.0
2026,5,SAF,DEN,155,1.0,303.0
2026,5,SAF,DFW,156,7.0,551.0
2026,5,SAF,LAX,31,0.0,710.0
2026,5,SAF,PHX,48,0.0,370.0
2026,5,SAN,ABQ,57,0.0,628.0
2026,5,SAN,ANC,3,0.0,2452.0
2026,5,SAN,ATL,185,1.0,1892.0
2026,5,SAN,AUS,236,2.0,1164.0
2026,5,SAN,BNA,101,1.0,1751.0
2026,5,SAN,BOI,101,0.0,749.0
2026,5,SAN,BOS,164,0.0,2588.0
2026,5,SAN,BWI,106,1.0,2295.0
2026,5,SAN,CLT,124,0.0,2077.0
2026,5,SAN,CMH,18,0.0,1964.0
2026,5,SAN,COS,18,0.0,816.0
2026,5,SAN,DAL,135,1.0,1182.0
2026,5,SAN,DCA,31,0.0,2276.0
2026,5,SAN,DEN,515,2.0,853.0
2026,5,SAN,DFW,374,8.0,1171.0
2026,5,SAN,DTW,112,1.0,1956.0
2026,5,SAN,ELP,26,0.0,636.0
2026,5,SAN,EUG,57,0.0,850.0
2026,5,SAN,EWR,135,1.0,2425.0
2026,5,SAN,FAT,160,1.0,314.0
2026,5,SAN,FLL,12,0.0,2269.0
2026,5,SAN,GEG,36,0.0,1027.0
2026,5,SAN,HNL,152,2.0,2614.0
2026,5,SAN,HOU,87,0.0,1313.0
2026,5,SAN,IAD,120,0.0,2253.0
2026,5,SAN,IAH,149,0.0,1303.0
2026,5,SAN,IND,17,0.0,1782.0
2026,5,SAN,JFK,208,2.0,2446.0
2026,5,SAN,KOA,31,0.0,2556.0
2026,5,SAN,LAS,403,4.0,258.0
2026,5,SAN,LAX,224,0.0,109.0
2026,5,SAN,LIH,31,0.0,2676.0
2026,5,SAN,MCI,31,0.0,1334.0
2026,5,SAN,MCO,116,0.0,2149.0
2026,5,SAN,MDW,105,2.0,1728.0
2026,5,SAN,MFR,31,0.0,734.0
2026,5,SAN,MIA,62,0.0,2267.0
2026,5,SAN,MKE,17,0.0,1739.0
2026,5,SAN,MRY,23,0.0,375.0
2026,5,SAN,MSP,112,0.0,1532.0
2026,5,SAN,MSY,31,0.0,1600.0
2026,5,SAN,OAK,336,1.0,446.0
2026,5,SAN,OGG,93,0.0,2540.0
2026,5,SAN,OMA,5,0.0,1313.0
2026,5,SAN,ORD,364,2.0,1723.0
2026,5,SAN,PDX,155,0.0,933.0
2026,5,SAN,PHL,90,0.0,2370.0
2026,5,SAN,PHX,554,5.0,304.0
2026,5,SAN,RDM,19,0.0,823.0
2026,5,SAN,RDU,31,0.0,2193.0
2026,5,SAN,RNO,109,2.0,488.0
2026,5,SAN,SAT,57,0.0,1129.0
2026,5,SAN,SBA,62,1.0,192.0
2026,5,SAN,SBP,32,1.0,263.0
2026,5,SAN,SEA,428,8.0,1050.0
2026,5,SAN,SFO,540,5.0,447.0
2026,5,SAN,SJC,431,1.0,417.0
2026,5,SAN,SLC,240,2.0,626.0
2026,5,SAN,SMF,466,2.0,480.0
2026,5,SAN,STL,36,0.0,1557.0
2026,5,SAN,STS,125,0.0,508.0
2026,5,SAN,TPA,62,0.0,2087.0
2026,5,SAN,TUS,56,0.0,367.0
2026,5,SAT,ATL,259,12.0,874.0
2026,5,SAT,BNA,88,0.0,822.0
2026,5,SAT,BOS,31,1.0,1764.0
2026,5,SAT,BWI,52,0.0,1407.0
2026,5,SAT,CLT,121,0.0,1095.0
2026,5,SAT,DAL,252,5.0,247.0
2026,5,SAT,DCA,31,0.0,1380.0
2026,5,SAT,DEN,266,0.0,794.0
2026,5,SAT,DFW,390,21.0,247.0
2026,5,SAT,DTW,87,2.0,1214.0
2026,5,SAT,ELP,62,0.0,496.0
2026,5,SAT,EWR,54,1.0,1569.0
2026,5,SAT,FLL,1,0.0,1145.0
2026,5,SAT,HOU,103,0.0,192.0
2026,5,SAT,IAD,50,0.0,1362.0
2026,5,SAT,IAH,184,0.0,191.0
2026,5,SAT,JFK,31,0.0,1587.0
2026,5,SAT,LAS,175,1.0,1069.0
2026,5,SAT,LAX,149,3.0,1211.0
2026,5,SAT,MCI,30,0.0,706.0
2026,5,SAT,MCO,63,0.0,1041.0
2026,5,SAT,MDW,62,0.0,1036.0
2026,5,SAT,MIA,54,0.0,1143.0
2026,5,SAT,MSP,87,0.0,1097.0
2026,5,SAT,MSY,30,0.0,495.0
2026,5,SAT,ORD,179,2.0,1041.0
2026,5,SAT,PHL,39,0.0,1496.0
2026,5,SAT,PHX,230,0.0,843.0
2026,5,SAT,SAN,57,0.0,1129.0
2026,5,SAT,SEA,50,0.0,1774.0
2026,5,SAT,SFO,45,0.0,1482.0
2026,5,SAT,SLC,86,0.0,1087.0
2026,5,SAT,STL,56,0.0,786.0
2026,5,SAT,TPA,31,0.0,972.0
2026,5,SAV,ATL,290,3.0,215.0
2026,5,SAV,ATW,8,0.0,926.0
2026,5,SAV,BLV,3,0.0,658.0
2026,5,SAV,BNA,87,0.0,417.0
2026,5,SAV,BOS,107,0.0,901.0
2026,5,SAV,BWI,97,0.0,548.0
2026,5,SAV,CAK,12,0.0,606.0
2026,5,SAV,CLT,161,1.0,213.0
2026,5,SAV,CVG,16,0.0,515.0
2026,5,SAV,DAL,31,0.0,915.0
2026,5,SAV,DCA,102,2.0,519.0
2026,5,SAV,DEN,36,2.0,1414.0
2026,5,SAV,DFW,112,3.0,925.0
2026,5,SAV,DTW,62,0.0,705.0
2026,5,SAV,EWR,82,2.0,708.0
2026,5,SAV,FLL,2,0.0,422.0
2026,5,SAV,GRR,3,0.0,778.0
2026,5,SAV,HOU,18,0.0,853.0
2026,5,SAV,IAD,11,0.0,516.0
2026,5,SAV,IND,9,0.0,596.0
2026,5,SAV,JFK,42,0.0,717.0
2026,5,SAV,LCK,12,0.0,539.0
2026,5,SAV,LGA,87,2.0,722.0
2026,5,SAV,MDW,36,0.0,758.0
2026,5,SAV,MIA,58,0.0,440.0
2026,5,SAV,MSP,31,1.0,1092.0
2026,5,SAV,ORD,174,1.0,773.0
2026,5,SAV,PHL,95,2.0,630.0
2026,5,SAV,PIT,9,0.0,579.0
2026,5,SAV,STL,10,0.0,689.0
2026,5,SBA,DEN,88,0.0,916.0
2026,5,SBA,DFW,31,1.0,1316.0
2026,5,SBA,LAS,79,0.0,289.0
2026,5,SBA,LAX,61,0.0,89.0
2026,5,SBA,OAK,31,0.0,263.0
2026,5,SBA,ORD,31,0.0,1803.0
2026,5,SBA,PDX,19,0.0,784.0
2026,5,SBA,PHX,116,0.0,455.0
2026,5,SBA,SAN,62,1.0,192.0
2026,5,SBA,SEA,23,0.0,908.0
2026,5,SBA,SFO,151,2.0,262.0
2026,5,SBA,SLC,93,0.0,615.0
2026,5,SBA,SMF,31,0.0,310.0
2026,5,SBN,ATL,87,1.0,566.0
2026,5,SBN,AZA,11,0.0,1501.0
2026,5,SBN,CLT,92,1.0,534.0
2026,5,SBN,DFW,93,4.0,846.0
2026,5,SBN,DTW,62,0.0,157.0
2026,5,SBN,FLL,9,0.0,1134.0
2026,5,SBN,LAS,9,0.0,1594.0
2026,5,SBN,MSP,31,0.0,411.0
2026,5,SBN,ORD,253,3.0,84.0
2026,5,SBN,PGD,18,0.0,1049.0
2026,5,SBN,PIE,13,0.0,973.0
2026,5,SBN,SFB,22,0.0,936.0
2026,5,SBN,SRQ,10,0.0,1009.0
2026,5,SBP,DEN,62,0.0,931.0
2026,5,SBP,DFW,31,0.0,1360.0
2026,5,SBP,LAX,62,0.0,155.0
2026,5,SBP,PDX,19,0.0,722.0
2026,5,SBP,PHX,103,0.0,509.0
2026,5,SBP,SAN,31,1.0,263.0
2026,5,SBP,SEA,19,0.0,847.0
2026,5,SBP,SFO,97,1.0,191.0
2026,5,SCC,ANC,42,0.0,626.0
2026,5,SCE,IAD,20,1.0,132.0
2026,5,SCE,ORD,59,2.0,528.0
2026,5,SCE,PHL,4,0.0,153.0
2026,5,SCK,LAS,30,0.0,359.0
2026,5,SCK,PHX,9,0.0,603.0
2026,5,SDF,ATL,263,4.0,321.0
2026,5,SDF,AUS,2,0.0,876.0
2026,5,SDF,BNA,62,0.0,151.0
2026,5,SDF,BOS,64,0.0,829.0
2026,5,SDF,BWI,80,0.0,495.0
2026,5,SDF,CLT,165,0.0,335.0
2026,5,SDF,DAL,27,0.0,725.0
2026,5,SDF,DCA,90,0.0,474.0
2026,5,SDF,DEN,95,0.0,1024.0
2026,5,SDF,DFW,183,5.0,733.0
2026,5,SDF,DTW,118,0.0,306.0
2026,5,SDF,EWR,91,2.0,642.0
2026,5,SDF,FLL,12,0.0,895.0
2026,5,SDF,GUF,3,0.0,555.0
2026,5,SDF,HOU,32,0.0,803.0
2026,5,SDF,IAD,42,0.0,451.0
2026,5,SDF,IAH,3,0.0,788.0
2026,5,SDF,JAX,1,0.0,577.0
2026,5,SDF,JFK,2,0.0,662.0
2026,5,SDF,LAS,33,0.0,1624.0
2026,5,SDF,LAX,6,0.0,1843.0
2026,5,SDF,LGA,116,2.0,659.0
2026,5,SDF,MCI,1,0.0,491.0
2026,5,SDF,MCO,62,0.0,719.0
2026,5,SDF,MDW,85,0.0,271.0
2026,5,SDF,MIA,37,0.0,910.0
2026,5,SDF,MSP,118,0.0,604.0
2026,5,SDF,MSY,1,0.0,620.0
2026,5,SDF,ORD,312,7.0,286.0
2026,5,SDF,PBI,1,0.0,857.0
2026,5,SDF,PGD,12,0.0,806.0
2026,5,SDF,PHL,70,0.0,577.0
2026,5,SDF,PHX,34,0.0,1506.0
2026,5,SDF,PIE,8,0.0,729.0
2026,5,SDF,PIT,1,0.0,335.0
2026,5,SDF,RDU,1,0.0,416.0
2026,5,SDF,SFB,11,0.0,698.0
2026,5,SDF,SFO,1,0.0,1990.0
2026,5,SDF,SLC,1,0.0,1409.0
2026,5,SDF,SNA,1,0.0,1819.0
2026,5,SDF,SRQ,10,0.0,765.0
2026,5,SDF,TPA,36,0.0,727.0
2026,5,SDF,VPS,11,0.0,532.0
2026,5,SEA,ABQ,57,0.0,1180.0
2026,5,SEA,ACV,31,0.0,456.0
2026,5,SEA,ANC,587,1.0,1448.0
2026,5,SEA,ATL,298,0.0,2182.0
2026,5,SEA,AUS,185,0.0,1770.0
2026,5,SEA,BLI,93,0.0,93.0
2026,5,SEA,BNA,143,1.0,1978.0
2026,5,SEA,BOI,363,0.0,399.0
2026,5,SEA,BOS,254,1.0,2496.0
2026,5,SEA,BUR,143,6.0,937.0
2026,5,SEA,BWI,58,0.0,2335.0
2026,5,SEA,BZN,124,0.0,543.0
2026,5,SEA,CHS,31,0.0,2415.0
2026,5,SEA,CLE,46,0.0,2021.0
2026,5,SEA,CLT,112,0.0,2279.0
2026,5,SEA,CMH,45,0.0,2016.0
2026,5,SEA,CVG,62,0.0,1965.0
2026,5,SEA,DAL,31,0.0,1670.0
2026,5,SEA,DCA,93,0.0,2329.0
2026,5,SEA,DEN,546,1.0,1024.0
2026,5,SEA,DFW,482,7.0,1660.0
2026,5,SEA,DTW,204,1.0,1927.0
2026,5,SEA,EUG,131,0.0,234.0
2026,5,SEA,EWR,213,0.0,2402.0
2026,5,SEA,FAI,174,0.0,1533.0
2026,5,SEA,FAT,81,0.0,748.0
2026,5,SEA,FCA,10,0.0,379.0
2026,5,SEA,FLL,62,0.0,2717.0
2026,5,SEA,GEG,414,1.0,224.0
2026,5,SEA,HNL,247,2.0,2677.0
2026,5,SEA,IAD,202,0.0,2305.0
2026,5,SEA,IAH,184,0.0,1874.0
2026,5,SEA,IDA,39,0.0,566.0
2026,5,SEA,IND,62,0.0,1866.0
2026,5,SEA,JAC,6,0.0,621.0
2026,5,SEA,JFK,263,5.0,2422.0
2026,5,SEA,JNU,131,0.0,909.0
2026,5,SEA,KOA,112,0.0,2688.0
2026,5,SEA,KTN,112,1.0,680.0
2026,5,SEA,LAS,497,4.0,867.0
2026,5,SEA,LAX,677,1.0,954.0
2026,5,SEA,LIH,93,0.0,2700.0
2026,5,SEA,LWS,31,0.0,262.0
2026,5,SEA,MCI,109,1.0,1490.0
2026,5,SEA,MCO,154,2.0,2554.0
2026,5,SEA,MDW,62,0.0,1733.0
2026,5,SEA,MFR,131,0.0,352.0
2026,5,SEA,MIA,104,0.0,2724.0
2026,5,SEA,MKE,55,0.0,1694.0
2026,5,SEA,MRY,12,0.0,750.0
2026,5,SEA,MSO,43,0.0,389.0
2026,5,SEA,MSP,225,2.0,1399.0
2026,5,SEA,MSY,62,0.0,2086.0
2026,5,SEA,OAK,124,1.0,672.0
2026,5,SEA,OGG,155,1.0,2639.0
2026,5,SEA,OKC,31,0.0,1519.0
2026,5,SEA,OMA,58,0.0,1368.0
2026,5,SEA,ONT,249,2.0,956.0
2026,5,SEA,ORD,562,0.0,1721.0
2026,5,SEA,PDX,391,0.0,129.0
2026,5,SEA,PHL,158,0.0,2379.0
2026,5,SEA,PHX,623,2.0,1107.0
2026,5,SEA,PIT,51,0.0,2125.0
2026,5,SEA,PSC,130,0.0,172.0
2026,5,SEA,PSP,123,2.0,987.0
2026,5,SEA,RDM,161,0.0,228.0
2026,5,SEA,RDU,93,0.0,2354.0
2026,5,SEA,RNO,88,0.0,564.0
2026,5,SEA,SAN,427,4.0,1050.0
2026,5,SEA,SAT,51,0.0,1774.0
2026,5,SEA,SBA,23,0.0,908.0
2026,5,SEA,SBP,19,0.0,847.0
2026,5,SEA,SFO,591,8.0,679.0
2026,5,SEA,SIT,39,0.0,861.0
2026,5,SEA,SJC,355,1.0,696.0
2026,5,SEA,SLC,338,1.0,689.0
2026,5,SEA,SMF,389,0.0,605.0
2026,5,SEA,SNA,353,1.0,978.0
2026,5,SEA,STL,81,0.0,1709.0
2026,5,SEA,STS,31,0.0,618.0
2026,5,SEA,TPA,92,0.0,2520.0
2026,5,SEA,TUS,92,0.0,1215.0
2026,5,SFB,ABE,49,0.0,882.0
2026,5,SFB,ACY,9,0.0,829.0
2026,5,SFB,ALB,9,0.0,1049.0
2026,5,SFB,ATW,16,0.0,1141.0
2026,5,SFB,AUS,4,0.0,994.0
2026,5,SFB,AVL,36,0.0,465.0
2026,5,SFB,BGR,23,0.0,1299.0
2026,5,SFB,BLV,16,1.0,835.0
2026,5,SFB,BMI,10,0.0,917.0
2026,5,SFB,BNA,11,0.0,598.0
2026,5,SFB,CAK,9,0.0,837.0
2026,5,SFB,CHA,9,0.0,490.0
2026,5,SFB,CID,11,0.0,1078.0
2026,5,SFB,CKB,9,0.0,727.0
2026,5,SFB,CVG,31,0.0,735.0
2026,5,SFB,DAY,9,0.0,785.0
2026,5,SFB,DSM,16,0.0,1124.0
2026,5,SFB,ELM,11,0.0,954.0
2026,5,SFB,EVV,12,0.0,734.0
2026,5,SFB,EYW,12,0.0,292.0
2026,5,SFB,FAR,9,0.0,1508.0
2026,5,SFB,FNT,23,0.0,988.0
2026,5,SFB,FSD,10,0.0,1334.0
2026,5,SFB,FWA,12,0.0,870.0
2026,5,SFB,GRR,28,0.0,1001.0
2026,5,SFB,GSP,12,0.0,426.0
2026,5,SFB,HGR,9,0.0,780.0
2026,5,SFB,HSV,8,0.0,519.0
2026,5,SFB,HTS,12,0.0,665.0
2026,5,SFB,IAG,6,0.0,996.0
2026,5,SFB,ICT,10,0.0,1117.0
2026,5,SFB,IND,18,0.0,807.0
2026,5,SFB,LAS,5,0.0,2034.0
2026,5,SFB,LCK,13,0.0,767.0
2026,5,SFB,LEX,19,0.0,667.0
2026,5,SFB,LIT,4,0.0,765.0
2026,5,SFB,LSE,4,0.0,1180.0
2026,5,SFB,MDT,23,0.0,827.0
2026,5,SFB,MEM,10,0.0,671.0
2026,5,SFB,MFE,11,0.0,1059.0
2026,5,SFB,MLI,9,0.0,1018.0
2026,5,SFB,OKC,2,0.0,1061.0
2026,5,SFB,OMA,11,0.0,1195.0
2026,5,SFB,PBG,9,0.0,1175.0
2026,5,SFB,PIA,10,0.0,949.0
2026,5,SFB,PIT,18,0.0,810.0
2026,5,SFB,PSM,14,0.0,1144.0
2026,5,SFB,RAP,4,0.0,1600.0
2026,5,SFB,RFD,13,0.0,1025.0
2026,5,SFB,ROA,9,0.0,594.0
2026,5,SFB,SBN,22,0.0,936.0
2026,5,SFB,SDF,11,0.0,698.0
2026,5,SFB,SGF,13,0.0,914.0
2026,5,SFB,SHV,2,0.0,791.0
2026,5,SFB,SWF,9,0.0,965.0
2026,5,SFB,SYR,9,0.0,1029.0
2026,5,SFB,TOL,9,0.0,895.0
2026,5,SFB,TRI,12,0.0,535.0
2026,5,SFB,TUL,10,0.0,995.0
2026,5,SFB,TVC,9,0.0,1127.0
2026,5,SFB,TYS,49,0.0,511.0
2026,5,SFB,USA,18,0.0,457.0
2026,5,SFB,XNA,12,0.0,920.0
2026,5,SFO,ABQ,76,1.0,896.0
2026,5,SFO,ACV,114,3.0,250.0
2026,5,SFO,ANC,31,0.0,2018.0
2026,5,SFO,ASE,11,0.0,848.0
2026,5,SFO,ATL,285,1.0,2139.0
2026,5,SFO,AUS,253,1.0,1504.0
2026,5,SFO,BFL,42,0.0,238.0
2026,5,SFO,BIH,7,1.0,221.0
2026,5,SFO,BNA,114,0.0,1969.0
2026,5,SFO,BOI,146,0.0,522.0
2026,5,SFO,BOS,439,0.0,2704.0
2026,5,SFO,BUR,289,5.0,326.0
2026,5,SFO,BWI,87,0.0,2457.0
2026,5,SFO,BZN,31,0.0,807.0
2026,5,SFO,CLD,62,0.0,422.0
2026,5,SFO,CLE,41,0.0,2161.0
2026,5,SFO,CLT,143,0.0,2296.0
2026,5,SFO,CMH,38,1.0,2120.0
2026,5,SFO,DAL,31,0.0,1476.0
2026,5,SFO,DCA,93,0.0,2442.0
2026,5,SFO,DEN,483,0.0,967.0
2026,5,SFO,DFW,400,14.0,1464.0
2026,5,SFO,DTW,156,0.0,2079.0
2026,5,SFO,EUG,86,1.0,451.0
2026,5,SFO,EWR,404,4.0,2565.0
2026,5,SFO,FAT,107,0.0,158.0
2026,5,SFO,FCA,11,1.0,844.0
2026,5,SFO,FLL,93,0.0,2584.0
2026,5,SFO,GEG,70,1.0,733.0
2026,5,SFO,HNL,215,1.0,2398.0
2026,5,SFO,IAD,268,0.0,2418.0
2026,5,SFO,IAH,307,0.0,1635.0
2026,5,SFO,IND,59,0.0,1943.0
2026,5,SFO,JAC,21,1.0,737.0
2026,5,SFO,JFK,593,4.0,2586.0
2026,5,SFO,KOA,105,0.0,2368.0
2026,5,SFO,LAS,535,3.0,414.0
2026,5,SFO,LAX,1028,15.0,337.0
2026,5,SFO,LIH,74,0.0,2446.0
2026,5,SFO,MCI,31,0.0,1499.0
2026,5,SFO,MCO,117,0.0,2446.0
2026,5,SFO,MDW,62,0.0,1855.0
2026,5,SFO,MFR,84,1.0,329.0
2026,5,SFO,MIA,164,0.0,2585.0
2026,5,SFO,MRY,71,1.0,77.0
2026,5,SFO,MSO,11,0.0,769.0
2026,5,SFO,MSP,168,2.0,1589.0
2026,5,SFO,MSY,44,0.0,1911.0
2026,5,SFO,OGG,146,0.0,2338.0
2026,5,SFO,OMA,34,0.0,1433.0
2026,5,SFO,ONT,127,2.0,363.0
2026,5,SFO,ORD,559,1.0,1846.0
2026,5,SFO,OTH,31,0.0,412.0
2026,5,SFO,PDX,299,0.0,550.0
2026,5,SFO,PHL,210,2.0,2522.0
2026,5,SFO,PHX,417,1.0,651.0
2026,5,SFO,PIT,57,0.0,2254.0
2026,5,SFO,PSC,42,0.0,620.0
2026,5,SFO,PSP,213,3.0,421.0
2026,5,SFO,RDD,71,1.0,199.0
2026,5,SFO,RDM,100,2.0,462.0
2026,5,SFO,RDU,86,0.0,2400.0
2026,5,SFO,RNO,170,2.0,192.0
2026,5,SFO,SAN,529,6.0,447.0
2026,5,SFO,SAT,45,0.0,1482.0
2026,5,SFO,SBA,150,3.0,262.0
2026,5,SFO,SBP,96,1.0,191.0
2026,5,SFO,SDF,1,0.0,1990.0
2026,5,SFO,SEA,594,5.0,679.0
2026,5,SFO,SLC,306,3.0,599.0
2026,5,SFO,SMF,112,1.0,86.0
2026,5,SFO,SNA,400,8.0,372.0
2026,5,SFO,STL,71,0.0,1735.0
2026,5,SFO,SUN,10,0.0,587.0
2026,5,SFO,TPA,54,0.0,2393.0
2026,5,SFO,TUS,83,0.0,751.0
2026,5,SFO,XNA,1,0.0,1550.0
2026,5,SGF,ATL,51,2.0,563.0
2026,5,SGF,AZA,14,0.0,1066.0
2026,5,SGF,CLT,102,0.0,708.0
2026,5,SGF,DEN,120,0.0,637.0
2026,5,SGF,DFW,271,14.0,364.0
2026,5,SGF,GUF,3,0.0,581.0
2026,5,SGF,LAS,11,0.0,1209.0
2026,5,SGF,MIA,2,0.0,1102.0
2026,5,SGF,ORD,120,1.0,438.0
2026,5,SGF,PGD,9,0.0,975.0
2026,5,SGF,PHX,2,0.0,1082.0
2026,5,SGF,PIE,15,0.0,895.0
2026,5,SGF,SFB,13,0.0,914.0
2026,5,SGF,VPS,6,0.0,610.0
2026,5,SGU,DEN,93,0.0,517.0
2026,5,SGU,DFW,57,0.0,976.0
2026,5,SGU,LAX,18,0.0,349.0
2026,5,SGU,ORD,2,0.0,1404.0
2026,5,SGU,PHX,83,0.0,262.0
2026,5,SGU,SLC,163,0.0,272.0
2026,5,SHD,CLT,25,0.0,239.0
2026,5,SHD,ORD,31,0.0,541.0
2026,5,SHR,DEN,76,1.0,359.0
2026,5,SHV,ATL,119,2.0,552.0
2026,5,SHV,BNA,4,0.0,481.0
2026,5,SHV,CLT,60,1.0,764.0
2026,5,SHV,DEN,42,0.0,792.0
2026,5,SHV,DFW,194,8.0,190.0
2026,5,SHV,IAH,91,0.0,192.0
2026,5,SHV,LAS,9,0.0,1243.0
2026,5,SHV,SFB,2,0.0,791.0
2026,5,SHV,VPS,3,0.0,452.0
2026,5,SIT,JNU,62,1.0,95.0
2026,5,SIT,KTN,31,0.0,183.0
2026,5,SIT,SEA,38,0.0,861.0
2026,5,SJC,ATL,81,1.0,2116.0
2026,5,SJC,AUS,104,0.0,1476.0
2026,5,SJC,BOI,47,0.0,523.0
2026,5,SJC,BUR,166,2.0,296.0
2026,5,SJC,BWI,31,0.0,2439.0
2026,5,SJC,DAL,31,0.0,1450.0
2026,5,SJC,DEN,197,1.0,948.0
2026,5,SJC,DFW,93,2.0,1438.0
2026,5,SJC,EUG,30,0.0,471.0
2026,5,SJC,GEG,22,0.0,742.0
2026,5,SJC,HNL,62,0.0,2417.0
2026,5,SJC,HOU,31,0.0,1621.0
2026,5,SJC,IAH,31,0.0,1608.0
2026,5,SJC,KOA,13,0.0,2384.0
2026,5,SJC,LAS,303,2.0,386.0
2026,5,SJC,LAX,382,2.0,308.0
2026,5,SJC,LGB,118,0.0,324.0
2026,5,SJC,LIH,18,0.0,2465.0
2026,5,SJC,MDW,57,0.0,1838.0
2026,5,SJC,MSP,50,0.0,1575.0
2026,5,SJC,OGG,41,0.0,2355.0
2026,5,SJC,ONT,110,0.0,333.0
2026,5,SJC,ORD,31,0.0,1829.0
2026,5,SJC,PDX,116,0.0,569.0
2026,5,SJC,PHX,269,1.0,621.0
2026,5,SJC,PSP,37,0.0,390.0
2026,5,SJC,RNO,17,0.0,188.0
2026,5,SJC,SAN,439,1.0,417.0
2026,5,SJC,SEA,356,1.0,696.0
2026,5,SJC,SLC,162,0.0,584.0
2026,5,SJC,SNA,241,1.0,342.0
2026,5,SJT,DFW,93,6.0,229.0
2026,5,SJU,ATL,185,1.0,1547.0
2026,5,SJU,AUS,5,0.0,2146.0
2026,5,SJU,BDL,93,0.0,1666.0
2026,5,SJU,BNA,5,0.0,1753.0
2026,5,SJU,BOS,145,0.0,1674.0
2026,5,SJU,BUF,18,0.0,1845.0
2026,5,SJU,BWI,90,0.0,1565.0
2026,5,SJU,CLT,95,1.0,1475.0
2026,5,SJU,DCA,31,0.0,1554.0
2026,5,SJU,DEN,31,0.0,2733.0
2026,5,SJU,DFW,89,0.0,2165.0
2026,5,SJU,DTW,31,0.0,1930.0
2026,5,SJU,EWR,135,1.0,1608.0
2026,5,SJU,FLL,174,0.0,1046.0
2026,5,SJU,HOU,5,0.0,1997.0
2026,5,SJU,HPN,29,0.0,1624.0
2026,5,SJU,IAD,62,0.0,1572.0
2026,5,SJU,IAH,72,0.0,2007.0
2026,5,SJU,JAX,52,0.0,1288.0
2026,5,SJU,JFK,254,1.0,1598.0
2026,5,SJU,MCO,475,1.0,1188.0
2026,5,SJU,MDW,5,0.0,2057.0
2026,5,SJU,MIA,216,0.0,1045.0
2026,5,SJU,MSP,5,0.0,2404.0
2026,5,SJU,ORD,105,0.0,2072.0
2026,5,SJU,ORF,18,0.0,1414.0
2026,5,SJU,PHL,197,1.0,1576.0
2026,5,SJU,PVD,23,0.0,1636.0
2026,5,SJU,RDU,39,0.0,1432.0
2026,5,SJU,RIC,13,0.0,1482.0
2026,5,SJU,STT,31,0.0,68.0
2026,5,SJU,STX,31,0.0,94.0
2026,5,SJU,TPA,116,0.0,1237.0
2026,5,SLC,ABQ,113,0.0,493.0
2026,5,SLC,ANC,9,0.0,2125.0
2026,5,SLC,ATL,249,0.0,1590.0
2026,5,SLC,AUS,150,1.0,1086.0
2026,5,SLC,BIL,93,0.0,387.0
2026,5,SLC,BNA,92,0.0,1404.0
2026,5,SLC,BOI,155,0.0,290.0
2026,5,SLC,BOS,93,1.0,2105.0
2026,5,SLC,BTM,31,0.0,357.0
2026,5,SLC,BUR,118,0.0,574.0
2026,5,SLC,BWI,62,0.0,1865.0
2026,5,SLC,BZN,93,0.0,347.0
2026,5,SLC,CDC,54,0.0,221.0
2026,5,SLC,CLE,31,1.0,1565.0
2026,5,SLC,CLT,73,1.0,1727.0
2026,5,SLC,CMH,31,0.0,1528.0
2026,5,SLC,COS,62,0.0,411.0
2026,5,SLC,CVG,87,0.0,1450.0
2026,5,SLC,DAL,61,0.0,999.0
2026,5,SLC,DCA,31,0.0,1851.0
2026,5,SLC,DEN,663,2.0,391.0
2026,5,SLC,DFW,329,10.0,989.0
2026,5,SLC,DTW,148,1.0,1481.0
2026,5,SLC,EKO,49,0.0,200.0
2026,5,SLC,EUG,62,0.0,618.0
2026,5,SLC,EWR,102,1.0,1969.0
2026,5,SLC,FAT,118,0.0,501.0
2026,5,SLC,FCA,113,0.0,532.0
2026,5,SLC,FLL,31,0.0,2084.0
2026,5,SLC,GEG,149,0.0,546.0
2026,5,SLC,GJT,53,0.0,217.0
2026,5,SLC,GTF,93,0.0,463.0
2026,5,SLC,HLN,62,0.0,402.0
2026,5,SLC,HNL,62,1.0,2994.0
2026,5,SLC,HOU,31,0.0,1214.0
2026,5,SLC,IAD,62,0.0,1827.0
2026,5,SLC,IAH,149,1.0,1195.0
2026,5,SLC,IDA,118,0.0,189.0
2026,5,SLC,IND,31,0.0,1355.0
2026,5,SLC,JAC,118,0.0,205.0
2026,5,SLC,JFK,155,0.0,1990.0
2026,5,SLC,LAS,315,1.0,368.0
2026,5,SLC,LAX,330,0.0,590.0
2026,5,SLC,LGB,136,0.0,588.0
2026,5,SLC,LIT,31,0.0,1156.0
2026,5,SLC,LWS,31,0.0,461.0
2026,5,SLC,MCI,87,1.0,920.0
2026,5,SLC,MCO,135,1.0,1931.0
2026,5,SLC,MDW,56,0.0,1259.0
2026,5,SLC,MEM,31,0.0,1262.0
2026,5,SLC,MFR,62,0.0,575.0
2026,5,SLC,MIA,69,0.0,2088.0
2026,5,SLC,MKE,31,0.0,1247.0
2026,5,SLC,MSO,93,0.0,436.0
2026,5,SLC,MSP,149,0.0,991.0
2026,5,SLC,MSY,56,0.0,1429.0
2026,5,SLC,OAK,141,0.0,588.0
2026,5,SLC,OGG,31,3.0,2935.0
2026,5,SLC,OKC,62,0.0,866.0
2026,5,SLC,OMA,61,0.0,840.0
2026,5,SLC,ONT,115,1.0,558.0
2026,5,SLC,ORD,283,1.0,1250.0
2026,5,SLC,PDX,192,2.0,630.0
2026,5,SLC,PHL,82,1.0,1927.0
2026,5,SLC,PHX,501,1.0,507.0
2026,5,SLC,PIH,54,0.0,149.0
2026,5,SLC,PIT,31,0.0,1660.0
2026,5,SLC,PSC,113,0.0,521.0
2026,5,SLC,PSP,93,0.0,541.0
2026,5,SLC,RDM,62,0.0,525.0
2026,5,SLC,RDU,31,0.0,1824.0
2026,5,SLC,RNO,93,1.0,422.0
2026,5,SLC,RSW,6,1.0,1985.0
2026,5,SLC,SAN,240,2.0,626.0
2026,5,SLC,SAT,86,0.0,1087.0
2026,5,SLC,SBA,93,0.0,615.0
2026,5,SLC,SDF,1,0.0,1409.0
2026,5,SLC,SEA,338,1.0,689.0
2026,5,SLC,SFO,307,3.0,599.0
2026,5,SLC,SGU,163,0.0,272.0
2026,5,SLC,SJC,162,0.0,584.0
2026,5,SLC,SMF,200,1.0,532.0
2026,5,SLC,SNA,151,0.0,588.0
2026,5,SLC,STL,87,1.0,1156.0
2026,5,SLC,SUN,85,0.0,222.0
2026,5,SLC,TPA,31,0.0,1888.0
2026,5,SLC,TUL,31,0.0,926.0
2026,5,SLC,TUS,93,0.0,600.0
2026,5,SLC,TWF,85,0.0,175.0
2026,5,SLC,WYS,13,1.0,273.0
2026,5,SLC,XNA,31,0.0,1004.0
2026,5,SLN,DEN,31,0.0,383.0
2026,5,SLN,IAH,23,0.0,621.0
2026,5,SLN,ORD,31,0.0,559.0
2026,5,SMF,ATL,87,0.0,2092.0
2026,5,SMF,AUS,31,0.0,1481.0
2026,5,SMF,BNA,31,0.0,1917.0
2026,5,SMF,BOI,67,0.0,437.0
2026,5,SMF,BUR,225,1.0,358.0
2026,5,SMF,BWI,31,0.0,2395.0
2026,5,SMF,CLT,31,0.0,2244.0
2026,5,SMF,DAL,62,0.0,1442.0
2026,5,SMF,DEN,321,1.0,909.0
2026,5,SMF,DFW,143,4.0,1431.0
2026,5,SMF,DTW,31,0.0,2013.0
2026,5,SMF,EUG,31,0.0,384.0
2026,5,SMF,EWR,31,0.0,2500.0
2026,5,SMF,GEG,49,0.0,649.0
2026,5,SMF,HNL,62,0.0,2462.0
2026,5,SMF,HOU,31,0.0,1624.0
2026,5,SMF,IAD,31,1.0,2357.0
2026,5,SMF,IAH,62,0.0,1609.0
2026,5,SMF,JFK,18,0.0,2521.0
2026,5,SMF,KOA,44,0.0,2435.0
2026,5,SMF,LAS,333,2.0,397.0
2026,5,SMF,LAX,525,0.0,373.0
2026,5,SMF,LGB,144,0.0,387.0
2026,5,SMF,LIH,18,0.0,2508.0
2026,5,SMF,MCO,31,0.0,2408.0
2026,5,SMF,MDW,62,0.0,1790.0
2026,5,SMF,MSP,56,0.0,1517.0
2026,5,SMF,OGG,41,0.0,2403.0
2026,5,SMF,ONT,187,1.0,390.0
2026,5,SMF,ORD,152,1.0,1781.0
2026,5,SMF,PDX,167,0.0,479.0
2026,5,SMF,PHX,341,1.0,647.0
2026,5,SMF,PSP,48,0.0,439.0
2026,5,SMF,SAN,466,3.0,480.0
2026,5,SMF,SBA,31,0.0,310.0
2026,5,SMF,SEA,389,0.0,605.0
2026,5,SMF,SFO,112,2.0,86.0
2026,5,SMF,SLC,200,1.0,532.0
2026,5,SMF,SNA,192,0.0,404.0
2026,5,SMF,STL,31,0.0,1679.0
2026,5,SMX,LAS,9,0.0,310.0
2026,5,SMX,PHX,12,0.0,494.0
2026,5,SNA,ATL,90,0.0,1919.0
2026,5,SNA,ATW,4,0.0,1729.0
2026,5,SNA,AUS,26,0.0,1209.0
2026,5,SNA,AZA,9,0.0,360.0
2026,5,SNA,BOI,42,1.0,688.0
2026,5,SNA,CLT,31,0.0,2099.0
2026,5,SNA,COS,5,0.0,815.0
2026,5,SNA,CVG,4,0.0,1877.0
2026,5,SNA,DAL,31,0.0,1216.0
2026,5,SNA,DEN,320,0.0,846.0
2026,5,SNA,DFW,255,10.0,1205.0
2026,5,SNA,DSM,10,0.0,1428.0
2026,5,SNA,DTW,25,0.0,1960.0
2026,5,SNA,EUG,9,0.0,776.0
2026,5,SNA,EWR,93,1.0,2433.0
2026,5,SNA,GRR,4,0.0,1856.0
2026,5,SNA,IAH,93,0.0,1346.0
2026,5,SNA,IDA,9,0.0,748.0
2026,5,SNA,JFK,56,1.0,2454.0
2026,5,SNA,LAS,304,4.0,226.0
2026,5,SNA,MFR,8,0.0,659.0
2026,5,SNA,MSO,3,0.0,935.0
2026,5,SNA,MSP,48,0.0,1522.0
2026,5,SNA,OAK,201,0.0,371.0
2026,5,SNA,ORD,181,0.0,1726.0
2026,5,SNA,PDX,124,1.0,859.0
2026,5,SNA,PHX,402,0.0,338.0
2026,5,SNA,PSC,9,0.0,871.0
2026,5,SNA,PVU,40,0.0,565.0
2026,5,SNA,SEA,353,1.0,978.0
2026,5,SNA,SFO,413,7.0,372.0
2026,5,SNA,SJC,228,2.0,342.0
2026,5,SNA,SLC,151,0.0,588.0
2026,5,SNA,SMF,192,0.0,404.0
2026,5,SNA,STS,62,2.0,433.0
2026,5,SPI,ORD,62,0.0,174.0
2026,5,SPI,PGD,9,0.0,995.0
2026,5,SPN,GUM,31,0.0,129.0
2026,5,SPS,DFW,62,2.0,113.0
2026,5,SRQ,ABE,9,0.0,1000.0
2026,5,SRQ,ALB,9,0.0,1167.0
2026,5,SRQ,ATL,211,3.0,444.0
2026,5,SRQ,ATW,6,0.0,1209.0
2026,5,SRQ,AUS,3,0.0,936.0
2026,5,SRQ,AVL,9,0.0,554.0
2026,5,SRQ,BLV,9,0.0,876.0
2026,5,SRQ,BNA,67,0.0,648.0
2026,5,SRQ,BOS,72,0.0,1220.0
2026,5,SRQ,BUF,5,0.0,1093.0
2026,5,SRQ,BWI,118,0.0,880.0
2026,5,SRQ,CAK,11,0.0,934.0
2026,5,SRQ,CLE,12,0.0,967.0
2026,5,SRQ,CLT,130,0.0,547.0
2026,5,SRQ,CMH,27,0.0,869.0
2026,5,SRQ,CVG,25,0.0,812.0
2026,5,SRQ,DCA,51,0.0,851.0
2026,5,SRQ,DEN,5,0.0,1531.0
2026,5,SRQ,DFW,31,1.0,945.0
2026,5,SRQ,DSM,2,0.0,1160.0
2026,5,SRQ,DTW,6,1.0,1022.0
2026,5,SRQ,EWR,82,1.0,1034.0
2026,5,SRQ,FNT,11,0.0,1075.0
2026,5,SRQ,FWA,9,0.0,948.0
2026,5,SRQ,GRR,12,0.0,1081.0
2026,5,SRQ,GSP,9,0.0,517.0
2026,5,SRQ,IAD,9,0.0,849.0
2026,5,SRQ,IND,21,0.0,876.0
2026,5,SRQ,JFK,37,0.0,1041.0
2026,5,SRQ,LCK,9,0.0,856.0
2026,5,SRQ,LEX,9,0.0,743.0
2026,5,SRQ,LGA,48,1.0,1047.0
2026,5,SRQ,MCI,5,0.0,1078.0
2026,5,SRQ,MCO,57,0.0,104.0
2026,5,SRQ,MDT,9,0.0,942.0
2026,5,SRQ,MDW,44,0.0,1035.0
2026,5,SRQ,MIA,47,0.0,178.0
2026,5,SRQ,MLI,2,0.0,1069.0
2026,5,SRQ,MSP,10,0.0,1342.0
2026,5,SRQ,OMA,5,0.0,1222.0
2026,5,SRQ,ORD,96,1.0,1050.0
2026,5,SRQ,PHL,37,0.0,957.0
2026,5,SRQ,PIA,9,0.0,1001.0
2026,5,SRQ,PIT,24,0.0,912.0
2026,5,SRQ,RFD,9,0.0,1085.0
2026,5,SRQ,ROC,8,0.0,1118.0
2026,5,SRQ,SBN,10,0.0,1009.0
2026,5,SRQ,SDF,10,0.0,765.0
2026,5,SRQ,STL,36,0.0,903.0
2026,5,SRQ,SYR,7,0.0,1142.0
2026,5,SRQ,TOL,5,0.0,981.0
2026,5,SRQ,TYS,9,0.0,586.0
2026,5,STC,AZA,9,0.0,1259.0
2026,5,STL,ATL,330,4.0,484.0
2026,5,STL,AUS,92,0.0,721.0
2026,5,STL,BNA,114,1.0,272.0
2026,5,STL,BOS,142,0.0,1047.0
2026,5,STL,BWI,112,0.0,738.0
2026,5,STL,CHS,31,0.0,706.0
2026,5,STL,CLE,56,0.0,487.0
2026,5,STL,CLT,139,0.0,575.0
2026,5,STL,CMH,56,0.0,409.0
2026,5,STL,DAL,167,3.0,546.0
2026,5,STL,DCA,197,3.0,719.0
2026,5,STL,DEN,310,1.0,770.0
2026,5,STL,DFW,208,9.0,550.0
2026,5,STL,DTW,179,3.0,440.0
2026,5,STL,ECP,41,0.0,634.0
2026,5,STL,EWR,93,2.0,872.0
2026,5,STL,FLL,67,0.0,1057.0
2026,5,STL,HOU,131,0.0,687.0
2026,5,STL,IAH,31,0.0,667.0
2026,5,STL,JAX,41,0.0,753.0
2026,5,STL,LAS,171,0.0,1371.0
2026,5,STL,LAX,75,0.0,1592.0
2026,5,STL,LGA,234,7.0,888.0
2026,5,STL,MCI,88,0.0,237.0
2026,5,STL,MCO,218,1.0,882.0
2026,5,STL,MDW,157,2.0,251.0
2026,5,STL,MIA,90,0.0,1068.0
2026,5,STL,MKE,61,0.0,317.0
2026,5,STL,MSP,172,0.0,448.0
2026,5,STL,MSY,61,0.0,604.0
2026,5,STL,MYR,5,0.0,728.0
2026,5,STL,OMA,66,0.0,342.0
2026,5,STL,ORD,322,6.0,258.0
2026,5,STL,PDX,19,0.0,1708.0
2026,5,STL,PHL,143,0.0,814.0
2026,5,STL,PHX,202,1.0,1262.0
2026,5,STL,PIT,56,0.0,554.0
2026,5,STL,PNS,10,0.0,598.0
2026,5,STL,RDU,65,0.0,668.0
2026,5,STL,RSW,85,0.0,979.0
2026,5,STL,SAN,36,0.0,1557.0
2026,5,STL,SAT,56,0.0,786.0
2026,5,STL,SAV,10,0.0,689.0
2026,5,STL,SEA,81,0.0,1709.0
2026,5,STL,SFO,71,0.0,1735.0
2026,5,STL,SLC,87,1.0,1156.0
2026,5,STL,SMF,31,0.0,1679.0
2026,5,STL,SRQ,36,0.0,903.0
2026,5,STL,TPA,115,1.0,869.0
2026,5,STL,VPS,15,0.0,610.0
2026,5,STS,BUR,85,0.0,387.0
2026,5,STS,DEN,5,0.0,977.0
2026,5,STS,DFW,11,0.0,1495.0
2026,5,STS,LAS,62,0.0,454.0
2026,5,STS,LAX,58,0.0,399.0
2026,5,STS,ONT,12,0.0,423.0
2026,5,STS,PDX,70,0.0,489.0
2026,5,STS,PHX,59,0.0,699.0
2026,5,STS,PSP,9,0.0,478.0
2026,5,STS,SAN,125,1.0,508.0
2026,5,STS,SEA,31,0.0,618.0
2026,5,STS,SNA,62,1.0,433.0
2026,5,STT,ATL,62,0.0,1599.0
2026,5,STT,BWI,10,0.0,1598.0
2026,5,STT,CLT,64,0.0,1520.0
2026,5,STT,DFW,14,1.0,2225.0
2026,5,STT,EWR,24,0.0,1634.0
2026,5,STT,FLL,2,0.0,1107.0
2026,5,STT,IAD,33,0.0,1606.0
2026,5,STT,IAH,31,0.0,2070.0
2026,5,STT,JFK,62,1.0,1623.0
2026,5,STT,MCO,32,0.0,1246.0
2026,5,STT,MIA,84,0.0,1107.0
2026,5,STT,ORD,5,0.0,2116.0
2026,5,STT,PHL,22,0.0,1605.0
2026,5,STT,SJU,36,0.0,68.0
2026,5,STX,ATL,5,0.0,1638.0
2026,5,STX,CLT,5,0.0,1562.0
2026,5,STX,MIA,62,0.0,1139.0
2026,5,STX,SJU,31,0.0,94.0
2026,5,SUN,DEN,37,0.0,557.0
2026,5,SUN,LAX,4,0.0,696.0
2026,5,SUN,SFO,9,0.0,587.0
2026,5,SUN,SLC,85,0.0,222.0
2026,5,SUX,DEN,49,2.0,466.0
2026,5,SUX,ORD,31,0.0,436.0
2026,5,SWF,FLL,1,0.0,1118.0
2026,5,SWF,MYR,12,0.0,601.0
2026,5,SWF,PGD,9,0.0,1101.0
2026,5,SWF,PIE,9,0.0,1055.0
2026,5,SWF,SFB,9,0.0,965.0
2026,5,SWO,DFW,62,3.0,225.0
2026,5,SYR,ATL,91,0.0,794.0
2026,5,SYR,BNA,9,0.0,741.0
2026,5,SYR,BOS,62,1.0,265.0
2026,5,SYR,CLT,93,0.0,603.0
2026,5,SYR,DCA,91,4.0,298.0
2026,5,SYR,DEN,40,1.0,1492.0
2026,5,SYR,DFW,31,2.0,1336.0
2026,5,SYR,DTW,55,0.0,374.0
2026,5,SYR,EWR,3,0.0,194.0
2026,5,SYR,FLL,41,1.0,1197.0
2026,5,SYR,IAD,37,1.0,295.0
2026,5,SYR,JFK,37,0.0,209.0
2026,5,SYR,LGA,17,0.0,198.0
2026,5,SYR,MCO,58,0.0,1053.0
2026,5,SYR,MSP,11,0.0,860.0
2026,5,SYR,MYR,9,0.0,668.0
2026,5,SYR,ORD,222,5.0,607.0
2026,5,SYR,PGD,6,0.0,1164.0
2026,5,SYR,PHL,21,0.0,228.0
2026,5,SYR,PIE,9,0.0,1111.0
2026,5,SYR,SFB,9,0.0,1029.0
2026,5,SYR,SRQ,7,0.0,1142.0
2026,5,TLH,ATL,201,2.0,223.0
2026,5,TLH,CLT,1,0.0,386.0
2026,5,TLH,DCA,31,0.0,716.0
2026,5,TLH,DFW,93,4.0,767.0
2026,5,TLH,MIA,95,1.0,402.0
2026,5,TOL,PGD,12,0.0,1017.0
2026,5,TOL,PIE,12,0.0,945.0
2026,5,TOL,SFB,9,0.0,895.0
2026,5,TOL,SRQ,5,0.0,981.0
2026,5,TPA,ACY,1,0.0,914.0
2026,5,TPA,ALB,36,0.0,1130.0
2026,5,TPA,ATL,565,2.0,406.0
2026,5,TPA,AUS,136,0.0,928.0
2026,5,TPA,BDL,61,0.0,1111.0
2026,5,TPA,BHM,35,0.0,459.0
2026,5,TPA,BNA,220,1.0,612.0
2026,5,TPA,BOS,231,1.0,1185.0
2026,5,TPA,BUF,66,1.0,1053.0
2026,5,TPA,BWI,255,1.0,842.0
2026,5,TPA,CLE,108,1.0,927.0
2026,5,TPA,CLT,251,0.0,507.0
2026,5,TPA,CMH,85,0.0,829.0
2026,5,TPA,CVG,70,0.0,773.0
2026,5,TPA,DAL,114,1.0,917.0
2026,5,TPA,DCA,176,2.0,814.0
2026,5,TPA,DEN,268,0.0,1506.0
2026,5,TPA,DFW,271,12.0,929.0
2026,5,TPA,DTW,141,0.0,983.0
2026,5,TPA,EWR,226,1.0,997.0
2026,5,TPA,FLL,65,0.0,197.0
2026,5,TPA,HOU,94,1.0,781.0
2026,5,TPA,HPN,29,0.0,1032.0
2026,5,TPA,IAD,97,0.0,811.0
2026,5,TPA,IAH,123,0.0,787.0
2026,5,TPA,IND,79,0.0,837.0
2026,5,TPA,ISP,20,0.0,1034.0
2026,5,TPA,JFK,180,2.0,1005.0
2026,5,TPA,LAS,118,0.0,1984.0
2026,5,TPA,LAX,107,2.0,2158.0
2026,5,TPA,LGA,204,6.0,1010.0
2026,5,TPA,MCI,67,0.0,1048.0
2026,5,TPA,MDW,124,1.0,997.0
2026,5,TPA,MHT,5,0.0,1204.0
2026,5,TPA,MIA,228,0.0,204.0
2026,5,TPA,MKE,41,0.0,1075.0
2026,5,TPA,MSP,117,0.0,1306.0
2026,5,TPA,MSY,81,1.0,487.0
2026,5,TPA,ORD,250,0.0,1012.0
2026,5,TPA,PHL,229,2.0,920.0
2026,5,TPA,PHX,114,0.0,1788.0
2026,5,TPA,PIT,79,1.0,873.0
2026,5,TPA,PVD,31,0.0,1136.0
2026,5,TPA,RDU,110,1.0,587.0
2026,5,TPA,ROC,5,0.0,1079.0
2026,5,TPA,SAN,62,0.0,2087.0
2026,5,TPA,SAT,31,0.0,972.0
2026,5,TPA,SDF,36,0.0,727.0
2026,5,TPA,SEA,93,1.0,2520.0
2026,5,TPA,SFO,54,0.0,2393.0
2026,5,TPA,SJU,116,0.0,1237.0
2026,5,TPA,SLC,31,0.0,1888.0
2026,5,TPA,STL,116,2.0,869.0
2026,5,TPA,TTN,19,1.0,955.0
2026,5,TRI,ATL,24,0.0,227.0
2026,5,TRI,DFW,62,2.0,868.0
2026,5,TRI,ORD,10,0.0,481.0
2026,5,TRI,PIE,9,0.0,590.0
2026,5,TRI,SFB,12,0.0,535.0
2026,5,TTN,FLL,9,0.0,1026.0
2026,5,TTN,MCO,54,0.0,896.0
2026,5,TTN,PGD,9,0.0,1008.0
2026,5,TTN,PIE,10,0.0,964.0
2026,5,TTN,TPA,19,1.0,955.0
2026,5,TUL,ATL,145,4.0,674.0
2026,5,TUL,AUS,26,0.0,426.0
2026,5,TUL,BNA,62,0.0,515.0
2026,5,TUL,CLT,61,0.0,842.0
2026,5,TUL,DAL,88,1.0,237.0
2026,5,TUL,DCA,50,1.0,1050.0
2026,5,TUL,DEN,210,0.0,541.0
2026,5,TUL,DFW,244,12.0,237.0
2026,5,TUL,HOU,46,0.0,453.0
2026,5,TUL,IAH,84,0.0,429.0
2026,5,TUL,LAS,58,0.0,1076.0
2026,5,TUL,LAX,31,0.0,1283.0
2026,5,TUL,LGA,54,0.0,1231.0
2026,5,TUL,MCO,28,0.0,1006.0
2026,5,TUL,MDW,61,0.0,583.0
2026,5,TUL,MIA,15,0.0,1168.0
2026,5,TUL,ORD,196,1.0,585.0
2026,5,TUL,PHX,117,0.0,935.0
2026,5,TUL,PIE,4,0.0,961.0
2026,5,TUL,SFB,10,0.0,995.0
2026,5,TUL,SLC,31,0.0,926.0
2026,5,TUL,VPS,5,0.0,669.0
2026,5,TUS,ATL,62,0.0,1541.0
2026,5,TUS,DAL,23,1.0,824.0
2026,5,TUS,DEN,233,0.0,639.0
2026,5,TUS,DFW,186,6.0,813.0
2026,5,TUS,IAH,21,0.0,937.0
2026,5,TUS,LAS,105,0.0,364.0
2026,5,TUS,LAX,234,1.0,451.0
2026,5,TUS,MDW,30,0.0,1440.0
2026,5,TUS,MSP,6,0.0,1298.0
2026,5,TUS,ORD,113,1.0,1437.0
2026,5,TUS,PDX,12,0.0,1119.0
2026,5,TUS,PHX,341,0.0,109.0
2026,5,TUS,SAN,56,0.0,367.0
2026,5,TUS,SEA,93,0.0,1215.0
2026,5,TUS,SFO,83,0.0,751.0
2026,5,TUS,SLC,93,0.0,600.0
2026,5,TVC,ATL,4,0.0,769.0
2026,5,TVC,AZA,1,0.0,1599.0
2026,5,TVC,BOS,22,0.0,749.0
2026,5,TVC,CLT,20,0.0,702.0
2026,5,TVC,DCA,12,0.0,599.0
2026,5,TVC,DEN,31,0.0,1032.0
2026,5,TVC,DFW,11,0.0,1022.0
2026,5,TVC,DTW,51,0.0,207.0
2026,5,TVC,ORD,279,4.0,224.0
2026,5,TVC,PGD,6,0.0,1245.0
2026,5,TVC,PHL,13,0.0,627.0
2026,5,TVC,PIE,9,0.0,1172.0
2026,5,TVC,SFB,9,0.0,1127.0
2026,5,TWF,SLC,85,0.0,175.0
2026,5,TXK,DFW,62,1.0,181.0
2026,5,TYR,DFW,93,2.0,102.0
2026,5,TYS,ATL,174,6.0,152.0
2026,5,TYS,AUS,3,0.0,882.0
2026,5,TYS,BNA,62,0.0,152.0
2026,5,TYS,BOS,11,0.0,830.0
2026,5,TYS,BWI,31,0.0,464.0
2026,5,TYS,CLT,90,0.0,176.0
2026,5,TYS,DAL,31,0.0,762.0
2026,5,TYS,DCA,94,1.0,437.0
2026,5,TYS,DEN,84,0.0,1162.0
2026,5,TYS,DFW,163,4.0,772.0
2026,5,TYS,EWR,11,0.0,631.0
2026,5,TYS,EYW,9,0.0,787.0
2026,5,TYS,FLL,39,0.0,709.0
2026,5,TYS,GUF,4,0.0,436.0
2026,5,TYS,HOU,3,0.0,782.0
2026,5,TYS,IAD,8,0.0,420.0
2026,5,TYS,JAX,8,0.0,390.0
2026,5,TYS,LAS,9,0.0,1739.0
2026,5,TYS,MCO,40,0.0,532.0
2026,5,TYS,MDW,4,0.0,459.0
2026,5,TYS,MIA,36,0.0,724.0
2026,5,TYS,ORD,215,4.0,475.0
2026,5,TYS,PGD,15,0.0,624.0
2026,5,TYS,PHL,35,0.0,555.0
2026,5,TYS,PHX,9,0.0,1599.0
2026,5,TYS,PIE,48,0.0,550.0
2026,5,TYS,SFB,49,0.0,511.0
2026,5,TYS,SRQ,9,0.0,586.0
2026,5,TYS,VPS,14,0.0,395.0
2026,5,USA,FLL,18,0.0,643.0
2026,5,USA,PGD,9,0.0,588.0
2026,5,USA,PIE,18,0.0,528.0
2026,5,USA,SFB,18,0.0,457.0
2026,5,VCT,IAH,53,1.0,123.0
2026,5,VPS,ATL,234,3.0,250.0
2026,5,VPS,BLV,37,0.0,587.0
2026,5,VPS,BNA,75,0.0,389.0
2026,5,VPS,BOS,32,0.0,1187.0
2026,5,VPS,BWI,31,0.0,819.0
2026,5,VPS,CAK,9,0.0,774.0
2026,5,VPS,CLT,103,1.0,460.0
2026,5,VPS,CVG,45,0.0,600.0
2026,5,VPS,DAL,31,0.0,630.0
2026,5,VPS,DCA,31,0.0,789.0
2026,5,VPS,DEN,4,0.0,1210.0
2026,5,VPS,DFW,127,4.0,641.0
2026,5,VPS,DSM,4,0.0,860.0
2026,5,VPS,EVV,3,0.0,524.0
2026,5,VPS,EWR,9,0.0,988.0
2026,5,VPS,FNT,6,0.0,874.0
2026,5,VPS,GRR,4,0.0,857.0
2026,5,VPS,HOU,31,0.0,527.0
2026,5,VPS,ICT,11,0.0,796.0
2026,5,VPS,IND,9,0.0,637.0
2026,5,VPS,JFK,23,0.0,1001.0
2026,5,VPS,LAS,3,0.0,1695.0
2026,5,VPS,LCK,13,0.0,675.0
2026,5,VPS,LIT,3,0.0,443.0
2026,5,VPS,MCI,19,0.0,764.0
2026,5,VPS,MDW,8,0.0,782.0
2026,5,VPS,MIA,31,0.0,499.0
2026,5,VPS,MSP,31,1.0,1058.0
2026,5,VPS,OKC,7,0.0,726.0
2026,5,VPS,OMA,3,0.0,911.0
2026,5,VPS,ORD,31,1.0,796.0
2026,5,VPS,PHL,2,0.0,908.0
2026,5,VPS,PIA,6,0.0,724.0
2026,5,VPS,PIT,8,0.0,775.0
2026,5,VPS,SDF,11,0.0,532.0
2026,5,VPS,SGF,6,0.0,610.0
2026,5,VPS,SHV,3,0.0,452.0
2026,5,VPS,STL,15,0.0,610.0
2026,5,VPS,TUL,5,0.0,669.0
2026,5,VPS,TYS,14,0.0,395.0
2026,5,VPS,XNA,20,0.0,601.0
2026,5,VRB,BOS,31,0.0,1144.0
2026,5,VRB,CLT,31,0.0,522.0
2026,5,VRB,JFK,25,0.0,972.0
2026,5,WRG,KTN,31,0.0,82.0
2026,5,WRG,PSG,31,1.0,31.0
2026,5,WYS,DEN,34,0.0,469.0
2026,5,WYS,SLC,13,1.0,273.0
2026,5,XNA,ATL,104,0.0,589.0
2026,5,XNA,AZA,6,0.0,1006.0
2026,5,XNA,BNA,9,1.0,426.0
2026,5,XNA,CLT,122,1.0,754.0
2026,5,XNA,DCA,31,0.0,963.0
2026,5,XNA,DEN,120,0.0,616.0
2026,5,XNA,DFW,317,12.0,280.0
2026,5,XNA,FLL,8,0.0,1092.0
2026,5,XNA,GUF,6,0.0,563.0
2026,5,XNA,IAH,26,0.0,438.0
2026,5,XNA,LAS,9,0.0,1163.0
2026,5,XNA,LAX,42,0.0,1371.0
2026,5,XNA,LGA,77,0.0,1147.0
2026,5,XNA,MIA,32,0.0,1099.0
2026,5,XNA,MSP,5,0.0,596.0
2026,5,XNA,ORD,191,2.0,522.0
2026,5,XNA,PHL,62,1.0,1067.0
2026,5,XNA,PHX,79,0.0,1023.0
2026,5,XNA,PIE,9,0.0,892.0
2026,5,XNA,SFB,12,0.0,920.0
2026,5,XNA,SFO,1,0.0,1550.0
2026,5,XNA,SLC,31,0.0,1004.0
2026,5,XNA,VPS,20,0.0,601.0
2026,5,XWA,DEN,115,1.0,582.0
2026,5,XWA,MSP,86,2.0,553.0
2026,5,YAK,CDV,31,1.0,213.0
2026,5,YAK,JNU,31,2.0,199.0
2026,5,YUM,DFW,31,1.0,1022.0
2026,5,YUM,PHX,110,0.0,160.0
2026,6,ABE,ATL,24,0.0,692.0
2026,6,ABE,BNA,8,0.0,684.0
2026,6,ABE,CLT,60,3.0,481.0
2026,6,ABE,DEN,9,0.0,1539.0
2026,6,ABE,FLL,9,0.0,1041.0
2026,6,ABE,MCO,11,1.0,906.0
2026,6,ABE,MLB,9,0.0,914.0
2026,6,ABE,MYR,29,0.0,518.0
2026,6,ABE,ORD,80,5.0,654.0
2026,6,ABE,PGD,23,0.0,1018.0
2026,6,ABE,PIE,26,0.0,970.0
2026,6,ABE,RSW,8,0.0,1038.0
2026,6,ABE,SFB,57,0.0,882.0
2026,6,ABE,SRQ,8,0.0,1000.0
2026,6,ABI,DEN,60,0.0,584.0
2026,6,ABI,DFW,145,4.0,158.0
2026,6,ABI,IAH,30,0.0,306.0
2026,6,ABI,PHX,26,0.0,720.0
2026,6,ABQ,ATL,86,2.0,1269.0
2026,6,ABQ,AUS,84,1.0,619.0
2026,6,ABQ,BNA,27,0.0,1123.0
2026,6,ABQ,BUR,26,0.0,672.0
2026,6,ABQ,BWI,34,0.0,1670.0
2026,6,ABQ,DAL,128,1.0,580.0
2026,6,ABQ,DEN,301,1.0,349.0
2026,6,ABQ,DFW,227,13.0,569.0
2026,6,ABQ,HOU,84,0.0,759.0
2026,6,ABQ,IAD,30,0.0,1628.0
2026,6,ABQ,IAH,30,0.0,744.0
2026,6,ABQ,JFK,30,1.0,1826.0
2026,6,ABQ,LAS,149,1.0,486.0
2026,6,ABQ,LAX,193,0.0,677.0
2026,6,ABQ,MCO,4,0.0,1553.0
2026,6,ABQ,MDW,30,0.0,1121.0
2026,6,ABQ,MSP,30,0.0,981.0
2026,6,ABQ,OAK,30,0.0,889.0
2026,6,ABQ,ORD,93,3.0,1118.0
2026,6,ABQ,PHX,244,0.0,328.0
2026,6,ABQ,SAN,60,0.0,628.0
2026,6,ABQ,SAT,4,0.0,609.0
2026,6,ABQ,SEA,64,0.0,1180.0
2026,6,ABQ,SFO,59,0.0,896.0
2026,6,ABQ,SLC,116,0.0,493.0
2026,6,ABR,MSP,60,0.0,257.0
2026,6,ACK,BOS,65,0.0,91.0
2026,6,ACK,CLT,6,0.0,723.0
2026,6,ACK,DCA,48,1.0,405.0
2026,6,ACK,HPN,47,0.0,191.0
2026,6,ACK,JFK,65,4.0,199.0
2026,6,ACK,LGA,91,5.0,202.0
2026,6,ACK,ORD,8,0.0,924.0
2026,6,ACK,PHL,26,0.0,288.0
2026,6,ACT,DFW,90,5.0,90.0
2026,6,ACV,DEN,30,3.0,1026.0
2026,6,ACV,LAX,57,3.0,577.0
2026,6,ACV,SEA,30,3.0,456.0
2026,6,ACV,SFO,108,12.0,250.0
2026,6,ACY,FLL,25,0.0,977.0
2026,6,ACY,MYR,12,0.0,466.0
2026,6,ACY,PIE,9,0.0,922.0
2026,6,ACY,SFB,8,0.0,829.0
2026,6,ADK,ANC,8,0.0,1192.0
2026,6,ADQ,ANC,90,1.0,253.0
2026,6,AEX,DFW,90,7.0,285.0
2026,6,AEX,IAH,60,0.0,190.0
2026,6,AGS,ATL,21,0.0,143.0
2026,6,AGS,DCA,26,2.0,468.0
2026,6,AGS,DFW,64,5.0,874.0
2026,6,AKN,ANC,36,0.0,288.0
2026,6,ALB,ATL,87,4.0,853.0
2026,6,ALB,BNA,39,0.0,825.0
2026,6,ALB,BWI,151,0.0,288.0
2026,6,ALB,CLT,90,1.0,646.0
2026,6,ALB,DCA,110,8.0,318.0
2026,6,ALB,DEN,57,0.0,1610.0
2026,6,ALB,DFW,30,2.0,1434.0
2026,6,ALB,DTW,72,2.0,489.0
2026,6,ALB,FLL,45,0.0,1204.0
2026,6,ALB,MCO,67,0.0,1073.0
2026,6,ALB,MDW,79,1.0,717.0
2026,6,ALB,MYR,11,0.0,685.0
2026,6,ALB,ORD,208,5.0,723.0
2026,6,ALB,PGD,16,0.0,1185.0
2026,6,ALB,PIE,11,0.0,1138.0
2026,6,ALB,SFB,8,1.0,1049.0
2026,6,ALB,SRQ,8,0.0,1167.0
2026,6,ALB,TPA,7,0.0,1130.0
2026,6,ALO,ORD,51,6.0,234.0
2026,6,AMA,AUS,17,0.0,419.0
2026,6,AMA,DAL,110,0.0,323.0
2026,6,AMA,DEN,56,0.0,359.0
2026,6,AMA,DFW,210,9.0,312.0
2026,6,AMA,LAS,30,0.0,759.0
2026,6,ANC,ADK,8,0.0,1192.0
2026,6,ANC,ADQ,90,1.0,253.0
2026,6,ANC,AKN,36,0.0,288.0
2026,6,ANC,ATL,30,0.0,3417.0
2026,6,ANC,BET,60,0.0,399.0
2026,6,ANC,BOI,6,0.0,1842.0
2026,6,ANC,BOS,3,0.0,3383.0
2026,6,ANC,BRW,30,1.0,725.0
2026,6,ANC,CDV,30,0.0,160.0
2026,6,ANC,DEN,135,3.0,2405.0
2026,6,ANC,DFW,60,0.0,3043.0
2026,6,ANC,DLG,21,0.0,329.0
2026,6,ANC,DTW,30,0.0,2986.0
2026,6,ANC,EWR,30,0.0,3370.0
2026,6,ANC,FAI,99,0.0,261.0
2026,6,ANC,HNL,30,0.0,2777.0
2026,6,ANC,IAD,30,0.0,3356.0
2026,6,ANC,IAH,30,0.0,3266.0
2026,6,ANC,JFK,22,0.0,3386.0
2026,6,ANC,JNU,120,1.0,571.0
2026,6,ANC,LAS,60,0.0,2304.0
2026,6,ANC,LAX,57,0.0,2345.0
2026,6,ANC,MSP,106,1.0,2519.0
2026,6,ANC,OME,30,0.0,539.0
2026,6,ANC,ORD,141,1.0,2846.0
2026,6,ANC,OTZ,30,1.0,549.0
2026,6,ANC,PDX,120,0.0,1542.0
2026,6,ANC,PHX,60,0.0,2552.0
2026,6,ANC,SAN,7,0.0,2452.0
2026,6,ANC,SCC,44,0.0,626.0
2026,6,ANC,SEA,664,5.0,1448.0
2026,6,ANC,SFO,65,0.0,2018.0
2026,6,ANC,SLC,32,0.0,2125.0
2026,6,ANC,SMF,6,0.0,1973.0
2026,6,APN,DTW,51,0.0,198.0
2026,6,ASE,ATL,30,1.0,1304.0
2026,6,ASE,AUS,30,3.0,812.0
2026,6,ASE,DEN,232,9.0,125.0
2026,6,ASE,DFW,86,10.0,701.0
2026,6,ASE,IAH,60,1.0,913.0
2026,6,ASE,LAX,73,10.0,737.0
2026,6,ASE,ORD,85,8.0,1013.0
2026,6,ASE,SFO,30,0.0,848.0
2026,6,ATL,ABE,24,0.0,692.0
2026,6,ATL,ABQ,86,1.0,1269.0
2026,6,ATL,AGS,21,0.0,143.0
2026,6,ATL,ALB,87,4.0,853.0
2026,6,ATL,ANC,30,0.0,3417.0
2026,6,ATL,ASE,30,0.0,1304.0
2026,6,ATL,ATW,30,0.0,765.0
2026,6,ATL,AUS,378,2.0,813.0
2026,6,ATL,AVL,184,1.0,164.0
2026,6,ATL,BDL,191,1.0,859.0
2026,6,ATL,BGR,10,0.0,1134.0
2026,6,ATL,BHM,305,5.0,134.0
2026,6,ATL,BNA,390,1.0,214.0
2026,6,ATL,BOI,49,0.0,1838.0
2026,6,ATL,BOS,467,5.0,946.0
2026,6,ATL,BTR,111,2.0,448.0
2026,6,ATL,BTV,37,2.0,961.0
2026,6,ATL,BUF,141,3.0,712.0
2026,6,ATL,BUR,30,0.0,1941.0
2026,6,ATL,BWI,480,7.0,577.0
2026,6,ATL,BZN,40,0.0,1640.0
2026,6,ATL,CAE,156,3.0,192.0
2026,6,ATL,CHA,146,2.0,106.0
2026,6,ATL,CHO,25,0.0,457.0
2026,6,ATL,CHS,282,3.0,259.0
2026,6,ATL,CID,30,1.0,694.0
2026,6,ATL,CLE,323,7.0,554.0
2026,6,ATL,CLT,373,6.0,226.0
2026,6,ATL,CMH,270,3.0,447.0
2026,6,ATL,COS,60,0.0,1184.0
2026,6,ATL,CSG,6,0.0,83.0
2026,6,ATL,CVG,261,1.0,373.0
2026,6,ATL,DAB,120,2.0,366.0
2026,6,ATL,DAL,264,0.0,721.0
2026,6,ATL,DAY,109,1.0,432.0
2026,6,ATL,DCA,562,24.0,547.0
2026,6,ATL,DEN,515,2.0,1199.0
2026,6,ATL,DFW,541,22.0,731.0
2026,6,ATL,DSM,113,3.0,743.0
2026,6,ATL,DTW,377,3.0,594.0
2026,6,ATL,ECP,220,1.0,240.0
2026,6,ATL,ELP,60,0.0,1282.0
2026,6,ATL,EWR,507,15.0,746.0
2026,6,ATL,EYW,121,5.0,646.0
2026,6,ATL,FAR,30,0.0,1123.0
2026,6,ATL,FAY,24,2.0,330.0
2026,6,ATL,FLL,540,9.0,581.0
2026,6,ATL,FSD,30,0.0,954.0
2026,6,ATL,GEG,48,0.0,1969.0
2026,6,ATL,GNV,143,2.0,300.0
2026,6,ATL,GPT,114,1.0,352.0
2026,6,ATL,GRB,30,1.0,774.0
2026,6,ATL,GRR,113,1.0,640.0
2026,6,ATL,GSO,243,4.0,306.0
2026,6,ATL,GSP,247,0.0,153.0
2026,6,ATL,HHH,30,0.0,238.0
2026,6,ATL,HNL,30,0.0,4502.0
2026,6,ATL,HOU,232,2.0,696.0
2026,6,ATL,HPN,56,1.0,781.0
2026,6,ATL,HSV,207,2.0,151.0
2026,6,ATL,IAD,381,5.0,534.0
2026,6,ATL,IAH,396,7.0,689.0
2026,6,ATL,ICT,86,1.0,782.0
2026,6,ATL,ILM,116,0.0,377.0
2026,6,ATL,IND,264,1.0,432.0
2026,6,ATL,JAC,25,0.0,1572.0
2026,6,ATL,JAN,155,1.0,340.0
2026,6,ATL,JAX,368,7.0,269.0
2026,6,ATL,JFK,342,2.0,760.0
2026,6,ATL,LAS,389,2.0,1747.0
2026,6,ATL,LAX,433,5.0,1947.0
2026,6,ATL,LEX,197,3.0,304.0
2026,6,ATL,LGA,665,30.0,762.0
2026,6,ATL,LIT,195,0.0,453.0
2026,6,ATL,MCI,283,2.0,692.0
2026,6,ATL,MCO,666,9.0,404.0
2026,6,ATL,MDT,89,0.0,620.0
2026,6,ATL,MDW,308,7.0,591.0
2026,6,ATL,MEM,318,4.0,332.0
2026,6,ATL,MIA,490,6.0,594.0
2026,6,ATL,MKE,201,2.0,669.0
2026,6,ATL,MLB,120,1.0,443.0
2026,6,ATL,MOB,69,3.0,302.0
2026,6,ATL,MSN,86,1.0,707.0
2026,6,ATL,MSP,288,1.0,907.0
2026,6,ATL,MSY,303,3.0,425.0
2026,6,ATL,MYR,143,1.0,317.0
2026,6,ATL,OAJ,92,2.0,399.0
2026,6,ATL,OKC,149,4.0,761.0
2026,6,ATL,OMA,148,0.0,821.0
2026,6,ATL,ONT,80,2.0,1900.0
2026,6,ATL,ORD,584,19.0,606.0
2026,6,ATL,ORF,263,2.0,516.0
2026,6,ATL,PBI,306,6.0,545.0
2026,6,ATL,PDX,149,0.0,2172.0
2026,6,ATL,PHL,544,11.0,666.0
2026,6,ATL,PHX,286,0.0,1587.0
2026,6,ATL,PIT,223,4.0,526.0
2026,6,ATL,PNS,255,2.0,272.0
2026,6,ATL,PVD,116,1.0,903.0
2026,6,ATL,PWM,84,2.0,1027.0
2026,6,ATL,RAP,7,0.0,1231.0
2026,6,ATL,RDU,392,3.0,356.0
2026,6,ATL,RIC,229,3.0,481.0
2026,6,ATL,RNO,30,0.0,1993.0
2026,6,ATL,ROA,32,2.0,357.0
2026,6,ATL,ROC,87,3.0,749.0
2026,6,ATL,RSW,213,2.0,515.0
2026,6,ATL,SAN,178,1.0,1892.0
2026,6,ATL,SAT,244,6.0,874.0
2026,6,ATL,SAV,278,2.0,215.0
2026,6,ATL,SBN,86,1.0,566.0
2026,6,ATL,SDF,236,1.0,321.0
2026,6,ATL,SEA,324,1.0,2182.0
2026,6,ATL,SFO,304,1.0,2139.0
2026,6,ATL,SGF,60,1.0,563.0
2026,6,ATL,SHV,119,0.0,552.0
2026,6,ATL,SJC,86,1.0,2116.0
2026,6,ATL,SJU,174,0.0,1547.0
2026,6,ATL,SLC,242,1.0,1590.0
2026,6,ATL,SMF,86,0.0,2092.0
2026,6,ATL,SNA,90,1.0,1919.0
2026,6,ATL,SRQ,197,1.0,444.0
2026,6,ATL,STL,318,3.0,484.0
2026,6,ATL,STT,63,0.0,1599.0
2026,6,ATL,STX,4,0.0,1638.0
2026,6,ATL,SYR,92,2.0,794.0
2026,6,ATL,TLH,185,1.0,223.0
2026,6,ATL,TPA,533,5.0,406.0
2026,6,ATL,TRI,55,2.0,227.0
2026,6,ATL,TUL,136,2.0,674.0
2026,6,ATL,TUS,60,0.0,1541.0
2026,6,ATL,TVC,10,1.0,769.0
2026,6,ATL,TYS,155,0.0,152.0
2026,6,ATL,VPS,222,2.0,250.0
2026,6,ATL,XNA,100,1.0,589.0
2026,6,ATW,ATL,30,0.0,765.0
2026,6,ATW,AZA,17,0.0,1452.0
2026,6,ATW,BNA,9,0.0,570.0
2026,6,ATW,CLT,30,2.0,742.0
2026,6,ATW,DEN,39,0.0,883.0
2026,6,ATW,DFW,56,1.0,908.0
2026,6,ATW,DTW,90,1.0,296.0
2026,6,ATW,EWR,6,0.0,772.0
2026,6,ATW,FLL,9,0.0,1338.0
2026,6,ATW,GUF,8,0.0,964.0
2026,6,ATW,LAS,17,0.0,1510.0
2026,6,ATW,MCO,8,0.0,1162.0
2026,6,ATW,MSP,42,1.0,236.0
2026,6,ATW,ORD,163,5.0,160.0
2026,6,ATW,PDX,9,0.0,1662.0
2026,6,ATW,PGD,13,0.0,1250.0
2026,6,ATW,PIE,17,0.0,1173.0
2026,6,ATW,SAV,4,0.0,926.0
2026,6,ATW,SFB,17,0.0,1141.0
2026,6,ATW,SNA,8,0.0,1729.0
2026,6,ATY,DEN,30,0.0,519.0
2026,6,ATY,MSP,30,0.0,193.0
2026,6,AUS,ABQ,84,1.0,619.0
2026,6,AUS,AMA,17,1.0,419.0
2026,6,AUS,ASE,30,1.0,812.0
2026,6,AUS,ATL,378,3.0,813.0
2026,6,AUS,AVL,13,0.0,950.0
2026,6,AUS,BNA,239,1.0,756.0
2026,6,AUS,BOS,162,1.0,1698.0
2026,6,AUS,BUR,30,0.0,1241.0
2026,6,AUS,BWI,116,0.0,1342.0
2026,6,AUS,BZN,4,0.0,1299.0
2026,6,AUS,CHS,28,0.0,1055.0
2026,6,AUS,CLT,120,0.0,1032.0
2026,6,AUS,CMH,54,0.0,1073.0
2026,6,AUS,CVG,36,0.0,958.0
2026,6,AUS,DAL,194,3.0,189.0
2026,6,AUS,DCA,30,0.0,1315.0
2026,6,AUS,DEN,512,3.0,775.0
2026,6,AUS,DFW,413,29.0,190.0
2026,6,AUS,DSM,8,0.0,813.0
2026,6,AUS,DTW,115,1.0,1149.0
2026,6,AUS,ECP,64,0.0,710.0
2026,6,AUS,ELP,97,0.0,528.0
2026,6,AUS,EWR,146,1.0,1504.0
2026,6,AUS,FCA,4,0.0,1527.0
2026,6,AUS,FLL,82,0.0,1105.0
2026,6,AUS,GRR,8,0.0,1103.0
2026,6,AUS,HOU,79,0.0,148.0
2026,6,AUS,HRL,79,0.0,273.0
2026,6,AUS,IAD,88,1.0,1297.0
2026,6,AUS,IAH,201,0.0,140.0
2026,6,AUS,IND,162,1.0,919.0
2026,6,AUS,JAX,60,0.0,953.0
2026,6,AUS,JFK,205,2.0,1521.0
2026,6,AUS,LAS,250,1.0,1090.0
2026,6,AUS,LAX,359,1.0,1242.0
2026,6,AUS,LBB,26,0.0,341.0
2026,6,AUS,LGB,30,0.0,1226.0
2026,6,AUS,MAF,26,1.0,294.0
2026,6,AUS,MCI,127,0.0,650.0
2026,6,AUS,MCO,291,2.0,994.0
2026,6,AUS,MDW,129,3.0,972.0
2026,6,AUS,MEM,30,0.0,559.0
2026,6,AUS,MFE,85,0.0,279.0
2026,6,AUS,MIA,200,2.0,1103.0
2026,6,AUS,MKE,24,0.0,1032.0
2026,6,AUS,MSP,143,2.0,1042.0
2026,6,AUS,MSY,147,1.0,445.0
2026,6,AUS,OAK,30,0.0,1497.0
2026,6,AUS,OKC,30,0.0,358.0
2026,6,AUS,OMA,4,0.0,772.0
2026,6,AUS,ONT,30,0.0,1196.0
2026,6,AUS,ORD,269,5.0,977.0
2026,6,AUS,PDX,60,0.0,1715.0
2026,6,AUS,PHL,113,0.0,1431.0
2026,6,AUS,PHX,248,3.0,872.0
2026,6,AUS,PIT,35,0.0,1210.0
2026,6,AUS,PNS,28,0.0,626.0
2026,6,AUS,PVU,9,0.0,1051.0
2026,6,AUS,RDU,54,0.0,1162.0
2026,6,AUS,RNO,17,1.0,1405.0
2026,6,AUS,SAN,212,4.0,1164.0
2026,6,AUS,SEA,207,2.0,1770.0
2026,6,AUS,SFB,8,0.0,994.0
2026,6,AUS,SFO,243,0.0,1504.0
2026,6,AUS,SJC,87,0.0,1476.0
2026,6,AUS,SJU,4,0.0,2146.0
2026,6,AUS,SLC,163,0.0,1086.0
2026,6,AUS,SMF,30,0.0,1481.0
2026,6,AUS,SNA,30,0.0,1209.0
2026,6,AUS,SRQ,9,0.0,936.0
2026,6,AUS,STL,86,0.0,721.0
2026,6,AUS,TPA,113,0.0,928.0
2026,6,AUS,TUL,26,0.0,426.0
2026,6,AUS,TYS,9,0.0,882.0
2026,6,AVL,ATL,185,1.0,164.0
2026,6,AVL,AUS,13,0.0,950.0
2026,6,AVL,BOS,24,0.0,783.0
2026,6,AVL,CLT,30,2.0,91.0
2026,6,AVL,DCA,60,7.0,384.0
2026,6,AVL,DEN,42,1.0,1248.0
2026,6,AVL,DFW,60,1.0,848.0
2026,6,AVL,EWR,14,0.0,583.0
2026,6,AVL,EYW,8,0.0,751.0
2026,6,AVL,FLL,65,1.0,661.0
2026,6,AVL,HOU,8,0.0,843.0
2026,6,AVL,IAD,9,0.0,371.0
2026,6,AVL,LAS,8,0.0,1824.0
2026,6,AVL,LGA,39,6.0,599.0
2026,6,AVL,MCO,13,1.0,488.0
2026,6,AVL,MDW,9,0.0,521.0
2026,6,AVL,MIA,30,0.0,677.0
2026,6,AVL,MSP,17,1.0,861.0
2026,6,AVL,ORD,117,4.0,536.0
2026,6,AVL,PBI,16,0.0,620.0
2026,6,AVL,PGD,24,0.0,588.0
2026,6,AVL,PHL,36,1.0,504.0
2026,6,AVL,PIE,51,1.0,519.0
2026,6,AVL,SFB,38,0.0,465.0
2026,6,AVL,SRQ,8,0.0,554.0
2026,6,AVL,VPS,6,0.0,412.0
2026,6,AVP,CLT,86,3.0,509.0
2026,6,AVP,ORD,60,3.0,632.0
2026,6,AZA,ATW,17,0.0,1452.0
2026,6,AZA,BIL,17,0.0,878.0
2026,6,AZA,BIS,14,1.0,1092.0
2026,6,AZA,BLI,13,0.0,1208.0
2026,6,AZA,BZN,15,0.0,861.0
2026,6,AZA,CID,12,0.0,1240.0
2026,6,AZA,CVG,8,0.0,1553.0
2026,6,AZA,DSM,13,0.0,1137.0
2026,6,AZA,EUG,11,0.0,971.0
2026,6,AZA,FAR,25,0.0,1220.0
2026,6,AZA,FCA,12,0.0,1044.0
2026,6,AZA,FNT,8,0.0,1650.0
2026,6,AZA,FSD,25,0.0,1072.0
2026,6,AZA,FWA,8,0.0,1546.0
2026,6,AZA,GEG,10,1.0,1034.0
2026,6,AZA,GRI,11,0.0,905.0
2026,6,AZA,GRR,19,0.0,1561.0
2026,6,AZA,GTF,8,0.0,978.0
2026,6,AZA,ICT,8,0.0,855.0
2026,6,AZA,IDA,20,0.0,705.0
2026,6,AZA,LSE,9,0.0,1318.0
2026,6,AZA,MLI,8,0.0,1287.0
2026,6,AZA,MOT,9,0.0,1164.0
2026,6,AZA,MSO,12,0.0,948.0
2026,6,AZA,OMA,8,0.0,1026.0
2026,6,AZA,PDX,8,0.0,1028.0
2026,6,AZA,PIA,17,0.0,1312.0
2026,6,AZA,PSC,11,0.0,977.0
2026,6,AZA,PVU,57,0.0,477.0
2026,6,AZA,RAP,18,0.0,873.0
2026,6,AZA,RFD,17,0.0,1373.0
2026,6,AZA,SBN,13,0.0,1501.0
2026,6,AZA,SGF,21,0.0,1066.0
2026,6,AZA,SNA,8,0.0,360.0
2026,6,AZA,STC,8,0.0,1259.0
2026,6,AZA,TVC,5,0.0,1599.0
2026,6,AZO,DTW,111,0.0,113.0
2026,6,AZO,ORD,63,4.0,122.0
2026,6,BDL,ATL,191,1.0,859.0
2026,6,BDL,BNA,30,0.0,852.0
2026,6,BDL,BWI,146,0.0,283.0
2026,6,BDL,CLT,148,1.0,644.0
2026,6,BDL,DAL,4,0.0,1463.0
2026,6,BDL,DCA,159,18.0,313.0
2026,6,BDL,DEN,60,0.0,1671.0
2026,6,BDL,DFW,60,4.0,1471.0
2026,6,BDL,DTW,113,2.0,549.0
2026,6,BDL,FLL,54,0.0,1173.0
2026,6,BDL,IAD,85,3.0,325.0
2026,6,BDL,IAH,30,0.0,1507.0
2026,6,BDL,JFK,30,0.0,106.0
2026,6,BDL,MCO,137,0.0,1050.0
2026,6,BDL,MDW,82,1.0,776.0
2026,6,BDL,MIA,30,0.0,1194.0
2026,6,BDL,MSP,83,1.0,1050.0
2026,6,BDL,ORD,204,6.0,783.0
2026,6,BDL,PBI,35,0.0,1133.0
2026,6,BDL,PHL,27,1.0,195.0
2026,6,BDL,RSW,10,0.0,1180.0
2026,6,BDL,SJU,90,0.0,1666.0
2026,6,BDL,TPA,60,1.0,1111.0
2026,6,BET,ANC,60,0.0,399.0
2026,6,BFF,DEN,51,0.0,150.0
2026,6,BFL,DEN,60,0.0,845.0
2026,6,BFL,DFW,30,2.0,1271.0
2026,6,BFL,PHX,107,1.0,425.0
2026,6,BFL,SFO,60,0.0,238.0
2026,6,BGM,DTW,30,0.0,378.0
2026,6,BGR,ATL,10,0.0,1134.0
2026,6,BGR,CLT,34,0.0,921.0
2026,6,BGR,DCA,115,12.0,590.0
2026,6,BGR,DEN,1,0.0,1852.0
2026,6,BGR,DTW,6,0.0,750.0
2026,6,BGR,EWR,90,3.0,393.0
2026,6,BGR,LGA,56,1.0,378.0
2026,6,BGR,ORD,120,4.0,978.0
2026,6,BGR,PHL,30,1.0,473.0
2026,6,BGR,PIE,17,0.0,1394.0
2026,6,BGR,SFB,23,1.0,1299.0
2026,6,BHM,ATL,305,5.0,134.0
2026,6,BHM,BNA,59,1.0,177.0
2026,6,BHM,BWI,30,0.0,682.0
2026,6,BHM,CLT,145,2.0,350.0
2026,6,BHM,DAL,86,1.0,587.0
2026,6,BHM,DCA,86,10.0,653.0
2026,6,BHM,DEN,116,0.0,1083.0
2026,6,BHM,DFW,206,10.0,597.0
2026,6,BHM,DTW,54,0.0,625.0
2026,6,BHM,HOU,38,0.0,570.0
2026,6,BHM,LAS,30,0.0,1618.0
2026,6,BHM,MCO,71,0.0,479.0
2026,6,BHM,MDW,30,0.0,570.0
2026,6,BHM,MIA,34,0.0,661.0
2026,6,BHM,ORD,60,1.0,584.0
2026,6,BHM,PHL,60,6.0,772.0
2026,6,BHM,PHX,1,0.0,1455.0
2026,6,BHM,TPA,30,0.0,459.0
2026,6,BIH,SFO,19,1.0,221.0
2026,6,BIL,AZA,17,0.0,878.0
2026,6,BIL,DEN,176,1.0,455.0
2026,6,BIL,DFW,60,0.0,1081.0
2026,6,BIL,LAS,9,0.0,754.0
2026,6,BIL,MSP,30,1.0,748.0
2026,6,BIL,ORD,30,0.0,1060.0
2026,6,BIL,SLC,90,1.0,387.0
2026,6,BIS,AZA,14,1.0,1092.0
2026,6,BIS,DEN,116,0.0,516.0
2026,6,BIS,DFW,60,1.0,977.0
2026,6,BIS,LAS,8,0.0,1048.0
2026,6,BIS,MSP,107,2.0,386.0
2026,6,BIS,ORD,30,0.0,715.0
2026,6,BJI,MSP,60,1.0,199.0
2026,6,BLI,AZA,13,0.0,1208.0
2026,6,BLI,BUR,8,0.0,1030.0
2026,6,BLI,LAS,34,0.0,954.0
2026,6,BLI,PDX,30,0.0,221.0
2026,6,BLI,SEA,90,0.0,93.0
2026,6,BLV,FLL,9,0.0,1028.0
2026,6,BLV,GUF,13,0.0,582.0
2026,6,BLV,JAX,8,0.0,723.0
2026,6,BLV,LAS,8,0.0,1400.0
2026,6,BLV,MYR,12,2.0,696.0
2026,6,BLV,PGD,25,0.0,921.0
2026,6,BLV,PIE,17,0.0,841.0
2026,6,BLV,SAV,4,0.0,658.0
2026,6,BLV,SFB,26,0.0,835.0
2026,6,BLV,SRQ,8,0.0,876.0
2026,6,BLV,VPS,51,2.0,587.0
2026,6,BMI,DFW,59,0.0,690.0
2026,6,BMI,ORD,63,3.0,116.0
2026,6,BMI,PIE,9,0.0,936.0
2026,6,BMI,SFB,13,0.0,917.0
2026,6,BNA,ABE,8,0.0,684.0
2026,6,BNA,ABQ,27,0.0,1123.0
2026,6,BNA,ALB,39,0.0,825.0
2026,6,BNA,ATL,390,2.0,214.0
2026,6,BNA,ATW,9,0.0,570.0
2026,6,BNA,AUS,252,0.0,756.0
2026,6,BNA,BDL,30,0.0,852.0
2026,6,BNA,BHM,60,0.0,177.0
2026,6,BNA,BOS,269,1.0,942.0
2026,6,BNA,BUF,30,0.0,633.0
2026,6,BNA,BUR,26,0.0,1791.0
2026,6,BNA,BWI,146,1.0,587.0
2026,6,BNA,BZN,25,0.0,1435.0
2026,6,BNA,CAK,9,0.0,436.0
2026,6,BNA,CHS,90,0.0,439.0
2026,6,BNA,CID,9,0.0,481.0
2026,6,BNA,CLE,86,0.0,448.0
2026,6,BNA,CLT,285,4.0,328.0
2026,6,BNA,CMH,98,0.0,338.0
2026,6,BNA,CVG,60,0.0,230.0
2026,6,BNA,DAL,214,4.0,623.0
2026,6,BNA,DCA,366,13.0,562.0
2026,6,BNA,DEN,341,1.0,1013.0
2026,6,BNA,DFW,327,20.0,631.0
2026,6,BNA,DSM,19,0.0,530.0
2026,6,BNA,DTW,210,1.0,456.0
2026,6,BNA,ECP,98,2.0,401.0
2026,6,BNA,EWR,172,1.0,748.0
2026,6,BNA,FAR,8,1.0,910.0
2026,6,BNA,FLL,126,0.0,793.0
2026,6,BNA,FNT,8,0.0,497.0
2026,6,BNA,FSD,9,0.0,741.0
2026,6,BNA,GRR,17,0.0,470.0
2026,6,BNA,GSP,90,0.0,265.0
2026,6,BNA,GUF,8,0.0,406.0
2026,6,BNA,HOU,141,0.0,670.0
2026,6,BNA,IAD,92,0.0,542.0
2026,6,BNA,IAH,130,0.0,657.0
2026,6,BNA,IND,60,0.0,249.0
2026,6,BNA,JAN,30,0.0,327.0
2026,6,BNA,JAX,88,0.0,483.0
2026,6,BNA,JFK,104,2.0,765.0
2026,6,BNA,LAS,174,0.0,1587.0
2026,6,BNA,LAX,232,0.0,1798.0
2026,6,BNA,LGA,286,1.0,764.0
2026,6,BNA,LGB,30,0.0,1785.0
2026,6,BNA,LIT,60,0.0,327.0
2026,6,BNA,MCI,116,0.0,491.0
2026,6,BNA,MCO,290,2.0,616.0
2026,6,BNA,MDT,9,0.0,608.0
2026,6,BNA,MDW,157,2.0,395.0
2026,6,BNA,MEM,60,0.0,200.0
2026,6,BNA,MIA,205,0.0,806.0
2026,6,BNA,MKE,86,0.0,475.0
2026,6,BNA,MSP,171,1.0,695.0
2026,6,BNA,MSY,116,0.0,471.0
2026,6,BNA,MYR,64,0.0,471.0
2026,6,BNA,OKC,60,0.0,616.0
2026,6,BNA,OMA,46,0.0,612.0
2026,6,BNA,ONT,30,0.0,1751.0
2026,6,BNA,ORD,413,12.0,409.0
2026,6,BNA,ORF,38,1.0,585.0
2026,6,BNA,PBI,30,0.0,757.0
2026,6,BNA,PDX,30,0.0,1973.0
2026,6,BNA,PGD,9,0.0,692.0
2026,6,BNA,PHL,260,9.0,675.0
2026,6,BNA,PHX,202,1.0,1449.0
2026,6,BNA,PIE,8,0.0,612.0
2026,6,BNA,PIT,94,0.0,462.0
2026,6,BNA,PNS,90,2.0,391.0
2026,6,BNA,PVD,38,0.0,906.0
2026,6,BNA,PVU,9,0.0,1388.0
2026,6,BNA,PWM,27,1.0,1010.0
2026,6,BNA,RDU,166,1.0,442.0
2026,6,BNA,RFD,8,0.0,438.0
2026,6,BNA,RIC,42,0.0,527.0
2026,6,BNA,RSW,62,0.0,722.0
2026,6,BNA,SAN,98,0.0,1751.0
2026,6,BNA,SAT,86,0.0,822.0
2026,6,BNA,SAV,86,1.0,417.0
2026,6,BNA,SDF,60,0.0,151.0
2026,6,BNA,SEA,177,4.0,1978.0
2026,6,BNA,SFB,13,0.0,598.0
2026,6,BNA,SFO,107,1.0,1969.0
2026,6,BNA,SHV,8,0.0,481.0
2026,6,BNA,SJC,27,0.0,1947.0
2026,6,BNA,SJU,8,0.0,1753.0
2026,6,BNA,SLC,110,0.0,1404.0
2026,6,BNA,SMF,34,0.0,1917.0
2026,6,BNA,SRQ,65,0.0,648.0
2026,6,BNA,STL,108,1.0,272.0
2026,6,BNA,SYR,10,0.0,741.0
2026,6,BNA,TPA,214,2.0,612.0
2026,6,BNA,TUL,60,0.0,515.0
2026,6,BNA,TYS,60,0.0,152.0
2026,6,BNA,VPS,61,0.0,389.0
2026,6,BNA,XNA,9,0.0,426.0
2026,6,BOI,ANC,6,0.0,1842.0
2026,6,BOI,ATL,49,0.0,1838.0
2026,6,BOI,BUR,46,0.0,656.0
2026,6,BOI,DAL,4,0.0,1282.0
2026,6,BOI,DEN,253,0.0,649.0
2026,6,BOI,DFW,90,5.0,1272.0
2026,6,BOI,GEG,20,0.0,287.0
2026,6,BOI,LAS,95,0.0,519.0
2026,6,BOI,LAX,126,0.0,674.0
2026,6,BOI,MDW,23,0.0,1448.0
2026,6,BOI,MSP,81,1.0,1142.0
2026,6,BOI,OAK,30,0.0,512.0
2026,6,BOI,ORD,91,1.0,1437.0
2026,6,BOI,PDX,57,0.0,344.0
2026,6,BOI,PHX,171,1.0,735.0
2026,6,BOI,SAN,86,0.0,749.0
2026,6,BOI,SEA,312,0.0,399.0
2026,6,BOI,SFO,132,0.0,522.0
2026,6,BOI,SJC,58,0.0,523.0
2026,6,BOI,SLC,147,4.0,290.0
2026,6,BOI,SMF,83,0.0,437.0
2026,6,BOI,SNA,42,1.0,688.0
2026,6,BOS,ACK,65,0.0,91.0
2026,6,BOS,ANC,3,0.0,3383.0
2026,6,BOS,ATL,465,6.0,946.0
2026,6,BOS,AUS,162,1.0,1698.0
2026,6,BOS,AVL,24,0.0,783.0
2026,6,BOS,BNA,268,1.0,942.0
2026,6,BOS,BUF,169,5.0,395.0
2026,6,BOS,BWI,303,2.0,369.0
2026,6,BOS,BZN,27,0.0,1991.0
2026,6,BOS,CHS,104,1.0,818.0
2026,6,BOS,CLE,149,1.0,563.0
2026,6,BOS,CLT,352,3.0,728.0
2026,6,BOS,CMH,169,2.0,640.0
2026,6,BOS,CVG,175,2.0,752.0
2026,6,BOS,DAB,30,0.0,1068.0
2026,6,BOS,DAL,30,0.0,1554.0
2026,6,BOS,DCA,757,26.0,399.0
2026,6,BOS,DEN,374,1.0,1754.0
2026,6,BOS,DFW,330,17.0,1562.0
2026,6,BOS,DSM,8,0.0,1165.0
2026,6,BOS,DTW,221,5.0,632.0
2026,6,BOS,EWR,327,10.0,200.0
2026,6,BOS,FLL,179,3.0,1237.0
2026,6,BOS,GRR,8,0.0,740.0
2026,6,BOS,HHH,4,0.0,878.0
2026,6,BOS,IAD,120,2.0,412.0
2026,6,BOS,IAH,187,0.0,1597.0
2026,6,BOS,ILM,64,0.0,672.0
2026,6,BOS,IND,177,0.0,818.0
2026,6,BOS,JAX,141,1.0,1011.0
2026,6,BOS,JFK,430,23.0,187.0
2026,6,BOS,LAS,101,1.0,2381.0
2026,6,BOS,LAX,452,3.0,2611.0
2026,6,BOS,LGA,661,29.0,184.0
2026,6,BOS,MCI,76,0.0,1256.0
2026,6,BOS,MCO,285,3.0,1121.0
2026,6,BOS,MDT,30,1.0,335.0
2026,6,BOS,MDW,143,4.0,861.0
2026,6,BOS,MEM,30,2.0,1139.0
2026,6,BOS,MIA,264,0.0,1258.0
2026,6,BOS,MKE,82,2.0,860.0
2026,6,BOS,MSN,37,0.0,932.0
2026,6,BOS,MSP,170,0.0,1124.0
2026,6,BOS,MSY,60,0.0,1367.0
2026,6,BOS,MVY,5,0.0,70.0
2026,6,BOS,MYR,16,1.0,738.0
2026,6,BOS,ORD,750,21.0,867.0
2026,6,BOS,ORF,62,0.0,468.0
2026,6,BOS,PBI,126,0.0,1197.0
2026,6,BOS,PDX,101,0.0,2537.0
2026,6,BOS,PHL,458,10.0,280.0
2026,6,BOS,PHX,148,0.0,2300.0
2026,6,BOS,PIT,221,9.0,496.0
2026,6,BOS,PQI,30,1.0,332.0
2026,6,BOS,RDU,242,9.0,612.0
2026,6,BOS,RIC,149,2.0,473.0
2026,6,BOS,ROC,86,0.0,343.0
2026,6,BOS,RSW,104,1.0,1249.0
2026,6,BOS,SAN,203,1.0,2588.0
2026,6,BOS,SAT,30,2.0,1764.0
2026,6,BOS,SAV,81,1.0,901.0
2026,6,BOS,SDF,60,0.0,829.0
2026,6,BOS,SEA,278,3.0,2496.0
2026,6,BOS,SFO,502,5.0,2704.0
2026,6,BOS,SJU,126,0.0,1674.0
2026,6,BOS,SLC,110,0.0,2105.0
2026,6,BOS,SRQ,26,0.0,1220.0
2026,6,BOS,STL,144,1.0,1047.0
2026,6,BOS,STT,10,0.0,1693.0
2026,6,BOS,SYR,60,0.0,265.0
2026,6,BOS,TPA,204,1.0,1185.0
2026,6,BOS,TVC,69,0.0,749.0
2026,6,BOS,TYS,14,0.0,830.0
2026,6,BOS,VPS,25,0.0,1187.0
2026,6,BOS,VRB,30,0.0,1144.0
2026,6,BPT,DFW,60,3.0,270.0
2026,6,BQN,EWR,30,0.0,1585.0
2026,6,BQN,FLL,30,0.0,982.0
2026,6,BQN,JFK,31,0.0,1576.0
2026,6,BQN,MCO,122,1.0,1129.0
2026,6,BRD,MSP,51,0.0,114.0
2026,6,BRO,DFW,111,5.0,482.0
2026,6,BRW,ANC,30,2.0,725.0
2026,6,BTM,DEN,30,0.0,578.0
2026,6,BTM,SLC,30,0.0,357.0
2026,6,BTR,ATL,111,2.0,448.0
2026,6,BTR,CLT,60,2.0,675.0
2026,6,BTR,DCA,26,2.0,985.0
2026,6,BTR,DFW,183,11.0,383.0
2026,6,BTV,ATL,37,2.0,961.0
2026,6,BTV,CLT,90,6.0,761.0
2026,6,BTV,DCA,90,11.0,437.0
2026,6,BTV,DEN,30,0.0,1639.0
2026,6,BTV,DTW,24,0.0,537.0
2026,6,BTV,EWR,26,0.0,266.0
2026,6,BTV,IAD,26,0.0,441.0
2026,6,BTV,ORD,119,7.0,763.0
2026,6,BTV,PHL,112,8.0,335.0
2026,6,BUF,ATL,141,3.0,712.0
2026,6,BUF,BNA,30,0.0,633.0
2026,6,BUF,BOS,169,6.0,395.0
2026,6,BUF,BWI,150,1.0,281.0
2026,6,BUF,CLT,89,0.0,546.0
2026,6,BUF,DAL,8,0.0,1206.0
2026,6,BUF,DCA,90,12.0,296.0
2026,6,BUF,DEN,65,0.0,1359.0
2026,6,BUF,DFW,60,2.0,1212.0
2026,6,BUF,DTW,135,2.0,241.0
2026,6,BUF,EWR,74,5.0,282.0
2026,6,BUF,FLL,35,0.0,1166.0
2026,6,BUF,IAD,11,0.0,283.0
2026,6,BUF,JFK,118,5.0,301.0
2026,6,BUF,LAS,7,0.0,1986.0
2026,6,BUF,LAX,30,0.0,2218.0
2026,6,BUF,LGA,118,6.0,292.0
2026,6,BUF,MCO,116,0.0,1011.0
2026,6,BUF,MDW,90,2.0,468.0
2026,6,BUF,MSP,24,1.0,735.0
2026,6,BUF,ORD,209,8.0,474.0
2026,6,BUF,PHL,17,0.0,279.0
2026,6,BUF,PHX,4,0.0,1912.0
2026,6,BUF,RDU,12,0.0,487.0
2026,6,BUF,RSW,13,0.0,1144.0
2026,6,BUF,SJU,17,0.0,1845.0
2026,6,BUF,TPA,33,0.0,1053.0
2026,6,BUR,ABQ,26,0.0,672.0
2026,6,BUR,ATL,30,1.0,1941.0
2026,6,BUR,AUS,30,0.0,1241.0
2026,6,BUR,BLI,8,0.0,1030.0
2026,6,BUR,BNA,26,0.0,1791.0
2026,6,BUR,BOI,46,0.0,656.0
2026,6,BUR,DAL,30,0.0,1243.0
2026,6,BUR,DEN,183,0.0,850.0
2026,6,BUR,DFW,60,3.0,1231.0
2026,6,BUR,DSM,9,0.0,1436.0
2026,6,BUR,EUG,30,0.0,732.0
2026,6,BUR,HNL,30,0.0,2562.0
2026,6,BUR,IND,9,0.0,1805.0
2026,6,BUR,JFK,30,2.0,2465.0
2026,6,BUR,LAS,304,7.0,223.0
2026,6,BUR,MDW,30,0.0,1740.0
2026,6,BUR,OAK,213,1.0,325.0
2026,6,BUR,PDX,90,1.0,817.0
2026,6,BUR,PHX,256,0.0,369.0
2026,6,BUR,PVU,8,0.0,553.0
2026,6,BUR,RDM,30,0.0,709.0
2026,6,BUR,RNO,46,0.0,374.0
2026,6,BUR,SEA,164,5.0,937.0
2026,6,BUR,SFO,261,7.0,326.0
2026,6,BUR,SJC,170,3.0,296.0
2026,6,BUR,SLC,119,0.0,574.0
2026,6,BUR,SMF,201,1.0,358.0
2026,6,BUR,STL,8,0.0,1583.0
2026,6,BUR,STS,88,0.0,387.0
2026,6,BWI,ABQ,34,0.0,1670.0
2026,6,BWI,ALB,149,1.0,288.0
2026,6,BWI,ATL,480,12.0,577.0
2026,6,BWI,AUS,104,1.0,1342.0
2026,6,BWI,BDL,145,0.0,283.0
2026,6,BWI,BHM,30,0.0,682.0
2026,6,BWI,BNA,147,1.0,587.0
2026,6,BWI,BOS,302,2.0,369.0
2026,6,BWI,BUF,150,3.0,281.0
2026,6,BWI,CHS,107,1.0,472.0
2026,6,BWI,CLE,86,2.0,314.0
2026,6,BWI,CLT,259,2.0,361.0
2026,6,BWI,CMH,90,2.0,337.0
2026,6,BWI,CVG,60,1.0,430.0
2026,6,BWI,DAL,154,2.0,1209.0
2026,6,BWI,DEN,248,0.0,1491.0
2026,6,BWI,DFW,114,6.0,1217.0
2026,6,BWI,DTW,203,4.0,409.0
2026,6,BWI,ECP,4,0.0,798.0
2026,6,BWI,FLL,186,5.0,925.0
2026,6,BWI,GRR,57,1.0,528.0
2026,6,BWI,GSP,60,1.0,426.0
2026,6,BWI,HOU,113,2.0,1246.0
2026,6,BWI,IAH,103,1.0,1235.0
2026,6,BWI,IND,114,0.0,516.0
2026,6,BWI,ISP,138,1.0,220.0
2026,6,BWI,JAX,115,1.0,663.0
2026,6,BWI,LAS,139,0.0,2106.0
2026,6,BWI,LAX,145,0.0,2329.0
2026,6,BWI,MCI,87,1.0,966.0
2026,6,BWI,MCO,362,8.0,787.0
2026,6,BWI,MDW,171,2.0,611.0
2026,6,BWI,MEM,24,0.0,787.0
2026,6,BWI,MHT,145,0.0,377.0
2026,6,BWI,MIA,179,0.0,946.0
2026,6,BWI,MKE,83,1.0,641.0
2026,6,BWI,MSP,140,3.0,936.0
2026,6,BWI,MSY,86,0.0,998.0
2026,6,BWI,MYR,94,2.0,399.0
2026,6,BWI,OKC,4,0.0,1180.0
2026,6,BWI,ONT,30,0.0,2283.0
2026,6,BWI,ORD,239,5.0,622.0
2026,6,BWI,ORF,139,0.0,159.0
2026,6,BWI,PBI,93,0.0,883.0
2026,6,BWI,PDX,57,0.0,2358.0
2026,6,BWI,PHX,89,2.0,1999.0
2026,6,BWI,PIT,90,0.0,210.0
2026,6,BWI,PNS,4,0.0,846.0
2026,6,BWI,PVD,150,2.0,327.0
2026,6,BWI,PWM,118,1.0,452.0
2026,6,BWI,RDU,154,2.0,256.0
2026,6,BWI,RIC,60,1.0,120.0
2026,6,BWI,ROC,90,1.0,277.0
2026,6,BWI,RSW,94,2.0,919.0
2026,6,BWI,SAN,103,0.0,2295.0
2026,6,BWI,SAT,75,1.0,1407.0
2026,6,BWI,SAV,83,1.0,548.0
2026,6,BWI,SDF,81,1.0,495.0
2026,6,BWI,SEA,87,0.0,2335.0
2026,6,BWI,SFO,83,0.0,2457.0
2026,6,BWI,SJC,30,0.0,2439.0
2026,6,BWI,SJU,109,1.0,1565.0
2026,6,BWI,SLC,64,0.0,1865.0
2026,6,BWI,SMF,30,0.0,2395.0
2026,6,BWI,SRQ,93,1.0,880.0
2026,6,BWI,STL,111,1.0,738.0
2026,6,BWI,STT,8,0.0,1598.0
2026,6,BWI,TPA,210,2.0,842.0
2026,6,BWI,TYS,30,0.0,464.0
2026,6,BWI,VPS,30,0.0,819.0
2026,6,BZN,ATL,40,0.0,1640.0
2026,6,BZN,AUS,4,0.0,1299.0
2026,6,BZN,AZA,15,0.0,861.0
2026,6,BZN,BNA,25,0.0,1435.0
2026,6,BZN,BOS,27,0.0,1991.0
2026,6,BZN,CLT,17,0.0,1736.0
2026,6,BZN,DAL,4,0.0,1172.0
2026,6,BZN,DEN,254,1.0,524.0
2026,6,BZN,DFW,92,4.0,1163.0
2026,6,BZN,DTW,6,0.0,1400.0
2026,6,BZN,EWR,36,0.0,1882.0
2026,6,BZN,IAD,8,0.0,1773.0
2026,6,BZN,IAH,8,0.0,1385.0
2026,6,BZN,JFK,16,0.0,1902.0
2026,6,BZN,LAS,61,0.0,701.0
2026,6,BZN,LAX,37,0.0,902.0
2026,6,BZN,LGA,2,0.0,1894.0
2026,6,BZN,LGB,4,0.0,904.0
2026,6,BZN,MDW,27,0.0,1198.0
2026,6,BZN,MSP,84,1.0,874.0
2026,6,BZN,ORD,150,1.0,1185.0
2026,6,BZN,PHX,27,0.0,853.0
2026,6,BZN,SAN,20,0.0,956.0
2026,6,BZN,SEA,150,1.0,543.0
2026,6,BZN,SFO,30,0.0,807.0
2026,6,BZN,SLC,114,0.0,347.0
2026,6,CAE,ATL,157,3.0,192.0
2026,6,CAE,CLT,22,0.0,88.0
2026,6,CAE,DCA,86,4.0,408.0
2026,6,CAE,DFW,90,2.0,922.0
2026,6,CAE,LGA,56,3.0,617.0
2026,6,CAE,MIA,4,0.0,563.0
2026,6,CAE,ORD,60,5.0,666.0
2026,6,CAK,BNA,9,0.0,436.0
2026,6,CAK,CLT,136,4.0,394.0
2026,6,CAK,DCA,26,6.0,274.0
2026,6,CAK,FLL,8,0.0,1026.0
2026,6,CAK,JAX,17,0.0,719.0
2026,6,CAK,MYR,15,0.0,518.0
2026,6,CAK,ORD,180,8.0,344.0
2026,6,CAK,PGD,17,0.0,965.0
2026,6,CAK,PIE,21,0.0,899.0
2026,6,CAK,SAV,24,0.0,606.0
2026,6,CAK,SFB,16,0.0,837.0
2026,6,CAK,SRQ,17,0.0,934.0
2026,6,CAK,VPS,13,1.0,774.0
2026,6,CDC,SLC,51,0.0,221.0
2026,6,CDV,ANC,30,0.0,160.0
2026,6,CDV,YAK,30,0.0,213.0
2026,6,CHA,ATL,147,2.0,106.0
2026,6,CHA,DCA,26,1.0,523.0
2026,6,CHA,DEN,4,0.0,1118.0
2026,6,CHA,DFW,120,10.0,695.0
2026,6,CHA,FLL,8,0.0,687.0
2026,6,CHA,IAH,60,0.0,686.0
2026,6,CHA,MIA,4,0.0,701.0
2026,6,CHA,ORD,33,1.0,501.0
2026,6,CHA,PIE,13,0.0,513.0
2026,6,CHA,SFB,9,0.0,490.0
2026,6,CHO,ATL,24,0.0,457.0
2026,6,CHO,LGA,30,2.0,305.0
2026,6,CHO,ORD,87,2.0,566.0
2026,6,CHS,ATL,282,3.0,259.0
2026,6,CHS,AUS,28,0.0,1055.0
2026,6,CHS,BNA,90,0.0,439.0
2026,6,CHS,BOS,104,2.0,818.0
2026,6,CHS,BWI,107,0.0,472.0
2026,6,CHS,CLT,195,2.0,168.0
2026,6,CHS,CVG,12,0.0,497.0
2026,6,CHS,DAL,30,0.0,977.0
2026,6,CHS,DCA,146,6.0,444.0
2026,6,CHS,DEN,57,0.0,1449.0
2026,6,CHS,DFW,124,7.0,987.0
2026,6,CHS,DTW,23,1.0,667.0
2026,6,CHS,EWR,90,0.0,628.0
2026,6,CHS,FLL,30,0.0,470.0
2026,6,CHS,HOU,21,0.0,928.0
2026,6,CHS,IAD,60,0.0,442.0
2026,6,CHS,IAH,26,0.0,925.0
2026,6,CHS,IND,9,0.0,585.0
2026,6,CHS,JFK,59,4.0,636.0
2026,6,CHS,LGA,127,12.0,641.0
2026,6,CHS,MCI,4,0.0,930.0
2026,6,CHS,MDW,50,0.0,745.0
2026,6,CHS,MIA,60,0.0,489.0
2026,6,CHS,MSP,30,1.0,1087.0
2026,6,CHS,ORD,202,8.0,760.0
2026,6,CHS,PHL,91,5.0,550.0
2026,6,CHS,SEA,30,0.0,2415.0
2026,6,CHS,STL,30,0.0,706.0
2026,6,CID,ATL,30,1.0,694.0
2026,6,CID,AZA,12,0.0,1240.0
2026,6,CID,BNA,9,0.0,481.0
2026,6,CID,CLT,30,0.0,742.0
2026,6,CID,DCA,30,1.0,801.0
2026,6,CID,DEN,125,0.0,692.0
2026,6,CID,DFW,116,3.0,685.0
2026,6,CID,FLL,9,0.0,1273.0
2026,6,CID,LAS,9,0.0,1319.0
2026,6,CID,ORD,210,10.0,196.0
2026,6,CID,PGD,13,0.0,1170.0
2026,6,CID,PHX,60,0.0,1252.0
2026,6,CID,PIE,17,0.0,1090.0
2026,6,CID,SFB,17,0.0,1078.0
2026,6,CIU,DTW,30,0.0,285.0
2026,6,CIU,MSP,25,0.0,434.0
2026,6,CIU,ORD,18,0.0,341.0
2026,6,CKB,IAD,30,0.0,150.0
2026,6,CKB,MYR,8,0.0,394.0
2026,6,CKB,ORD,30,1.0,444.0
2026,6,CKB,PIE,9,0.0,798.0
2026,6,CKB,SFB,8,0.0,727.0
2026,6,CKB,VPS,4,0.0,705.0
2026,6,CLD,DEN,60,0.0,840.0
2026,6,CLD,PHX,120,0.0,306.0
2026,6,CLD,SFO,60,0.0,422.0
2026,6,CLE,ATL,322,7.0,554.0
2026,6,CLE,BNA,86,0.0,448.0
2026,6,CLE,BOS,150,1.0,563.0
2026,6,CLE,BWI,86,0.0,314.0
2026,6,CLE,CLT,148,0.0,430.0
2026,6,CLE,DCA,133,19.0,310.0
2026,6,CLE,DEN,180,1.0,1201.0
2026,6,CLE,DFW,148,6.0,1021.0
2026,6,CLE,DTW,108,0.0,95.0
2026,6,CLE,EWR,175,2.0,404.0
2026,6,CLE,FLL,111,2.0,1062.0
2026,6,CLE,IAD,116,0.0,287.0
2026,6,CLE,IAH,86,0.0,1091.0
2026,6,CLE,JFK,90,4.0,425.0
2026,6,CLE,LAS,90,2.0,1824.0
2026,6,CLE,LAX,90,0.0,2052.0
2026,6,CLE,LGA,112,8.0,419.0
2026,6,CLE,MCO,208,0.0,895.0
2026,6,CLE,MDW,109,1.0,307.0
2026,6,CLE,MIA,87,0.0,1080.0
2026,6,CLE,MSP,112,2.0,622.0
2026,6,CLE,MYR,8,1.0,557.0
2026,6,CLE,ORD,383,20.0,316.0
2026,6,CLE,PHL,60,3.0,363.0
2026,6,CLE,PHX,88,1.0,1737.0
2026,6,CLE,RDU,19,1.0,416.0
2026,6,CLE,RSW,68,1.0,1025.0
2026,6,CLE,SEA,57,0.0,2021.0
2026,6,CLE,SFO,58,0.0,2161.0
2026,6,CLE,SLC,30,0.0,1565.0
2026,6,CLE,SRQ,11,0.0,967.0
2026,6,CLE,STL,56,0.0,487.0
2026,6,CLE,TPA,90,0.0,927.0
2026,6,CLL,DFW,90,7.0,164.0
2026,6,CLT,ABE,60,2.0,481.0
2026,6,CLT,ACK,6,0.0,723.0
2026,6,CLT,ALB,90,1.0,646.0
2026,6,CLT,ATL,373,6.0,226.0
2026,6,CLT,ATW,30,1.0,742.0
2026,6,CLT,AUS,120,0.0,1032.0
2026,6,CLT,AVL,30,4.0,91.0
2026,6,CLT,AVP,86,3.0,509.0
2026,6,CLT,BDL,148,1.0,644.0
2026,6,CLT,BGR,34,0.0,921.0
2026,6,CLT,BHM,145,2.0,350.0
2026,6,CLT,BNA,285,4.0,328.0
2026,6,CLT,BOS,352,3.0,728.0
2026,6,CLT,BTR,60,0.0,675.0
2026,6,CLT,BTV,90,6.0,761.0
2026,6,CLT,BUF,89,0.0,546.0
2026,6,CLT,BWI,259,2.0,361.0
2026,6,CLT,BZN,17,0.0,1736.0
2026,6,CLT,CAE,21,1.0,88.0
2026,6,CLT,CAK,136,5.0,394.0
2026,6,CLT,CHS,195,2.0,168.0
2026,6,CLT,CID,30,0.0,742.0
2026,6,CLT,CLE,148,0.0,430.0
2026,6,CLT,CMH,170,2.0,347.0
2026,6,CLT,COU,30,1.0,670.0
2026,6,CLT,CRW,81,7.0,221.0
2026,6,CLT,CVG,150,1.0,335.0
2026,6,CLT,DAB,120,5.0,416.0
2026,6,CLT,DAL,30,1.0,926.0
2026,6,CLT,DAY,113,1.0,370.0
2026,6,CLT,DCA,241,5.0,331.0
2026,6,CLT,DEN,229,3.0,1337.0
2026,6,CLT,DFW,328,13.0,935.0
2026,6,CLT,DSM,60,1.0,815.0
2026,6,CLT,DTW,269,4.0,500.0
2026,6,CLT,ECP,120,3.0,437.0
2026,6,CLT,EWR,271,6.0,529.0
2026,6,CLT,EYW,87,1.0,736.0
2026,6,CLT,FLL,179,2.0,632.0
2026,6,CLT,GPT,30,4.0,577.0
2026,6,CLT,GRR,89,1.0,583.0
2026,6,CLT,GSO,125,4.0,84.0
2026,6,CLT,GSP,111,0.0,75.0
2026,6,CLT,HHH,102,0.0,206.0
2026,6,CLT,HPN,109,1.0,564.0
2026,6,CLT,HSV,30,2.0,333.0
2026,6,CLT,IAD,119,3.0,322.0
2026,6,CLT,IAH,201,3.0,912.0
2026,6,CLT,ILM,129,2.0,185.0
2026,6,CLT,IND,170,3.0,427.0
2026,6,CLT,JAC,30,0.0,1685.0
2026,6,CLT,JAN,90,3.0,562.0
2026,6,CLT,JAX,149,0.0,328.0
2026,6,CLT,JFK,156,1.0,542.0
2026,6,CLT,LAS,180,0.0,1916.0
2026,6,CLT,LAX,209,0.0,2125.0
2026,6,CLT,LEX,129,4.0,281.0
2026,6,CLT,LFT,30,1.0,729.0
2026,6,CLT,LGA,326,17.0,544.0
2026,6,CLT,LIT,133,2.0,640.0
2026,6,CLT,LWB,30,1.0,185.0
2026,6,CLT,MCI,90,0.0,808.0
2026,6,CLT,MCO,377,3.0,468.0
2026,6,CLT,MDT,60,2.0,413.0
2026,6,CLT,MDW,79,2.0,584.0
2026,6,CLT,MEM,147,3.0,511.0
2026,6,CLT,MHT,90,1.0,738.0
2026,6,CLT,MIA,298,3.0,650.0
2026,6,CLT,MKE,84,2.0,651.0
2026,6,CLT,MLB,90,2.0,490.0
2026,6,CLT,MSN,86,0.0,708.0
2026,6,CLT,MSP,211,4.0,930.0
2026,6,CLT,MSY,128,0.0,650.0
2026,6,CLT,MVY,2,0.0,704.0
2026,6,CLT,MYR,150,1.0,157.0
2026,6,CLT,OKC,73,1.0,940.0
2026,6,CLT,OMA,90,1.0,913.0
2026,6,CLT,ONT,30,0.0,2078.0
2026,6,CLT,ORD,417,14.0,599.0
2026,6,CLT,ORF,205,4.0,290.0
2026,6,CLT,PBI,146,2.0,590.0
2026,6,CLT,PDX,58,1.0,2282.0
2026,6,CLT,PHL,287,3.0,449.0
2026,6,CLT,PHX,239,1.0,1773.0
2026,6,CLT,PIA,60,2.0,607.0
2026,6,CLT,PIT,180,3.0,366.0
2026,6,CLT,PNS,131,2.0,488.0
2026,6,CLT,PVD,120,2.0,684.0
2026,6,CLT,PWM,94,0.0,813.0
2026,6,CLT,RAP,30,2.0,1322.0
2026,6,CLT,RDU,266,3.0,130.0
2026,6,CLT,RIC,205,4.0,257.0
2026,6,CLT,ROA,18,0.0,155.0
2026,6,CLT,ROC,84,0.0,573.0
2026,6,CLT,RSW,110,0.0,600.0
2026,6,CLT,SAN,120,0.0,2077.0
2026,6,CLT,SAT,118,2.0,1095.0
2026,6,CLT,SAV,134,4.0,213.0
2026,6,CLT,SBN,85,3.0,534.0
2026,6,CLT,SDF,145,2.0,335.0
2026,6,CLT,SEA,144,0.0,2279.0
2026,6,CLT,SFO,140,2.0,2296.0
2026,6,CLT,SGF,114,3.0,708.0
2026,6,CLT,SHD,30,0.0,239.0
2026,6,CLT,SHV,56,1.0,764.0
2026,6,CLT,SJU,77,1.0,1475.0
2026,6,CLT,SLC,87,0.0,1727.0
2026,6,CLT,SMF,30,1.0,2244.0
2026,6,CLT,SNA,30,0.0,2099.0
2026,6,CLT,SRQ,90,0.0,547.0
2026,6,CLT,STL,169,1.0,575.0
2026,6,CLT,STT,64,0.0,1520.0
2026,6,CLT,STX,4,0.0,1562.0
2026,6,CLT,SYR,89,1.0,603.0
2026,6,CLT,TPA,210,3.0,507.0
2026,6,CLT,TUL,60,0.0,842.0
2026,6,CLT,TVC,60,0.0,702.0
2026,6,CLT,TYS,64,2.0,176.0
2026,6,CLT,VPS,114,5.0,460.0
2026,6,CLT,VRB,30,0.0,522.0
2026,6,CLT,XNA,121,2.0,754.0
2026,6,CMH,ATL,270,3.0,447.0
2026,6,CMH,AUS,54,0.0,1073.0
2026,6,CMH,BNA,102,0.0,338.0
2026,6,CMH,BOS,169,0.0,640.0
2026,6,CMH,BWI,86,0.0,337.0
2026,6,CMH,CLT,170,2.0,347.0
2026,6,CMH,DAL,54,0.0,919.0
2026,6,CMH,DCA,176,6.0,323.0
2026,6,CMH,DEN,157,0.0,1154.0
2026,6,CMH,DFW,150,6.0,926.0
2026,6,CMH,DTW,173,0.0,155.0
2026,6,CMH,ECP,8,0.0,684.0
2026,6,CMH,EWR,176,2.0,463.0
2026,6,CMH,FLL,21,0.0,973.0
2026,6,CMH,HOU,30,0.0,1000.0
2026,6,CMH,IAD,45,0.0,299.0
2026,6,CMH,IAH,37,1.0,986.0
2026,6,CMH,JFK,114,8.0,483.0
2026,6,CMH,LAS,67,0.0,1771.0
2026,6,CMH,LAX,60,0.0,1995.0
2026,6,CMH,LGA,220,7.0,479.0
2026,6,CMH,MCI,4,0.0,632.0
2026,6,CMH,MCO,140,2.0,802.0
2026,6,CMH,MDW,113,2.0,283.0
2026,6,CMH,MIA,110,0.0,990.0
2026,6,CMH,MSP,110,1.0,626.0
2026,6,CMH,MYR,8,0.0,488.0
2026,6,CMH,ORD,450,15.0,296.0
2026,6,CMH,PHL,168,6.0,407.0
2026,6,CMH,PHX,95,0.0,1670.0
2026,6,CMH,RSW,38,0.0,930.0
2026,6,CMH,SAN,28,0.0,1964.0
2026,6,CMH,SEA,57,0.0,2016.0
2026,6,CMH,SFO,48,0.0,2120.0
2026,6,CMH,SLC,30,0.0,1528.0
2026,6,CMH,SRQ,13,0.0,869.0
2026,6,CMH,STL,56,0.0,409.0
2026,6,CMH,TPA,69,0.0,829.0
2026,6,CMI,DFW,55,2.0,692.0
2026,6,CMI,ORD,90,4.0,135.0
2026,6,CMX,ORD,64,2.0,360.0
2026,6,COD,DEN,99,0.0,391.0
2026,6,COD,ORD,4,0.0,1077.0
2026,6,COS,ATL,60,0.0,1184.0
2026,6,COS,DAL,60,2.0,602.0
2026,6,COS,DEN,435,1.0,73.0
2026,6,COS,DFW,180,8.0,592.0
2026,6,COS,HOU,30,0.0,829.0
2026,6,COS,LAS,73,0.0,604.0
2026,6,COS,MDW,27,1.0,917.0
2026,6,COS,MSP,24,0.0,725.0
2026,6,COS,ORD,90,7.0,911.0
2026,6,COS,PHX,86,0.0,551.0
2026,6,COS,PIE,9,0.0,1472.0
2026,6,COS,SAN,17,0.0,816.0
2026,6,COS,SLC,60,0.0,411.0
2026,6,COS,SNA,9,0.0,815.0
2026,6,COU,CLT,30,0.0,670.0
2026,6,COU,DEN,30,0.0,671.0
2026,6,COU,DFW,110,4.0,490.0
2026,6,COU,ORD,174,7.0,315.0
2026,6,COU,SFB,8,0.0,936.0
2026,6,COU,VPS,8,0.0,659.0
2026,6,CPR,DEN,236,0.0,230.0
2026,6,CRP,DEN,8,1.0,930.0
2026,6,CRP,DFW,256,10.0,355.0
2026,6,CRP,HOU,86,0.0,187.0
2026,6,CRP,IAH,30,1.0,201.0
2026,6,CRW,CLT,82,6.0,221.0
2026,6,CRW,DCA,30,4.0,249.0
2026,6,CRW,ORD,87,2.0,416.0
2026,6,CSG,ATL,6,0.0,83.0
2026,6,CVG,ATL,260,1.0,373.0
2026,6,CVG,AUS,36,0.0,958.0
2026,6,CVG,AZA,8,0.0,1553.0
2026,6,CVG,BNA,60,0.0,230.0
2026,6,CVG,BOS,175,4.0,752.0
2026,6,CVG,BWI,60,0.0,430.0
2026,6,CVG,CHS,12,0.0,497.0
2026,6,CVG,CLT,150,1.0,335.0
2026,6,CVG,DCA,86,6.0,411.0
2026,6,CVG,DEN,127,0.0,1069.0
2026,6,CVG,DFW,138,7.0,812.0
2026,6,CVG,EWR,103,1.0,569.0
2026,6,CVG,EYW,9,0.0,1013.0
2026,6,CVG,FLL,102,0.0,932.0
2026,6,CVG,GUF,13,0.0,627.0
2026,6,CVG,IAD,53,0.0,388.0
2026,6,CVG,IAH,55,0.0,871.0
2026,6,CVG,JAX,13,0.0,613.0
2026,6,CVG,JFK,60,2.0,589.0
2026,6,CVG,LAS,57,1.0,1678.0
2026,6,CVG,LAX,27,0.0,1900.0
2026,6,CVG,MCO,153,2.0,757.0
2026,6,CVG,MDW,60,0.0,249.0
2026,6,CVG,MIA,60,0.0,948.0
2026,6,CVG,MLB,9,0.0,789.0
2026,6,CVG,MSP,108,0.0,596.0
2026,6,CVG,MYR,25,0.0,489.0
2026,6,CVG,ORD,420,17.0,264.0
2026,6,CVG,PBI,8,0.0,892.0
2026,6,CVG,PDX,8,0.0,1975.0
2026,6,CVG,PGD,43,0.0,850.0
2026,6,CVG,PHL,137,6.0,507.0
2026,6,CVG,PHX,30,0.0,1569.0
2026,6,CVG,PIE,43,1.0,776.0
2026,6,CVG,RSW,42,0.0,879.0
2026,6,CVG,SAV,25,0.0,515.0
2026,6,CVG,SEA,81,0.0,1965.0
2026,6,CVG,SFB,42,0.0,735.0
2026,6,CVG,SLC,83,0.0,1450.0
2026,6,CVG,SNA,8,0.0,1877.0
2026,6,CVG,SRQ,29,0.0,812.0
2026,6,CVG,TPA,60,0.0,773.0
2026,6,CVG,VPS,51,0.0,600.0
2026,6,CWA,ORD,90,4.0,213.0
2026,6,CYS,DEN,60,0.0,90.0
2026,6,DAB,ATL,120,2.0,366.0
2026,6,DAB,BOS,30,0.0,1068.0
2026,6,DAB,CLT,120,7.0,416.0
2026,6,DAB,JFK,30,1.0,891.0
2026,6,DAL,ABQ,128,2.0,580.0
2026,6,DAL,AMA,110,1.0,323.0
2026,6,DAL,ATL,265,1.0,721.0
2026,6,DAL,AUS,194,2.0,189.0
2026,6,DAL,BDL,4,0.0,1463.0
2026,6,DAL,BHM,86,2.0,587.0
2026,6,DAL,BNA,207,2.0,623.0
2026,6,DAL,BOI,4,0.0,1282.0
2026,6,DAL,BOS,30,0.0,1554.0
2026,6,DAL,BUF,8,0.0,1206.0
2026,6,DAL,BUR,30,0.0,1243.0
2026,6,DAL,BWI,157,3.0,1209.0
2026,6,DAL,BZN,4,0.0,1172.0
2026,6,DAL,CHS,30,1.0,977.0
2026,6,DAL,CLT,30,0.0,926.0
2026,6,DAL,CMH,54,0.0,919.0
2026,6,DAL,COS,60,0.0,602.0
2026,6,DAL,DCA,146,3.0,1184.0
2026,6,DAL,DEN,263,6.0,651.0
2026,6,DAL,ECP,92,1.0,674.0
2026,6,DAL,ELP,146,2.0,562.0
2026,6,DAL,FAT,4,0.0,1325.0
2026,6,DAL,FLL,41,0.0,1108.0
2026,6,DAL,GEG,8,0.0,1486.0
2026,6,DAL,HOU,328,8.0,239.0
2026,6,DAL,HRL,34,0.0,458.0
2026,6,DAL,IND,60,0.0,755.0
2026,6,DAL,JAX,30,0.0,906.0
2026,6,DAL,LAS,238,4.0,1067.0
2026,6,DAL,LAX,141,1.0,1246.0
2026,6,DAL,LBB,112,2.0,293.0
2026,6,DAL,LGA,138,1.0,1381.0
2026,6,DAL,LGB,34,0.0,1232.0
2026,6,DAL,LIT,86,0.0,296.0
2026,6,DAL,MAF,108,1.0,319.0
2026,6,DAL,MCI,172,2.0,461.0
2026,6,DAL,MCO,236,6.0,973.0
2026,6,DAL,MDW,195,5.0,793.0
2026,6,DAL,MEM,38,0.0,423.0
2026,6,DAL,MIA,40,1.0,1109.0
2026,6,DAL,MKE,34,1.0,850.0
2026,6,DAL,MSP,4,0.0,853.0
2026,6,DAL,MSY,162,1.0,437.0
2026,6,DAL,MTJ,4,0.0,733.0
2026,6,DAL,MYR,12,0.0,1038.0
2026,6,DAL,OAK,34,0.0,1468.0
2026,6,DAL,OKC,60,0.0,181.0
2026,6,DAL,OMA,40,0.0,586.0
2026,6,DAL,ONT,30,0.0,1200.0
2026,6,DAL,ORD,3,0.0,798.0
2026,6,DAL,ORF,8,0.0,1203.0
2026,6,DAL,PDX,30,0.0,1626.0
2026,6,DAL,PHL,30,0.0,1295.0
2026,6,DAL,PHX,219,3.0,879.0
2026,6,DAL,PIT,30,0.0,1060.0
2026,6,DAL,PNS,57,1.0,592.0
2026,6,DAL,PVD,4,0.0,1521.0
2026,6,DAL,RDU,30,0.0,1052.0
2026,6,DAL,RNO,27,0.0,1356.0
2026,6,DAL,RSW,4,0.0,1005.0
2026,6,DAL,SAN,136,2.0,1182.0
2026,6,DAL,SAT,223,2.0,247.0
2026,6,DAL,SAV,30,0.0,915.0
2026,6,DAL,SDF,30,0.0,725.0
2026,6,DAL,SEA,34,0.0,1670.0
2026,6,DAL,SFO,30,1.0,1476.0
2026,6,DAL,SJC,30,0.0,1450.0
2026,6,DAL,SLC,60,1.0,999.0
2026,6,DAL,SMF,60,0.0,1442.0
2026,6,DAL,SNA,30,0.0,1216.0
2026,6,DAL,SRQ,4,0.0,934.0
2026,6,DAL,STL,169,1.0,546.0
2026,6,DAL,TPA,106,0.0,917.0
2026,6,DAL,TUL,82,0.0,237.0
2026,6,DAL,TUS,1,0.0,824.0
2026,6,DAL,TYS,30,0.0,762.0
2026,6,DAL,VPS,57,1.0,630.0
2026,6,DAY,ATL,109,1.0,432.0
2026,6,DAY,CLT,113,0.0,370.0
2026,6,DAY,DCA,73,7.0,391.0
2026,6,DAY,DEN,30,0.0,1085.0
2026,6,DAY,DFW,112,8.0,861.0
2026,6,DAY,MYR,9,0.0,520.0
2026,6,DAY,ORD,127,6.0,240.0
2026,6,DAY,PGD,8,0.0,904.0
2026,6,DAY,PHL,30,2.0,477.0
2026,6,DAY,PIE,9,0.0,831.0
2026,6,DAY,SFB,8,0.0,785.0
2026,6,DCA,ACK,48,1.0,405.0
2026,6,DCA,AGS,26,1.0,468.0
2026,6,DCA,ALB,110,10.0,318.0
2026,6,DCA,ATL,562,27.0,547.0
2026,6,DCA,AUS,30,0.0,1315.0
2026,6,DCA,AVL,60,7.0,384.0
2026,6,DCA,BDL,159,13.0,313.0
2026,6,DCA,BGR,115,11.0,590.0
2026,6,DCA,BHM,86,10.0,653.0
2026,6,DCA,BNA,366,17.0,562.0
2026,6,DCA,BOS,757,30.0,399.0
2026,6,DCA,BTR,26,6.0,985.0
2026,6,DCA,BTV,90,12.0,437.0
2026,6,DCA,BUF,90,11.0,296.0
2026,6,DCA,CAE,86,7.0,408.0
2026,6,DCA,CAK,26,1.0,274.0
2026,6,DCA,CHA,26,4.0,523.0
2026,6,DCA,CHS,146,6.0,444.0
2026,6,DCA,CID,30,0.0,801.0
2026,6,DCA,CLE,133,21.0,310.0
2026,6,DCA,CLT,240,5.0,331.0
2026,6,DCA,CMH,176,3.0,323.0
2026,6,DCA,CRW,30,5.0,249.0
2026,6,DCA,CVG,86,5.0,411.0
2026,6,DCA,DAL,146,2.0,1184.0
2026,6,DCA,DAY,73,3.0,391.0
2026,6,DCA,DEN,110,0.0,1476.0
2026,6,DCA,DFW,270,9.0,1192.0
2026,6,DCA,DSM,60,7.0,897.0
2026,6,DCA,DTW,232,13.0,405.0
2026,6,DCA,ECP,38,2.0,769.0
2026,6,DCA,EYW,38,0.0,1023.0
2026,6,DCA,FLL,170,3.0,899.0
2026,6,DCA,GRR,60,1.0,524.0
2026,6,DCA,GSO,56,3.0,248.0
2026,6,DCA,GSP,86,6.0,396.0
2026,6,DCA,HHH,34,0.0,501.0
2026,6,DCA,HOU,90,1.0,1218.0
2026,6,DCA,HPN,106,10.0,234.0
2026,6,DCA,HSV,108,9.0,613.0
2026,6,DCA,HYA,19,0.0,407.0
2026,6,DCA,IAH,280,8.0,1208.0
2026,6,DCA,ICT,30,1.0,1110.0
2026,6,DCA,ILM,86,7.0,320.0
2026,6,DCA,IND,172,5.0,500.0
2026,6,DCA,JAN,26,6.0,860.0
2026,6,DCA,JAX,116,5.0,634.0
2026,6,DCA,JFK,210,12.0,213.0
2026,6,DCA,LAN,26,2.0,479.0
2026,6,DCA,LAS,60,0.0,2089.0
2026,6,DCA,LAX,120,1.0,2311.0
2026,6,DCA,LEX,26,1.0,414.0
2026,6,DCA,LGA,412,24.0,214.0
2026,6,DCA,LIT,30,1.0,888.0
2026,6,DCA,MCI,164,9.0,949.0
2026,6,DCA,MCO,389,9.0,759.0
2026,6,DCA,MDW,176,7.0,601.0
2026,6,DCA,MEM,86,8.0,762.0
2026,6,DCA,MGM,26,4.0,693.0
2026,6,DCA,MHT,86,7.0,406.0
2026,6,DCA,MIA,326,5.0,919.0
2026,6,DCA,MKE,116,7.0,634.0
2026,6,DCA,MSN,108,11.0,707.0
2026,6,DCA,MSP,224,12.0,931.0
2026,6,DCA,MSY,142,7.0,969.0
2026,6,DCA,MVY,44,1.0,383.0
2026,6,DCA,MYR,68,8.0,372.0
2026,6,DCA,OKC,60,1.0,1158.0
2026,6,DCA,OMA,56,0.0,1012.0
2026,6,DCA,ORD,638,22.0,612.0
2026,6,DCA,ORF,86,8.0,142.0
2026,6,DCA,PBI,125,0.0,857.0
2026,6,DCA,PDX,30,0.0,2350.0
2026,6,DCA,PHL,60,4.0,120.0
2026,6,DCA,PHX,90,0.0,1979.0
2026,6,DCA,PIT,129,8.0,204.0
2026,6,DCA,PNS,90,7.0,816.0
2026,6,DCA,PVD,215,12.0,356.0
2026,6,DCA,PWM,94,5.0,482.0
2026,6,DCA,RDU,164,11.0,227.0
2026,6,DCA,ROC,86,7.0,296.0
2026,6,DCA,RSW,60,3.0,892.0
2026,6,DCA,SAN,30,0.0,2276.0
2026,6,DCA,SAT,30,1.0,1380.0
2026,6,DCA,SAV,103,9.0,519.0
2026,6,DCA,SDF,86,8.0,474.0
2026,6,DCA,SEA,90,1.0,2329.0
2026,6,DCA,SFO,90,1.0,2442.0
2026,6,DCA,SJU,30,0.0,1554.0
2026,6,DCA,SLC,30,0.0,1851.0
2026,6,DCA,SRQ,30,0.0,851.0
2026,6,DCA,STL,198,6.0,719.0
2026,6,DCA,SYR,86,8.0,298.0
2026,6,DCA,TLH,30,3.0,716.0
2026,6,DCA,TPA,176,3.0,814.0
2026,6,DCA,TUL,30,3.0,1050.0
2026,6,DCA,TVC,32,1.0,599.0
2026,6,DCA,TYS,90,5.0,437.0
2026,6,DCA,VPS,30,0.0,789.0
2026,6,DCA,XNA,30,3.0,963.0
2026,6,DDC,DEN,51,0.0,292.0
2026,6,DEC,ORD,51,4.0,156.0
2026,6,DEN,ABE,9,0.0,1539.0
2026,6,DEN,ABI,60,0.0,584.0
2026,6,DEN,ABQ,300,0.0,349.0
2026,6,DEN,ACV,30,0.0,1026.0
2026,6,DEN,ALB,57,0.0,1610.0
2026,6,DEN,AMA,56,0.0,359.0
2026,6,DEN,ANC,134,0.0,2405.0
2026,6,DEN,ASE,232,9.0,125.0
2026,6,DEN,ATL,516,1.0,1199.0
2026,6,DEN,ATW,39,0.0,883.0
2026,6,DEN,ATY,30,0.0,519.0
2026,6,DEN,AUS,502,2.0,775.0
2026,6,DEN,AVL,42,0.0,1248.0
2026,6,DEN,BDL,60,0.0,1671.0
2026,6,DEN,BFF,51,0.0,150.0
2026,6,DEN,BFL,60,0.0,845.0
2026,6,DEN,BGR,1,0.0,1852.0
2026,6,DEN,BHM,116,0.0,1083.0
2026,6,DEN,BIL,176,0.0,455.0
2026,6,DEN,BIS,116,0.0,516.0
2026,6,DEN,BNA,340,1.0,1013.0
2026,6,DEN,BOI,253,0.0,649.0
2026,6,DEN,BOS,374,1.0,1754.0
2026,6,DEN,BTM,30,0.0,578.0
2026,6,DEN,BTV,30,0.0,1639.0
2026,6,DEN,BUF,65,0.0,1359.0
2026,6,DEN,BUR,187,0.0,850.0
2026,6,DEN,BWI,248,0.0,1491.0
2026,6,DEN,BZN,254,0.0,524.0
2026,6,DEN,CHA,4,0.0,1118.0
2026,6,DEN,CHS,57,0.0,1449.0
2026,6,DEN,CID,126,1.0,692.0
2026,6,DEN,CLD,60,0.0,840.0
2026,6,DEN,CLE,180,0.0,1201.0
2026,6,DEN,CLT,229,2.0,1337.0
2026,6,DEN,CMH,157,0.0,1154.0
2026,6,DEN,COD,99,0.0,391.0
2026,6,DEN,COS,436,1.0,73.0
2026,6,DEN,COU,30,0.0,671.0
2026,6,DEN,CPR,236,0.0,230.0
2026,6,DEN,CRP,8,1.0,930.0
2026,6,DEN,CVG,128,0.0,1069.0
2026,6,DEN,CYS,60,0.0,90.0
2026,6,DEN,DAL,264,2.0,651.0
2026,6,DEN,DAY,30,0.0,1085.0
2026,6,DEN,DCA,110,0.0,1476.0
2026,6,DEN,DDC,51,0.0,292.0
2026,6,DEN,DFW,539,16.0,641.0
2026,6,DEN,DIK,51,0.0,488.0
2026,6,DEN,DRO,175,0.0,251.0
2026,6,DEN,DSM,219,0.0,589.0
2026,6,DEN,DTW,286,1.0,1123.0
2026,6,DEN,DVL,51,0.0,638.0
2026,6,DEN,EAR,51,0.0,305.0
2026,6,DEN,ECP,38,0.0,1250.0
2026,6,DEN,EGE,90,0.0,120.0
2026,6,DEN,ELP,173,0.0,563.0
2026,6,DEN,EUG,120,0.0,996.0
2026,6,DEN,EWR,301,2.0,1605.0
2026,6,DEN,FAI,30,0.0,2430.0
2026,6,DEN,FAR,137,0.0,627.0
2026,6,DEN,FAT,120,0.0,844.0
2026,6,DEN,FCA,120,0.0,752.0
2026,6,DEN,FLL,95,0.0,1703.0
2026,6,DEN,FMN,30,0.0,289.0
2026,6,DEN,FOD,26,0.0,576.0
2026,6,DEN,FSD,180,0.0,483.0
2026,6,DEN,GCC,88,0.0,313.0
2026,6,DEN,GEG,189,1.0,836.0
2026,6,DEN,GJT,206,0.0,212.0
2026,6,DEN,GRR,114,0.0,1015.0
2026,6,DEN,GSP,30,0.0,1278.0
2026,6,DEN,GTF,60,0.0,623.0
2026,6,DEN,GUC,90,0.0,152.0
2026,6,DEN,HDN,120,0.0,141.0
2026,6,DEN,HLN,60,0.0,594.0
2026,6,DEN,HNL,60,0.0,3365.0
2026,6,DEN,HOB,30,0.0,501.0
2026,6,DEN,HOU,202,0.0,883.0
2026,6,DEN,HSV,60,0.0,1048.0
2026,6,DEN,HYS,51,1.0,298.0
2026,6,DEN,IAD,262,0.0,1452.0
2026,6,DEN,IAH,431,0.0,861.0
2026,6,DEN,ICT,227,1.0,420.0
2026,6,DEN,IDA,150,0.0,458.0
2026,6,DEN,ILM,4,0.0,1522.0
2026,6,DEN,IND,237,2.0,976.0
2026,6,DEN,JAC,150,1.0,406.0
2026,6,DEN,JAX,85,0.0,1446.0
2026,6,DEN,JFK,137,2.0,1626.0
2026,6,DEN,JLN,21,0.0,582.0
2026,6,DEN,JMS,51,0.0,573.0
2026,6,DEN,KOA,30,0.0,3329.0
2026,6,DEN,LAR,51,0.0,113.0
2026,6,DEN,LAS,593,5.0,628.0
2026,6,DEN,LAX,654,3.0,862.0
2026,6,DEN,LBB,86,1.0,456.0
2026,6,DEN,LBF,51,0.0,227.0
2026,6,DEN,LBL,51,0.0,280.0
2026,6,DEN,LEX,30,0.0,1086.0
2026,6,DEN,LGA,394,4.0,1620.0
2026,6,DEN,LGB,90,1.0,854.0
2026,6,DEN,LIH,30,0.0,3414.0
2026,6,DEN,LIT,132,0.0,771.0
2026,6,DEN,LNK,145,0.0,423.0
2026,6,DEN,MAF,142,1.0,563.0
2026,6,DEN,MCI,419,2.0,533.0
2026,6,DEN,MCO,420,1.0,1547.0
2026,6,DEN,MDW,201,4.0,895.0
2026,6,DEN,MEM,128,0.0,872.0
2026,6,DEN,MFR,60,0.0,964.0
2026,6,DEN,MIA,179,0.0,1709.0
2026,6,DEN,MKE,236,2.0,896.0
2026,6,DEN,MLI,30,0.0,751.0
2026,6,DEN,MOT,116,0.0,604.0
2026,6,DEN,MRY,60,1.0,959.0
2026,6,DEN,MSN,123,1.0,826.0
2026,6,DEN,MSO,96,0.0,679.0
2026,6,DEN,MSP,548,3.0,680.0
2026,6,DEN,MSY,163,2.0,1062.0
2026,6,DEN,MTJ,120,0.0,197.0
2026,6,DEN,MYR,31,0.0,1484.0
2026,6,DEN,OAK,147,0.0,957.0
2026,6,DEN,OGG,30,0.0,3302.0
2026,6,DEN,OKC,280,0.0,495.0
2026,6,DEN,OMA,324,0.0,472.0
2026,6,DEN,ONT,250,0.0,819.0
2026,6,DEN,ORD,537,6.0,888.0
2026,6,DEN,ORF,78,0.0,1553.0
2026,6,DEN,OTH,30,0.0,1040.0
2026,6,DEN,PDX,435,1.0,991.0
2026,6,DEN,PHL,316,2.0,1558.0
2026,6,DEN,PHX,683,5.0,602.0
2026,6,DEN,PIA,38,0.0,793.0
2026,6,DEN,PIR,51,0.0,385.0
2026,6,DEN,PIT,139,0.0,1290.0
2026,6,DEN,PNS,77,0.0,1179.0
2026,6,DEN,PRC,51,0.0,558.0
2026,6,DEN,PSC,60,0.0,853.0
2026,6,DEN,PSP,92,0.0,776.0
2026,6,DEN,PWM,30,0.0,1782.0
2026,6,DEN,RAP,249,0.0,301.0
2026,6,DEN,RDD,30,0.0,932.0
2026,6,DEN,RDM,60,0.0,898.0
2026,6,DEN,RDU,154,0.0,1436.0
2026,6,DEN,RIC,92,0.0,1481.0
2026,6,DEN,RIW,60,0.0,296.0
2026,6,DEN,RKS,60,0.0,260.0
2026,6,DEN,RNO,201,1.0,804.0
2026,6,DEN,ROW,60,0.0,452.0
2026,6,DEN,RSW,80,0.0,1607.0
2026,6,DEN,SAF,150,0.0,303.0
2026,6,DEN,SAN,525,2.0,853.0
2026,6,DEN,SAT,282,0.0,794.0
2026,6,DEN,SAV,34,0.0,1414.0
2026,6,DEN,SBA,86,0.0,916.0
2026,6,DEN,SBP,60,0.0,931.0
2026,6,DEN,SDF,90,1.0,1024.0
2026,6,DEN,SEA,634,8.0,1024.0
2026,6,DEN,SFO,494,2.0,967.0
2026,6,DEN,SGF,137,0.0,637.0
2026,6,DEN,SGU,90,0.0,517.0
2026,6,DEN,SHR,60,0.0,359.0
2026,6,DEN,SHV,60,0.0,792.0
2026,6,DEN,SJC,221,1.0,948.0
2026,6,DEN,SJU,30,0.0,2733.0
2026,6,DEN,SLC,657,1.0,391.0
2026,6,DEN,SLN,30,0.0,383.0
2026,6,DEN,SMF,376,0.0,909.0
2026,6,DEN,SNA,327,0.0,846.0
2026,6,DEN,SRQ,4,0.0,1531.0
2026,6,DEN,STL,358,5.0,770.0
2026,6,DEN,STS,4,0.0,977.0
2026,6,DEN,SUN,60,0.0,557.0
2026,6,DEN,SUX,47,0.0,466.0
2026,6,DEN,SYR,52,0.0,1492.0
2026,6,DEN,TPA,267,0.0,1506.0
2026,6,DEN,TUL,228,1.0,541.0
2026,6,DEN,TUS,147,0.0,639.0
2026,6,DEN,TVC,32,0.0,1032.0
2026,6,DEN,TYS,107,0.0,1162.0
2026,6,DEN,VPS,12,1.0,1210.0
2026,6,DEN,WYS,42,0.0,469.0
2026,6,DEN,XNA,137,0.0,616.0
2026,6,DEN,XWA,111,0.0,582.0
2026,6,DFW,ABI,145,4.0,158.0
2026,6,DFW,ABQ,227,13.0,569.0
2026,6,DFW,ACT,90,5.0,90.0
2026,6,DFW,AEX,90,7.0,285.0
2026,6,DFW,AGS,64,4.0,874.0
2026,6,DFW,ALB,30,2.0,1434.0
2026,6,DFW,AMA,210,9.0,312.0
2026,6,DFW,ANC,60,0.0,3043.0
2026,6,DFW,ASE,86,5.0,701.0
2026,6,DFW,ATL,541,23.0,731.0
2026,6,DFW,ATW,56,1.0,908.0
2026,6,DFW,AUS,413,30.0,190.0
2026,6,DFW,AVL,60,1.0,848.0
2026,6,DFW,BDL,60,4.0,1471.0
2026,6,DFW,BFL,30,2.0,1271.0
2026,6,DFW,BHM,206,12.0,597.0
2026,6,DFW,BIL,60,1.0,1081.0
2026,6,DFW,BIS,60,1.0,977.0
2026,6,DFW,BMI,59,0.0,690.0
2026,6,DFW,BNA,327,18.0,631.0
2026,6,DFW,BOI,90,5.0,1272.0
2026,6,DFW,BOS,331,17.0,1562.0
2026,6,DFW,BPT,60,3.0,270.0
2026,6,DFW,BRO,111,5.0,482.0
2026,6,DFW,BTR,183,11.0,383.0
2026,6,DFW,BUF,60,2.0,1212.0
2026,6,DFW,BUR,60,3.0,1231.0
2026,6,DFW,BWI,113,5.0,1217.0
2026,6,DFW,BZN,92,4.0,1163.0
2026,6,DFW,CAE,90,2.0,922.0
2026,6,DFW,CHA,120,9.0,695.0
2026,6,DFW,CHS,124,8.0,987.0
2026,6,DFW,CID,116,3.0,685.0
2026,6,DFW,CLE,148,6.0,1021.0
2026,6,DFW,CLL,90,8.0,164.0
2026,6,DFW,CLT,329,14.0,935.0
2026,6,DFW,CMH,149,6.0,926.0
2026,6,DFW,CMI,55,2.0,692.0
2026,6,DFW,COS,180,9.0,592.0
2026,6,DFW,COU,110,5.0,490.0
2026,6,DFW,CRP,256,9.0,355.0
2026,6,DFW,CVG,138,7.0,812.0
2026,6,DFW,DAY,112,7.0,861.0
2026,6,DFW,DCA,270,9.0,1192.0
2026,6,DFW,DEN,539,16.0,641.0
2026,6,DFW,DRO,154,6.0,674.0
2026,6,DFW,DSM,119,7.0,624.0
2026,6,DFW,DTW,288,9.0,986.0
2026,6,DFW,ECP,165,10.0,685.0
2026,6,DFW,EGE,73,1.0,721.0
2026,6,DFW,ELP,208,7.0,551.0
2026,6,DFW,EVV,89,4.0,642.0
2026,6,DFW,EWR,322,9.0,1372.0
2026,6,DFW,EYW,30,0.0,1089.0
2026,6,DFW,FAR,89,5.0,967.0
2026,6,DFW,FAT,140,6.0,1313.0
2026,6,DFW,FCA,63,0.0,1390.0
2026,6,DFW,FLG,30,4.0,853.0
2026,6,DFW,FLL,264,9.0,1119.0
2026,6,DFW,FSD,90,8.0,737.0
2026,6,DFW,FSM,115,5.0,227.0
2026,6,DFW,FWA,90,2.0,859.0
2026,6,DFW,GCK,60,1.0,404.0
2026,6,DFW,GEG,60,2.0,1477.0
2026,6,DFW,GGG,53,4.0,140.0
2026,6,DFW,GJT,90,4.0,772.0
2026,6,DFW,GNV,60,1.0,900.0
2026,6,DFW,GPT,90,6.0,500.0
2026,6,DFW,GRI,55,3.0,562.0
2026,6,DFW,GRK,180,12.0,134.0
2026,6,DFW,GRR,90,7.0,931.0
2026,6,DFW,GSO,89,4.0,999.0
2026,6,DFW,GSP,119,7.0,862.0
2026,6,DFW,GTR,30,2.0,491.0
2026,6,DFW,GUC,13,1.0,678.0
2026,6,DFW,HNL,60,0.0,3784.0
2026,6,DFW,HOU,172,10.0,247.0
2026,6,DFW,HRL,120,7.0,461.0
2026,6,DFW,HSV,176,8.0,603.0
2026,6,DFW,IAD,196,4.0,1172.0
2026,6,DFW,IAH,464,17.0,224.0
2026,6,DFW,ICT,209,13.0,328.0
2026,6,DFW,IDA,59,1.0,1095.0
2026,6,DFW,ILM,60,3.0,1106.0
2026,6,DFW,IND,180,8.0,761.0
2026,6,DFW,JAC,98,3.0,1047.0
2026,6,DFW,JAN,180,7.0,408.0
2026,6,DFW,JAX,179,8.0,917.0
2026,6,DFW,JFK,180,7.0,1391.0
2026,6,DFW,LAS,382,16.0,1055.0
2026,6,DFW,LAW,89,4.0,140.0
2026,6,DFW,LAX,521,15.0,1235.0
2026,6,DFW,LBB,229,10.0,282.0
2026,6,DFW,LCH,88,3.0,295.0
2026,6,DFW,LEX,117,6.0,785.0
2026,6,DFW,LFT,146,8.0,351.0
2026,6,DFW,LGA,534,37.0,1389.0
2026,6,DFW,LIT,237,8.0,304.0
2026,6,DFW,LNK,54,4.0,549.0
2026,6,DFW,LRD,150,12.0,396.0
2026,6,DFW,MAF,273,13.0,309.0
2026,6,DFW,MCI,222,14.0,460.0
2026,6,DFW,MCO,409,11.0,985.0
2026,6,DFW,MDT,30,2.0,1231.0
2026,6,DFW,MDW,23,0.0,797.0
2026,6,DFW,MEM,193,9.0,431.0
2026,6,DFW,MFE,210,10.0,469.0
2026,6,DFW,MGM,90,8.0,622.0
2026,6,DFW,MHK,90,1.0,431.0
2026,6,DFW,MIA,384,15.0,1121.0
2026,6,DFW,MKE,90,5.0,853.0
2026,6,DFW,MLI,87,5.0,691.0
2026,6,DFW,MLU,119,6.0,293.0
2026,6,DFW,MOB,85,9.0,539.0
2026,6,DFW,MRY,30,1.0,1430.0
2026,6,DFW,MSN,90,3.0,821.0
2026,6,DFW,MSO,56,1.0,1320.0
2026,6,DFW,MSP,286,10.0,852.0
2026,6,DFW,MSY,227,13.0,448.0
2026,6,DFW,MTJ,43,1.0,722.0
2026,6,DFW,MYR,64,0.0,1048.0
2026,6,DFW,OGG,38,0.0,3710.0
2026,6,DFW,OKC,296,11.0,175.0
2026,6,DFW,OMA,137,8.0,583.0
2026,6,DFW,ONT,210,9.0,1188.0
2026,6,DFW,ORD,667,29.0,802.0
2026,6,DFW,ORF,90,5.0,1212.0
2026,6,DFW,PBI,92,6.0,1102.0
2026,6,DFW,PDX,195,11.0,1616.0
2026,6,DFW,PHL,329,14.0,1303.0
2026,6,DFW,PHX,465,18.0,868.0
2026,6,DFW,PIA,90,5.0,672.0
2026,6,DFW,PIT,146,2.0,1067.0
2026,6,DFW,PNS,204,19.0,604.0
2026,6,DFW,PSP,60,5.0,1126.0
2026,6,DFW,PVU,60,2.0,958.0
2026,6,DFW,PWM,30,2.0,1622.0
2026,6,DFW,RAP,116,4.0,835.0
2026,6,DFW,RDU,200,9.0,1061.0
2026,6,DFW,RIC,90,3.0,1158.0
2026,6,DFW,RNO,116,7.0,1345.0
2026,6,DFW,ROA,27,2.0,1012.0
2026,6,DFW,ROW,90,4.0,435.0
2026,6,DFW,RSW,120,4.0,1017.0
2026,6,DFW,SAF,154,7.0,551.0
2026,6,DFW,SAN,381,14.0,1171.0
2026,6,DFW,SAT,369,21.0,247.0
2026,6,DFW,SAV,94,6.0,925.0
2026,6,DFW,SBA,30,0.0,1316.0
2026,6,DFW,SBN,90,5.0,846.0
2026,6,DFW,SBP,30,0.0,1360.0
2026,6,DFW,SDF,175,11.0,733.0
2026,6,DFW,SEA,490,8.0,1660.0
2026,6,DFW,SFO,424,15.0,1464.0
2026,6,DFW,SGF,265,9.0,364.0
2026,6,DFW,SGU,56,0.0,976.0
2026,6,DFW,SHV,209,15.0,190.0
2026,6,DFW,SJC,92,3.0,1438.0
2026,6,DFW,SJT,90,5.0,229.0
2026,6,DFW,SJU,60,0.0,2165.0
2026,6,DFW,SLC,326,12.0,989.0
2026,6,DFW,SMF,137,7.0,1431.0
2026,6,DFW,SNA,269,12.0,1205.0
2026,6,DFW,SPS,60,1.0,113.0
2026,6,DFW,SRQ,30,1.0,945.0
2026,6,DFW,STL,240,14.0,550.0
2026,6,DFW,STS,30,0.0,1495.0
2026,6,DFW,STT,25,0.0,2225.0
2026,6,DFW,SWO,60,2.0,225.0
2026,6,DFW,SYR,30,3.0,1336.0
2026,6,DFW,TLH,90,9.0,767.0
2026,6,DFW,TPA,260,13.0,929.0
2026,6,DFW,TRI,60,6.0,868.0
2026,6,DFW,TUL,233,13.0,237.0
2026,6,DFW,TUS,167,14.0,813.0
2026,6,DFW,TVC,30,0.0,1022.0
2026,6,DFW,TXK,60,4.0,181.0
2026,6,DFW,TYR,90,5.0,102.0
2026,6,DFW,TYS,171,10.0,772.0
2026,6,DFW,VPS,132,9.0,641.0
2026,6,DFW,XNA,309,13.0,280.0
2026,6,DFW,YUM,30,0.0,1022.0
2026,6,DIK,DEN,51,0.0,488.0
2026,6,DLG,ANC,21,0.0,329.0
2026,6,DLH,MSP,121,1.0,144.0
2026,6,DLH,ORD,95,3.0,397.0
2026,6,DRO,DEN,176,0.0,251.0
2026,6,DRO,DFW,153,4.0,674.0
2026,6,DRO,IAH,25,0.0,869.0
2026,6,DRO,PHX,90,0.0,352.0
2026,6,DSM,ATL,113,3.0,743.0
2026,6,DSM,AUS,8,0.0,813.0
2026,6,DSM,AZA,13,0.0,1137.0
2026,6,DSM,BNA,19,0.0,530.0
2026,6,DSM,BOS,8,0.0,1165.0
2026,6,DSM,BUR,9,0.0,1436.0
2026,6,DSM,CLT,60,1.0,815.0
2026,6,DSM,DCA,60,10.0,897.0
2026,6,DSM,DEN,219,0.0,589.0
2026,6,DSM,DFW,119,7.0,624.0
2026,6,DSM,EWR,9,0.0,1017.0
2026,6,DSM,FLL,9,0.0,1316.0
2026,6,DSM,GUF,9,0.0,844.0
2026,6,DSM,HOU,8,0.0,825.0
2026,6,DSM,IAH,30,0.0,802.0
2026,6,DSM,JAX,8,0.0,1012.0
2026,6,DSM,LAS,51,0.0,1216.0
2026,6,DSM,LAX,30,0.0,1447.0
2026,6,DSM,LGA,26,0.0,1031.0
2026,6,DSM,MDW,60,0.0,306.0
2026,6,DSM,MIA,8,0.0,1327.0
2026,6,DSM,ORD,268,13.0,299.0
2026,6,DSM,PDX,12,0.0,1471.0
2026,6,DSM,PGD,13,0.0,1206.0
2026,6,DSM,PHL,66,4.0,973.0
2026,6,DSM,PHX,61,0.0,1149.0
2026,6,DSM,PIE,19,0.0,1126.0
2026,6,DSM,SFB,19,0.0,1124.0
2026,6,DSM,SNA,10,0.0,1428.0
2026,6,DSM,SRQ,4,0.0,1160.0
2026,6,DSM,VPS,8,1.0,860.0
2026,6,DTW,ALB,72,1.0,489.0
2026,6,DTW,ANC,30,0.0,2986.0
2026,6,DTW,APN,51,0.0,198.0
2026,6,DTW,ATL,378,3.0,594.0
2026,6,DTW,ATW,90,1.0,296.0
2026,6,DTW,AUS,114,1.0,1149.0
2026,6,DTW,AZO,111,0.0,113.0
2026,6,DTW,BDL,113,1.0,549.0
2026,6,DTW,BGM,30,0.0,378.0
2026,6,DTW,BGR,6,0.0,750.0
2026,6,DTW,BHM,54,0.0,625.0
2026,6,DTW,BNA,210,1.0,456.0
2026,6,DTW,BOS,221,5.0,632.0
2026,6,DTW,BTV,24,0.0,537.0
2026,6,DTW,BUF,135,2.0,241.0
2026,6,DTW,BWI,203,3.0,409.0
2026,6,DTW,BZN,6,0.0,1400.0
2026,6,DTW,CHS,23,1.0,667.0
2026,6,DTW,CIU,30,0.0,285.0
2026,6,DTW,CLE,109,0.0,95.0
2026,6,DTW,CLT,269,4.0,500.0
2026,6,DTW,CMH,173,0.0,155.0
2026,6,DTW,DCA,232,12.0,405.0
2026,6,DTW,DEN,285,0.0,1123.0
2026,6,DTW,DFW,288,10.0,986.0
2026,6,DTW,ELM,90,0.0,331.0
2026,6,DTW,ESC,30,0.0,306.0
2026,6,DTW,EWR,280,12.0,488.0
2026,6,DTW,FLL,120,3.0,1127.0
2026,6,DTW,FWA,60,0.0,128.0
2026,6,DTW,GRB,68,0.0,287.0
2026,6,DTW,GRR,117,0.0,120.0
2026,6,DTW,GSP,36,0.0,508.0
2026,6,DTW,HNL,30,0.0,4475.0
2026,6,DTW,HPN,3,0.0,505.0
2026,6,DTW,IAD,120,1.0,383.0
2026,6,DTW,IAH,173,0.0,1075.0
2026,6,DTW,IMT,30,0.0,344.0
2026,6,DTW,IND,87,0.0,231.0
2026,6,DTW,JAX,57,1.0,813.0
2026,6,DTW,JFK,117,5.0,509.0
2026,6,DTW,LAN,55,0.0,74.0
2026,6,DTW,LAS,170,1.0,1749.0
2026,6,DTW,LAX,171,0.0,1979.0
2026,6,DTW,LEX,57,1.0,296.0
2026,6,DTW,LGA,255,10.0,502.0
2026,6,DTW,MBS,107,0.0,98.0
2026,6,DTW,MCI,113,0.0,629.0
2026,6,DTW,MCO,212,0.0,957.0
2026,6,DTW,MDT,38,0.0,371.0
2026,6,DTW,MDW,86,1.0,228.0
2026,6,DTW,MEM,86,0.0,610.0
2026,6,DTW,MIA,117,0.0,1145.0
2026,6,DTW,MKE,125,1.0,237.0
2026,6,DTW,MQT,30,0.0,349.0
2026,6,DTW,MSN,56,0.0,311.0
2026,6,DTW,MSP,174,0.0,528.0
2026,6,DTW,MSY,54,1.0,926.0
2026,6,DTW,MYR,30,0.0,636.0
2026,6,DTW,OMA,110,0.0,650.0
2026,6,DTW,ORD,524,25.0,235.0
2026,6,DTW,ORF,60,1.0,529.0
2026,6,DTW,PBI,30,1.0,1086.0
2026,6,DTW,PDX,44,0.0,1953.0
2026,6,DTW,PHL,251,12.0,453.0
2026,6,DTW,PHX,199,1.0,1671.0
2026,6,DTW,PIT,81,0.0,201.0
2026,6,DTW,PLN,58,1.0,243.0
2026,6,DTW,PNS,4,0.0,837.0
2026,6,DTW,PVD,73,3.0,615.0
2026,6,DTW,PWM,60,0.0,668.0
2026,6,DTW,RDU,113,1.0,501.0
2026,6,DTW,RIC,54,0.0,455.0
2026,6,DTW,ROC,46,2.0,296.0
2026,6,DTW,RSW,67,0.0,1084.0
2026,6,DTW,SAN,105,0.0,1956.0
2026,6,DTW,SAT,83,1.0,1214.0
2026,6,DTW,SAV,60,0.0,705.0
2026,6,DTW,SBN,60,0.0,157.0
2026,6,DTW,SDF,71,0.0,306.0
2026,6,DTW,SEA,209,0.0,1927.0
2026,6,DTW,SFO,178,2.0,2079.0
2026,6,DTW,SJU,30,0.0,1930.0
2026,6,DTW,SLC,149,0.0,1481.0
2026,6,DTW,SNA,26,0.0,1960.0
2026,6,DTW,STL,173,3.0,440.0
2026,6,DTW,SYR,105,1.0,374.0
2026,6,DTW,TPA,133,2.0,983.0
2026,6,DTW,TVC,101,3.0,207.0
2026,6,DTW,XNA,1,0.0,715.0
2026,6,DVL,DEN,51,0.0,638.0
2026,6,EAR,DEN,51,0.0,305.0
2026,6,EAR,ORD,30,3.0,583.0
2026,6,EAU,ORD,51,3.0,269.0
2026,6,ECP,ATL,220,1.0,240.0
2026,6,ECP,AUS,64,0.0,710.0
2026,6,ECP,BNA,98,0.0,401.0
2026,6,ECP,BWI,4,0.0,798.0
2026,6,ECP,CLT,120,3.0,437.0
2026,6,ECP,CMH,8,0.0,684.0
2026,6,ECP,DAL,92,1.0,674.0
2026,6,ECP,DCA,38,3.0,769.0
2026,6,ECP,DEN,38,0.0,1250.0
2026,6,ECP,DFW,165,10.0,685.0
2026,6,ECP,HOU,42,0.0,570.0
2026,6,ECP,IND,12,0.0,646.0
2026,6,ECP,MCI,24,0.0,797.0
2026,6,ECP,MDW,21,0.0,795.0
2026,6,ECP,ORD,63,3.0,810.0
2026,6,ECP,PHL,27,2.0,886.0
2026,6,ECP,STL,46,0.0,634.0
2026,6,EGE,DEN,90,0.0,120.0
2026,6,EGE,DFW,73,1.0,721.0
2026,6,EGE,IAH,8,0.0,934.0
2026,6,EGE,ORD,8,0.0,1007.0
2026,6,EKO,SLC,47,0.0,200.0
2026,6,ELM,DTW,90,0.0,331.0
2026,6,ELM,MYR,9,0.0,595.0
2026,6,ELM,PIE,10,0.0,1035.0
2026,6,ELM,SFB,10,0.0,954.0
2026,6,ELP,ATL,60,0.0,1282.0
2026,6,ELP,AUS,93,0.0,528.0
2026,6,ELP,DAL,146,1.0,562.0
2026,6,ELP,DEN,173,1.0,563.0
2026,6,ELP,DFW,208,7.0,551.0
2026,6,ELP,HOU,83,0.0,677.0
2026,6,ELP,LAS,120,2.0,584.0
2026,6,ELP,LAX,118,0.0,715.0
2026,6,ELP,MCO,8,0.0,1516.0
2026,6,ELP,MDW,27,1.0,1237.0
2026,6,ELP,ORD,60,0.0,1236.0
2026,6,ELP,PHX,200,1.0,347.0
2026,6,ELP,SAN,34,0.0,636.0
2026,6,ELP,SAT,64,1.0,496.0
2026,6,ERI,ORD,26,0.0,398.0
2026,6,ESC,DTW,30,0.0,306.0
2026,6,ESC,MSP,21,0.0,304.0
2026,6,EUG,AZA,11,0.0,971.0
2026,6,EUG,BUR,30,0.0,732.0
2026,6,EUG,DEN,120,0.0,996.0
2026,6,EUG,LAS,38,0.0,700.0
2026,6,EUG,LAX,30,0.0,748.0
2026,6,EUG,ORD,30,0.0,1780.0
2026,6,EUG,PDX,59,0.0,105.0
2026,6,EUG,PHX,60,0.0,952.0
2026,6,EUG,SAN,79,0.0,850.0
2026,6,EUG,SEA,156,0.0,234.0
2026,6,EUG,SFO,89,0.0,451.0
2026,6,EUG,SJC,30,0.0,471.0
2026,6,EUG,SLC,69,0.0,618.0
2026,6,EUG,SMF,30,0.0,384.0
2026,6,EUG,SNA,8,0.0,776.0
2026,6,EVV,DFW,89,4.0,642.0
2026,6,EVV,ORD,57,6.0,272.0
2026,6,EVV,PIE,8,0.0,752.0
2026,6,EVV,SFB,17,0.0,734.0
2026,6,EVV,VPS,9,0.0,524.0
2026,6,EWR,ANC,30,0.0,3370.0
2026,6,EWR,ATL,507,15.0,746.0
2026,6,EWR,ATW,6,0.0,772.0
2026,6,EWR,AUS,146,1.0,1504.0
2026,6,EWR,AVL,14,0.0,583.0
2026,6,EWR,BGR,90,2.0,393.0
2026,6,EWR,BNA,172,1.0,748.0
2026,6,EWR,BOS,327,6.0,200.0
2026,6,EWR,BQN,30,0.0,1585.0
2026,6,EWR,BTV,26,0.0,266.0
2026,6,EWR,BUF,74,3.0,282.0
2026,6,EWR,BZN,36,0.0,1882.0
2026,6,EWR,CHS,90,0.0,628.0
2026,6,EWR,CLE,175,1.0,404.0
2026,6,EWR,CLT,271,3.0,529.0
2026,6,EWR,CMH,176,5.0,463.0
2026,6,EWR,CVG,124,3.0,569.0
2026,6,EWR,DEN,300,1.0,1605.0
2026,6,EWR,DFW,321,9.0,1372.0
2026,6,EWR,DSM,9,0.0,1017.0
2026,6,EWR,DTW,280,9.0,488.0
2026,6,EWR,EYW,30,0.0,1196.0
2026,6,EWR,FCA,3,0.0,2024.0
2026,6,EWR,FLL,270,2.0,1065.0
2026,6,EWR,GRR,94,2.0,605.0
2026,6,EWR,GSO,30,2.0,445.0
2026,6,EWR,GSP,90,3.0,594.0
2026,6,EWR,HHH,30,0.0,687.0
2026,6,EWR,IAD,150,2.0,212.0
2026,6,EWR,IAH,300,0.0,1400.0
2026,6,EWR,ILM,60,4.0,488.0
2026,6,EWR,IND,176,1.0,645.0
2026,6,EWR,JAC,30,2.0,1874.0
2026,6,EWR,JAX,120,0.0,820.0
2026,6,EWR,LAS,213,0.0,2227.0
2026,6,EWR,LAX,381,1.0,2454.0
2026,6,EWR,MCI,60,2.0,1092.0
2026,6,EWR,MCO,415,3.0,937.0
2026,6,EWR,MEM,60,3.0,946.0
2026,6,EWR,MIA,270,0.0,1085.0
2026,6,EWR,MKE,86,4.0,725.0
2026,6,EWR,MSN,60,3.0,799.0
2026,6,EWR,MSP,200,5.0,1008.0
2026,6,EWR,MSY,86,1.0,1167.0
2026,6,EWR,MYR,60,0.0,550.0
2026,6,EWR,ORD,528,12.0,719.0
2026,6,EWR,ORF,86,4.0,284.0
2026,6,EWR,PBI,224,3.0,1024.0
2026,6,EWR,PDX,111,0.0,2434.0
2026,6,EWR,PHX,201,0.0,2133.0
2026,6,EWR,PIT,120,6.0,319.0
2026,6,EWR,PWM,116,5.0,284.0
2026,6,EWR,RDU,150,3.0,416.0
2026,6,EWR,RIC,60,0.0,277.0
2026,6,EWR,ROC,64,3.0,246.0
2026,6,EWR,RSW,100,0.0,1068.0
2026,6,EWR,SAN,144,1.0,2425.0
2026,6,EWR,SAT,52,0.0,1569.0
2026,6,EWR,SAV,60,1.0,708.0
2026,6,EWR,SDF,90,4.0,642.0
2026,6,EWR,SEA,225,2.0,2402.0
2026,6,EWR,SFO,370,3.0,2565.0
2026,6,EWR,SJU,161,1.0,1608.0
2026,6,EWR,SLC,114,0.0,1969.0
2026,6,EWR,SMF,30,1.0,2500.0
2026,6,EWR,SNA,90,2.0,2433.0
2026,6,EWR,SRQ,60,0.0,1034.0
2026,6,EWR,STL,90,1.0,872.0
2026,6,EWR,STT,8,0.0,1634.0
2026,6,EWR,TPA,206,1.0,997.0
2026,6,EWR,TVC,6,0.0,644.0
2026,6,EWR,TYS,13,0.0,631.0
2026,6,EWR,VPS,10,0.0,988.0
2026,6,EYW,ATL,121,5.0,646.0
2026,6,EYW,AVL,8,0.0,751.0
2026,6,EYW,CLT,87,1.0,736.0
2026,6,EYW,CVG,9,0.0,1013.0
2026,6,EYW,DCA,38,0.0,1023.0
2026,6,EYW,DFW,30,0.0,1089.0
2026,6,EYW,EWR,30,0.0,1196.0
2026,6,EYW,IND,8,0.0,1078.0
2026,6,EYW,LCK,8,0.0,1054.0
2026,6,EYW,MIA,89,0.0,126.0
2026,6,EYW,ORD,60,2.0,1251.0
2026,6,EYW,PHL,30,1.0,1122.0
2026,6,EYW,PIE,25,0.0,238.0
2026,6,EYW,PIT,9,0.0,1102.0
2026,6,EYW,SFB,17,0.0,292.0
2026,6,EYW,TYS,9,0.0,787.0
2026,6,FAI,ANC,99,0.0,261.0
2026,6,FAI,DEN,30,0.0,2430.0
2026,6,FAI,MSP,24,0.0,2466.0
2026,6,FAI,ORD,30,1.0,2785.0
2026,6,FAI,PDX,21,0.0,1640.0
2026,6,FAI,SEA,199,0.0,1533.0
2026,6,FAR,ATL,30,1.0,1123.0
2026,6,FAR,AZA,25,0.0,1220.0
2026,6,FAR,BNA,8,1.0,910.0
2026,6,FAR,DEN,137,0.0,627.0
2026,6,FAR,DFW,89,5.0,967.0
2026,6,FAR,LAS,9,0.0,1205.0
2026,6,FAR,MSP,96,0.0,223.0
2026,6,FAR,ORD,155,5.0,557.0
2026,6,FAR,SFB,9,0.0,1508.0
2026,6,FAT,DAL,4,0.0,1325.0
2026,6,FAT,DEN,120,0.0,844.0
2026,6,FAT,DFW,140,6.0,1313.0
2026,6,FAT,LAS,145,1.0,259.0
2026,6,FAT,LAX,83,0.0,209.0
2026,6,FAT,ORD,30,0.0,1730.0
2026,6,FAT,PDX,51,0.0,626.0
2026,6,FAT,PHX,115,0.0,493.0
2026,6,FAT,SAN,146,0.0,314.0
2026,6,FAT,SEA,83,0.0,748.0
2026,6,FAT,SFO,90,0.0,158.0
2026,6,FAT,SLC,116,0.0,501.0
2026,6,FAY,ATL,24,2.0,330.0
2026,6,FCA,AUS,4,0.0,1527.0
2026,6,FCA,AZA,12,0.0,1044.0
2026,6,FCA,DEN,120,1.0,752.0
2026,6,FCA,DFW,63,0.0,1390.0
2026,6,FCA,EWR,3,0.0,2024.0
2026,6,FCA,IAH,3,0.0,1613.0
2026,6,FCA,LAS,9,0.0,846.0
2026,6,FCA,LAX,30,0.0,1015.0
2026,6,FCA,LGA,2,0.0,2035.0
2026,6,FCA,MSP,59,1.0,1025.0
2026,6,FCA,ORD,95,0.0,1352.0
2026,6,FCA,PHX,4,0.0,1033.0
2026,6,FCA,SFO,32,0.0,844.0
2026,6,FCA,SLC,119,0.0,532.0
2026,6,FLG,DFW,30,4.0,853.0
2026,6,FLG,PHX,90,6.0,119.0
2026,6,FLL,ABE,9,0.0,1041.0
2026,6,FLL,ACY,25,0.0,977.0
2026,6,FLL,ALB,45,0.0,1204.0
2026,6,FLL,ATL,540,9.0,581.0
2026,6,FLL,ATW,9,0.0,1338.0
2026,6,FLL,AUS,82,0.0,1105.0
2026,6,FLL,AVL,65,1.0,661.0
2026,6,FLL,BDL,54,0.0,1173.0
2026,6,FLL,BLV,9,0.0,1028.0
2026,6,FLL,BNA,126,0.0,793.0
2026,6,FLL,BOS,177,1.0,1237.0
2026,6,FLL,BQN,30,0.0,982.0
2026,6,FLL,BUF,35,0.0,1166.0
2026,6,FLL,BWI,187,4.0,925.0
2026,6,FLL,CAK,8,0.0,1026.0
2026,6,FLL,CHA,8,0.0,687.0
2026,6,FLL,CHS,30,0.0,470.0
2026,6,FLL,CID,9,0.0,1273.0
2026,6,FLL,CLE,111,2.0,1062.0
2026,6,FLL,CLT,179,2.0,632.0
2026,6,FLL,CMH,21,0.0,973.0
2026,6,FLL,CVG,102,0.0,932.0
2026,6,FLL,DAL,40,0.0,1108.0
2026,6,FLL,DCA,171,3.0,899.0
2026,6,FLL,DEN,95,0.0,1703.0
2026,6,FLL,DFW,263,10.0,1119.0
2026,6,FLL,DSM,9,0.0,1316.0
2026,6,FLL,DTW,120,3.0,1127.0
2026,6,FLL,EWR,270,3.0,1065.0
2026,6,FLL,FWA,8,0.0,1067.0
2026,6,FLL,GRR,9,0.0,1198.0
2026,6,FLL,GSP,19,0.0,620.0
2026,6,FLL,HOU,68,0.0,957.0
2026,6,FLL,HPN,57,1.0,1097.0
2026,6,FLL,HSV,9,0.0,710.0
2026,6,FLL,IAD,78,2.0,901.0
2026,6,FLL,IAH,129,0.0,966.0
2026,6,FLL,IND,66,1.0,1005.0
2026,6,FLL,ISP,39,0.0,1092.0
2026,6,FLL,JAX,13,0.0,319.0
2026,6,FLL,JFK,286,7.0,1069.0
2026,6,FLL,LAS,60,0.0,2173.0
2026,6,FLL,LAX,173,1.0,2343.0
2026,6,FLL,LCK,9,0.0,961.0
2026,6,FLL,LEX,16,0.0,865.0
2026,6,FLL,LGA,334,8.0,1076.0
2026,6,FLL,MCI,35,0.0,1242.0
2026,6,FLL,MCO,94,0.0,177.0
2026,6,FLL,MDT,8,0.0,993.0
2026,6,FLL,MDW,90,0.0,1167.0
2026,6,FLL,MEM,30,0.0,851.0
2026,6,FLL,MSP,30,0.0,1487.0
2026,6,FLL,MSY,95,0.0,673.0
2026,6,FLL,ORD,202,2.0,1182.0
2026,6,FLL,ORF,21,0.0,781.0
2026,6,FLL,ORH,30,0.0,1211.0
2026,6,FLL,PBG,8,0.0,1334.0
2026,6,FLL,PHL,289,5.0,993.0
2026,6,FLL,PHX,30,0.0,1972.0
2026,6,FLL,PIT,66,0.0,994.0
2026,6,FLL,PVD,31,0.0,1188.0
2026,6,FLL,RDU,104,1.0,680.0
2026,6,FLL,RFD,8,0.0,1222.0
2026,6,FLL,RIC,53,0.0,806.0
2026,6,FLL,SBN,9,0.0,1134.0
2026,6,FLL,SDF,13,0.0,895.0
2026,6,FLL,SEA,60,0.0,2717.0
2026,6,FLL,SFO,90,0.0,2584.0
2026,6,FLL,SJU,192,1.0,1046.0
2026,6,FLL,SLC,30,0.0,2084.0
2026,6,FLL,STL,66,0.0,1057.0
2026,6,FLL,SWF,4,0.0,1118.0
2026,6,FLL,SYR,38,2.0,1197.0
2026,6,FLL,TPA,73,0.0,197.0
2026,6,FLL,TTN,8,0.0,1026.0
2026,6,FLL,TYS,42,0.0,709.0
2026,6,FLL,USA,17,0.0,643.0
2026,6,FLL,XNA,9,0.0,1092.0
2026,6,FMN,DEN,30,0.0,289.0
2026,6,FNT,AZA,8,0.0,1650.0
2026,6,FNT,BNA,8,0.0,497.0
2026,6,FNT,JAX,8,0.0,867.0
2026,6,FNT,LAS,9,0.0,1733.0
2026,6,FNT,ORD,120,6.0,223.0
2026,6,FNT,PDX,6,0.0,1917.0
2026,6,FNT,PGD,19,0.0,1111.0
2026,6,FNT,PIE,17,0.0,1040.0
2026,6,FNT,SFB,17,0.0,988.0
2026,6,FNT,SRQ,9,0.0,1075.0
2026,6,FOD,DEN,26,0.0,576.0
2026,6,FOD,ORD,26,0.0,324.0
2026,6,FSD,ATL,30,0.0,954.0
2026,6,FSD,AZA,25,0.0,1072.0
2026,6,FSD,BNA,9,0.0,741.0
2026,6,FSD,DEN,180,0.0,483.0
2026,6,FSD,DFW,90,7.0,737.0
2026,6,FSD,LAS,13,0.0,1104.0
2026,6,FSD,MSP,146,1.0,196.0
2026,6,FSD,ORD,120,6.0,462.0
2026,6,FSD,PHX,60,0.0,1081.0
2026,6,FSD,PIE,8,0.0,1334.0
2026,6,FSD,SFB,13,0.0,1334.0
2026,6,FSM,DFW,115,7.0,227.0
2026,6,FWA,AZA,8,0.0,1546.0
2026,6,FWA,DFW,90,2.0,859.0
2026,6,FWA,DTW,60,0.0,128.0
2026,6,FWA,FLL,8,0.0,1067.0
2026,6,FWA,LAS,8,0.0,1649.0
2026,6,FWA,MSP,30,0.0,488.0
2026,6,FWA,MYR,8,0.0,610.0
2026,6,FWA,ORD,265,17.0,157.0
2026,6,FWA,PGD,12,0.0,986.0
2026,6,FWA,PIE,17,0.0,912.0
2026,6,FWA,SFB,17,0.0,870.0
2026,6,FWA,SRQ,9,0.0,948.0
2026,6,GCC,DEN,88,0.0,313.0
2026,6,GCK,DFW,60,1.0,404.0
2026,6,GEG,ATL,47,0.0,1969.0
2026,6,GEG,AZA,10,1.0,1034.0
2026,6,GEG,BOI,21,0.0,287.0
2026,6,GEG,DAL,8,0.0,1486.0
2026,6,GEG,DEN,189,1.0,836.0
2026,6,GEG,DFW,60,2.0,1477.0
2026,6,GEG,IAH,4,0.0,1695.0
2026,6,GEG,LAS,68,0.0,806.0
2026,6,GEG,LAX,108,0.0,945.0
2026,6,GEG,MDW,23,0.0,1511.0
2026,6,GEG,MSP,81,0.0,1175.0
2026,6,GEG,OAK,26,0.0,723.0
2026,6,GEG,ORD,60,1.0,1498.0
2026,6,GEG,PDX,101,0.0,279.0
2026,6,GEG,PHX,110,0.0,1020.0
2026,6,GEG,SAN,50,0.0,1027.0
2026,6,GEG,SEA,375,1.0,224.0
2026,6,GEG,SFO,98,0.0,733.0
2026,6,GEG,SJC,21,0.0,742.0
2026,6,GEG,SLC,146,1.0,546.0
2026,6,GEG,SMF,54,0.0,649.0
2026,6,GEG,SNA,8,0.0,962.0
2026,6,GFK,MSP,111,0.0,284.0
2026,6,GGG,DFW,54,4.0,140.0
2026,6,GJT,DEN,206,0.0,212.0
2026,6,GJT,DFW,90,4.0,772.0
2026,6,GJT,PHX,90,0.0,438.0
2026,6,GJT,SLC,51,0.0,217.0
2026,6,GNV,ATL,143,2.0,300.0
2026,6,GNV,DFW,60,1.0,900.0
2026,6,GNV,MIA,30,0.0,294.0
2026,6,GPT,ATL,114,1.0,352.0
2026,6,GPT,CLT,30,4.0,577.0
2026,6,GPT,DFW,90,6.0,500.0
2026,6,GRB,ATL,30,1.0,774.0
2026,6,GRB,DTW,68,0.0,287.0
2026,6,GRB,MSP,90,0.0,252.0
2026,6,GRB,ORD,211,8.0,173.0
2026,6,GRI,AZA,11,0.0,905.0
2026,6,GRI,DFW,55,3.0,562.0
2026,6,GRI,LAS,9,0.0,971.0
2026,6,GRK,DFW,180,11.0,134.0
2026,6,GRR,ATL,113,1.0,640.0
2026,6,GRR,AUS,8,0.0,1103.0
2026,6,GRR,AZA,19,0.0,1561.0
2026,6,GRR,BNA,17,0.0,470.0
2026,6,GRR,BOS,8,0.0,740.0
2026,6,GRR,BWI,57,1.0,528.0
2026,6,GRR,CLT,89,1.0,583.0
2026,6,GRR,DCA,60,1.0,524.0
2026,6,GRR,DEN,114,1.0,1015.0
2026,6,GRR,DFW,90,7.0,931.0
2026,6,GRR,DTW,118,0.0,120.0
2026,6,GRR,EWR,94,2.0,605.0
2026,6,GRR,FLL,9,0.0,1198.0
2026,6,GRR,JAX,9,0.0,880.0
2026,6,GRR,LAS,25,0.0,1642.0
2026,6,GRR,LGA,86,2.0,618.0
2026,6,GRR,MCO,13,0.0,1024.0
2026,6,GRR,MDW,86,0.0,137.0
2026,6,GRR,MIA,8,0.0,1214.0
2026,6,GRR,MSP,117,1.0,408.0
2026,6,GRR,MYR,4,0.0,728.0
2026,6,GRR,ORD,280,8.0,137.0
2026,6,GRR,PDX,9,0.0,1833.0
2026,6,GRR,PGD,13,0.0,1118.0
2026,6,GRR,PHL,68,3.0,573.0
2026,6,GRR,PIE,27,0.0,1044.0
2026,6,GRR,SFB,28,1.0,1001.0
2026,6,GRR,SNA,8,0.0,1856.0
2026,6,GRR,SRQ,9,0.0,1081.0
2026,6,GSO,ATL,243,5.0,306.0
2026,6,GSO,CLT,125,4.0,84.0
2026,6,GSO,DCA,56,6.0,248.0
2026,6,GSO,DFW,89,4.0,999.0
2026,6,GSO,EWR,30,2.0,445.0
2026,6,GSO,LGA,101,7.0,461.0
2026,6,GSO,MIA,51,0.0,710.0
2026,6,GSO,ORD,90,5.0,589.0
2026,6,GSO,PHL,26,2.0,365.0
2026,6,GSO,PIE,9,0.0,587.0
2026,6,GSP,ATL,247,0.0,153.0
2026,6,GSP,BNA,90,0.0,265.0
2026,6,GSP,BWI,60,0.0,426.0
2026,6,GSP,CLT,111,2.0,75.0
2026,6,GSP,DCA,86,9.0,396.0
2026,6,GSP,DEN,30,0.0,1278.0
2026,6,GSP,DFW,119,7.0,862.0
2026,6,GSP,DTW,36,0.0,508.0
2026,6,GSP,EWR,90,2.0,594.0
2026,6,GSP,FLL,19,0.0,620.0
2026,6,GSP,IAH,1,0.0,837.0
2026,6,GSP,LGA,69,4.0,610.0
2026,6,GSP,MIA,64,0.0,637.0
2026,6,GSP,ORD,156,5.0,577.0
2026,6,GSP,PHL,30,0.0,515.0
2026,6,GSP,PIE,17,0.0,482.0
2026,6,GSP,SFB,17,0.0,426.0
2026,6,GSP,SRQ,8,0.0,517.0
2026,6,GST,JNU,25,1.0,41.0
2026,6,GTF,AZA,8,0.0,978.0
2026,6,GTF,DEN,60,0.0,623.0
2026,6,GTF,LAS,9,0.0,810.0
2026,6,GTF,ORD,4,0.0,1210.0
2026,6,GTF,SLC,90,0.0,463.0
2026,6,GTR,DFW,30,2.0,491.0
2026,6,GUC,DEN,90,1.0,152.0
2026,6,GUC,DFW,13,1.0,678.0
2026,6,GUF,ATW,8,0.0,964.0
2026,6,GUF,BLV,13,0.0,582.0
2026,6,GUF,BNA,8,0.0,406.0
2026,6,GUF,CVG,13,0.0,627.0
2026,6,GUF,DSM,9,0.0,844.0
2026,6,GUF,HSV,8,0.0,304.0
2026,6,GUF,MCI,8,0.0,738.0
2026,6,GUF,OKC,13,0.0,675.0
2026,6,GUF,OMA,8,0.0,888.0
2026,6,GUF,SDF,9,0.0,555.0
2026,6,GUF,SGF,9,0.0,581.0
2026,6,GUF,TYS,8,0.0,436.0
2026,6,GUF,XNA,12,0.0,563.0
2026,6,GUM,HNL,30,0.0,3801.0
2026,6,GUM,SPN,30,0.0,129.0
2026,6,HDN,DEN,120,0.0,141.0
2026,6,HDN,IAH,8,0.0,985.0
2026,6,HGR,MYR,13,0.0,421.0
2026,6,HGR,PIE,8,0.0,861.0
2026,6,HGR,SFB,13,1.0,780.0
2026,6,HHH,ATL,30,0.0,238.0
2026,6,HHH,BOS,4,0.0,878.0
2026,6,HHH,CLT,102,0.0,206.0
2026,6,HHH,DCA,34,0.0,501.0
2026,6,HHH,EWR,30,0.0,687.0
2026,6,HHH,LGA,30,2.0,701.0
2026,6,HHH,ORD,60,2.0,781.0
2026,6,HHH,PHL,4,0.0,609.0
2026,6,HIB,MSP,51,0.0,174.0
2026,6,HLN,DEN,60,0.0,594.0
2026,6,HLN,SLC,60,0.0,402.0
2026,6,HNL,ANC,30,0.0,2777.0
2026,6,HNL,ATL,30,1.0,4502.0
2026,6,HNL,BUR,30,0.0,2562.0
2026,6,HNL,DEN,60,0.0,3365.0
2026,6,HNL,DFW,60,0.0,3784.0
2026,6,HNL,DTW,30,0.0,4475.0
2026,6,HNL,GUM,30,0.0,3801.0
2026,6,HNL,IAD,9,1.0,4816.0
2026,6,HNL,IAH,30,0.0,3904.0
2026,6,HNL,ITO,523,9.0,216.0
2026,6,HNL,JFK,60,1.0,4983.0
2026,6,HNL,KOA,586,3.0,163.0
2026,6,HNL,LAS,181,0.0,2762.0
2026,6,HNL,LAX,562,0.0,2556.0
2026,6,HNL,LGB,60,0.0,2569.0
2026,6,HNL,LIH,627,10.0,102.0
2026,6,HNL,MSP,30,0.0,3972.0
2026,6,HNL,OAK,59,0.0,2409.0
2026,6,HNL,OGG,759,0.0,101.0
2026,6,HNL,ONT,57,0.0,2603.0
2026,6,HNL,ORD,30,0.0,4243.0
2026,6,HNL,PDX,76,1.0,2603.0
2026,6,HNL,PHX,120,0.0,2917.0
2026,6,HNL,SAN,146,2.0,2614.0
2026,6,HNL,SEA,237,1.0,2677.0
2026,6,HNL,SFO,270,3.0,2398.0
2026,6,HNL,SJC,88,0.0,2417.0
2026,6,HNL,SLC,59,2.0,2994.0
2026,6,HNL,SMF,60,0.0,2462.0
2026,6,HOB,DEN,30,0.0,501.0
2026,6,HOU,ABQ,88,0.0,759.0
2026,6,HOU,ATL,232,1.0,696.0
2026,6,HOU,AUS,86,0.0,148.0
2026,6,HOU,AVL,8,0.0,843.0
2026,6,HOU,BHM,38,0.0,570.0
2026,6,HOU,BNA,143,0.0,670.0
2026,6,HOU,BWI,120,2.0,1246.0
2026,6,HOU,CHS,21,0.0,928.0
2026,6,HOU,CMH,30,0.0,1000.0
2026,6,HOU,COS,30,0.0,829.0
2026,6,HOU,CRP,86,0.0,187.0
2026,6,HOU,DAL,324,7.0,239.0
2026,6,HOU,DCA,90,0.0,1218.0
2026,6,HOU,DEN,202,0.0,883.0
2026,6,HOU,DFW,172,13.0,247.0
2026,6,HOU,DSM,8,0.0,825.0
2026,6,HOU,ECP,42,0.0,570.0
2026,6,HOU,ELP,86,0.0,677.0
2026,6,HOU,FLL,68,0.0,957.0
2026,6,HOU,HRL,90,0.0,277.0
2026,6,HOU,IND,47,0.0,861.0
2026,6,HOU,JAN,60,0.0,359.0
2026,6,HOU,JAX,30,0.0,815.0
2026,6,HOU,LAS,155,0.0,1235.0
2026,6,HOU,LAX,109,0.0,1390.0
2026,6,HOU,LBB,30,0.0,474.0
2026,6,HOU,LGA,112,0.0,1428.0
2026,6,HOU,LGB,30,0.0,1374.0
2026,6,HOU,LIT,4,0.0,393.0
2026,6,HOU,MAF,112,1.0,441.0
2026,6,HOU,MCI,90,0.0,666.0
2026,6,HOU,MCO,180,1.0,849.0
2026,6,HOU,MDW,169,1.0,937.0
2026,6,HOU,MEM,76,1.0,484.0
2026,6,HOU,MIA,38,0.0,955.0
2026,6,HOU,MSY,192,0.0,303.0
2026,6,HOU,MYR,4,0.0,1001.0
2026,6,HOU,OAK,30,0.0,1642.0
2026,6,HOU,OKC,92,0.0,419.0
2026,6,HOU,OMA,34,0.0,804.0
2026,6,HOU,ONT,30,0.0,1345.0
2026,6,HOU,PHX,150,0.0,1020.0
2026,6,HOU,PIT,30,0.0,1131.0
2026,6,HOU,PNS,30,0.0,488.0
2026,6,HOU,PVU,13,0.0,1181.0
2026,6,HOU,RDU,30,0.0,1050.0
2026,6,HOU,SAN,86,0.0,1313.0
2026,6,HOU,SAT,91,1.0,192.0
2026,6,HOU,SAV,21,0.0,853.0
2026,6,HOU,SDF,30,0.0,803.0
2026,6,HOU,SEA,27,0.0,1894.0
2026,6,HOU,SJC,30,0.0,1621.0
2026,6,HOU,SJU,27,0.0,1997.0
2026,6,HOU,SLC,38,0.0,1214.0
2026,6,HOU,SMF,30,0.0,1624.0
2026,6,HOU,SRQ,4,0.0,789.0
2026,6,HOU,STL,133,0.0,687.0
2026,6,HOU,TPA,83,0.0,781.0
2026,6,HOU,TUL,34,0.0,453.0
2026,6,HOU,TYS,9,0.0,782.0
2026,6,HOU,VPS,30,0.0,527.0
2026,6,HPN,ACK,47,0.0,191.0
2026,6,HPN,ATL,56,1.0,781.0
2026,6,HPN,CLT,110,3.0,564.0
2026,6,HPN,DCA,105,11.0,234.0
2026,6,HPN,DTW,3,0.0,505.0
2026,6,HPN,FLL,57,0.0,1097.0
2026,6,HPN,MCO,93,3.0,972.0
2026,6,HPN,ORD,142,8.0,738.0
2026,6,HPN,PBI,114,2.0,1056.0
2026,6,HPN,RSW,34,0.0,1102.0
2026,6,HPN,SJU,27,0.0,1624.0
2026,6,HPN,TPA,29,0.0,1032.0
2026,6,HRL,AUS,79,0.0,273.0
2026,6,HRL,DAL,34,0.0,458.0
2026,6,HRL,DFW,120,7.0,461.0
2026,6,HRL,HOU,90,0.0,277.0
2026,6,HRL,IAH,1,0.0,295.0
2026,6,HSV,ATL,206,3.0,151.0
2026,6,HSV,CLT,30,1.0,333.0
2026,6,HSV,DCA,108,9.0,613.0
2026,6,HSV,DEN,60,0.0,1048.0
2026,6,HSV,DFW,176,9.0,603.0
2026,6,HSV,FLL,9,0.0,710.0
2026,6,HSV,GUF,8,0.0,304.0
2026,6,HSV,MIA,4,0.0,722.0
2026,6,HSV,ORD,59,1.0,510.0
2026,6,HSV,PIE,8,0.0,523.0
2026,6,HSV,SFB,9,0.0,519.0
2026,6,HTS,MYR,17,0.0,382.0
2026,6,HTS,PIE,25,0.0,721.0
2026,6,HTS,SFB,17,0.0,665.0
2026,6,HTS,VPS,8,0.0,589.0
2026,6,HYA,DCA,19,1.0,407.0
2026,6,HYA,JFK,6,0.0,196.0
2026,6,HYA,LGA,13,0.0,197.0
2026,6,HYA,ORD,2,0.0,909.0
2026,6,HYA,PHL,13,0.0,288.0
2026,6,HYS,DEN,51,2.0,298.0
2026,6,IAD,ABQ,30,0.0,1628.0
2026,6,IAD,ANC,30,0.0,3356.0
2026,6,IAD,ATL,381,7.0,534.0
2026,6,IAD,AUS,88,1.0,1297.0
2026,6,IAD,AVL,9,0.0,371.0
2026,6,IAD,BDL,85,2.0,325.0
2026,6,IAD,BNA,92,0.0,542.0
2026,6,IAD,BOS,120,3.0,412.0
2026,6,IAD,BTV,26,0.0,441.0
2026,6,IAD,BUF,11,0.0,283.0
2026,6,IAD,BZN,8,0.0,1773.0
2026,6,IAD,CHS,60,1.0,442.0
2026,6,IAD,CKB,30,0.0,150.0
2026,6,IAD,CLE,116,0.0,287.0
2026,6,IAD,CLT,119,3.0,322.0
2026,6,IAD,CMH,45,0.0,299.0
2026,6,IAD,CVG,33,0.0,388.0
2026,6,IAD,DEN,263,0.0,1452.0
2026,6,IAD,DFW,196,5.0,1172.0
2026,6,IAD,DTW,120,2.0,383.0
2026,6,IAD,EWR,150,2.0,212.0
2026,6,IAD,FLL,78,0.0,901.0
2026,6,IAD,HNL,9,0.0,4816.0
2026,6,IAD,IAH,180,0.0,1190.0
2026,6,IAD,IND,85,0.0,476.0
2026,6,IAD,JAX,69,0.0,631.0
2026,6,IAD,JFK,30,0.0,228.0
2026,6,IAD,JST,21,0.0,119.0
2026,6,IAD,LAS,90,0.0,2065.0
2026,6,IAD,LAX,253,3.0,2288.0
2026,6,IAD,LGA,60,3.0,228.0
2026,6,IAD,LYH,30,0.0,147.0
2026,6,IAD,MCI,60,0.0,926.0
2026,6,IAD,MCO,169,1.0,758.0
2026,6,IAD,MGW,30,0.0,140.0
2026,6,IAD,MIA,30,0.0,922.0
2026,6,IAD,MSP,116,1.0,907.0
2026,6,IAD,MSY,44,0.0,955.0
2026,6,IAD,ORD,210,1.0,588.0
2026,6,IAD,ORF,60,0.0,158.0
2026,6,IAD,PDX,30,1.0,2327.0
2026,6,IAD,PGD,8,0.0,870.0
2026,6,IAD,PHL,35,2.0,135.0
2026,6,IAD,PHX,33,0.0,1956.0
2026,6,IAD,PIT,86,0.0,182.0
2026,6,IAD,PWM,107,1.0,493.0
2026,6,IAD,RDU,86,1.0,225.0
2026,6,IAD,ROC,1,0.0,287.0
2026,6,IAD,RSW,30,0.0,891.0
2026,6,IAD,SAN,120,0.0,2253.0
2026,6,IAD,SAT,56,0.0,1362.0
2026,6,IAD,SAV,34,0.0,516.0
2026,6,IAD,SDF,60,0.0,451.0
2026,6,IAD,SEA,198,3.0,2305.0
2026,6,IAD,SFO,234,1.0,2418.0
2026,6,IAD,SJU,60,0.0,1572.0
2026,6,IAD,SLC,60,1.0,1827.0
2026,6,IAD,SMF,30,2.0,2357.0
2026,6,IAD,SRQ,8,0.0,849.0
2026,6,IAD,STT,34,0.0,1606.0
2026,6,IAD,TPA,95,0.0,811.0
2026,6,IAD,TYS,9,0.0,420.0
2026,6,IAD,VPS,3,0.0,778.0
2026,6,IAG,MYR,4,0.0,650.0
2026,6,IAG,PGD,11,0.0,1129.0
2026,6,IAG,PIE,8,0.0,1069.0
2026,6,IAH,ABI,30,0.0,306.0
2026,6,IAH,ABQ,30,0.0,744.0
2026,6,IAH,AEX,60,0.0,190.0
2026,6,IAH,ANC,30,0.0,3266.0
2026,6,IAH,ASE,60,1.0,913.0
2026,6,IAH,ATL,396,7.0,689.0
2026,6,IAH,AUS,201,0.0,140.0
2026,6,IAH,BDL,30,0.0,1507.0
2026,6,IAH,BNA,131,0.0,657.0
2026,6,IAH,BOS,187,0.0,1597.0
2026,6,IAH,BWI,102,3.0,1235.0
2026,6,IAH,BZN,8,0.0,1385.0
2026,6,IAH,CHA,60,0.0,686.0
2026,6,IAH,CHS,25,0.0,925.0
2026,6,IAH,CLE,86,0.0,1091.0
2026,6,IAH,CLT,200,2.0,912.0
2026,6,IAH,CMH,37,0.0,986.0
2026,6,IAH,CRP,30,1.0,201.0
2026,6,IAH,CVG,55,0.0,871.0
2026,6,IAH,DCA,280,7.0,1208.0
2026,6,IAH,DEN,431,1.0,861.0
2026,6,IAH,DFW,464,17.0,224.0
2026,6,IAH,DRO,25,0.0,869.0
2026,6,IAH,DSM,30,0.0,802.0
2026,6,IAH,DTW,173,1.0,1075.0
2026,6,IAH,EGE,8,0.0,934.0
2026,6,IAH,EWR,300,0.0,1400.0
2026,6,IAH,FCA,3,0.0,1613.0
2026,6,IAH,FLL,130,0.0,966.0
2026,6,IAH,GEG,4,0.0,1695.0
2026,6,IAH,GSP,1,0.0,837.0
2026,6,IAH,HDN,8,0.0,985.0
2026,6,IAH,HNL,30,1.0,3904.0
2026,6,IAH,HRL,1,0.0,295.0
2026,6,IAH,IAD,180,0.0,1190.0
2026,6,IAH,ICT,30,0.0,542.0
2026,6,IAH,IND,60,0.0,844.0
2026,6,IAH,JAC,8,0.0,1265.0
2026,6,IAH,JAX,55,0.0,816.0
2026,6,IAH,JFK,66,1.0,1417.0
2026,6,IAH,LAS,261,4.0,1222.0
2026,6,IAH,LAX,397,1.0,1379.0
2026,6,IAH,LGA,340,3.0,1416.0
2026,6,IAH,LIT,108,0.0,374.0
2026,6,IAH,MAF,31,0.0,429.0
2026,6,IAH,MCI,63,2.0,643.0
2026,6,IAH,MCO,257,0.0,854.0
2026,6,IAH,MEI,51,1.0,422.0
2026,6,IAH,MEM,90,1.0,468.0
2026,6,IAH,MFE,56,0.0,316.0
2026,6,IAH,MGM,60,0.0,554.0
2026,6,IAH,MIA,277,2.0,964.0
2026,6,IAH,MKE,30,0.0,984.0
2026,6,IAH,MSP,177,1.0,1034.0
2026,6,IAH,MSY,206,0.0,305.0
2026,6,IAH,OKC,90,0.0,395.0
2026,6,IAH,OMA,77,0.0,781.0
2026,6,IAH,ONT,60,0.0,1334.0
2026,6,IAH,ORD,525,11.0,925.0
2026,6,IAH,ORF,30,0.0,1201.0
2026,6,IAH,PAH,30,0.0,617.0
2026,6,IAH,PBI,30,0.0,956.0
2026,6,IAH,PDX,115,0.0,1825.0
2026,6,IAH,PHL,187,3.0,1325.0
2026,6,IAH,PHX,235,1.0,1009.0
2026,6,IAH,PIB,51,0.0,372.0
2026,6,IAH,PIT,82,0.0,1117.0
2026,6,IAH,PNS,66,0.0,489.0
2026,6,IAH,PWM,1,0.0,1667.0
2026,6,IAH,RAP,4,0.0,1058.0
2026,6,IAH,RDU,66,0.0,1042.0
2026,6,IAH,RIC,30,0.0,1157.0
2026,6,IAH,RNO,5,0.0,1530.0
2026,6,IAH,RSW,56,0.0,861.0
2026,6,IAH,SAN,142,0.0,1303.0
2026,6,IAH,SAT,171,0.0,191.0
2026,6,IAH,SEA,217,0.0,1874.0
2026,6,IAH,SFO,300,1.0,1635.0
2026,6,IAH,SHV,141,0.0,192.0
2026,6,IAH,SJC,30,0.0,1608.0
2026,6,IAH,SJU,90,0.0,2007.0
2026,6,IAH,SLC,142,0.0,1195.0
2026,6,IAH,SLN,21,0.0,621.0
2026,6,IAH,SMF,60,0.0,1609.0
2026,6,IAH,SNA,90,0.0,1346.0
2026,6,IAH,STL,20,0.0,667.0
2026,6,IAH,STT,30,0.0,2070.0
2026,6,IAH,TPA,107,0.0,787.0
2026,6,IAH,TUL,71,0.0,429.0
2026,6,IAH,TVC,4,0.0,1149.0
2026,6,IAH,VCT,51,0.0,123.0
2026,6,IAH,XNA,27,1.0,438.0
2026,6,ICT,ATL,86,1.0,782.0
2026,6,ICT,AZA,8,0.0,855.0
2026,6,ICT,DCA,30,4.0,1110.0
2026,6,ICT,DEN,226,1.0,420.0
2026,6,ICT,DFW,209,13.0,328.0
2026,6,ICT,IAH,29,0.0,542.0
2026,6,ICT,LAS,38,0.0,986.0
2026,6,ICT,MCO,4,0.0,1129.0
2026,6,ICT,MDW,60,0.0,589.0
2026,6,ICT,MIA,4,0.0,1295.0
2026,6,ICT,MSP,60,0.0,545.0
2026,6,ICT,ORD,176,7.0,588.0
2026,6,ICT,PHX,57,0.0,870.0
2026,6,ICT,PIE,9,0.0,1087.0
2026,6,ICT,SFB,8,0.0,1117.0
2026,6,ICT,VPS,12,0.0,796.0
2026,6,IDA,AZA,20,0.0,705.0
2026,6,IDA,DEN,150,0.0,458.0
2026,6,IDA,DFW,60,2.0,1095.0
2026,6,IDA,LAS,10,1.0,539.0
2026,6,IDA,ORD,33,2.0,1229.0
2026,6,IDA,PDX,39,0.0,539.0
2026,6,IDA,SEA,60,0.0,566.0
2026,6,IDA,SLC,120,0.0,189.0
2026,6,IDA,SNA,9,0.0,748.0
2026,6,ILM,ATL,116,0.0,377.0
2026,6,ILM,BOS,64,0.0,672.0
2026,6,ILM,CLT,129,2.0,185.0
2026,6,ILM,DCA,86,8.0,320.0
2026,6,ILM,DEN,4,0.0,1522.0
2026,6,ILM,DFW,60,3.0,1106.0
2026,6,ILM,EWR,60,1.0,488.0
2026,6,ILM,LGA,99,6.0,500.0
2026,6,ILM,MIA,51,0.0,601.0
2026,6,ILM,MSP,7,0.0,1094.0
2026,6,ILM,ORD,86,2.0,760.0
2026,6,IMT,DTW,30,0.0,344.0
2026,6,IMT,MSP,30,0.0,257.0
2026,6,IND,ATL,264,1.0,432.0
2026,6,IND,AUS,162,1.0,919.0
2026,6,IND,BNA,60,1.0,249.0
2026,6,IND,BOS,177,1.0,818.0
2026,6,IND,BUR,9,0.0,1805.0
2026,6,IND,BWI,114,0.0,516.0
2026,6,IND,CHS,9,0.0,585.0
2026,6,IND,CLT,170,3.0,427.0
2026,6,IND,DAL,60,1.0,755.0
2026,6,IND,DCA,172,9.0,500.0
2026,6,IND,DEN,237,0.0,976.0
2026,6,IND,DFW,180,8.0,761.0
2026,6,IND,DTW,87,0.0,231.0
2026,6,IND,ECP,12,0.0,646.0
2026,6,IND,EWR,176,4.0,645.0
2026,6,IND,EYW,8,0.0,1078.0
2026,6,IND,FLL,66,1.0,1005.0
2026,6,IND,HOU,47,0.0,861.0
2026,6,IND,IAD,86,0.0,476.0
2026,6,IND,IAH,60,1.0,844.0
2026,6,IND,JAX,8,0.0,687.0
2026,6,IND,JFK,90,4.0,665.0
2026,6,IND,LAS,122,0.0,1590.0
2026,6,IND,LAX,81,0.0,1814.0
2026,6,IND,LGA,227,12.0,660.0
2026,6,IND,MCI,30,0.0,451.0
2026,6,IND,MCO,187,2.0,829.0
2026,6,IND,MDW,60,2.0,162.0
2026,6,IND,MIA,62,0.0,1020.0
2026,6,IND,MSP,113,0.0,503.0
2026,6,IND,MYR,4,0.0,583.0
2026,6,IND,ORD,423,16.0,177.0
2026,6,IND,PDX,8,0.0,1877.0
2026,6,IND,PGD,25,0.0,916.0
2026,6,IND,PHL,172,10.0,588.0
2026,6,IND,PHX,125,0.0,1489.0
2026,6,IND,PIE,26,1.0,840.0
2026,6,IND,RSW,37,0.0,945.0
2026,6,IND,SAN,28,0.0,1782.0
2026,6,IND,SAV,4,0.0,596.0
2026,6,IND,SEA,60,1.0,1866.0
2026,6,IND,SFB,33,0.0,807.0
2026,6,IND,SFO,51,0.0,1943.0
2026,6,IND,SJU,4,0.0,1902.0
2026,6,IND,SLC,30,0.0,1355.0
2026,6,IND,SRQ,17,0.0,876.0
2026,6,IND,TPA,58,0.0,837.0
2026,6,IND,VPS,8,1.0,637.0
2026,6,INL,MSP,62,0.0,255.0
2026,6,ISP,BWI,139,1.0,220.0
2026,6,ISP,FLL,39,0.0,1092.0
2026,6,ISP,MCO,118,2.0,971.0
2026,6,ISP,MYR,15,0.0,586.0
2026,6,ISP,PBI,79,0.0,1052.0
2026,6,ISP,TPA,25,0.0,1034.0
2026,6,ITO,HNL,523,9.0,216.0
2026,6,ITO,OGG,26,0.0,121.0
2026,6,JAC,ATL,24,0.0,1572.0
2026,6,JAC,CLT,30,0.0,1685.0
2026,6,JAC,DEN,150,1.0,406.0
2026,6,JAC,DFW,98,3.0,1047.0
2026,6,JAC,EWR,30,2.0,1874.0
2026,6,JAC,IAH,8,0.0,1265.0
2026,6,JAC,JFK,13,0.0,1894.0
2026,6,JAC,LAX,76,1.0,784.0
2026,6,JAC,MSP,30,0.0,872.0
2026,6,JAC,ORD,120,3.0,1162.0
2026,6,JAC,PDX,6,0.0,600.0
2026,6,JAC,SAN,9,0.0,828.0
2026,6,JAC,SEA,23,0.0,621.0
2026,6,JAC,SFO,55,1.0,737.0
2026,6,JAC,SLC,119,0.0,205.0
2026,6,JAN,ATL,155,2.0,340.0
2026,6,JAN,BNA,30,0.0,327.0
2026,6,JAN,CLT,90,3.0,562.0
2026,6,JAN,DCA,26,4.0,860.0
2026,6,JAN,DFW,180,9.0,408.0
2026,6,JAN,HOU,60,0.0,359.0
2026,6,JAN,MIA,4,0.0,742.0
2026,6,JAX,ATL,369,7.0,269.0
2026,6,JAX,AUS,60,1.0,953.0
2026,6,JAX,BLV,8,0.0,723.0
2026,6,JAX,BNA,95,1.0,483.0
2026,6,JAX,BOS,141,1.0,1011.0
2026,6,JAX,BWI,109,0.0,663.0
2026,6,JAX,CAK,17,0.0,719.0
2026,6,JAX,CLT,149,0.0,328.0
2026,6,JAX,CVG,13,0.0,613.0
2026,6,JAX,DAL,30,0.0,906.0
2026,6,JAX,DCA,116,3.0,634.0
2026,6,JAX,DEN,85,0.0,1446.0
2026,6,JAX,DFW,179,8.0,917.0
2026,6,JAX,DSM,8,0.0,1012.0
2026,6,JAX,DTW,57,1.0,813.0
2026,6,JAX,EWR,120,1.0,820.0
2026,6,JAX,FLL,13,0.0,319.0
2026,6,JAX,FNT,8,0.0,867.0
2026,6,JAX,GRR,9,0.0,880.0
2026,6,JAX,HOU,30,1.0,815.0
2026,6,JAX,IAD,69,1.0,631.0
2026,6,JAX,IAH,55,0.0,816.0
2026,6,JAX,IND,8,0.0,687.0
2026,6,JAX,JFK,101,1.0,829.0
2026,6,JAX,LGA,71,0.0,834.0
2026,6,JAX,MDT,9,0.0,724.0
2026,6,JAX,MDW,53,1.0,848.0
2026,6,JAX,MIA,120,0.0,335.0
2026,6,JAX,MSP,30,0.0,1173.0
2026,6,JAX,ORD,203,10.0,864.0
2026,6,JAX,PHL,162,5.0,742.0
2026,6,JAX,PHX,26,0.0,1785.0
2026,6,JAX,PIT,17,0.0,694.0
2026,6,JAX,SJU,59,0.0,1288.0
2026,6,JAX,STL,38,0.0,753.0
2026,6,JAX,TYS,9,0.0,390.0
2026,6,JFK,ABQ,30,1.0,1826.0
2026,6,JFK,ACK,65,2.0,199.0
2026,6,JFK,ANC,21,0.0,3386.0
2026,6,JFK,ATL,342,2.0,760.0
2026,6,JFK,AUS,205,2.0,1521.0
2026,6,JFK,BDL,30,0.0,106.0
2026,6,JFK,BNA,104,2.0,765.0
2026,6,JFK,BOS,428,15.0,187.0
2026,6,JFK,BQN,31,0.0,1576.0
2026,6,JFK,BUF,118,6.0,301.0
2026,6,JFK,BUR,30,2.0,2465.0
2026,6,JFK,BZN,16,0.0,1902.0
2026,6,JFK,CHS,59,4.0,636.0
2026,6,JFK,CLE,90,1.0,425.0
2026,6,JFK,CLT,156,1.0,542.0
2026,6,JFK,CMH,114,9.0,483.0
2026,6,JFK,CVG,60,1.0,589.0
2026,6,JFK,DAB,30,1.0,891.0
2026,6,JFK,DCA,210,15.0,213.0
2026,6,JFK,DEN,137,2.0,1626.0
2026,6,JFK,DFW,180,7.0,1391.0
2026,6,JFK,DTW,117,6.0,509.0
2026,6,JFK,FLL,285,9.0,1069.0
2026,6,JFK,HNL,60,1.0,4983.0
2026,6,JFK,HYA,6,0.0,196.0
2026,6,JFK,IAD,30,0.0,228.0
2026,6,JFK,IAH,66,0.0,1417.0
2026,6,JFK,IND,90,5.0,665.0
2026,6,JFK,JAC,13,0.0,1894.0
2026,6,JFK,JAX,101,2.0,829.0
2026,6,JFK,LAS,317,1.0,2248.0
2026,6,JFK,LAX,822,10.0,2475.0
2026,6,JFK,MCI,1,0.0,1113.0
2026,6,JFK,MCO,373,4.0,944.0
2026,6,JFK,MEM,6,0.0,964.0
2026,6,JFK,MIA,360,6.0,1089.0
2026,6,JFK,MSP,67,1.0,1029.0
2026,6,JFK,MSY,89,2.0,1182.0
2026,6,JFK,MVY,36,0.0,173.0
2026,6,JFK,ONT,30,1.0,2429.0
2026,6,JFK,ORD,202,12.0,740.0
2026,6,JFK,ORF,54,4.0,290.0
2026,6,JFK,PBI,157,5.0,1028.0
2026,6,JFK,PDX,90,0.0,2454.0
2026,6,JFK,PHX,257,1.0,2153.0
2026,6,JFK,PIT,150,3.0,340.0
2026,6,JFK,PVD,30,0.0,144.0
2026,6,JFK,PWM,54,1.0,273.0
2026,6,JFK,RDU,186,8.0,427.0
2026,6,JFK,RNO,20,0.0,2411.0
2026,6,JFK,ROC,60,2.0,264.0
2026,6,JFK,RSW,90,0.0,1074.0
2026,6,JFK,SAN,207,1.0,2446.0
2026,6,JFK,SAT,30,0.0,1587.0
2026,6,JFK,SAV,57,3.0,717.0
2026,6,JFK,SEA,270,2.0,2422.0
2026,6,JFK,SFO,611,6.0,2586.0
2026,6,JFK,SJU,289,3.0,1598.0
2026,6,JFK,SLC,150,0.0,1990.0
2026,6,JFK,SMF,30,0.0,2521.0
2026,6,JFK,SNA,60,1.0,2454.0
2026,6,JFK,SRQ,30,0.0,1041.0
2026,6,JFK,STT,60,0.0,1623.0
2026,6,JFK,SYR,30,1.0,209.0
2026,6,JFK,TPA,200,3.0,1005.0
2026,6,JFK,VPS,21,0.0,1001.0
2026,6,JFK,VRB,30,0.0,972.0
2026,6,JLN,DEN,21,0.0,582.0
2026,6,JLN,ORD,30,0.0,484.0
2026,6,JMS,DEN,51,0.0,573.0
2026,6,JNU,ANC,120,3.0,571.0
2026,6,JNU,GST,25,1.0,41.0
2026,6,JNU,KTN,30,0.0,234.0
2026,6,JNU,PSG,30,0.0,123.0
2026,6,JNU,SEA,198,2.0,909.0
2026,6,JNU,SIT,60,1.0,95.0
2026,6,JNU,YAK,30,0.0,199.0
2026,6,JST,IAD,21,0.0,119.0
2026,6,JST,ORD,30,2.0,487.0
2026,6,KOA,DEN,30,0.0,3329.0
2026,6,KOA,HNL,586,5.0,163.0
2026,6,KOA,LAS,30,0.0,2718.0
2026,6,KOA,LAX,159,0.0,2504.0
2026,6,KOA,LIH,30,0.0,263.0
2026,6,KOA,OGG,120,1.0,84.0
2026,6,KOA,PDX,30,0.0,2607.0
2026,6,KOA,PHX,30,0.0,2860.0
2026,6,KOA,SAN,30,0.0,2556.0
2026,6,KOA,SEA,120,1.0,2688.0
2026,6,KOA,SFO,146,0.0,2368.0
2026,6,KOA,SJC,16,0.0,2384.0
2026,6,KOA,SMF,43,0.0,2435.0
2026,6,KTN,JNU,30,0.0,234.0
2026,6,KTN,SEA,141,0.0,680.0
2026,6,KTN,SIT,30,0.0,183.0
2026,6,KTN,WRG,30,0.0,82.0
2026,6,LAF,ORD,43,2.0,119.0
2026,6,LAN,DCA,26,2.0,479.0
2026,6,LAN,DTW,54,0.0,74.0
2026,6,LAN,ORD,60,2.0,179.0
2026,6,LAR,DEN,51,0.0,113.0
2026,6,LAS,ABQ,149,0.0,486.0
2026,6,LAS,AMA,30,0.0,759.0
2026,6,LAS,ANC,60,0.0,2304.0
2026,6,LAS,ATL,388,1.0,1747.0
2026,6,LAS,ATW,17,0.0,1510.0
2026,6,LAS,AUS,250,1.0,1090.0
2026,6,LAS,AVL,8,0.0,1824.0
2026,6,LAS,BHM,30,0.0,1618.0
2026,6,LAS,BIL,9,0.0,754.0
2026,6,LAS,BIS,8,0.0,1048.0
2026,6,LAS,BLI,34,0.0,954.0
2026,6,LAS,BLV,8,0.0,1400.0
2026,6,LAS,BNA,185,0.0,1587.0
2026,6,LAS,BOI,95,0.0,519.0
2026,6,LAS,BOS,102,1.0,2381.0
2026,6,LAS,BUF,7,0.0,1986.0
2026,6,LAS,BUR,288,3.0,223.0
2026,6,LAS,BWI,139,0.0,2106.0
2026,6,LAS,BZN,61,0.0,701.0
2026,6,LAS,CID,9,0.0,1319.0
2026,6,LAS,CLE,90,2.0,1824.0
2026,6,LAS,CLT,179,0.0,1916.0
2026,6,LAS,CMH,67,0.0,1771.0
2026,6,LAS,COS,73,0.0,604.0
2026,6,LAS,CVG,57,1.0,1678.0
2026,6,LAS,DAL,235,5.0,1067.0
2026,6,LAS,DCA,60,0.0,2089.0
2026,6,LAS,DEN,581,6.0,628.0
2026,6,LAS,DFW,382,17.0,1055.0
2026,6,LAS,DSM,51,0.0,1216.0
2026,6,LAS,DTW,170,1.0,1749.0
2026,6,LAS,ELP,120,2.0,584.0
2026,6,LAS,EUG,38,0.0,700.0
2026,6,LAS,EWR,213,0.0,2227.0
2026,6,LAS,FAR,9,0.0,1205.0
2026,6,LAS,FAT,145,2.0,259.0
2026,6,LAS,FCA,9,0.0,846.0
2026,6,LAS,FLL,60,1.0,2173.0
2026,6,LAS,FNT,9,0.0,1733.0
2026,6,LAS,FSD,13,0.0,1104.0
2026,6,LAS,FWA,8,0.0,1649.0
2026,6,LAS,GEG,68,1.0,806.0
2026,6,LAS,GRI,9,0.0,971.0
2026,6,LAS,GRR,25,0.0,1642.0
2026,6,LAS,GTF,9,0.0,810.0
2026,6,LAS,HNL,182,2.0,2762.0
2026,6,LAS,HOU,155,2.0,1235.0
2026,6,LAS,IAD,90,0.0,2065.0
2026,6,LAS,IAH,261,3.0,1222.0
2026,6,LAS,ICT,38,0.0,986.0
2026,6,LAS,IDA,9,0.0,539.0
2026,6,LAS,IND,122,0.0,1590.0
2026,6,LAS,JFK,317,2.0,2248.0
2026,6,LAS,KOA,30,0.0,2718.0
2026,6,LAS,LAX,630,3.0,236.0
2026,6,LAS,LBB,30,0.0,775.0
2026,6,LAS,LEX,8,0.0,1686.0
2026,6,LAS,LGB,150,1.0,231.0
2026,6,LAS,LIH,30,0.0,2817.0
2026,6,LAS,LIT,30,0.0,1294.0
2026,6,LAS,LRD,8,0.0,1092.0
2026,6,LAS,MAF,30,0.0,795.0
2026,6,LAS,MCI,150,0.0,1139.0
2026,6,LAS,MCO,183,0.0,2039.0
2026,6,LAS,MDW,200,1.0,1521.0
2026,6,LAS,MEM,35,0.0,1416.0
2026,6,LAS,MFE,42,1.0,1210.0
2026,6,LAS,MFR,17,0.0,600.0
2026,6,LAS,MIA,89,0.0,2174.0
2026,6,LAS,MKE,82,0.0,1524.0
2026,6,LAS,MLI,8,0.0,1376.0
2026,6,LAS,MOT,9,0.0,1098.0
2026,6,LAS,MRY,9,0.0,375.0
2026,6,LAS,MSO,8,0.0,750.0
2026,6,LAS,MSP,139,0.0,1299.0
2026,6,LAS,MSY,83,1.0,1500.0
2026,6,LAS,OAK,277,0.0,407.0
2026,6,LAS,OGG,60,0.0,2695.0
2026,6,LAS,OKC,115,0.0,986.0
2026,6,LAS,OMA,98,0.0,1099.0
2026,6,LAS,ONT,206,1.0,197.0
2026,6,LAS,ORD,395,7.0,1514.0
2026,6,LAS,PAE,30,0.0,894.0
2026,6,LAS,PDX,250,4.0,763.0
2026,6,LAS,PHL,143,2.0,2177.0
2026,6,LAS,PHX,475,3.0,255.0
2026,6,LAS,PIA,9,0.0,1413.0
2026,6,LAS,PIT,41,0.0,1910.0
2026,6,LAS,PSC,9,0.0,732.0
2026,6,LAS,PSP,54,0.0,173.0
2026,6,LAS,RAP,8,0.0,843.0
2026,6,LAS,RDU,12,0.0,2026.0
2026,6,LAS,RFD,8,0.0,1455.0
2026,6,LAS,RNO,369,5.0,345.0
2026,6,LAS,SAN,391,5.0,258.0
2026,6,LAS,SAT,149,1.0,1069.0
2026,6,LAS,SBA,73,1.0,289.0
2026,6,LAS,SBN,8,0.0,1594.0
2026,6,LAS,SCK,31,0.0,359.0
2026,6,LAS,SDF,30,0.0,1624.0
2026,6,LAS,SEA,477,1.0,867.0
2026,6,LAS,SFB,4,0.0,2034.0
2026,6,LAS,SFO,510,2.0,414.0
2026,6,LAS,SGF,13,0.0,1209.0
2026,6,LAS,SHV,9,0.0,1243.0
2026,6,LAS,SJC,303,2.0,386.0
2026,6,LAS,SLC,293,0.0,368.0
2026,6,LAS,SMF,326,3.0,397.0
2026,6,LAS,SMX,8,0.0,310.0
2026,6,LAS,SNA,286,4.0,226.0
2026,6,LAS,STL,180,3.0,1371.0
2026,6,LAS,STS,39,0.0,454.0
2026,6,LAS,TPA,105,1.0,1984.0
2026,6,LAS,TUL,67,1.0,1076.0
2026,6,LAS,TUS,86,0.0,364.0
2026,6,LAS,TYS,9,0.0,1739.0
2026,6,LAS,VPS,9,0.0,1695.0
2026,6,LAS,XNA,8,0.0,1163.0
2026,6,LAW,DFW,89,4.0,140.0
2026,6,LAX,ABQ,193,0.0,677.0
2026,6,LAX,ACV,57,2.0,577.0
2026,6,LAX,ANC,57,0.0,2345.0
2026,6,LAX,ASE,73,1.0,737.0
2026,6,LAX,ATL,433,5.0,1947.0
2026,6,LAX,AUS,359,1.0,1242.0
2026,6,LAX,BNA,232,0.0,1798.0
2026,6,LAX,BOI,126,0.0,674.0
2026,6,LAX,BOS,453,5.0,2611.0
2026,6,LAX,BUF,30,2.0,2218.0
2026,6,LAX,BWI,138,0.0,2329.0
2026,6,LAX,BZN,37,0.0,902.0
2026,6,LAX,CLE,90,0.0,2052.0
2026,6,LAX,CLT,209,0.0,2125.0
2026,6,LAX,CMH,60,0.0,1995.0
2026,6,LAX,CVG,27,0.0,1900.0
2026,6,LAX,DAL,141,2.0,1246.0
2026,6,LAX,DCA,120,1.0,2311.0
2026,6,LAX,DEN,654,3.0,862.0
2026,6,LAX,DFW,522,16.0,1235.0
2026,6,LAX,DSM,30,0.0,1447.0
2026,6,LAX,DTW,171,0.0,1979.0
2026,6,LAX,ELP,118,0.0,715.0
2026,6,LAX,EUG,30,0.0,748.0
2026,6,LAX,EWR,381,1.0,2454.0
2026,6,LAX,FAT,83,0.0,209.0
2026,6,LAX,FCA,30,0.0,1015.0
2026,6,LAX,FLL,173,1.0,2343.0
2026,6,LAX,GEG,108,0.0,945.0
2026,6,LAX,HNL,561,0.0,2556.0
2026,6,LAX,HOU,109,0.0,1390.0
2026,6,LAX,IAD,253,2.0,2288.0
2026,6,LAX,IAH,395,2.0,1379.0
2026,6,LAX,IND,81,0.0,1814.0
2026,6,LAX,JAC,76,1.0,784.0
2026,6,LAX,JFK,821,10.0,2475.0
2026,6,LAX,KOA,159,1.0,2504.0
2026,6,LAX,LAS,625,4.0,236.0
2026,6,LAX,LIH,173,0.0,2615.0
2026,6,LAX,MCI,151,0.0,1363.0
2026,6,LAX,MCO,296,2.0,2218.0
2026,6,LAX,MDW,110,0.0,1751.0
2026,6,LAX,MEM,21,0.0,1619.0
2026,6,LAX,MFR,30,0.0,630.0
2026,6,LAX,MIA,269,0.0,2342.0
2026,6,LAX,MRY,60,0.0,266.0
2026,6,LAX,MSO,52,0.0,923.0
2026,6,LAX,MSP,198,2.0,1535.0
2026,6,LAX,MSY,101,1.0,1671.0
2026,6,LAX,MTJ,4,0.0,666.0
2026,6,LAX,OAK,163,0.0,337.0
2026,6,LAX,OGG,249,0.0,2485.0
2026,6,LAX,OKC,60,0.0,1187.0
2026,6,LAX,OMA,60,0.0,1330.0
2026,6,LAX,ORD,659,12.0,1744.0
2026,6,LAX,PDX,358,4.0,833.0
2026,6,LAX,PHL,234,5.0,2402.0
2026,6,LAX,PHX,604,1.0,370.0
2026,6,LAX,PIT,60,0.0,2136.0
2026,6,LAX,PRC,30,0.0,346.0
2026,6,LAX,PSC,30,0.0,851.0
2026,6,LAX,PSP,30,0.0,110.0
2026,6,LAX,PWM,1,0.0,2642.0
2026,6,LAX,RDD,30,0.0,501.0
2026,6,LAX,RDM,51,0.0,726.0
2026,6,LAX,RDU,76,1.0,2239.0
2026,6,LAX,RNO,215,0.0,390.0
2026,6,LAX,SAF,30,0.0,710.0
2026,6,LAX,SAN,209,0.0,109.0
2026,6,LAX,SAT,146,1.0,1211.0
2026,6,LAX,SBA,60,0.0,89.0
2026,6,LAX,SBP,59,0.0,155.0
2026,6,LAX,SEA,651,3.0,954.0
2026,6,LAX,SFO,1079,4.0,337.0
2026,6,LAX,SGU,17,0.0,349.0
2026,6,LAX,SJC,395,5.0,308.0
2026,6,LAX,SLC,326,0.0,590.0
2026,6,LAX,SMF,521,1.0,373.0
2026,6,LAX,STL,88,0.0,1592.0
2026,6,LAX,STS,73,0.0,399.0
2026,6,LAX,SUN,23,0.0,696.0
2026,6,LAX,TPA,83,0.0,2158.0
2026,6,LAX,TUL,30,0.0,1283.0
2026,6,LAX,TUS,223,0.0,451.0
2026,6,LAX,XNA,61,0.0,1371.0
2026,6,LBB,AUS,26,0.0,341.0
2026,6,LBB,DAL,112,0.0,293.0
2026,6,LBB,DEN,86,0.0,456.0
2026,6,LBB,DFW,229,6.0,282.0
2026,6,LBB,HOU,30,0.0,474.0
2026,6,LBB,LAS,30,0.0,775.0
2026,6,LBB,PHX,30,0.0,588.0
2026,6,LBF,DEN,51,0.0,227.0
2026,6,LBL,DEN,51,0.0,280.0
2026,6,LCH,DFW,88,4.0,295.0
2026,6,LCK,EYW,8,0.0,1054.0
2026,6,LCK,FLL,9,0.0,961.0
2026,6,LCK,MYR,25,0.0,478.0
2026,6,LCK,PGD,17,0.0,890.0
2026,6,LCK,PIE,25,0.0,821.0
2026,6,LCK,SAV,17,0.0,539.0
2026,6,LCK,SFB,17,0.0,767.0
2026,6,LCK,SRQ,11,0.0,856.0
2026,6,LCK,VPS,21,0.0,675.0
2026,6,LEX,ATL,197,3.0,304.0
2026,6,LEX,CLT,129,3.0,281.0
2026,6,LEX,DCA,26,1.0,414.0
2026,6,LEX,DEN,30,0.0,1086.0
2026,6,LEX,DFW,117,7.0,785.0
2026,6,LEX,DTW,57,1.0,296.0
2026,6,LEX,FLL,16,0.0,865.0
2026,6,LEX,LAS,8,0.0,1686.0
2026,6,LEX,LGA,25,3.0,604.0
2026,6,LEX,MYR,8,0.0,438.0
2026,6,LEX,ORD,96,4.0,323.0
2026,6,LEX,PGD,15,0.0,781.0
2026,6,LEX,PHL,60,2.0,520.0
2026,6,LEX,PIE,26,1.0,707.0
2026,6,LEX,SFB,29,0.0,667.0
2026,6,LEX,SRQ,9,0.0,743.0
2026,6,LEX,VPS,11,0.0,532.0
2026,6,LFT,CLT,30,1.0,729.0
2026,6,LFT,DFW,146,6.0,351.0
2026,6,LGA,ACK,91,1.0,202.0
2026,6,LGA,ATL,665,29.0,762.0
2026,6,LGA,AVL,39,4.0,599.0
2026,6,LGA,BGR,56,0.0,378.0
2026,6,LGA,BNA,286,10.0,764.0
2026,6,LGA,BOS,662,30.0,184.0
2026,6,LGA,BUF,117,7.0,292.0
2026,6,LGA,BZN,2,0.0,1894.0
2026,6,LGA,CAE,56,5.0,617.0
2026,6,LGA,CHO,30,1.0,305.0
2026,6,LGA,CHS,127,7.0,641.0
2026,6,LGA,CLE,111,7.0,419.0
2026,6,LGA,CLT,326,16.0,544.0
2026,6,LGA,CMH,220,8.0,479.0
2026,6,LGA,DAL,138,3.0,1381.0
2026,6,LGA,DCA,412,19.0,214.0
2026,6,LGA,DEN,394,8.0,1620.0
2026,6,LGA,DFW,534,37.0,1389.0
2026,6,LGA,DSM,26,1.0,1031.0
2026,6,LGA,DTW,255,9.0,502.0
2026,6,LGA,FCA,2,0.0,2035.0
2026,6,LGA,FLL,334,8.0,1076.0
2026,6,LGA,GRR,86,4.0,618.0
2026,6,LGA,GSO,101,6.0,461.0
2026,6,LGA,GSP,69,4.0,610.0
2026,6,LGA,HHH,30,0.0,701.0
2026,6,LGA,HOU,112,3.0,1428.0
2026,6,LGA,HYA,13,0.0,197.0
2026,6,LGA,IAD,60,3.0,228.0
2026,6,LGA,IAH,340,3.0,1416.0
2026,6,LGA,ILM,99,5.0,500.0
2026,6,LGA,IND,227,13.0,660.0
2026,6,LGA,JAX,71,4.0,834.0
2026,6,LGA,LEX,25,0.0,604.0
2026,6,LGA,LIT,26,2.0,1085.0
2026,6,LGA,MCI,172,7.0,1107.0
2026,6,LGA,MCO,345,11.0,950.0
2026,6,LGA,MDW,206,9.0,725.0
2026,6,LGA,MEM,120,7.0,963.0
2026,6,LGA,MIA,442,10.0,1096.0
2026,6,LGA,MKE,106,8.0,738.0
2026,6,LGA,MSN,60,4.0,812.0
2026,6,LGA,MSP,151,0.0,1020.0
2026,6,LGA,MSY,115,5.0,1183.0
2026,6,LGA,MVY,77,0.0,175.0
2026,6,LGA,MYR,40,1.0,563.0
2026,6,LGA,OKC,52,5.0,1341.0
2026,6,LGA,OMA,30,0.0,1148.0
2026,6,LGA,ORD,968,54.0,733.0
2026,6,LGA,ORF,75,7.0,296.0
2026,6,LGA,PBI,233,8.0,1035.0
2026,6,LGA,PIT,270,12.0,335.0
2026,6,LGA,PNS,5,0.0,1030.0
2026,6,LGA,PWM,123,3.0,269.0
2026,6,LGA,RDU,154,7.0,431.0
2026,6,LGA,RIC,183,17.0,291.0
2026,6,LGA,ROA,30,1.0,405.0
2026,6,LGA,RSW,55,1.0,1080.0
2026,6,LGA,SAV,24,1.0,722.0
2026,6,LGA,SDF,91,2.0,659.0
2026,6,LGA,SRQ,30,1.0,1047.0
2026,6,LGA,STL,204,9.0,888.0
2026,6,LGA,SYR,24,0.0,198.0
2026,6,LGA,TPA,190,2.0,1010.0
2026,6,LGA,TUL,56,2.0,1231.0
2026,6,LGA,TVC,26,0.0,655.0
2026,6,LGA,XNA,78,1.0,1147.0
2026,6,LGB,AUS,30,0.0,1226.0
2026,6,LGB,BNA,30,0.0,1785.0
2026,6,LGB,BZN,4,0.0,904.0
2026,6,LGB,DAL,34,0.0,1232.0
2026,6,LGB,DEN,90,0.0,854.0
2026,6,LGB,HNL,60,0.0,2569.0
2026,6,LGB,HOU,30,0.0,1374.0
2026,6,LGB,LAS,150,1.0,231.0
2026,6,LGB,MDW,26,1.0,1741.0
2026,6,LGB,OAK,116,0.0,353.0
2026,6,LGB,OGG,30,0.0,2498.0
2026,6,LGB,PHX,116,0.0,355.0
2026,6,LGB,RNO,58,0.0,402.0
2026,6,LGB,SJC,112,0.0,324.0
2026,6,LGB,SLC,133,2.0,588.0
2026,6,LGB,SMF,142,0.0,387.0
2026,6,LIH,DEN,30,0.0,3414.0
2026,6,LIH,HNL,626,12.0,102.0
2026,6,LIH,KOA,30,0.0,263.0
2026,6,LIH,LAS,30,0.0,2817.0
2026,6,LIH,LAX,173,0.0,2615.0
2026,6,LIH,OAK,60,0.0,2456.0
2026,6,LIH,OGG,120,0.0,202.0
2026,6,LIH,PDX,30,0.0,2630.0
2026,6,LIH,PHX,30,0.0,2979.0
2026,6,LIH,SAN,30,0.0,2676.0
2026,6,LIH,SEA,90,0.0,2700.0
2026,6,LIH,SFO,116,0.0,2446.0
2026,6,LIH,SJC,14,0.0,2465.0
2026,6,LIH,SMF,17,0.0,2508.0
2026,6,LIT,ATL,195,1.0,453.0
2026,6,LIT,BNA,60,0.0,327.0
2026,6,LIT,CLT,134,2.0,640.0
2026,6,LIT,DAL,86,0.0,296.0
2026,6,LIT,DCA,30,0.0,888.0
2026,6,LIT,DEN,132,0.0,771.0
2026,6,LIT,DFW,237,10.0,304.0
2026,6,LIT,HOU,4,0.0,393.0
2026,6,LIT,IAH,110,0.0,374.0
2026,6,LIT,LAS,30,0.0,1294.0
2026,6,LIT,LGA,26,0.0,1085.0
2026,6,LIT,MCO,4,0.0,776.0
2026,6,LIT,MIA,4,0.0,941.0
2026,6,LIT,ORD,156,6.0,552.0
2026,6,LIT,PHX,30,0.0,1136.0
2026,6,LIT,PIE,9,0.0,734.0
2026,6,LIT,SFB,8,0.0,765.0
2026,6,LIT,SLC,6,0.0,1156.0
2026,6,LIT,VPS,9,0.0,443.0
2026,6,LNK,DEN,146,0.0,423.0
2026,6,LNK,DFW,53,1.0,549.0
2026,6,LNK,ORD,145,4.0,466.0
2026,6,LNS,ORD,47,2.0,620.0
2026,6,LRD,DFW,150,12.0,396.0
2026,6,LRD,LAS,8,0.0,1092.0
2026,6,LSE,AZA,9,0.0,1318.0
2026,6,LSE,ORD,90,3.0,215.0
2026,6,LSE,SFB,8,0.0,1180.0
2026,6,LWB,CLT,30,1.0,185.0
2026,6,LWB,ORD,30,2.0,489.0
2026,6,LWS,SEA,30,0.0,262.0
2026,6,LWS,SLC,30,0.0,461.0
2026,6,LYH,IAD,30,0.0,147.0
2026,6,LYH,ORD,30,1.0,564.0
2026,6,MAF,AUS,26,1.0,294.0
2026,6,MAF,DAL,108,2.0,319.0
2026,6,MAF,DEN,142,0.0,563.0
2026,6,MAF,DFW,273,17.0,309.0
2026,6,MAF,HOU,112,0.0,441.0
2026,6,MAF,IAH,30,0.0,429.0
2026,6,MAF,LAS,30,0.0,795.0
2026,6,MAF,PHX,30,0.0,581.0
2026,6,MBS,DTW,107,0.0,98.0
2026,6,MBS,ORD,60,2.0,222.0
2026,6,MCI,ATL,283,1.0,692.0
2026,6,MCI,AUS,128,1.0,650.0
2026,6,MCI,BNA,116,0.0,491.0
2026,6,MCI,BOS,76,0.0,1256.0
2026,6,MCI,BWI,87,0.0,966.0
2026,6,MCI,CHS,4,0.0,930.0
2026,6,MCI,CLT,90,1.0,808.0
2026,6,MCI,CMH,4,0.0,632.0
2026,6,MCI,DAL,167,4.0,461.0
2026,6,MCI,DCA,164,5.0,949.0
2026,6,MCI,DEN,420,3.0,533.0
2026,6,MCI,DFW,222,15.0,460.0
2026,6,MCI,DTW,113,0.0,629.0
2026,6,MCI,ECP,24,0.0,797.0
2026,6,MCI,EWR,60,2.0,1092.0
2026,6,MCI,FLL,36,0.0,1242.0
2026,6,MCI,GUF,8,0.0,738.0
2026,6,MCI,HOU,89,0.0,666.0
2026,6,MCI,IAD,60,1.0,926.0
2026,6,MCI,IAH,63,2.0,643.0
2026,6,MCI,IND,30,0.0,451.0
2026,6,MCI,JFK,1,0.0,1113.0
2026,6,MCI,LAS,158,0.0,1139.0
2026,6,MCI,LAX,150,0.0,1363.0
2026,6,MCI,LGA,172,3.0,1107.0
2026,6,MCI,MCO,125,0.0,1072.0
2026,6,MCI,MDW,195,2.0,404.0
2026,6,MCI,MIA,92,0.0,1251.0
2026,6,MCI,MKE,34,0.0,436.0
2026,6,MCI,MSP,114,0.0,393.0
2026,6,MCI,MSY,26,0.0,690.0
2026,6,MCI,MYR,8,0.0,959.0
2026,6,MCI,ORD,375,16.0,403.0
2026,6,MCI,ORF,4,0.0,1021.0
2026,6,MCI,PDX,38,0.0,1482.0
2026,6,MCI,PGD,9,0.0,1125.0
2026,6,MCI,PHL,90,0.0,1038.0
2026,6,MCI,PHX,183,1.0,1044.0
2026,6,MCI,PIE,16,0.0,1045.0
2026,6,MCI,PNS,34,0.0,743.0
2026,6,MCI,RDU,8,0.0,904.0
2026,6,MCI,RSW,4,0.0,1155.0
2026,6,MCI,SAN,34,0.0,1334.0
2026,6,MCI,SAT,26,0.0,706.0
2026,6,MCI,SAV,4,0.0,905.0
2026,6,MCI,SEA,123,0.0,1490.0
2026,6,MCI,SFO,30,0.0,1499.0
2026,6,MCI,SLC,86,0.0,920.0
2026,6,MCI,SMF,27,0.0,1442.0
2026,6,MCI,SRQ,4,0.0,1078.0
2026,6,MCI,STL,90,0.0,237.0
2026,6,MCI,TPA,60,0.0,1048.0
2026,6,MCI,VPS,17,0.0,764.0
2026,6,MCO,ABE,11,1.0,906.0
2026,6,MCO,ABQ,4,0.0,1553.0
2026,6,MCO,ALB,67,0.0,1073.0
2026,6,MCO,ATL,665,9.0,404.0
2026,6,MCO,ATW,8,0.0,1162.0
2026,6,MCO,AUS,291,3.0,994.0
2026,6,MCO,AVL,13,1.0,488.0
2026,6,MCO,BDL,136,1.0,1050.0
2026,6,MCO,BHM,71,2.0,479.0
2026,6,MCO,BNA,286,2.0,616.0
2026,6,MCO,BOS,288,3.0,1121.0
2026,6,MCO,BQN,121,0.0,1129.0
2026,6,MCO,BUF,116,0.0,1011.0
2026,6,MCO,BWI,354,4.0,787.0
2026,6,MCO,CLE,208,2.0,895.0
2026,6,MCO,CLT,378,2.0,468.0
2026,6,MCO,CMH,140,1.0,802.0
2026,6,MCO,CVG,153,3.0,757.0
2026,6,MCO,DAL,232,3.0,973.0
2026,6,MCO,DCA,387,8.0,759.0
2026,6,MCO,DEN,423,2.0,1547.0
2026,6,MCO,DFW,410,11.0,985.0
2026,6,MCO,DTW,212,0.0,957.0
2026,6,MCO,ELP,8,0.0,1516.0
2026,6,MCO,EWR,415,5.0,937.0
2026,6,MCO,FLL,95,1.0,177.0
2026,6,MCO,GRR,13,0.0,1024.0
2026,6,MCO,HOU,176,3.0,849.0
2026,6,MCO,HPN,94,2.0,972.0
2026,6,MCO,IAD,171,1.0,758.0
2026,6,MCO,IAH,257,0.0,854.0
2026,6,MCO,ICT,4,0.0,1129.0
2026,6,MCO,IND,187,3.0,829.0
2026,6,MCO,ISP,118,2.0,971.0
2026,6,MCO,JFK,373,4.0,944.0
2026,6,MCO,LAS,172,0.0,2039.0
2026,6,MCO,LAX,296,2.0,2218.0
2026,6,MCO,LGA,345,8.0,950.0
2026,6,MCO,LIT,4,0.0,776.0
2026,6,MCO,MCI,125,1.0,1072.0
2026,6,MCO,MDW,234,7.0,990.0
2026,6,MCO,MEM,38,1.0,684.0
2026,6,MCO,MHT,63,0.0,1142.0
2026,6,MCO,MIA,264,2.0,192.0
2026,6,MCO,MKE,115,0.0,1066.0
2026,6,MCO,MSP,147,0.0,1310.0
2026,6,MCO,MSY,189,1.0,551.0
2026,6,MCO,OKC,34,0.0,1069.0
2026,6,MCO,OMA,35,1.0,1211.0
2026,6,MCO,ORD,430,7.0,1005.0
2026,6,MCO,ORF,62,2.0,655.0
2026,6,MCO,ORH,30,0.0,1091.0
2026,6,MCO,PBI,33,0.0,141.0
2026,6,MCO,PDX,30,0.0,2535.0
2026,6,MCO,PHL,408,3.0,862.0
2026,6,MCO,PHX,150,0.0,1849.0
2026,6,MCO,PIT,195,0.0,834.0
2026,6,MCO,PSE,60,0.0,1178.0
2026,6,MCO,PVD,110,1.0,1072.0
2026,6,MCO,RDU,220,1.0,534.0
2026,6,MCO,RIC,81,0.0,667.0
2026,6,MCO,ROC,51,0.0,1033.0
2026,6,MCO,RSW,33,0.0,133.0
2026,6,MCO,SAN,118,0.0,2149.0
2026,6,MCO,SAT,92,0.0,1041.0
2026,6,MCO,SDF,68,2.0,719.0
2026,6,MCO,SEA,150,0.0,2554.0
2026,6,MCO,SFO,82,0.0,2446.0
2026,6,MCO,SJU,604,5.0,1188.0
2026,6,MCO,SLC,110,0.0,1931.0
2026,6,MCO,SMF,30,0.0,2408.0
2026,6,MCO,SRQ,32,1.0,104.0
2026,6,MCO,STL,204,0.0,882.0
2026,6,MCO,STT,30,0.0,1246.0
2026,6,MCO,SYR,55,1.0,1053.0
2026,6,MCO,TTN,60,1.0,896.0
2026,6,MCO,TUL,28,0.0,1006.0
2026,6,MCO,TYS,39,0.0,532.0
2026,6,MCW,ORD,51,4.0,288.0
2026,6,MDT,ATL,89,0.0,620.0
2026,6,MDT,BNA,9,0.0,608.0
2026,6,MDT,BOS,30,0.0,335.0
2026,6,MDT,CLT,60,1.0,413.0
2026,6,MDT,DFW,30,2.0,1231.0
2026,6,MDT,DTW,39,0.0,371.0
2026,6,MDT,FLL,8,0.0,993.0
2026,6,MDT,JAX,9,0.0,724.0
2026,6,MDT,MYR,12,0.0,465.0
2026,6,MDT,ORD,174,4.0,594.0
2026,6,MDT,PGD,13,0.0,963.0
2026,6,MDT,PIE,17,0.0,912.0
2026,6,MDT,SFB,30,0.0,827.0
2026,6,MDT,SRQ,8,0.0,942.0
2026,6,MDW,ABQ,30,0.0,1121.0
2026,6,MDW,ALB,79,1.0,717.0
2026,6,MDW,ATL,308,5.0,591.0
2026,6,MDW,AUS,133,4.0,972.0
2026,6,MDW,AVL,9,0.0,521.0
2026,6,MDW,BDL,82,1.0,776.0
2026,6,MDW,BHM,30,1.0,570.0
2026,6,MDW,BNA,151,4.0,395.0
2026,6,MDW,BOI,23,1.0,1448.0
2026,6,MDW,BOS,143,2.0,861.0
2026,6,MDW,BUF,89,1.0,468.0
2026,6,MDW,BUR,30,1.0,1740.0
2026,6,MDW,BWI,174,3.0,611.0
2026,6,MDW,BZN,27,0.0,1198.0
2026,6,MDW,CHS,50,0.0,745.0
2026,6,MDW,CLE,109,2.0,307.0
2026,6,MDW,CLT,79,0.0,584.0
2026,6,MDW,CMH,113,2.0,283.0
2026,6,MDW,COS,27,1.0,917.0
2026,6,MDW,CVG,60,2.0,249.0
2026,6,MDW,DAL,195,5.0,793.0
2026,6,MDW,DCA,176,3.0,601.0
2026,6,MDW,DEN,220,3.0,895.0
2026,6,MDW,DFW,23,0.0,797.0
2026,6,MDW,DSM,60,0.0,306.0
2026,6,MDW,DTW,86,1.0,228.0
2026,6,MDW,ECP,21,0.0,795.0
2026,6,MDW,ELP,27,0.0,1237.0
2026,6,MDW,FLL,89,0.0,1167.0
2026,6,MDW,GEG,23,0.0,1511.0
2026,6,MDW,GRR,86,1.0,137.0
2026,6,MDW,HOU,176,3.0,937.0
2026,6,MDW,ICT,60,0.0,589.0
2026,6,MDW,IND,60,1.0,162.0
2026,6,MDW,JAX,53,0.0,848.0
2026,6,MDW,LAS,188,1.0,1521.0
2026,6,MDW,LAX,110,0.0,1751.0
2026,6,MDW,LGA,206,9.0,725.0
2026,6,MDW,LGB,26,1.0,1741.0
2026,6,MDW,MCI,199,5.0,404.0
2026,6,MDW,MCO,234,4.0,990.0
2026,6,MDW,MEM,60,0.0,480.0
2026,6,MDW,MHT,58,1.0,838.0
2026,6,MDW,MIA,31,0.0,1182.0
2026,6,MDW,MKE,60,1.0,80.0
2026,6,MDW,MSP,132,3.0,349.0
2026,6,MDW,MSY,90,2.0,825.0
2026,6,MDW,MYR,44,1.0,738.0
2026,6,MDW,OAK,56,0.0,1844.0
2026,6,MDW,OKC,60,1.0,691.0
2026,6,MDW,OMA,115,1.0,423.0
2026,6,MDW,ONT,30,0.0,1706.0
2026,6,MDW,ORF,84,1.0,704.0
2026,6,MDW,PDX,79,0.0,1751.0
2026,6,MDW,PGD,8,0.0,1076.0
2026,6,MDW,PHL,142,2.0,668.0
2026,6,MDW,PHX,218,5.0,1444.0
2026,6,MDW,PIT,86,1.0,402.0
2026,6,MDW,PNS,27,0.0,781.0
2026,6,MDW,PVD,82,1.0,842.0
2026,6,MDW,PVU,8,0.0,1254.0
2026,6,MDW,PWM,27,1.0,895.0
2026,6,MDW,RDU,88,1.0,632.0
2026,6,MDW,RIC,50,1.0,629.0
2026,6,MDW,RNO,27,0.0,1680.0
2026,6,MDW,ROC,60,1.0,523.0
2026,6,MDW,RSW,86,2.0,1105.0
2026,6,MDW,SAN,103,3.0,1728.0
2026,6,MDW,SAT,60,1.0,1036.0
2026,6,MDW,SAV,38,0.0,758.0
2026,6,MDW,SDF,90,1.0,271.0
2026,6,MDW,SEA,83,0.0,1733.0
2026,6,MDW,SFO,60,0.0,1855.0
2026,6,MDW,SJC,60,2.0,1838.0
2026,6,MDW,SJU,8,0.0,2057.0
2026,6,MDW,SLC,56,0.0,1259.0
2026,6,MDW,SMF,79,0.0,1790.0
2026,6,MDW,SRQ,54,1.0,1035.0
2026,6,MDW,STL,162,3.0,251.0
2026,6,MDW,TPA,132,1.0,997.0
2026,6,MDW,TUL,60,0.0,583.0
2026,6,MDW,TUS,3,0.0,1440.0
2026,6,MDW,TYS,8,0.0,459.0
2026,6,MDW,VPS,9,0.0,782.0
2026,6,MEI,IAH,51,1.0,422.0
2026,6,MEM,ATL,318,5.0,332.0
2026,6,MEM,AUS,30,0.0,559.0
2026,6,MEM,BNA,60,0.0,200.0
2026,6,MEM,BOS,30,0.0,1139.0
2026,6,MEM,BWI,24,0.0,787.0
2026,6,MEM,CLT,147,2.0,511.0
2026,6,MEM,DAL,38,0.0,423.0
2026,6,MEM,DCA,86,6.0,762.0
2026,6,MEM,DEN,128,0.0,872.0
2026,6,MEM,DFW,193,10.0,431.0
2026,6,MEM,DTW,86,0.0,610.0
2026,6,MEM,EWR,60,1.0,946.0
2026,6,MEM,FLL,30,0.0,851.0
2026,6,MEM,HOU,76,0.0,484.0
2026,6,MEM,IAH,90,0.0,468.0
2026,6,MEM,JFK,6,0.0,964.0
2026,6,MEM,LAS,35,0.0,1416.0
2026,6,MEM,LAX,21,0.0,1619.0
2026,6,MEM,LGA,120,4.0,963.0
2026,6,MEM,MCO,38,1.0,684.0
2026,6,MEM,MDW,60,1.0,480.0
2026,6,MEM,MIA,51,0.0,859.0
2026,6,MEM,MSP,86,1.0,700.0
2026,6,MEM,ORD,241,12.0,491.0
2026,6,MEM,PHL,83,8.0,875.0
2026,6,MEM,PHX,30,0.0,1264.0
2026,6,MEM,PIE,8,0.0,653.0
2026,6,MEM,SFB,8,0.0,671.0
2026,6,MEM,SLC,30,1.0,1262.0
2026,6,MEM,VPS,8,0.0,373.0
2026,6,MFE,AUS,85,0.0,279.0
2026,6,MFE,DFW,210,11.0,469.0
2026,6,MFE,IAH,56,0.0,316.0
2026,6,MFE,LAS,42,1.0,1210.0
2026,6,MFE,PHX,26,0.0,965.0
2026,6,MFE,SFB,17,0.0,1059.0
2026,6,MFR,DEN,60,0.0,964.0
2026,6,MFR,LAS,17,0.0,600.0
2026,6,MFR,LAX,30,0.0,630.0
2026,6,MFR,PDX,41,0.0,222.0
2026,6,MFR,PHX,60,0.0,855.0
2026,6,MFR,SAN,29,0.0,734.0
2026,6,MFR,SEA,129,0.0,352.0
2026,6,MFR,SFO,87,0.0,329.0
2026,6,MFR,SLC,60,0.0,575.0
2026,6,MFR,SNA,9,0.0,659.0
2026,6,MGM,DCA,26,4.0,693.0
2026,6,MGM,DFW,90,9.0,622.0
2026,6,MGM,IAH,60,0.0,554.0
2026,6,MGW,IAD,30,0.0,140.0
2026,6,MGW,ORD,21,3.0,449.0
2026,6,MHK,DFW,90,1.0,431.0
2026,6,MHK,ORD,34,3.0,501.0
2026,6,MHT,BWI,146,0.0,377.0
2026,6,MHT,CLT,90,4.0,738.0
2026,6,MHT,DCA,86,8.0,406.0
2026,6,MHT,MCO,63,0.0,1142.0
2026,6,MHT,MDW,58,0.0,838.0
2026,6,MHT,ORD,90,5.0,843.0
2026,6,MHT,TPA,4,0.0,1204.0
2026,6,MIA,ATL,491,6.0,594.0
2026,6,MIA,AUS,200,1.0,1103.0
2026,6,MIA,AVL,30,0.0,677.0
2026,6,MIA,BDL,30,0.0,1194.0
2026,6,MIA,BHM,34,0.0,661.0
2026,6,MIA,BNA,205,1.0,806.0
2026,6,MIA,BOS,264,0.0,1258.0
2026,6,MIA,BWI,179,1.0,946.0
2026,6,MIA,CAE,4,0.0,563.0
2026,6,MIA,CHA,4,0.0,701.0
2026,6,MIA,CHS,60,0.0,489.0
2026,6,MIA,CLE,87,0.0,1080.0
2026,6,MIA,CLT,298,3.0,650.0
2026,6,MIA,CMH,111,0.0,990.0
2026,6,MIA,CVG,60,0.0,948.0
2026,6,MIA,DAL,41,0.0,1109.0
2026,6,MIA,DCA,326,5.0,919.0
2026,6,MIA,DEN,179,0.0,1709.0
2026,6,MIA,DFW,383,14.0,1121.0
2026,6,MIA,DSM,7,2.0,1327.0
2026,6,MIA,DTW,117,0.0,1145.0
2026,6,MIA,EWR,270,0.0,1085.0
2026,6,MIA,EYW,89,0.0,126.0
2026,6,MIA,GNV,30,0.0,294.0
2026,6,MIA,GRR,8,0.0,1214.0
2026,6,MIA,GSO,51,0.0,710.0
2026,6,MIA,GSP,64,0.0,637.0
2026,6,MIA,HOU,38,0.0,955.0
2026,6,MIA,HSV,4,0.0,722.0
2026,6,MIA,IAD,30,0.0,922.0
2026,6,MIA,IAH,277,0.0,964.0
2026,6,MIA,ICT,4,0.0,1295.0
2026,6,MIA,ILM,51,0.0,601.0
2026,6,MIA,IND,62,0.0,1020.0
2026,6,MIA,JAN,4,0.0,742.0
2026,6,MIA,JAX,120,0.0,335.0
2026,6,MIA,JFK,360,5.0,1089.0
2026,6,MIA,LAS,89,0.0,2174.0
2026,6,MIA,LAX,268,0.0,2342.0
2026,6,MIA,LGA,442,8.0,1096.0
2026,6,MIA,LIT,4,0.0,941.0
2026,6,MIA,MCI,92,0.0,1251.0
2026,6,MIA,MCO,264,1.0,192.0
2026,6,MIA,MDW,31,0.0,1182.0
2026,6,MIA,MEM,51,0.0,859.0
2026,6,MIA,MSP,90,0.0,1501.0
2026,6,MIA,MSY,120,0.0,674.0
2026,6,MIA,OKC,34,0.0,1222.0
2026,6,MIA,ORD,330,8.0,1197.0
2026,6,MIA,ORF,58,0.0,802.0
2026,6,MIA,PHL,291,8.0,1013.0
2026,6,MIA,PHX,150,0.0,1972.0
2026,6,MIA,PIT,65,0.0,1013.0
2026,6,MIA,PNS,94,0.0,530.0
2026,6,MIA,RDU,195,3.0,700.0
2026,6,MIA,RIC,51,0.0,826.0
2026,6,MIA,SAN,60,1.0,2267.0
2026,6,MIA,SAT,60,0.0,1143.0
2026,6,MIA,SAV,51,0.0,440.0
2026,6,MIA,SDF,34,0.0,910.0
2026,6,MIA,SEA,120,0.0,2724.0
2026,6,MIA,SFO,174,1.0,2585.0
2026,6,MIA,SGF,4,0.0,1102.0
2026,6,MIA,SJU,214,0.0,1045.0
2026,6,MIA,SLC,81,0.0,2088.0
2026,6,MIA,SRQ,34,0.0,178.0
2026,6,MIA,STL,98,0.0,1068.0
2026,6,MIA,STT,64,0.0,1107.0
2026,6,MIA,STX,60,0.0,1139.0
2026,6,MIA,TLH,94,0.0,402.0
2026,6,MIA,TPA,226,1.0,204.0
2026,6,MIA,TUL,34,0.0,1168.0
2026,6,MIA,TYS,38,0.0,724.0
2026,6,MIA,VPS,30,0.0,499.0
2026,6,MIA,XNA,30,0.0,1099.0
2026,6,MKE,ATL,201,2.0,669.0
2026,6,MKE,AUS,24,0.0,1032.0
2026,6,MKE,BNA,86,0.0,475.0
2026,6,MKE,BOS,82,2.0,860.0
2026,6,MKE,BWI,83,0.0,641.0
2026,6,MKE,CLT,84,2.0,651.0
2026,6,MKE,DAL,34,0.0,850.0
2026,6,MKE,DCA,116,6.0,634.0
2026,6,MKE,DEN,236,1.0,896.0
2026,6,MKE,DFW,90,5.0,853.0
2026,6,MKE,DTW,125,1.0,237.0
2026,6,MKE,EWR,86,3.0,725.0
2026,6,MKE,IAH,30,0.0,984.0
2026,6,MKE,LAS,82,0.0,1524.0
2026,6,MKE,LGA,106,7.0,738.0
2026,6,MKE,MCI,34,0.0,436.0
2026,6,MKE,MCO,115,1.0,1066.0
2026,6,MKE,MDW,60,0.0,80.0
2026,6,MKE,MSP,175,1.0,297.0
2026,6,MKE,ORD,417,12.0,67.0
2026,6,MKE,PHL,90,13.0,690.0
2026,6,MKE,PHX,96,0.0,1460.0
2026,6,MKE,RSW,3,0.0,1183.0
2026,6,MKE,SAN,28,0.0,1739.0
2026,6,MKE,SEA,59,0.0,1694.0
2026,6,MKE,SLC,30,0.0,1247.0
2026,6,MKE,STL,55,0.0,317.0
2026,6,MKE,TPA,30,0.0,1075.0
2026,6,MLB,ABE,9,0.0,914.0
2026,6,MLB,ATL,120,1.0,443.0
2026,6,MLB,CLT,90,2.0,490.0
2026,6,MLB,CVG,9,0.0,789.0
2026,6,MLB,PIT,8,0.0,854.0
2026,6,MLI,AZA,8,0.0,1287.0
2026,6,MLI,DEN,30,0.0,751.0
2026,6,MLI,DFW,87,5.0,691.0
2026,6,MLI,LAS,8,0.0,1376.0
2026,6,MLI,ORD,163,12.0,139.0
2026,6,MLI,PGD,9,1.0,1113.0
2026,6,MLI,PIE,8,0.0,1033.0
2026,6,MLI,SFB,8,0.0,1018.0
2026,6,MLU,DFW,119,7.0,293.0
2026,6,MOB,ATL,68,3.0,302.0
2026,6,MOB,DFW,85,5.0,539.0
2026,6,MOT,AZA,9,0.0,1164.0
2026,6,MOT,DEN,116,0.0,604.0
2026,6,MOT,LAS,9,0.0,1098.0
2026,6,MOT,MSP,119,1.0,449.0
2026,6,MQT,DTW,30,0.0,349.0
2026,6,MQT,MSP,21,1.0,300.0
2026,6,MQT,ORD,60,2.0,303.0
2026,6,MRY,DEN,60,1.0,959.0
2026,6,MRY,DFW,30,1.0,1430.0
2026,6,MRY,LAS,9,0.0,375.0
2026,6,MRY,LAX,60,0.0,266.0
2026,6,MRY,ORD,4,0.0,1844.0
2026,6,MRY,PHX,115,3.0,598.0
2026,6,MRY,SAN,42,2.0,375.0
2026,6,MRY,SFO,85,0.0,77.0
2026,6,MSN,ATL,86,1.0,707.0
2026,6,MSN,BOS,36,2.0,932.0
2026,6,MSN,CLT,86,1.0,708.0
2026,6,MSN,DCA,108,12.0,707.0
2026,6,MSN,DEN,122,2.0,826.0
2026,6,MSN,DFW,90,3.0,821.0
2026,6,MSN,DTW,56,0.0,311.0
2026,6,MSN,EWR,60,3.0,799.0
2026,6,MSN,LGA,60,2.0,812.0
2026,6,MSN,MSP,119,0.0,228.0
2026,6,MSN,ORD,329,12.0,108.0
2026,6,MSN,PHL,90,7.0,764.0
2026,6,MSN,PHX,60,0.0,1396.0
2026,6,MSO,AZA,12,0.0,948.0
2026,6,MSO,DEN,96,0.0,679.0
2026,6,MSO,DFW,56,1.0,1320.0
2026,6,MSO,LAS,8,0.0,750.0
2026,6,MSO,LAX,52,0.0,923.0
2026,6,MSO,MSP,60,0.0,1013.0
2026,6,MSO,ORD,60,2.0,1332.0
2026,6,MSO,PDX,21,0.0,418.0
2026,6,MSO,SEA,77,0.0,389.0
2026,6,MSO,SFO,30,0.0,769.0
2026,6,MSO,SLC,90,0.0,436.0
2026,6,MSO,SNA,9,0.0,935.0
2026,6,MSP,ABQ,30,0.0,981.0
2026,6,MSP,ABR,60,0.0,257.0
2026,6,MSP,ANC,105,1.0,2519.0
2026,6,MSP,ATL,287,1.0,907.0
2026,6,MSP,ATW,41,1.0,236.0
2026,6,MSP,ATY,30,0.0,193.0
2026,6,MSP,AUS,143,2.0,1042.0
2026,6,MSP,AVL,17,0.0,861.0
2026,6,MSP,BDL,83,1.0,1050.0
2026,6,MSP,BIL,30,1.0,748.0
2026,6,MSP,BIS,108,2.0,386.0
2026,6,MSP,BJI,60,1.0,199.0
2026,6,MSP,BNA,172,1.0,695.0
2026,6,MSP,BOI,81,1.0,1142.0
2026,6,MSP,BOS,168,0.0,1124.0
2026,6,MSP,BRD,51,0.0,114.0
2026,6,MSP,BUF,24,1.0,735.0
2026,6,MSP,BWI,140,3.0,936.0
2026,6,MSP,BZN,84,1.0,874.0
2026,6,MSP,CHS,30,1.0,1087.0
2026,6,MSP,CIU,25,0.0,434.0
2026,6,MSP,CLE,112,2.0,622.0
2026,6,MSP,CLT,211,3.0,930.0
2026,6,MSP,CMH,110,1.0,626.0
2026,6,MSP,COS,24,0.0,725.0
2026,6,MSP,CVG,108,0.0,596.0
2026,6,MSP,DAL,4,0.0,853.0
2026,6,MSP,DCA,224,12.0,931.0
2026,6,MSP,DEN,536,2.0,680.0
2026,6,MSP,DFW,286,10.0,852.0
2026,6,MSP,DLH,121,1.0,144.0
2026,6,MSP,DTW,172,0.0,528.0
2026,6,MSP,ESC,21,0.0,304.0
2026,6,MSP,EWR,200,5.0,1008.0
2026,6,MSP,FAI,24,0.0,2466.0
2026,6,MSP,FAR,96,0.0,223.0
2026,6,MSP,FCA,60,0.0,1025.0
2026,6,MSP,FLL,30,0.0,1487.0
2026,6,MSP,FSD,146,1.0,196.0
2026,6,MSP,FWA,30,0.0,488.0
2026,6,MSP,GEG,81,0.0,1175.0
2026,6,MSP,GFK,111,0.0,284.0
2026,6,MSP,GRB,90,0.0,252.0
2026,6,MSP,GRR,117,1.0,408.0
2026,6,MSP,HIB,51,0.0,174.0
2026,6,MSP,HNL,30,0.0,3972.0
2026,6,MSP,IAD,116,0.0,907.0
2026,6,MSP,IAH,176,1.0,1034.0
2026,6,MSP,ICT,60,0.0,545.0
2026,6,MSP,ILM,7,0.0,1094.0
2026,6,MSP,IMT,30,0.0,257.0
2026,6,MSP,IND,113,0.0,503.0
2026,6,MSP,INL,62,0.0,255.0
2026,6,MSP,JAC,30,0.0,872.0
2026,6,MSP,JAX,30,0.0,1173.0
2026,6,MSP,JFK,66,1.0,1029.0
2026,6,MSP,LAS,139,0.0,1299.0
2026,6,MSP,LAX,199,2.0,1535.0
2026,6,MSP,LGA,151,0.0,1020.0
2026,6,MSP,MCI,115,0.0,393.0
2026,6,MSP,MCO,147,0.0,1310.0
2026,6,MSP,MDW,144,2.0,349.0
2026,6,MSP,MEM,86,1.0,700.0
2026,6,MSP,MIA,90,0.0,1501.0
2026,6,MSP,MKE,175,1.0,297.0
2026,6,MSP,MOT,119,1.0,449.0
2026,6,MSP,MQT,21,1.0,300.0
2026,6,MSP,MSN,119,0.0,228.0
2026,6,MSP,MSO,60,0.0,1013.0
2026,6,MSP,MSY,30,1.0,1040.0
2026,6,MSP,MYR,30,0.0,1085.0
2026,6,MSP,OKC,31,0.0,694.0
2026,6,MSP,OMA,144,0.0,282.0
2026,6,MSP,ORD,534,15.0,334.0
2026,6,MSP,PDX,163,1.0,1426.0
2026,6,MSP,PHL,200,5.0,981.0
2026,6,MSP,PHX,207,0.0,1276.0
2026,6,MSP,PIT,91,1.0,726.0
2026,6,MSP,PSC,30,0.0,1254.0
2026,6,MSP,PSP,1,0.0,1454.0
2026,6,MSP,PVD,24,0.0,1117.0
2026,6,MSP,PWM,24,0.0,1136.0
2026,6,MSP,RAP,116,0.0,490.0
2026,6,MSP,RDU,113,0.0,980.0
2026,6,MSP,RHI,60,0.0,190.0
2026,6,MSP,RIC,1,0.0,969.0
2026,6,MSP,RNO,24,0.0,1405.0
2026,6,MSP,RST,41,0.0,76.0
2026,6,MSP,RSW,84,0.0,1416.0
2026,6,MSP,SAN,105,2.0,1532.0
2026,6,MSP,SAT,83,2.0,1097.0
2026,6,MSP,SAV,30,0.0,1092.0
2026,6,MSP,SBN,30,0.0,411.0
2026,6,MSP,SDF,35,0.0,604.0
2026,6,MSP,SEA,252,0.0,1399.0
2026,6,MSP,SFO,183,0.0,1589.0
2026,6,MSP,SJC,56,0.0,1575.0
2026,6,MSP,SJU,4,0.0,2404.0
2026,6,MSP,SLC,143,0.0,991.0
2026,6,MSP,SMF,60,0.0,1517.0
2026,6,MSP,SNA,47,0.0,1522.0
2026,6,MSP,SRQ,1,0.0,1342.0
2026,6,MSP,STL,165,2.0,448.0
2026,6,MSP,SYR,30,0.0,860.0
2026,6,MSP,TPA,110,0.0,1306.0
2026,6,MSP,TVC,28,0.0,376.0
2026,6,MSP,VPS,30,0.0,1058.0
2026,6,MSP,XNA,46,0.0,596.0
2026,6,MSP,XWA,86,1.0,553.0
2026,6,MSY,ATL,304,2.0,425.0
2026,6,MSY,AUS,159,0.0,445.0
2026,6,MSY,BNA,116,0.0,471.0
2026,6,MSY,BOS,60,0.0,1367.0
2026,6,MSY,BWI,86,0.0,998.0
2026,6,MSY,CLT,128,0.0,650.0
2026,6,MSY,DAL,162,0.0,437.0
2026,6,MSY,DCA,142,5.0,969.0
2026,6,MSY,DEN,163,1.0,1062.0
2026,6,MSY,DFW,227,13.0,448.0
2026,6,MSY,DTW,54,1.0,926.0
2026,6,MSY,EWR,86,0.0,1167.0
2026,6,MSY,FLL,95,0.0,673.0
2026,6,MSY,HOU,192,0.0,303.0
2026,6,MSY,IAD,44,0.0,955.0
2026,6,MSY,IAH,206,1.0,305.0
2026,6,MSY,JFK,89,4.0,1182.0
2026,6,MSY,LAS,83,0.0,1500.0
2026,6,MSY,LAX,101,1.0,1671.0
2026,6,MSY,LGA,115,3.0,1183.0
2026,6,MSY,MCI,26,0.0,690.0
2026,6,MSY,MCO,177,1.0,551.0
2026,6,MSY,MDW,90,1.0,825.0
2026,6,MSY,MIA,120,0.0,674.0
2026,6,MSY,MSP,30,1.0,1040.0
2026,6,MSY,ORD,206,5.0,837.0
2026,6,MSY,PHL,100,1.0,1089.0
2026,6,MSY,PHX,63,0.0,1301.0
2026,6,MSY,SAN,26,0.0,1600.0
2026,6,MSY,SAT,26,0.0,495.0
2026,6,MSY,SEA,60,1.0,2086.0
2026,6,MSY,SFO,30,0.0,1911.0
2026,6,MSY,SLC,30,0.0,1429.0
2026,6,MSY,STL,56,0.0,604.0
2026,6,MSY,TPA,57,0.0,487.0
2026,6,MTJ,DAL,4,0.0,733.0
2026,6,MTJ,DEN,120,0.0,197.0
2026,6,MTJ,DFW,43,1.0,722.0
2026,6,MTJ,LAX,4,0.0,666.0
2026,6,MTJ,ORD,21,1.0,1081.0
2026,6,MVY,BOS,5,0.0,70.0
2026,6,MVY,CLT,2,0.0,704.0
2026,6,MVY,DCA,44,2.0,383.0
2026,6,MVY,JFK,36,0.0,173.0
2026,6,MVY,LGA,77,1.0,175.0
2026,6,MVY,ORD,2,0.0,894.0
2026,6,MVY,PHL,13,0.0,265.0
2026,6,MYR,ABE,29,0.0,518.0
2026,6,MYR,ACY,12,0.0,466.0
2026,6,MYR,ALB,11,0.0,685.0
2026,6,MYR,ATL,143,1.0,317.0
2026,6,MYR,BLV,12,2.0,696.0
2026,6,MYR,BNA,64,0.0,471.0
2026,6,MYR,BOS,16,1.0,738.0
2026,6,MYR,BWI,93,0.0,399.0
2026,6,MYR,CAK,15,0.0,518.0
2026,6,MYR,CKB,8,0.0,394.0
2026,6,MYR,CLE,8,1.0,557.0
2026,6,MYR,CLT,150,1.0,157.0
2026,6,MYR,CMH,8,0.0,488.0
2026,6,MYR,CVG,25,0.0,489.0
2026,6,MYR,DAL,12,0.0,1038.0
2026,6,MYR,DAY,9,0.0,520.0
2026,6,MYR,DCA,68,9.0,372.0
2026,6,MYR,DEN,31,0.0,1484.0
2026,6,MYR,DFW,64,0.0,1048.0
2026,6,MYR,DTW,30,0.0,636.0
2026,6,MYR,ELM,9,0.0,595.0
2026,6,MYR,EWR,60,3.0,550.0
2026,6,MYR,FWA,8,0.0,610.0
2026,6,MYR,GRR,4,0.0,728.0
2026,6,MYR,HGR,13,0.0,421.0
2026,6,MYR,HOU,4,0.0,1001.0
2026,6,MYR,HTS,17,0.0,382.0
2026,6,MYR,IAG,4,0.0,650.0
2026,6,MYR,IND,4,0.0,583.0
2026,6,MYR,ISP,15,0.0,586.0
2026,6,MYR,LCK,25,0.0,478.0
2026,6,MYR,LEX,8,0.0,438.0
2026,6,MYR,LGA,40,1.0,563.0
2026,6,MYR,MCI,8,0.0,959.0
2026,6,MYR,MDT,12,0.0,465.0
2026,6,MYR,MDW,43,0.0,738.0
2026,6,MYR,MSP,30,0.0,1085.0
2026,6,MYR,ORD,85,0.0,753.0
2026,6,MYR,PHL,42,5.0,474.0
2026,6,MYR,PIT,25,0.0,475.0
2026,6,MYR,SDF,3,0.0,491.0
2026,6,MYR,STL,24,0.0,728.0
2026,6,MYR,SWF,19,0.0,601.0
2026,6,MYR,SYR,9,0.0,668.0
2026,6,OAJ,ATL,92,2.0,399.0
2026,6,OAK,ABQ,30,0.0,889.0
2026,6,OAK,AUS,30,0.0,1497.0
2026,6,OAK,BOI,30,0.0,512.0
2026,6,OAK,BUR,213,1.0,325.0
2026,6,OAK,DAL,34,0.0,1468.0
2026,6,OAK,DEN,147,0.0,957.0
2026,6,OAK,GEG,26,0.0,723.0
2026,6,OAK,HNL,59,0.0,2409.0
2026,6,OAK,HOU,30,0.0,1642.0
2026,6,OAK,LAS,289,1.0,407.0
2026,6,OAK,LAX,163,1.0,337.0
2026,6,OAK,LGB,116,0.0,353.0
2026,6,OAK,LIH,60,0.0,2456.0
2026,6,OAK,MDW,56,0.0,1844.0
2026,6,OAK,OGG,60,0.0,2348.0
2026,6,OAK,ONT,112,0.0,362.0
2026,6,OAK,PDX,123,0.0,543.0
2026,6,OAK,PHX,157,1.0,646.0
2026,6,OAK,PSP,24,1.0,418.0
2026,6,OAK,SAN,293,3.0,446.0
2026,6,OAK,SBA,30,0.0,263.0
2026,6,OAK,SEA,187,0.0,672.0
2026,6,OAK,SLC,121,0.0,588.0
2026,6,OAK,SNA,207,3.0,371.0
2026,6,OGG,DEN,30,0.0,3302.0
2026,6,OGG,DFW,38,0.0,3710.0
2026,6,OGG,HNL,759,2.0,101.0
2026,6,OGG,ITO,26,0.0,121.0
2026,6,OGG,KOA,120,0.0,84.0
2026,6,OGG,LAS,60,0.0,2695.0
2026,6,OGG,LAX,249,2.0,2485.0
2026,6,OGG,LGB,30,0.0,2498.0
2026,6,OGG,LIH,120,0.0,202.0
2026,6,OGG,OAK,60,0.0,2348.0
2026,6,OGG,ORD,4,0.0,4184.0
2026,6,OGG,PDX,60,0.0,2561.0
2026,6,OGG,PHX,90,0.0,2844.0
2026,6,OGG,SAN,90,0.0,2540.0
2026,6,OGG,SEA,150,1.0,2639.0
2026,6,OGG,SFO,181,2.0,2338.0
2026,6,OGG,SJC,50,1.0,2355.0
2026,6,OGG,SLC,30,0.0,2935.0
2026,6,OGG,SMF,57,0.0,2403.0
2026,6,OKC,ATL,149,4.0,761.0
2026,6,OKC,AUS,30,0.0,358.0
2026,6,OKC,BNA,60,0.0,616.0
2026,6,OKC,BWI,4,0.0,1180.0
2026,6,OKC,CLT,73,1.0,940.0
2026,6,OKC,DAL,60,0.0,181.0
2026,6,OKC,DCA,60,1.0,1158.0
2026,6,OKC,DEN,280,3.0,495.0
2026,6,OKC,DFW,296,11.0,175.0
2026,6,OKC,GUF,13,0.0,675.0
2026,6,OKC,HOU,92,0.0,419.0
2026,6,OKC,IAH,90,0.0,395.0
2026,6,OKC,LAS,115,0.0,986.0
2026,6,OKC,LAX,60,0.0,1187.0
2026,6,OKC,LGA,52,4.0,1341.0
2026,6,OKC,MCO,34,0.0,1069.0
2026,6,OKC,MDW,60,1.0,691.0
2026,6,OKC,MIA,34,0.0,1222.0
2026,6,OKC,MSP,31,0.0,694.0
2026,6,OKC,ORD,237,9.0,693.0
2026,6,OKC,PHX,151,0.0,833.0
2026,6,OKC,SEA,51,0.0,1519.0
2026,6,OKC,SFB,8,0.0,1061.0
2026,6,OKC,SLC,60,0.0,866.0
2026,6,OKC,VPS,17,0.0,726.0
2026,6,OMA,ATL,148,0.0,821.0
2026,6,OMA,AUS,4,0.0,772.0
2026,6,OMA,AZA,8,0.0,1026.0
2026,6,OMA,BNA,46,0.0,612.0
2026,6,OMA,CLT,90,0.0,913.0
2026,6,OMA,DAL,39,0.0,586.0
2026,6,OMA,DCA,56,0.0,1012.0
2026,6,OMA,DEN,324,0.0,472.0
2026,6,OMA,DFW,137,8.0,583.0
2026,6,OMA,DTW,110,0.0,650.0
2026,6,OMA,GUF,8,0.0,888.0
2026,6,OMA,HOU,34,0.0,804.0
2026,6,OMA,IAH,77,0.0,781.0
2026,6,OMA,LAS,98,0.0,1099.0
2026,6,OMA,LAX,60,0.0,1330.0
2026,6,OMA,LGA,30,0.0,1148.0
2026,6,OMA,MCO,35,0.0,1211.0
2026,6,OMA,MDW,115,1.0,423.0
2026,6,OMA,MSP,144,0.0,282.0
2026,6,OMA,ORD,283,11.0,416.0
2026,6,OMA,PGD,8,0.0,1269.0
2026,6,OMA,PHL,60,1.0,1089.0
2026,6,OMA,PHX,150,0.0,1037.0
2026,6,OMA,PIE,13,0.0,1188.0
2026,6,OMA,SAN,20,0.0,1313.0
2026,6,OMA,SEA,60,0.0,1368.0
2026,6,OMA,SFB,14,1.0,1195.0
2026,6,OMA,SFO,30,0.0,1433.0
2026,6,OMA,SLC,69,0.0,840.0
2026,6,OMA,STL,65,0.0,342.0
2026,6,OMA,TPA,4,0.0,1190.0
2026,6,OMA,VPS,9,0.0,911.0
2026,6,OME,ANC,30,0.0,539.0
2026,6,ONT,ATL,80,2.0,1900.0
2026,6,ONT,AUS,30,0.0,1196.0
2026,6,ONT,BNA,30,1.0,1751.0
2026,6,ONT,BWI,30,0.0,2283.0
2026,6,ONT,CLT,30,0.0,2078.0
2026,6,ONT,DAL,30,0.0,1200.0
2026,6,ONT,DEN,250,0.0,819.0
2026,6,ONT,DFW,210,8.0,1188.0
2026,6,ONT,HNL,57,0.0,2603.0
2026,6,ONT,HOU,30,0.0,1345.0
2026,6,ONT,IAH,60,3.0,1334.0
2026,6,ONT,JFK,30,1.0,2429.0
2026,6,ONT,LAS,206,2.0,197.0
2026,6,ONT,MDW,30,0.0,1706.0
2026,6,ONT,OAK,111,0.0,362.0
2026,6,ONT,ORD,30,0.0,1700.0
2026,6,ONT,PDX,51,0.0,838.0
2026,6,ONT,PHX,224,3.0,325.0
2026,6,ONT,SEA,240,3.0,956.0
2026,6,ONT,SFO,120,0.0,363.0
2026,6,ONT,SJC,114,0.0,333.0
2026,6,ONT,SLC,113,0.0,558.0
2026,6,ONT,SMF,177,0.0,390.0
2026,6,ONT,STS,21,0.0,423.0
2026,6,ORD,ABE,81,4.0,654.0
2026,6,ORD,ABQ,92,1.0,1118.0
2026,6,ORD,ACK,8,0.0,924.0
2026,6,ORD,ALB,209,8.0,723.0
2026,6,ORD,ALO,51,6.0,234.0
2026,6,ORD,ANC,141,1.0,2846.0
2026,6,ORD,ASE,86,5.0,1013.0
2026,6,ORD,ATL,583,15.0,606.0
2026,6,ORD,ATW,164,6.0,160.0
2026,6,ORD,AUS,269,4.0,977.0
2026,6,ORD,AVL,117,4.0,536.0
2026,6,ORD,AVP,60,4.0,632.0
2026,6,ORD,AZO,63,4.0,122.0
2026,6,ORD,BDL,204,4.0,783.0
2026,6,ORD,BGR,120,5.0,978.0
2026,6,ORD,BHM,60,2.0,584.0
2026,6,ORD,BIL,30,0.0,1060.0
2026,6,ORD,BIS,30,0.0,715.0
2026,6,ORD,BMI,63,3.0,116.0
2026,6,ORD,BNA,413,11.0,409.0
2026,6,ORD,BOI,90,3.0,1437.0
2026,6,ORD,BOS,751,20.0,867.0
2026,6,ORD,BTV,119,9.0,763.0
2026,6,ORD,BUF,209,5.0,474.0
2026,6,ORD,BWI,239,5.0,622.0
2026,6,ORD,BZN,150,0.0,1185.0
2026,6,ORD,CAE,60,5.0,666.0
2026,6,ORD,CAK,180,9.0,344.0
2026,6,ORD,CHA,33,2.0,501.0
2026,6,ORD,CHO,87,1.0,566.0
2026,6,ORD,CHS,202,5.0,760.0
2026,6,ORD,CID,209,7.0,196.0
2026,6,ORD,CIU,18,0.0,341.0
2026,6,ORD,CKB,30,1.0,444.0
2026,6,ORD,CLE,383,14.0,316.0
2026,6,ORD,CLT,417,12.0,599.0
2026,6,ORD,CMH,450,15.0,296.0
2026,6,ORD,CMI,90,4.0,135.0
2026,6,ORD,CMX,64,4.0,360.0
2026,6,ORD,COD,4,0.0,1077.0
2026,6,ORD,COS,90,4.0,911.0
2026,6,ORD,COU,174,5.0,315.0
2026,6,ORD,CRW,87,3.0,416.0
2026,6,ORD,CVG,420,15.0,264.0
2026,6,ORD,CWA,90,4.0,213.0
2026,6,ORD,DAL,3,0.0,798.0
2026,6,ORD,DAY,127,6.0,240.0
2026,6,ORD,DCA,638,21.0,612.0
2026,6,ORD,DEC,51,2.0,156.0
2026,6,ORD,DEN,538,6.0,888.0
2026,6,ORD,DFW,666,26.0,802.0
2026,6,ORD,DLH,95,4.0,397.0
2026,6,ORD,DSM,268,15.0,299.0
2026,6,ORD,DTW,523,25.0,235.0
2026,6,ORD,EAR,30,0.0,583.0
2026,6,ORD,EAU,51,4.0,269.0
2026,6,ORD,ECP,63,1.0,810.0
2026,6,ORD,EGE,8,0.0,1007.0
2026,6,ORD,ELP,60,2.0,1236.0
2026,6,ORD,ERI,27,0.0,398.0
2026,6,ORD,EUG,30,0.0,1780.0
2026,6,ORD,EVV,57,5.0,272.0
2026,6,ORD,EWR,529,14.0,719.0
2026,6,ORD,EYW,60,0.0,1251.0
2026,6,ORD,FAI,30,0.0,2785.0
2026,6,ORD,FAR,156,8.0,557.0
2026,6,ORD,FAT,30,0.0,1730.0
2026,6,ORD,FCA,96,0.0,1352.0
2026,6,ORD,FLL,202,2.0,1182.0
2026,6,ORD,FNT,120,9.0,223.0
2026,6,ORD,FOD,26,0.0,324.0
2026,6,ORD,FSD,120,5.0,462.0
2026,6,ORD,FWA,267,16.0,157.0
2026,6,ORD,GEG,60,0.0,1498.0
2026,6,ORD,GRB,210,7.0,173.0
2026,6,ORD,GRR,279,11.0,137.0
2026,6,ORD,GSO,90,5.0,589.0
2026,6,ORD,GSP,156,3.0,577.0
2026,6,ORD,GTF,4,0.0,1210.0
2026,6,ORD,HHH,60,0.0,781.0
2026,6,ORD,HNL,30,0.0,4243.0
2026,6,ORD,HPN,142,7.0,738.0
2026,6,ORD,HSV,59,1.0,510.0
2026,6,ORD,HYA,2,0.0,909.0
2026,6,ORD,IAD,210,1.0,588.0
2026,6,ORD,IAH,525,7.0,925.0
2026,6,ORD,ICT,174,5.0,588.0
2026,6,ORD,IDA,34,0.0,1229.0
2026,6,ORD,ILM,86,0.0,760.0
2026,6,ORD,IND,424,22.0,177.0
2026,6,ORD,JAC,120,2.0,1162.0
2026,6,ORD,JAX,203,6.0,864.0
2026,6,ORD,JFK,202,10.0,740.0
2026,6,ORD,JLN,30,0.0,484.0
2026,6,ORD,JST,30,3.0,487.0
2026,6,ORD,LAF,43,2.0,119.0
2026,6,ORD,LAN,60,2.0,179.0
2026,6,ORD,LAS,396,8.0,1514.0
2026,6,ORD,LAX,658,11.0,1744.0
2026,6,ORD,LEX,97,5.0,323.0
2026,6,ORD,LGA,968,54.0,733.0
2026,6,ORD,LIT,157,5.0,552.0
2026,6,ORD,LNK,147,5.0,466.0
2026,6,ORD,LNS,48,4.0,620.0
2026,6,ORD,LSE,90,4.0,215.0
2026,6,ORD,LWB,30,2.0,489.0
2026,6,ORD,LYH,30,0.0,564.0
2026,6,ORD,MBS,60,2.0,222.0
2026,6,ORD,MCI,375,15.0,403.0
2026,6,ORD,MCO,431,6.0,1005.0
2026,6,ORD,MCW,51,3.0,288.0
2026,6,ORD,MDT,173,7.0,594.0
2026,6,ORD,MEM,241,7.0,491.0
2026,6,ORD,MGW,21,0.0,449.0
2026,6,ORD,MHK,33,3.0,501.0
2026,6,ORD,MHT,90,5.0,843.0
2026,6,ORD,MIA,330,6.0,1197.0
2026,6,ORD,MKE,416,16.0,67.0
2026,6,ORD,MLI,165,11.0,139.0
2026,6,ORD,MQT,60,2.0,303.0
2026,6,ORD,MRY,4,0.0,1844.0
2026,6,ORD,MSN,328,13.0,108.0
2026,6,ORD,MSO,60,1.0,1332.0
2026,6,ORD,MSP,535,19.0,334.0
2026,6,ORD,MSY,206,5.0,837.0
2026,6,ORD,MTJ,21,0.0,1081.0
2026,6,ORD,MVY,2,0.0,894.0
2026,6,ORD,MYR,85,0.0,753.0
2026,6,ORD,OGG,4,0.0,4184.0
2026,6,ORD,OKC,237,10.0,693.0
2026,6,ORD,OMA,283,9.0,416.0
2026,6,ORD,ONT,30,0.0,1700.0
2026,6,ORD,ORF,200,7.0,717.0
2026,6,ORD,PAH,30,0.0,342.0
2026,6,ORD,PBI,114,3.0,1144.0
2026,6,ORD,PDX,321,3.0,1739.0
2026,6,ORD,PHL,492,16.0,678.0
2026,6,ORD,PHX,416,8.0,1440.0
2026,6,ORD,PIA,186,9.0,130.0
2026,6,ORD,PIT,365,11.0,413.0
2026,6,ORD,PLN,44,4.0,293.0
2026,6,ORD,PNS,60,0.0,794.0
2026,6,ORD,PVD,146,7.0,849.0
2026,6,ORD,PWM,150,6.0,900.0
2026,6,ORD,RAP,120,2.0,780.0
2026,6,ORD,RDU,327,10.0,646.0
2026,6,ORD,RHI,19,0.0,264.0
2026,6,ORD,RIC,202,5.0,642.0
2026,6,ORD,RNO,30,0.0,1671.0
2026,6,ORD,ROA,90,6.0,530.0
2026,6,ORD,ROC,210,7.0,528.0
2026,6,ORD,RST,89,6.0,268.0
2026,6,ORD,RSW,177,2.0,1120.0
2026,6,ORD,SAF,27,2.0,1072.0
2026,6,ORD,SAN,380,3.0,1723.0
2026,6,ORD,SAT,174,5.0,1041.0
2026,6,ORD,SAV,133,3.0,773.0
2026,6,ORD,SBA,30,0.0,1803.0
2026,6,ORD,SBN,210,12.0,84.0
2026,6,ORD,SCE,81,4.0,528.0
2026,6,ORD,SDF,231,16.0,286.0
2026,6,ORD,SEA,582,11.0,1721.0
2026,6,ORD,SFO,530,8.0,1846.0
2026,6,ORD,SGF,140,9.0,438.0
2026,6,ORD,SGU,4,0.0,1404.0
2026,6,ORD,SHD,30,2.0,541.0
2026,6,ORD,SJC,30,1.0,1829.0
2026,6,ORD,SJU,91,0.0,2072.0
2026,6,ORD,SLC,290,5.0,1250.0
2026,6,ORD,SLN,30,2.0,559.0
2026,6,ORD,SMF,137,4.0,1781.0
2026,6,ORD,SNA,176,3.0,1726.0
2026,6,ORD,SPI,60,1.0,174.0
2026,6,ORD,SRQ,34,0.0,1050.0
2026,6,ORD,STL,303,8.0,258.0
2026,6,ORD,STT,4,0.0,2116.0
2026,6,ORD,SUN,12,0.0,1341.0
2026,6,ORD,SUX,30,2.0,436.0
2026,6,ORD,SYR,177,6.0,607.0
2026,6,ORD,TPA,212,3.0,1012.0
2026,6,ORD,TRI,30,3.0,481.0
2026,6,ORD,TUL,197,4.0,585.0
2026,6,ORD,TUS,90,3.0,1437.0
2026,6,ORD,TVC,277,18.0,224.0
2026,6,ORD,TYS,210,5.0,475.0
2026,6,ORD,VPS,30,0.0,796.0
2026,6,ORD,XNA,158,4.0,522.0
2026,6,ORF,ATL,263,3.0,516.0
2026,6,ORF,BNA,38,0.0,585.0
2026,6,ORF,BOS,62,0.0,468.0
2026,6,ORF,BWI,139,1.0,159.0
2026,6,ORF,CLT,205,7.0,290.0
2026,6,ORF,DAL,8,0.0,1203.0
2026,6,ORF,DCA,86,7.0,142.0
2026,6,ORF,DEN,78,0.0,1553.0
2026,6,ORF,DFW,90,5.0,1212.0
2026,6,ORF,DTW,60,1.0,529.0
2026,6,ORF,EWR,86,5.0,284.0
2026,6,ORF,FLL,21,0.0,781.0
2026,6,ORF,IAD,60,0.0,158.0
2026,6,ORF,IAH,30,0.0,1201.0
2026,6,ORF,JFK,54,7.0,290.0
2026,6,ORF,LGA,75,4.0,296.0
2026,6,ORF,MCI,4,0.0,1021.0
2026,6,ORF,MCO,62,1.0,655.0
2026,6,ORF,MDW,84,1.0,704.0
2026,6,ORF,MIA,58,0.0,802.0
2026,6,ORF,ORD,201,8.0,717.0
2026,6,ORF,PHL,90,2.0,212.0
2026,6,ORF,SJU,17,0.0,1414.0
2026,6,ORF,STL,4,0.0,785.0
2026,6,ORH,FLL,30,0.0,1211.0
2026,6,ORH,MCO,30,0.0,1091.0
2026,6,OTH,DEN,30,0.0,1040.0
2026,6,OTH,SFO,30,0.0,412.0
2026,6,OTZ,ANC,30,1.0,549.0
2026,6,PAE,LAS,30,0.0,894.0
2026,6,PAE,PHX,30,0.0,1133.0
2026,6,PAH,IAH,30,0.0,617.0
2026,6,PAH,ORD,30,0.0,342.0
2026,6,PBG,FLL,8,0.0,1334.0
2026,6,PBG,PIE,8,0.0,1262.0
2026,6,PBG,SFB,9,0.0,1175.0
2026,6,PBI,ATL,306,6.0,545.0
2026,6,PBI,AVL,16,0.0,620.0
2026,6,PBI,BDL,35,0.0,1133.0
2026,6,PBI,BNA,30,0.0,757.0
2026,6,PBI,BOS,126,1.0,1197.0
2026,6,PBI,BWI,93,0.0,883.0
2026,6,PBI,CLT,145,2.0,590.0
2026,6,PBI,CVG,8,0.0,892.0
2026,6,PBI,DCA,125,0.0,857.0
2026,6,PBI,DFW,92,6.0,1102.0
2026,6,PBI,DTW,30,1.0,1086.0
2026,6,PBI,EWR,224,3.0,1024.0
2026,6,PBI,HPN,114,2.0,1056.0
2026,6,PBI,IAH,30,1.0,956.0
2026,6,PBI,ISP,80,0.0,1052.0
2026,6,PBI,JFK,156,5.0,1028.0
2026,6,PBI,LGA,233,9.0,1035.0
2026,6,PBI,MCO,33,0.0,141.0
2026,6,PBI,ORD,114,3.0,1144.0
2026,6,PBI,PHL,121,0.0,951.0
2026,6,PBI,PIT,13,0.0,952.0
2026,6,PBI,PVD,30,0.0,1148.0
2026,6,PDX,ANC,120,0.0,1542.0
2026,6,PDX,ATL,149,1.0,2172.0
2026,6,PDX,ATW,9,0.0,1662.0
2026,6,PDX,AUS,60,0.0,1715.0
2026,6,PDX,AZA,8,0.0,1028.0
2026,6,PDX,BLI,30,0.0,221.0
2026,6,PDX,BNA,30,0.0,1973.0
2026,6,PDX,BOI,57,0.0,344.0
2026,6,PDX,BOS,101,0.0,2537.0
2026,6,PDX,BUR,90,1.0,817.0
2026,6,PDX,BWI,57,0.0,2358.0
2026,6,PDX,CLT,58,1.0,2282.0
2026,6,PDX,CVG,8,0.0,1975.0
2026,6,PDX,DAL,30,0.0,1626.0
2026,6,PDX,DCA,30,0.0,2350.0
2026,6,PDX,DEN,435,0.0,991.0
2026,6,PDX,DFW,196,11.0,1616.0
2026,6,PDX,DSM,12,0.0,1471.0
2026,6,PDX,DTW,44,0.0,1953.0
2026,6,PDX,EUG,59,0.0,105.0
2026,6,PDX,EWR,111,0.0,2434.0
2026,6,PDX,FAI,21,0.0,1640.0
2026,6,PDX,FAT,51,0.0,626.0
2026,6,PDX,FNT,6,0.0,1917.0
2026,6,PDX,GEG,102,0.0,279.0
2026,6,PDX,GRR,9,0.0,1833.0
2026,6,PDX,HNL,76,1.0,2603.0
2026,6,PDX,IAD,30,1.0,2327.0
2026,6,PDX,IAH,115,0.0,1825.0
2026,6,PDX,IDA,39,0.0,539.0
2026,6,PDX,IND,8,0.0,1877.0
2026,6,PDX,JAC,6,0.0,600.0
2026,6,PDX,JFK,90,0.0,2454.0
2026,6,PDX,KOA,30,0.0,2607.0
2026,6,PDX,LAS,250,3.0,763.0
2026,6,PDX,LAX,358,4.0,833.0
2026,6,PDX,LIH,30,0.0,2630.0
2026,6,PDX,MCI,38,0.0,1482.0
2026,6,PDX,MCO,30,0.0,2535.0
2026,6,PDX,MDW,79,0.0,1751.0
2026,6,PDX,MFR,39,0.0,222.0
2026,6,PDX,MSO,21,0.0,418.0
2026,6,PDX,MSP,163,1.0,1426.0
2026,6,PDX,OAK,124,0.0,543.0
2026,6,PDX,OGG,60,0.0,2561.0
2026,6,PDX,ONT,52,0.0,838.0
2026,6,PDX,ORD,322,5.0,1739.0
2026,6,PDX,PHL,87,1.0,2406.0
2026,6,PDX,PHX,304,0.0,1010.0
2026,6,PDX,PSC,21,0.0,174.0
2026,6,PDX,PSP,30,0.0,873.0
2026,6,PDX,PVU,9,0.0,664.0
2026,6,PDX,RDM,36,0.0,116.0
2026,6,PDX,RNO,52,0.0,444.0
2026,6,PDX,SAN,150,2.0,933.0
2026,6,PDX,SBA,9,0.0,784.0
2026,6,PDX,SBP,9,0.0,722.0
2026,6,PDX,SEA,404,0.0,129.0
2026,6,PDX,SFO,289,0.0,550.0
2026,6,PDX,SJC,157,2.0,569.0
2026,6,PDX,SLC,215,2.0,630.0
2026,6,PDX,SMF,190,1.0,479.0
2026,6,PDX,SNA,118,0.0,859.0
2026,6,PDX,STL,38,0.0,1708.0
2026,6,PDX,STS,63,0.0,489.0
2026,6,PGD,ABE,23,0.0,1018.0
2026,6,PGD,ALB,16,0.0,1185.0
2026,6,PGD,ATW,13,0.0,1250.0
2026,6,PGD,AVL,24,0.0,588.0
2026,6,PGD,BLV,25,0.0,921.0
2026,6,PGD,BNA,9,0.0,692.0
2026,6,PGD,CAK,17,0.0,965.0
2026,6,PGD,CID,13,0.0,1170.0
2026,6,PGD,CVG,43,0.0,850.0
2026,6,PGD,DAY,8,0.0,904.0
2026,6,PGD,DSM,13,0.0,1206.0
2026,6,PGD,FNT,19,0.0,1111.0
2026,6,PGD,FWA,12,0.0,986.0
2026,6,PGD,GRR,13,0.0,1118.0
2026,6,PGD,IAD,8,0.0,870.0
2026,6,PGD,IAG,11,0.0,1129.0
2026,6,PGD,IND,25,1.0,916.0
2026,6,PGD,LCK,17,0.0,890.0
2026,6,PGD,LEX,15,0.0,781.0
2026,6,PGD,MCI,9,0.0,1125.0
2026,6,PGD,MDT,13,0.0,963.0
2026,6,PGD,MDW,8,0.0,1076.0
2026,6,PGD,MLI,9,1.0,1113.0
2026,6,PGD,OMA,8,0.0,1269.0
2026,6,PGD,PIA,16,0.0,1044.0
2026,6,PGD,PIT,17,0.0,941.0
2026,6,PGD,PSM,17,0.0,1279.0
2026,6,PGD,PVD,13,0.0,1184.0
2026,6,PGD,RFD,17,0.0,1127.0
2026,6,PGD,SBN,17,0.0,1049.0
2026,6,PGD,SDF,17,1.0,806.0
2026,6,PGD,SGF,9,0.0,975.0
2026,6,PGD,SPI,9,0.0,995.0
2026,6,PGD,SWF,9,0.0,1101.0
2026,6,PGD,TOL,8,0.0,1017.0
2026,6,PGD,TTN,9,0.0,1008.0
2026,6,PGD,TYS,17,0.0,624.0
2026,6,PGD,USA,9,0.0,588.0
2026,6,PHL,ACK,26,0.0,288.0
2026,6,PHL,ATL,544,11.0,666.0
2026,6,PHL,AUS,113,0.0,1431.0
2026,6,PHL,AVL,37,1.0,504.0
2026,6,PHL,BDL,27,2.0,195.0
2026,6,PHL,BGR,30,1.0,473.0
2026,6,PHL,BHM,60,3.0,772.0
2026,6,PHL,BNA,260,12.0,675.0
2026,6,PHL,BOS,458,10.0,280.0
2026,6,PHL,BTV,112,7.0,335.0
2026,6,PHL,BUF,17,0.0,279.0
2026,6,PHL,CHS,91,8.0,550.0
2026,6,PHL,CLE,60,2.0,363.0
2026,6,PHL,CLT,287,3.0,449.0
2026,6,PHL,CMH,168,6.0,407.0
2026,6,PHL,CVG,137,5.0,507.0
2026,6,PHL,DAL,30,0.0,1295.0
2026,6,PHL,DAY,30,3.0,477.0
2026,6,PHL,DCA,60,5.0,120.0
2026,6,PHL,DEN,316,2.0,1558.0
2026,6,PHL,DFW,331,12.0,1303.0
2026,6,PHL,DSM,66,3.0,973.0
2026,6,PHL,DTW,251,14.0,453.0
2026,6,PHL,ECP,27,1.0,886.0
2026,6,PHL,EYW,30,0.0,1122.0
2026,6,PHL,FLL,291,4.0,993.0
2026,6,PHL,GRR,67,5.0,573.0
2026,6,PHL,GSO,26,1.0,365.0
2026,6,PHL,GSP,30,1.0,515.0
2026,6,PHL,HHH,4,0.0,609.0
2026,6,PHL,HYA,13,0.0,288.0
2026,6,PHL,IAD,35,1.0,135.0
2026,6,PHL,IAH,187,5.0,1325.0
2026,6,PHL,IND,172,9.0,588.0
2026,6,PHL,JAX,162,3.0,742.0
2026,6,PHL,LAS,143,2.0,2177.0
2026,6,PHL,LAX,235,5.0,2402.0
2026,6,PHL,LEX,60,1.0,520.0
2026,6,PHL,MCI,90,0.0,1038.0
2026,6,PHL,MCO,406,4.0,862.0
2026,6,PHL,MDW,143,2.0,668.0
2026,6,PHL,MEM,83,3.0,875.0
2026,6,PHL,MIA,289,7.0,1013.0
2026,6,PHL,MKE,90,12.0,690.0
2026,6,PHL,MSN,90,4.0,764.0
2026,6,PHL,MSP,200,6.0,981.0
2026,6,PHL,MSY,100,2.0,1089.0
2026,6,PHL,MVY,13,0.0,265.0
2026,6,PHL,MYR,42,5.0,474.0
2026,6,PHL,OMA,60,1.0,1089.0
2026,6,PHL,ORD,492,16.0,678.0
2026,6,PHL,ORF,90,3.0,212.0
2026,6,PHL,PBI,121,0.0,951.0
2026,6,PHL,PDX,87,1.0,2406.0
2026,6,PHL,PHX,208,1.0,2076.0
2026,6,PHL,PIT,113,4.0,268.0
2026,6,PHL,PNS,19,1.0,935.0
2026,6,PHL,PVD,82,10.0,237.0
2026,6,PHL,PWM,58,1.0,364.0
2026,6,PHL,RDU,250,11.0,337.0
2026,6,PHL,ROC,1,0.0,257.0
2026,6,PHL,RSW,102,2.0,993.0
2026,6,PHL,SAN,90,0.0,2370.0
2026,6,PHL,SAT,51,1.0,1496.0
2026,6,PHL,SAV,94,1.0,630.0
2026,6,PHL,SDF,63,2.0,577.0
2026,6,PHL,SEA,174,4.0,2379.0
2026,6,PHL,SFO,230,3.0,2522.0
2026,6,PHL,SJU,180,1.0,1576.0
2026,6,PHL,SLC,76,1.0,1927.0
2026,6,PHL,SRQ,33,0.0,957.0
2026,6,PHL,STL,147,1.0,814.0
2026,6,PHL,STT,4,0.0,1605.0
2026,6,PHL,TPA,207,1.0,920.0
2026,6,PHL,TVC,34,2.0,627.0
2026,6,PHL,TYS,38,1.0,555.0
2026,6,PHL,VPS,4,0.0,908.0
2026,6,PHL,XNA,60,3.0,1067.0
2026,6,PHX,ABI,27,0.0,720.0
2026,6,PHX,ABQ,240,0.0,328.0
2026,6,PHX,ANC,60,0.0,2552.0
2026,6,PHX,ATL,288,0.0,1587.0
2026,6,PHX,AUS,233,2.0,872.0
2026,6,PHX,BFL,107,1.0,425.0
2026,6,PHX,BHM,1,0.0,1455.0
2026,6,PHX,BNA,198,0.0,1449.0
2026,6,PHX,BOI,171,0.0,735.0
2026,6,PHX,BOS,148,0.0,2300.0
2026,6,PHX,BUF,4,0.0,1912.0
2026,6,PHX,BUR,268,0.0,369.0
2026,6,PHX,BWI,89,0.0,1999.0
2026,6,PHX,BZN,27,0.0,853.0
2026,6,PHX,CID,60,0.0,1252.0
2026,6,PHX,CLD,120,0.0,306.0
2026,6,PHX,CLE,88,1.0,1737.0
2026,6,PHX,CLT,239,1.0,1773.0
2026,6,PHX,CMH,95,0.0,1670.0
2026,6,PHX,COS,86,0.0,551.0
2026,6,PHX,CVG,30,0.0,1569.0
2026,6,PHX,DAL,226,3.0,879.0
2026,6,PHX,DCA,90,0.0,1979.0
2026,6,PHX,DEN,676,0.0,602.0
2026,6,PHX,DFW,465,18.0,868.0
2026,6,PHX,DRO,90,0.0,352.0
2026,6,PHX,DSM,61,0.0,1149.0
2026,6,PHX,DTW,198,1.0,1671.0
2026,6,PHX,ELP,193,0.0,347.0
2026,6,PHX,EUG,60,0.0,952.0
2026,6,PHX,EWR,200,0.0,2133.0
2026,6,PHX,FAT,115,0.0,493.0
2026,6,PHX,FCA,4,0.0,1033.0
2026,6,PHX,FLG,90,6.0,119.0
2026,6,PHX,FLL,30,0.0,1972.0
2026,6,PHX,FSD,60,0.0,1081.0
2026,6,PHX,GEG,110,0.0,1020.0
2026,6,PHX,GJT,90,0.0,438.0
2026,6,PHX,HNL,120,0.0,2917.0
2026,6,PHX,HOU,158,0.0,1020.0
2026,6,PHX,IAD,33,0.0,1956.0
2026,6,PHX,IAH,234,1.0,1009.0
2026,6,PHX,ICT,57,0.0,870.0
2026,6,PHX,IND,125,0.0,1489.0
2026,6,PHX,JAX,25,0.0,1785.0
2026,6,PHX,JFK,257,1.0,2153.0
2026,6,PHX,KOA,30,0.0,2860.0
2026,6,PHX,LAS,474,3.0,255.0
2026,6,PHX,LAX,594,3.0,370.0
2026,6,PHX,LBB,30,0.0,588.0
2026,6,PHX,LGB,116,0.0,355.0
2026,6,PHX,LIH,30,0.0,2979.0
2026,6,PHX,LIT,30,0.0,1136.0
2026,6,PHX,MAF,30,0.0,581.0
2026,6,PHX,MCI,183,0.0,1044.0
2026,6,PHX,MCO,150,1.0,1849.0
2026,6,PHX,MDW,229,1.0,1444.0
2026,6,PHX,MEM,30,0.0,1264.0
2026,6,PHX,MFE,27,0.0,965.0
2026,6,PHX,MFR,60,0.0,855.0
2026,6,PHX,MIA,150,0.0,1972.0
2026,6,PHX,MKE,96,0.0,1460.0
2026,6,PHX,MRY,115,1.0,598.0
2026,6,PHX,MSN,60,0.0,1396.0
2026,6,PHX,MSP,207,0.0,1276.0
2026,6,PHX,MSY,63,0.0,1301.0
2026,6,PHX,OAK,169,1.0,646.0
2026,6,PHX,OGG,90,0.0,2844.0
2026,6,PHX,OKC,151,0.0,833.0
2026,6,PHX,OMA,149,1.0,1037.0
2026,6,PHX,ONT,224,2.0,325.0
2026,6,PHX,ORD,414,9.0,1440.0
2026,6,PHX,PAE,30,0.0,1133.0
2026,6,PHX,PDX,304,0.0,1010.0
2026,6,PHX,PHL,208,1.0,2076.0
2026,6,PHX,PIT,64,0.0,1814.0
2026,6,PHX,PSC,60,0.0,962.0
2026,6,PHX,PSP,120,0.0,261.0
2026,6,PHX,PVU,30,0.0,468.0
2026,6,PHX,RAP,27,0.0,876.0
2026,6,PHX,RDM,60,0.0,893.0
2026,6,PHX,RDU,81,0.0,1891.0
2026,6,PHX,RNO,203,1.0,601.0
2026,6,PHX,SAF,30,0.0,370.0
2026,6,PHX,SAN,520,4.0,304.0
2026,6,PHX,SAT,201,0.0,843.0
2026,6,PHX,SBA,119,0.0,455.0
2026,6,PHX,SBP,90,0.0,509.0
2026,6,PHX,SCK,9,0.0,603.0
2026,6,PHX,SDF,30,0.0,1506.0
2026,6,PHX,SEA,570,2.0,1107.0
2026,6,PHX,SFO,383,0.0,651.0
2026,6,PHX,SGF,4,0.0,1082.0
2026,6,PHX,SGU,77,0.0,262.0
2026,6,PHX,SJC,218,1.0,621.0
2026,6,PHX,SLC,435,0.0,507.0
2026,6,PHX,SMF,271,0.0,647.0
2026,6,PHX,SNA,403,0.0,338.0
2026,6,PHX,STL,166,1.0,1262.0
2026,6,PHX,STS,60,0.0,699.0
2026,6,PHX,TPA,90,0.0,1788.0
2026,6,PHX,TUL,92,0.0,935.0
2026,6,PHX,TUS,325,1.0,109.0
2026,6,PHX,TYS,8,0.0,1599.0
2026,6,PHX,XNA,60,0.0,1023.0
2026,6,PHX,YUM,90,0.0,160.0
2026,6,PIA,AZA,17,0.0,1312.0
2026,6,PIA,CLT,60,2.0,607.0
2026,6,PIA,DEN,38,1.0,793.0
2026,6,PIA,DFW,90,7.0,672.0
2026,6,PIA,LAS,9,0.0,1413.0
2026,6,PIA,ORD,186,8.0,130.0
2026,6,PIA,PGD,16,0.0,1044.0
2026,6,PIA,PIE,17,0.0,965.0
2026,6,PIA,SFB,13,0.0,949.0
2026,6,PIA,SRQ,8,0.0,1001.0
2026,6,PIA,VPS,12,0.0,724.0
2026,6,PIB,IAH,51,0.0,372.0
2026,6,PIE,ABE,26,0.0,970.0
2026,6,PIE,ACY,9,0.0,922.0
2026,6,PIE,ALB,11,0.0,1138.0
2026,6,PIE,ATW,17,0.0,1173.0
2026,6,PIE,AVL,51,1.0,519.0
2026,6,PIE,BGR,17,0.0,1394.0
2026,6,PIE,BLV,17,0.0,841.0
2026,6,PIE,BMI,9,0.0,936.0
2026,6,PIE,BNA,8,0.0,612.0
2026,6,PIE,CAK,21,0.0,899.0
2026,6,PIE,CHA,13,0.0,513.0
2026,6,PIE,CID,17,0.0,1090.0
2026,6,PIE,CKB,9,0.0,798.0
2026,6,PIE,COS,9,0.0,1472.0
2026,6,PIE,CVG,43,1.0,776.0
2026,6,PIE,DAY,9,0.0,831.0
2026,6,PIE,DSM,19,0.0,1126.0
2026,6,PIE,ELM,10,0.0,1035.0
2026,6,PIE,EVV,8,0.0,752.0
2026,6,PIE,EYW,25,0.0,238.0
2026,6,PIE,FNT,17,0.0,1040.0
2026,6,PIE,FSD,8,0.0,1334.0
2026,6,PIE,FWA,17,0.0,912.0
2026,6,PIE,GRR,27,0.0,1044.0
2026,6,PIE,GSO,9,0.0,587.0
2026,6,PIE,GSP,17,0.0,482.0
2026,6,PIE,HGR,8,0.0,861.0
2026,6,PIE,HSV,8,0.0,523.0
2026,6,PIE,HTS,25,0.0,721.0
2026,6,PIE,IAG,8,0.0,1069.0
2026,6,PIE,ICT,9,0.0,1087.0
2026,6,PIE,IND,26,0.0,840.0
2026,6,PIE,LCK,25,0.0,821.0
2026,6,PIE,LEX,26,1.0,707.0
2026,6,PIE,LIT,9,0.0,734.0
2026,6,PIE,MCI,16,0.0,1045.0
2026,6,PIE,MDT,17,0.0,912.0
2026,6,PIE,MEM,8,0.0,653.0
2026,6,PIE,MLI,8,0.0,1033.0
2026,6,PIE,OMA,13,0.0,1188.0
2026,6,PIE,PBG,8,0.0,1262.0
2026,6,PIE,PIA,17,0.0,965.0
2026,6,PIE,PIT,21,0.0,878.0
2026,6,PIE,PSM,8,0.0,1239.0
2026,6,PIE,RFD,13,0.0,1049.0
2026,6,PIE,RIC,10,1.0,732.0
2026,6,PIE,ROA,8,0.0,668.0
2026,6,PIE,SBN,13,0.0,973.0
2026,6,PIE,SDF,9,0.0,729.0
2026,6,PIE,SGF,26,0.0,895.0
2026,6,PIE,SWF,10,0.0,1055.0
2026,6,PIE,SYR,12,0.0,1111.0
2026,6,PIE,TOL,12,0.0,945.0
2026,6,PIE,TRI,9,0.0,590.0
2026,6,PIE,TTN,8,0.0,964.0
2026,6,PIE,TUL,8,0.0,961.0
2026,6,PIE,TVC,8,0.0,1172.0
2026,6,PIE,TYS,51,1.0,550.0
2026,6,PIE,USA,17,0.0,528.0
2026,6,PIE,XNA,9,0.0,892.0
2026,6,PIH,SLC,60,0.0,149.0
2026,6,PIR,DEN,51,0.0,385.0
2026,6,PIT,ATL,223,4.0,526.0
2026,6,PIT,AUS,35,0.0,1210.0
2026,6,PIT,BNA,94,0.0,462.0
2026,6,PIT,BOS,221,11.0,496.0
2026,6,PIT,BWI,89,0.0,210.0
2026,6,PIT,CLT,180,3.0,366.0
2026,6,PIT,DAL,29,0.0,1060.0
2026,6,PIT,DCA,129,6.0,204.0
2026,6,PIT,DEN,139,0.0,1290.0
2026,6,PIT,DFW,146,2.0,1067.0
2026,6,PIT,DTW,81,0.0,201.0
2026,6,PIT,EWR,120,6.0,319.0
2026,6,PIT,EYW,9,0.0,1102.0
2026,6,PIT,FLL,66,0.0,994.0
2026,6,PIT,HOU,30,0.0,1131.0
2026,6,PIT,IAD,86,1.0,182.0
2026,6,PIT,IAH,82,0.0,1117.0
2026,6,PIT,JAX,17,0.0,694.0
2026,6,PIT,JFK,150,1.0,340.0
2026,6,PIT,LAS,41,0.0,1910.0
2026,6,PIT,LAX,60,0.0,2136.0
2026,6,PIT,LGA,270,12.0,335.0
2026,6,PIT,MCO,196,0.0,834.0
2026,6,PIT,MDW,86,1.0,402.0
2026,6,PIT,MIA,65,0.0,1013.0
2026,6,PIT,MLB,8,0.0,854.0
2026,6,PIT,MSP,91,1.0,726.0
2026,6,PIT,MYR,25,0.0,475.0
2026,6,PIT,ORD,366,11.0,413.0
2026,6,PIT,PBI,13,0.0,952.0
2026,6,PIT,PGD,17,0.0,941.0
2026,6,PIT,PHL,113,3.0,268.0
2026,6,PIT,PHX,64,0.0,1814.0
2026,6,PIT,PIE,21,0.0,878.0
2026,6,PIT,RDU,60,0.0,328.0
2026,6,PIT,RSW,34,0.0,966.0
2026,6,PIT,SAN,16,0.0,2106.0
2026,6,PIT,SAV,13,0.0,579.0
2026,6,PIT,SEA,60,0.0,2125.0
2026,6,PIT,SFB,17,1.0,810.0
2026,6,PIT,SFO,55,0.0,2254.0
2026,6,PIT,SLC,30,0.0,1660.0
2026,6,PIT,SRQ,24,1.0,912.0
2026,6,PIT,STL,55,0.0,554.0
2026,6,PIT,TPA,69,0.0,873.0
2026,6,PIT,VPS,20,0.0,775.0
2026,6,PLN,DTW,58,1.0,243.0
2026,6,PLN,ORD,44,3.0,293.0
2026,6,PNS,ATL,255,2.0,272.0
2026,6,PNS,AUS,28,0.0,626.0
2026,6,PNS,BNA,90,0.0,391.0
2026,6,PNS,BWI,4,0.0,846.0
2026,6,PNS,CLT,131,2.0,488.0
2026,6,PNS,DAL,57,1.0,592.0
2026,6,PNS,DCA,90,8.0,816.0
2026,6,PNS,DEN,77,0.0,1179.0
2026,6,PNS,DFW,204,20.0,604.0
2026,6,PNS,DTW,4,0.0,837.0
2026,6,PNS,HOU,30,1.0,488.0
2026,6,PNS,IAH,67,0.0,489.0
2026,6,PNS,LGA,5,0.0,1030.0
2026,6,PNS,MCI,34,0.0,743.0
2026,6,PNS,MDW,27,0.0,781.0
2026,6,PNS,MIA,94,2.0,530.0
2026,6,PNS,ORD,60,4.0,794.0
2026,6,PNS,PHL,19,1.0,935.0
2026,6,PNS,STL,31,0.0,598.0
2026,6,PQI,BOS,30,1.0,332.0
2026,6,PRC,DEN,51,0.0,558.0
2026,6,PRC,LAX,30,0.0,346.0
2026,6,PSC,AZA,11,0.0,977.0
2026,6,PSC,DEN,60,0.0,853.0
2026,6,PSC,LAS,9,0.0,732.0
2026,6,PSC,LAX,30,0.0,851.0
2026,6,PSC,MSP,30,0.0,1254.0
2026,6,PSC,PDX,21,0.0,174.0
2026,6,PSC,PHX,60,0.0,962.0
2026,6,PSC,SEA,96,0.0,172.0
2026,6,PSC,SFO,58,0.0,620.0
2026,6,PSC,SLC,116,0.0,521.0
2026,6,PSC,SNA,8,0.0,871.0
2026,6,PSE,MCO,61,0.0,1178.0
2026,6,PSG,JNU,30,0.0,123.0
2026,6,PSG,WRG,30,0.0,31.0
2026,6,PSM,PGD,17,0.0,1279.0
2026,6,PSM,PIE,8,0.0,1239.0
2026,6,PSM,SFB,8,0.0,1144.0
2026,6,PSP,DEN,93,0.0,776.0
2026,6,PSP,DFW,60,5.0,1126.0
2026,6,PSP,LAS,54,0.0,173.0
2026,6,PSP,LAX,30,0.0,110.0
2026,6,PSP,MSP,1,0.0,1454.0
2026,6,PSP,OAK,23,1.0,418.0
2026,6,PSP,PDX,30,0.0,873.0
2026,6,PSP,PHX,120,0.0,261.0
2026,6,PSP,SEA,69,1.0,987.0
2026,6,PSP,SFO,200,0.0,421.0
2026,6,PSP,SJC,3,0.0,390.0
2026,6,PSP,SLC,90,0.0,541.0
2026,6,PSP,SMF,31,0.0,439.0
2026,6,PVD,ATL,116,1.0,903.0
2026,6,PVD,BNA,38,0.0,906.0
2026,6,PVD,BWI,151,1.0,327.0
2026,6,PVD,CLT,120,2.0,684.0
2026,6,PVD,DAL,4,0.0,1521.0
2026,6,PVD,DCA,215,13.0,356.0
2026,6,PVD,DTW,72,2.0,615.0
2026,6,PVD,FLL,30,0.0,1188.0
2026,6,PVD,JFK,30,0.0,144.0
2026,6,PVD,MCO,111,0.0,1072.0
2026,6,PVD,MDW,82,1.0,842.0
2026,6,PVD,MSP,24,0.0,1117.0
2026,6,PVD,ORD,146,10.0,849.0
2026,6,PVD,PBI,30,0.0,1148.0
2026,6,PVD,PGD,13,0.0,1184.0
2026,6,PVD,PHL,82,10.0,237.0
2026,6,PVD,SJU,21,0.0,1636.0
2026,6,PVD,TPA,30,0.0,1136.0
2026,6,PVU,AUS,9,0.0,1051.0
2026,6,PVU,AZA,58,1.0,477.0
2026,6,PVU,BNA,9,0.0,1388.0
2026,6,PVU,BUR,8,0.0,553.0
2026,6,PVU,DFW,60,1.0,958.0
2026,6,PVU,HOU,13,0.0,1181.0
2026,6,PVU,MDW,8,0.0,1254.0
2026,6,PVU,PDX,9,0.0,664.0
2026,6,PVU,PHX,30,0.0,468.0
2026,6,PVU,SNA,42,0.0,565.0
2026,6,PWM,ATL,84,2.0,1027.0
2026,6,PWM,BNA,27,0.0,1010.0
2026,6,PWM,BWI,117,0.0,452.0
2026,6,PWM,CLT,94,0.0,813.0
2026,6,PWM,DCA,94,5.0,482.0
2026,6,PWM,DEN,30,0.0,1782.0
2026,6,PWM,DFW,30,2.0,1622.0
2026,6,PWM,DTW,60,0.0,668.0
2026,6,PWM,EWR,107,1.0,284.0
2026,6,PWM,IAD,116,3.0,493.0
2026,6,PWM,IAH,1,0.0,1667.0
2026,6,PWM,JFK,55,0.0,273.0
2026,6,PWM,LAX,1,0.0,2642.0
2026,6,PWM,LGA,123,4.0,269.0
2026,6,PWM,MDW,27,0.0,895.0
2026,6,PWM,MSP,24,0.0,1136.0
2026,6,PWM,ORD,150,8.0,900.0
2026,6,PWM,PHL,60,1.0,364.0
2026,6,PWM,SFO,1,0.0,2723.0
2026,6,RAP,ATL,7,0.0,1231.0
2026,6,RAP,AZA,18,0.0,873.0
2026,6,RAP,CLT,30,2.0,1322.0
2026,6,RAP,DEN,249,1.0,301.0
2026,6,RAP,DFW,116,4.0,835.0
2026,6,RAP,IAH,4,0.0,1058.0
2026,6,RAP,LAS,8,0.0,843.0
2026,6,RAP,MSP,116,0.0,490.0
2026,6,RAP,ORD,120,1.0,780.0
2026,6,RAP,PHX,27,0.0,876.0
2026,6,RAP,SFB,8,0.0,1600.0
2026,6,RDD,DEN,30,0.0,932.0
2026,6,RDD,LAX,30,0.0,501.0
2026,6,RDD,SFO,81,1.0,199.0
2026,6,RDM,BUR,30,0.0,709.0
2026,6,RDM,DEN,60,0.0,898.0
2026,6,RDM,LAX,51,0.0,726.0
2026,6,RDM,PDX,36,0.0,116.0
2026,6,RDM,PHX,60,0.0,893.0
2026,6,RDM,SAN,9,0.0,823.0
2026,6,RDM,SEA,149,0.0,228.0
2026,6,RDM,SFO,125,1.0,462.0
2026,6,RDM,SLC,60,0.0,525.0
2026,6,RDU,ATL,392,3.0,356.0
2026,6,RDU,AUS,54,0.0,1162.0
2026,6,RDU,BNA,166,0.0,442.0
2026,6,RDU,BOS,242,11.0,612.0
2026,6,RDU,BUF,12,0.0,487.0
2026,6,RDU,BWI,154,2.0,256.0
2026,6,RDU,CLE,19,1.0,416.0
2026,6,RDU,CLT,266,3.0,130.0
2026,6,RDU,DAL,30,0.0,1052.0
2026,6,RDU,DCA,164,14.0,227.0
2026,6,RDU,DEN,154,0.0,1436.0
2026,6,RDU,DFW,199,9.0,1061.0
2026,6,RDU,DTW,113,1.0,501.0
2026,6,RDU,EWR,150,3.0,416.0
2026,6,RDU,FLL,104,1.0,680.0
2026,6,RDU,HOU,30,0.0,1050.0
2026,6,RDU,IAD,86,1.0,225.0
2026,6,RDU,IAH,66,0.0,1042.0
2026,6,RDU,JFK,187,4.0,427.0
2026,6,RDU,LAS,13,0.0,2026.0
2026,6,RDU,LAX,76,1.0,2239.0
2026,6,RDU,LGA,154,9.0,431.0
2026,6,RDU,MCI,8,0.0,904.0
2026,6,RDU,MCO,220,1.0,534.0
2026,6,RDU,MDW,88,0.0,632.0
2026,6,RDU,MIA,195,3.0,700.0
2026,6,RDU,MSP,113,0.0,980.0
2026,6,RDU,ORD,327,16.0,646.0
2026,6,RDU,PHL,249,10.0,337.0
2026,6,RDU,PHX,81,0.0,1891.0
2026,6,RDU,PIT,60,0.0,328.0
2026,6,RDU,SAN,30,1.0,2193.0
2026,6,RDU,SEA,90,0.0,2354.0
2026,6,RDU,SFO,76,0.0,2400.0
2026,6,RDU,SJU,43,0.0,1432.0
2026,6,RDU,SLC,30,0.0,1824.0
2026,6,RDU,STL,60,0.0,668.0
2026,6,RDU,TPA,114,2.0,587.0
2026,6,RFD,AZA,17,0.0,1373.0
2026,6,RFD,BNA,8,0.0,438.0
2026,6,RFD,FLL,8,0.0,1222.0
2026,6,RFD,LAS,8,0.0,1455.0
2026,6,RFD,PGD,17,0.0,1127.0
2026,6,RFD,PIE,13,0.0,1049.0
2026,6,RFD,SFB,17,0.0,1025.0
2026,6,RFD,SRQ,8,0.0,1085.0
2026,6,RHI,MSP,60,0.0,190.0
2026,6,RHI,ORD,19,0.0,264.0
2026,6,RIC,ATL,229,3.0,481.0
2026,6,RIC,BNA,42,0.0,527.0
2026,6,RIC,BOS,150,3.0,473.0
2026,6,RIC,BWI,60,1.0,120.0
2026,6,RIC,CLT,205,4.0,257.0
2026,6,RIC,DEN,92,0.0,1481.0
2026,6,RIC,DFW,90,3.0,1158.0
2026,6,RIC,DTW,55,0.0,455.0
2026,6,RIC,EWR,60,3.0,277.0
2026,6,RIC,FLL,53,0.0,806.0
2026,6,RIC,IAH,30,0.0,1157.0
2026,6,RIC,LGA,183,12.0,291.0
2026,6,RIC,MCO,80,0.0,667.0
2026,6,RIC,MDW,50,1.0,629.0
2026,6,RIC,MIA,51,0.0,826.0
2026,6,RIC,ORD,202,6.0,642.0
2026,6,RIC,PIE,10,1.0,732.0
2026,6,RIC,SJU,13,1.0,1482.0
2026,6,RIW,DEN,60,0.0,296.0
2026,6,RKS,DEN,60,0.0,260.0
2026,6,RNO,ATL,30,0.0,1993.0
2026,6,RNO,AUS,17,0.0,1405.0
2026,6,RNO,BUR,46,0.0,374.0
2026,6,RNO,DAL,27,0.0,1356.0
2026,6,RNO,DEN,201,2.0,804.0
2026,6,RNO,DFW,116,7.0,1345.0
2026,6,RNO,IAH,5,0.0,1530.0
2026,6,RNO,JFK,19,0.0,2411.0
2026,6,RNO,LAS,368,5.0,345.0
2026,6,RNO,LAX,215,0.0,390.0
2026,6,RNO,LGB,58,1.0,402.0
2026,6,RNO,MDW,27,0.0,1680.0
2026,6,RNO,MSP,23,0.0,1405.0
2026,6,RNO,ORD,30,0.0,1671.0
2026,6,RNO,PDX,51,0.0,444.0
2026,6,RNO,PHX,203,1.0,601.0
2026,6,RNO,SAN,131,2.0,488.0
2026,6,RNO,SEA,105,0.0,564.0
2026,6,RNO,SFO,146,1.0,192.0
2026,6,RNO,SJC,17,0.0,188.0
2026,6,RNO,SLC,111,0.0,422.0
2026,6,ROA,ATL,32,2.0,357.0
2026,6,ROA,CLT,18,0.0,155.0
2026,6,ROA,DFW,26,2.0,1012.0
2026,6,ROA,LGA,30,3.0,405.0
2026,6,ROA,ORD,90,2.0,530.0
2026,6,ROA,PIE,8,0.0,668.0
2026,6,ROA,SFB,9,0.0,594.0
2026,6,ROC,ATL,87,3.0,749.0
2026,6,ROC,BOS,86,0.0,343.0
2026,6,ROC,BWI,90,0.0,277.0
2026,6,ROC,CLT,84,0.0,573.0
2026,6,ROC,DCA,86,9.0,296.0
2026,6,ROC,DTW,45,2.0,296.0
2026,6,ROC,EWR,64,0.0,246.0
2026,6,ROC,IAD,1,0.0,287.0
2026,6,ROC,JFK,60,2.0,264.0
2026,6,ROC,MCO,51,0.0,1033.0
2026,6,ROC,MDW,60,1.0,523.0
2026,6,ROC,ORD,210,4.0,528.0
2026,6,ROC,PHL,1,0.0,257.0
2026,6,ROW,DEN,60,0.0,452.0
2026,6,ROW,DFW,90,6.0,435.0
2026,6,RST,MSP,42,0.0,76.0
2026,6,RST,ORD,89,4.0,268.0
2026,6,RSW,ABE,8,0.0,1038.0
2026,6,RSW,ATL,213,2.0,515.0
2026,6,RSW,BDL,10,0.0,1180.0
2026,6,RSW,BNA,63,0.0,722.0
2026,6,RSW,BOS,105,1.0,1249.0
2026,6,RSW,BUF,13,0.0,1144.0
2026,6,RSW,BWI,94,1.0,919.0
2026,6,RSW,CLE,68,1.0,1025.0
2026,6,RSW,CLT,110,0.0,600.0
2026,6,RSW,CMH,38,0.0,930.0
2026,6,RSW,CVG,42,0.0,879.0
2026,6,RSW,DAL,4,0.0,1005.0
2026,6,RSW,DCA,60,3.0,892.0
2026,6,RSW,DEN,81,0.0,1607.0
2026,6,RSW,DFW,120,4.0,1017.0
2026,6,RSW,DTW,67,0.0,1084.0
2026,6,RSW,EWR,100,0.0,1068.0
2026,6,RSW,HPN,34,0.0,1102.0
2026,6,RSW,IAD,30,0.0,891.0
2026,6,RSW,IAH,56,0.0,861.0
2026,6,RSW,IND,37,0.0,945.0
2026,6,RSW,JFK,90,0.0,1074.0
2026,6,RSW,LGA,55,1.0,1080.0
2026,6,RSW,MCI,4,0.0,1155.0
2026,6,RSW,MCO,33,1.0,133.0
2026,6,RSW,MDW,86,1.0,1105.0
2026,6,RSW,MKE,3,0.0,1183.0
2026,6,RSW,MSP,84,0.0,1416.0
2026,6,RSW,ORD,178,2.0,1120.0
2026,6,RSW,PHL,102,2.0,993.0
2026,6,RSW,PIT,34,0.0,966.0
2026,6,RSW,STL,65,0.0,979.0
2026,6,SAF,DEN,150,0.0,303.0
2026,6,SAF,DFW,154,10.0,551.0
2026,6,SAF,LAX,30,0.0,710.0
2026,6,SAF,ORD,26,0.0,1072.0
2026,6,SAF,PHX,30,0.0,370.0
2026,6,SAN,ABQ,60,1.0,628.0
2026,6,SAN,ANC,7,0.0,2452.0
2026,6,SAN,ATL,178,1.0,1892.0
2026,6,SAN,AUS,219,2.0,1164.0
2026,6,SAN,BNA,110,2.0,1751.0
2026,6,SAN,BOI,86,0.0,749.0
2026,6,SAN,BOS,203,1.0,2588.0
2026,6,SAN,BWI,103,2.0,2295.0
2026,6,SAN,BZN,20,0.0,956.0
2026,6,SAN,CLT,120,0.0,2077.0
2026,6,SAN,CMH,28,0.0,1964.0
2026,6,SAN,COS,17,0.0,816.0
2026,6,SAN,DAL,136,2.0,1182.0
2026,6,SAN,DCA,30,0.0,2276.0
2026,6,SAN,DEN,525,3.0,853.0
2026,6,SAN,DFW,381,14.0,1171.0
2026,6,SAN,DTW,105,0.0,1956.0
2026,6,SAN,ELP,34,0.0,636.0
2026,6,SAN,EUG,79,0.0,850.0
2026,6,SAN,EWR,144,1.0,2425.0
2026,6,SAN,FAT,146,1.0,314.0
2026,6,SAN,GEG,50,0.0,1027.0
2026,6,SAN,HNL,146,2.0,2614.0
2026,6,SAN,HOU,86,0.0,1313.0
2026,6,SAN,IAD,120,0.0,2253.0
2026,6,SAN,IAH,142,0.0,1303.0
2026,6,SAN,IND,28,0.0,1782.0
2026,6,SAN,JAC,9,0.0,828.0
2026,6,SAN,JFK,207,1.0,2446.0
2026,6,SAN,KOA,30,0.0,2556.0
2026,6,SAN,LAS,384,9.0,258.0
2026,6,SAN,LAX,209,0.0,109.0
2026,6,SAN,LIH,30,0.0,2676.0
2026,6,SAN,MCI,34,0.0,1334.0
2026,6,SAN,MCO,118,1.0,2149.0
2026,6,SAN,MDW,103,1.0,1728.0
2026,6,SAN,MFR,30,0.0,734.0
2026,6,SAN,MIA,60,2.0,2267.0
2026,6,SAN,MKE,28,0.0,1739.0
2026,6,SAN,MRY,43,2.0,375.0
2026,6,SAN,MSP,105,2.0,1532.0
2026,6,SAN,MSY,26,0.0,1600.0
2026,6,SAN,OAK,291,2.0,446.0
2026,6,SAN,OGG,90,0.0,2540.0
2026,6,SAN,OMA,20,0.0,1313.0
2026,6,SAN,ORD,380,4.0,1723.0
2026,6,SAN,PDX,151,2.0,933.0
2026,6,SAN,PHL,90,0.0,2370.0
2026,6,SAN,PHX,507,3.0,304.0
2026,6,SAN,PIT,16,0.0,2106.0
2026,6,SAN,RDM,9,0.0,823.0
2026,6,SAN,RDU,30,0.0,2193.0
2026,6,SAN,RNO,130,3.0,488.0
2026,6,SAN,SAT,60,1.0,1129.0
2026,6,SAN,SBA,18,1.0,192.0
2026,6,SAN,SBP,9,0.0,263.0
2026,6,SAN,SEA,436,5.0,1050.0
2026,6,SAN,SFO,618,11.0,447.0
2026,6,SAN,SJC,448,0.0,417.0
2026,6,SAN,SLC,254,3.0,626.0
2026,6,SAN,SMF,450,2.0,480.0
2026,6,SAN,STL,38,0.0,1557.0
2026,6,SAN,STS,116,2.0,508.0
2026,6,SAN,TPA,60,1.0,2087.0
2026,6,SAN,TUS,56,0.0,367.0
2026,6,SAT,ABQ,4,0.0,609.0
2026,6,SAT,ATL,244,6.0,874.0
2026,6,SAT,BNA,86,0.0,822.0
2026,6,SAT,BOS,30,2.0,1764.0
2026,6,SAT,BWI,75,0.0,1407.0
2026,6,SAT,CLT,118,2.0,1095.0
2026,6,SAT,DAL,222,4.0,247.0
2026,6,SAT,DCA,30,2.0,1380.0
2026,6,SAT,DEN,282,1.0,794.0
2026,6,SAT,DFW,369,21.0,247.0
2026,6,SAT,DTW,83,1.0,1214.0
2026,6,SAT,ELP,64,1.0,496.0
2026,6,SAT,EWR,52,0.0,1569.0
2026,6,SAT,HOU,98,1.0,192.0
2026,6,SAT,IAD,56,0.0,1362.0
2026,6,SAT,IAH,171,0.0,191.0
2026,6,SAT,JFK,30,0.0,1587.0
2026,6,SAT,LAS,157,2.0,1069.0
2026,6,SAT,LAX,146,1.0,1211.0
2026,6,SAT,MCI,26,0.0,706.0
2026,6,SAT,MCO,77,1.0,1041.0
2026,6,SAT,MDW,60,1.0,1036.0
2026,6,SAT,MIA,60,0.0,1143.0
2026,6,SAT,MSP,83,2.0,1097.0
2026,6,SAT,MSY,26,0.0,495.0
2026,6,SAT,ORD,174,7.0,1041.0
2026,6,SAT,PHL,51,1.0,1496.0
2026,6,SAT,PHX,201,0.0,843.0
2026,6,SAT,SAN,60,0.0,1129.0
2026,6,SAT,SEA,60,0.0,1774.0
2026,6,SAT,SFO,30,0.0,1482.0
2026,6,SAT,SLC,86,0.0,1087.0
2026,6,SAT,STL,52,0.0,786.0
2026,6,SAT,TPA,30,0.0,972.0
2026,6,SAV,ATL,278,4.0,215.0
2026,6,SAV,ATW,4,0.0,926.0
2026,6,SAV,BLV,4,0.0,658.0
2026,6,SAV,BNA,86,0.0,417.0
2026,6,SAV,BOS,81,1.0,901.0
2026,6,SAV,BWI,83,1.0,548.0
2026,6,SAV,CAK,24,0.0,606.0
2026,6,SAV,CLT,134,3.0,213.0
2026,6,SAV,CVG,25,0.0,515.0
2026,6,SAV,DAL,30,0.0,915.0
2026,6,SAV,DCA,103,8.0,519.0
2026,6,SAV,DEN,34,0.0,1414.0
2026,6,SAV,DFW,94,5.0,925.0
2026,6,SAV,DTW,60,0.0,705.0
2026,6,SAV,EWR,60,1.0,708.0
2026,6,SAV,HOU,21,0.0,853.0
2026,6,SAV,IAD,34,0.0,516.0
2026,6,SAV,IND,4,0.0,596.0
2026,6,SAV,JFK,57,3.0,717.0
2026,6,SAV,LCK,17,0.0,539.0
2026,6,SAV,LGA,25,0.0,722.0
2026,6,SAV,MCI,4,0.0,905.0
2026,6,SAV,MDW,38,0.0,758.0
2026,6,SAV,MIA,51,0.0,440.0
2026,6,SAV,MSP,30,0.0,1092.0
2026,6,SAV,ORD,133,4.0,773.0
2026,6,SAV,PHL,94,0.0,630.0
2026,6,SAV,PIT,13,0.0,579.0
2026,6,SAV,SDF,8,0.0,489.0
2026,6,SAV,STL,27,0.0,689.0
2026,6,SBA,DEN,86,0.0,916.0
2026,6,SBA,DFW,30,0.0,1316.0
2026,6,SBA,LAS,73,0.0,289.0
2026,6,SBA,LAX,60,0.0,89.0
2026,6,SBA,OAK,30,0.0,263.0
2026,6,SBA,ORD,30,0.0,1803.0
2026,6,SBA,PDX,10,0.0,784.0
2026,6,SBA,PHX,119,0.0,455.0
2026,6,SBA,SAN,18,1.0,192.0
2026,6,SBA,SEA,26,0.0,908.0
2026,6,SBA,SFO,150,0.0,262.0
2026,6,SBA,SLC,90,0.0,615.0
2026,6,SBA,SMF,30,0.0,310.0
2026,6,SBN,ATL,86,1.0,566.0
2026,6,SBN,AZA,13,0.0,1501.0
2026,6,SBN,CLT,85,4.0,534.0
2026,6,SBN,DFW,90,6.0,846.0
2026,6,SBN,DTW,60,0.0,157.0
2026,6,SBN,FLL,9,0.0,1134.0
2026,6,SBN,LAS,8,0.0,1594.0
2026,6,SBN,MSP,30,0.0,411.0
2026,6,SBN,ORD,210,11.0,84.0
2026,6,SBN,PGD,17,0.0,1049.0
2026,6,SBN,PIE,13,0.0,973.0
2026,6,SBN,SFB,25,0.0,936.0
2026,6,SBN,SRQ,8,0.0,1009.0
2026,6,SBP,DEN,60,0.0,931.0
2026,6,SBP,DFW,30,0.0,1360.0
2026,6,SBP,LAX,59,0.0,155.0
2026,6,SBP,PDX,10,0.0,722.0
2026,6,SBP,PHX,90,0.0,509.0
2026,6,SBP,SAN,9,0.0,263.0
2026,6,SBP,SEA,9,0.0,847.0
2026,6,SBP,SFO,90,1.0,191.0
2026,6,SCC,ANC,44,0.0,626.0
2026,6,SCE,ORD,82,2.0,528.0
2026,6,SCK,LAS,31,0.0,359.0
2026,6,SCK,PHX,9,0.0,603.0
2026,6,SDF,ATL,236,1.0,321.0
2026,6,SDF,BNA,60,0.0,151.0
2026,6,SDF,BOS,60,0.0,829.0
2026,6,SDF,BWI,81,2.0,495.0
2026,6,SDF,CLT,145,3.0,335.0
2026,6,SDF,DAL,30,0.0,725.0
2026,6,SDF,DCA,86,5.0,474.0
2026,6,SDF,DEN,90,1.0,1024.0
2026,6,SDF,DFW,175,11.0,733.0
2026,6,SDF,DTW,71,0.0,306.0
2026,6,SDF,EWR,90,0.0,642.0
2026,6,SDF,FLL,13,0.0,895.0
2026,6,SDF,GUF,9,0.0,555.0
2026,6,SDF,HOU,30,0.0,803.0
2026,6,SDF,IAD,60,0.0,451.0
2026,6,SDF,LAS,30,0.0,1624.0
2026,6,SDF,LGA,91,2.0,659.0
2026,6,SDF,MCO,68,0.0,719.0
2026,6,SDF,MDW,90,5.0,271.0
2026,6,SDF,MIA,34,0.0,910.0
2026,6,SDF,MSP,36,0.0,604.0
2026,6,SDF,MYR,3,0.0,491.0
2026,6,SDF,ORD,231,10.0,286.0
2026,6,SDF,PGD,17,1.0,806.0
2026,6,SDF,PHL,63,1.0,577.0
2026,6,SDF,PHX,30,0.0,1506.0
2026,6,SDF,PIE,9,0.0,729.0
2026,6,SDF,SAV,8,0.0,489.0
2026,6,SDF,SFB,12,0.0,698.0
2026,6,SDF,SRQ,8,0.0,765.0
2026,6,SDF,TPA,34,0.0,727.0
2026,6,SDF,VPS,12,0.0,532.0
2026,6,SEA,ABQ,64,0.0,1180.0
2026,6,SEA,ACV,30,3.0,456.0
2026,6,SEA,ANC,665,3.0,1448.0
2026,6,SEA,ATL,325,0.0,2182.0
2026,6,SEA,AUS,207,1.0,1770.0
2026,6,SEA,BLI,90,1.0,93.0
2026,6,SEA,BNA,177,1.0,1978.0
2026,6,SEA,BOI,312,0.0,399.0
2026,6,SEA,BOS,278,2.0,2496.0
2026,6,SEA,BUR,164,5.0,937.0
2026,6,SEA,BWI,87,0.0,2335.0
2026,6,SEA,BZN,150,0.0,543.0
2026,6,SEA,CHS,30,0.0,2415.0
2026,6,SEA,CLE,57,0.0,2021.0
2026,6,SEA,CLT,144,0.0,2279.0
2026,6,SEA,CMH,57,0.0,2016.0
2026,6,SEA,CVG,82,0.0,1965.0
2026,6,SEA,DAL,34,0.0,1670.0
2026,6,SEA,DCA,90,1.0,2329.0
2026,6,SEA,DEN,635,7.0,1024.0
2026,6,SEA,DFW,491,8.0,1660.0
2026,6,SEA,DTW,209,0.0,1927.0
2026,6,SEA,EUG,156,0.0,234.0
2026,6,SEA,EWR,225,2.0,2402.0
2026,6,SEA,FAI,200,0.0,1533.0
2026,6,SEA,FAT,84,0.0,748.0
2026,6,SEA,FLL,60,0.0,2717.0
2026,6,SEA,GEG,375,1.0,224.0
2026,6,SEA,HNL,237,1.0,2677.0
2026,6,SEA,HOU,27,0.0,1894.0
2026,6,SEA,IAD,198,2.0,2305.0
2026,6,SEA,IAH,217,0.0,1874.0
2026,6,SEA,IDA,60,0.0,566.0
2026,6,SEA,IND,60,1.0,1866.0
2026,6,SEA,JAC,23,0.0,621.0
2026,6,SEA,JFK,270,2.0,2422.0
2026,6,SEA,JNU,199,1.0,909.0
2026,6,SEA,KOA,120,0.0,2688.0
2026,6,SEA,KTN,141,0.0,680.0
2026,6,SEA,LAS,476,0.0,867.0
2026,6,SEA,LAX,651,3.0,954.0
2026,6,SEA,LIH,90,0.0,2700.0
2026,6,SEA,LWS,30,0.0,262.0
2026,6,SEA,MCI,123,0.0,1490.0
2026,6,SEA,MCO,150,0.0,2554.0
2026,6,SEA,MDW,83,1.0,1733.0
2026,6,SEA,MFR,129,0.0,352.0
2026,6,SEA,MIA,120,0.0,2724.0
2026,6,SEA,MKE,59,0.0,1694.0
2026,6,SEA,MSO,77,0.0,389.0
2026,6,SEA,MSP,251,0.0,1399.0
2026,6,SEA,MSY,60,0.0,2086.0
2026,6,SEA,OAK,186,0.0,672.0
2026,6,SEA,OGG,150,0.0,2639.0
2026,6,SEA,OKC,52,0.0,1519.0
2026,6,SEA,OMA,60,0.0,1368.0
2026,6,SEA,ONT,240,4.0,956.0
2026,6,SEA,ORD,582,10.0,1721.0
2026,6,SEA,PDX,403,0.0,129.0
2026,6,SEA,PHL,173,4.0,2379.0
2026,6,SEA,PHX,569,1.0,1107.0
2026,6,SEA,PIT,60,0.0,2125.0
2026,6,SEA,PSC,97,0.0,172.0
2026,6,SEA,PSP,69,0.0,987.0
2026,6,SEA,RDM,150,0.0,228.0
2026,6,SEA,RDU,90,0.0,2354.0
2026,6,SEA,RNO,105,0.0,564.0
2026,6,SEA,SAN,436,3.0,1050.0
2026,6,SEA,SAT,60,0.0,1774.0
2026,6,SEA,SBA,26,0.0,908.0
2026,6,SEA,SBP,9,0.0,847.0
2026,6,SEA,SFO,633,5.0,679.0
2026,6,SEA,SIT,60,0.0,861.0
2026,6,SEA,SJC,402,1.0,696.0
2026,6,SEA,SLC,359,0.0,689.0
2026,6,SEA,SMF,408,0.0,605.0
2026,6,SEA,SNA,354,0.0,978.0
2026,6,SEA,STL,118,0.0,1709.0
2026,6,SEA,STS,42,0.0,618.0
2026,6,SEA,TPA,90,0.0,2520.0
2026,6,SEA,TUS,90,0.0,1215.0
2026,6,SFB,ABE,57,0.0,882.0
2026,6,SFB,ACY,8,0.0,829.0
2026,6,SFB,ALB,8,0.0,1049.0
2026,6,SFB,ATW,17,0.0,1141.0
2026,6,SFB,AUS,8,0.0,994.0
2026,6,SFB,AVL,38,0.0,465.0
2026,6,SFB,BGR,23,1.0,1299.0
2026,6,SFB,BLV,26,0.0,835.0
2026,6,SFB,BMI,13,0.0,917.0
2026,6,SFB,BNA,13,0.0,598.0
2026,6,SFB,CAK,16,0.0,837.0
2026,6,SFB,CHA,9,0.0,490.0
2026,6,SFB,CID,17,0.0,1078.0
2026,6,SFB,CKB,8,0.0,727.0
2026,6,SFB,COU,8,0.0,936.0
2026,6,SFB,CVG,42,0.0,735.0
2026,6,SFB,DAY,8,0.0,785.0
2026,6,SFB,DSM,19,0.0,1124.0
2026,6,SFB,ELM,10,0.0,954.0
2026,6,SFB,EVV,17,0.0,734.0
2026,6,SFB,EYW,17,0.0,292.0
2026,6,SFB,FAR,9,0.0,1508.0
2026,6,SFB,FNT,17,0.0,988.0
2026,6,SFB,FSD,13,0.0,1334.0
2026,6,SFB,FWA,17,0.0,870.0
2026,6,SFB,GRR,28,1.0,1001.0
2026,6,SFB,GSP,17,0.0,426.0
2026,6,SFB,HGR,13,0.0,780.0
2026,6,SFB,HSV,9,0.0,519.0
2026,6,SFB,HTS,17,0.0,665.0
2026,6,SFB,ICT,8,0.0,1117.0
2026,6,SFB,IND,33,0.0,807.0
2026,6,SFB,LAS,4,0.0,2034.0
2026,6,SFB,LCK,17,0.0,767.0
2026,6,SFB,LEX,29,0.0,667.0
2026,6,SFB,LIT,8,0.0,765.0
2026,6,SFB,LSE,8,0.0,1180.0
2026,6,SFB,MDT,30,0.0,827.0
2026,6,SFB,MEM,8,0.0,671.0
2026,6,SFB,MFE,17,0.0,1059.0
2026,6,SFB,MLI,8,0.0,1018.0
2026,6,SFB,OKC,8,0.0,1061.0
2026,6,SFB,OMA,14,1.0,1195.0
2026,6,SFB,PBG,9,0.0,1175.0
2026,6,SFB,PIA,13,0.0,949.0
2026,6,SFB,PIT,17,1.0,810.0
2026,6,SFB,PSM,8,0.0,1144.0
2026,6,SFB,RAP,8,0.0,1600.0
2026,6,SFB,RFD,17,0.0,1025.0
2026,6,SFB,ROA,9,0.0,594.0
2026,6,SFB,SBN,25,0.0,936.0
2026,6,SFB,SDF,12,0.0,698.0
2026,6,SFB,SGF,17,0.0,914.0
2026,6,SFB,SHV,8,0.0,791.0
2026,6,SFB,SWF,9,0.0,965.0
2026,6,SFB,SYR,9,0.0,1029.0
2026,6,SFB,TOL,9,0.0,895.0
2026,6,SFB,TRI,17,0.0,535.0
2026,6,SFB,TUL,8,0.0,995.0
2026,6,SFB,TVC,9,0.0,1127.0
2026,6,SFB,TYS,51,0.0,511.0
2026,6,SFB,USA,17,0.0,457.0
2026,6,SFB,XNA,15,0.0,920.0
2026,6,SFO,ABQ,60,0.0,896.0
2026,6,SFO,ACV,108,12.0,250.0
2026,6,SFO,ANC,65,0.0,2018.0
2026,6,SFO,ASE,30,0.0,848.0
2026,6,SFO,ATL,304,2.0,2139.0
2026,6,SFO,AUS,242,0.0,1504.0
2026,6,SFO,BFL,60,0.0,238.0
2026,6,SFO,BIH,19,1.0,221.0
2026,6,SFO,BNA,107,0.0,1969.0
2026,6,SFO,BOI,132,0.0,522.0
2026,6,SFO,BOS,502,4.0,2704.0
2026,6,SFO,BUR,261,3.0,326.0
2026,6,SFO,BWI,83,0.0,2457.0
2026,6,SFO,BZN,30,0.0,807.0
2026,6,SFO,CLD,60,0.0,422.0
2026,6,SFO,CLE,58,0.0,2161.0
2026,6,SFO,CLT,141,2.0,2296.0
2026,6,SFO,CMH,48,0.0,2120.0
2026,6,SFO,DAL,30,0.0,1476.0
2026,6,SFO,DCA,90,1.0,2442.0
2026,6,SFO,DEN,494,1.0,967.0
2026,6,SFO,DFW,424,15.0,1464.0
2026,6,SFO,DTW,177,1.0,2079.0
2026,6,SFO,EUG,89,0.0,451.0
2026,6,SFO,EWR,371,1.0,2565.0
2026,6,SFO,FAT,90,0.0,158.0
2026,6,SFO,FCA,32,0.0,844.0
2026,6,SFO,FLL,90,0.0,2584.0
2026,6,SFO,GEG,98,0.0,733.0
2026,6,SFO,HNL,270,2.0,2398.0
2026,6,SFO,IAD,234,0.0,2418.0
2026,6,SFO,IAH,300,0.0,1635.0
2026,6,SFO,IND,51,0.0,1943.0
2026,6,SFO,JAC,52,1.0,737.0
2026,6,SFO,JFK,611,7.0,2586.0
2026,6,SFO,KOA,146,0.0,2368.0
2026,6,SFO,LAS,511,3.0,414.0
2026,6,SFO,LAX,1079,1.0,337.0
2026,6,SFO,LIH,116,0.0,2446.0
2026,6,SFO,MCI,30,0.0,1499.0
2026,6,SFO,MCO,82,0.0,2446.0
2026,6,SFO,MDW,60,0.0,1855.0
2026,6,SFO,MFR,87,0.0,329.0
2026,6,SFO,MIA,174,0.0,2585.0
2026,6,SFO,MRY,85,0.0,77.0
2026,6,SFO,MSO,30,0.0,769.0
2026,6,SFO,MSP,184,0.0,1589.0
2026,6,SFO,MSY,30,0.0,1911.0
2026,6,SFO,OGG,181,0.0,2338.0
2026,6,SFO,OMA,30,0.0,1433.0
2026,6,SFO,ONT,120,1.0,363.0
2026,6,SFO,ORD,530,7.0,1846.0
2026,6,SFO,OTH,30,0.0,412.0
2026,6,SFO,PDX,289,0.0,550.0
2026,6,SFO,PHL,230,3.0,2522.0
2026,6,SFO,PHX,384,1.0,651.0
2026,6,SFO,PIT,55,0.0,2254.0
2026,6,SFO,PSC,57,0.0,620.0
2026,6,SFO,PSP,194,0.0,421.0
2026,6,SFO,PWM,1,0.0,2723.0
2026,6,SFO,RDD,81,0.0,199.0
2026,6,SFO,RDM,125,1.0,462.0
2026,6,SFO,RDU,76,0.0,2400.0
2026,6,SFO,RNO,146,0.0,192.0
2026,6,SFO,SAN,602,11.0,447.0
2026,6,SFO,SAT,30,0.0,1482.0
2026,6,SFO,SBA,150,0.0,262.0
2026,6,SFO,SBP,90,1.0,191.0
2026,6,SFO,SEA,633,4.0,679.0
2026,6,SFO,SLC,291,3.0,599.0
2026,6,SFO,SMF,90,0.0,86.0
2026,6,SFO,SNA,373,5.0,372.0
2026,6,SFO,STL,60,0.0,1735.0
2026,6,SFO,SUN,31,0.0,587.0
2026,6,SFO,TPA,48,0.0,2393.0
2026,6,SFO,TUS,60,0.0,751.0
2026,6,SFO,XNA,1,0.0,1550.0
2026,6,SGF,ATL,59,1.0,563.0
2026,6,SGF,AZA,21,0.0,1066.0
2026,6,SGF,CLT,114,2.0,708.0
2026,6,SGF,DEN,137,0.0,637.0
2026,6,SGF,DFW,265,11.0,364.0
2026,6,SGF,GUF,9,0.0,581.0
2026,6,SGF,LAS,13,0.0,1209.0
2026,6,SGF,MIA,4,0.0,1102.0
2026,6,SGF,ORD,140,10.0,438.0
2026,6,SGF,PGD,9,0.0,975.0
2026,6,SGF,PHX,4,0.0,1082.0
2026,6,SGF,PIE,26,0.0,895.0
2026,6,SGF,SFB,17,0.0,914.0
2026,6,SGF,VPS,12,1.0,610.0
2026,6,SGU,DEN,90,0.0,517.0
2026,6,SGU,DFW,56,0.0,976.0
2026,6,SGU,LAX,17,0.0,349.0
2026,6,SGU,ORD,4,0.0,1404.0
2026,6,SGU,PHX,77,0.0,262.0
2026,6,SGU,SLC,147,0.0,272.0
2026,6,SHD,CLT,30,1.0,239.0
2026,6,SHD,ORD,30,2.0,541.0
2026,6,SHR,DEN,60,0.0,359.0
2026,6,SHV,ATL,119,1.0,552.0
2026,6,SHV,BNA,8,0.0,481.0
2026,6,SHV,CLT,56,1.0,764.0
2026,6,SHV,DEN,60,0.0,792.0
2026,6,SHV,DFW,209,16.0,190.0
2026,6,SHV,IAH,141,0.0,192.0
2026,6,SHV,LAS,9,0.0,1243.0
2026,6,SHV,SFB,8,0.0,791.0
2026,6,SHV,VPS,9,0.0,452.0
2026,6,SIT,JNU,60,3.0,95.0
2026,6,SIT,KTN,30,0.0,183.0
2026,6,SIT,SEA,60,2.0,861.0
2026,6,SJC,ATL,86,1.0,2116.0
2026,6,SJC,AUS,87,0.0,1476.0
2026,6,SJC,BNA,27,0.0,1947.0
2026,6,SJC,BOI,59,0.0,523.0
2026,6,SJC,BUR,170,2.0,296.0
2026,6,SJC,BWI,30,0.0,2439.0
2026,6,SJC,DAL,30,0.0,1450.0
2026,6,SJC,DEN,221,0.0,948.0
2026,6,SJC,DFW,92,3.0,1438.0
2026,6,SJC,EUG,30,0.0,471.0
2026,6,SJC,GEG,21,0.0,742.0
2026,6,SJC,HNL,87,0.0,2417.0
2026,6,SJC,HOU,30,0.0,1621.0
2026,6,SJC,IAH,30,0.0,1608.0
2026,6,SJC,JAC,3,0.0,729.0
2026,6,SJC,KOA,16,0.0,2384.0
2026,6,SJC,LAS,291,1.0,386.0
2026,6,SJC,LAX,395,6.0,308.0
2026,6,SJC,LGB,112,0.0,324.0
2026,6,SJC,LIH,14,0.0,2465.0
2026,6,SJC,MDW,60,0.0,1838.0
2026,6,SJC,MSP,56,0.0,1575.0
2026,6,SJC,OGG,50,1.0,2355.0
2026,6,SJC,ONT,114,1.0,333.0
2026,6,SJC,ORD,30,1.0,1829.0
2026,6,SJC,PDX,157,0.0,569.0
2026,6,SJC,PHX,231,2.0,621.0
2026,6,SJC,PSP,7,0.0,390.0
2026,6,SJC,RNO,17,0.0,188.0
2026,6,SJC,SAN,463,1.0,417.0
2026,6,SJC,SEA,401,1.0,696.0
2026,6,SJC,SLC,163,0.0,584.0
2026,6,SJC,SNA,236,2.0,342.0
2026,6,SJT,DFW,90,5.0,229.0
2026,6,SJU,ATL,175,0.0,1547.0
2026,6,SJU,AUS,4,0.0,2146.0
2026,6,SJU,BDL,90,0.0,1666.0
2026,6,SJU,BNA,8,0.0,1753.0
2026,6,SJU,BOS,136,0.0,1674.0
2026,6,SJU,BUF,17,0.0,1845.0
2026,6,SJU,BWI,109,0.0,1565.0
2026,6,SJU,CLT,77,1.0,1475.0
2026,6,SJU,DCA,30,0.0,1554.0
2026,6,SJU,DEN,30,0.0,2733.0
2026,6,SJU,DFW,61,0.0,2165.0
2026,6,SJU,DTW,30,1.0,1930.0
2026,6,SJU,EWR,161,1.0,1608.0
2026,6,SJU,FLL,192,1.0,1046.0
2026,6,SJU,HOU,27,0.0,1997.0
2026,6,SJU,HPN,26,0.0,1624.0
2026,6,SJU,IAD,60,0.0,1572.0
2026,6,SJU,IAH,90,0.0,2007.0
2026,6,SJU,IND,4,0.0,1902.0
2026,6,SJU,JAX,59,0.0,1288.0
2026,6,SJU,JFK,289,4.0,1598.0
2026,6,SJU,MCO,601,6.0,1188.0
2026,6,SJU,MDW,8,0.0,2057.0
2026,6,SJU,MIA,214,0.0,1045.0
2026,6,SJU,MSP,4,0.0,2404.0
2026,6,SJU,ORD,90,0.0,2072.0
2026,6,SJU,ORF,17,0.0,1414.0
2026,6,SJU,PHL,180,3.0,1576.0
2026,6,SJU,PVD,20,0.0,1636.0
2026,6,SJU,RDU,43,0.0,1432.0
2026,6,SJU,RIC,13,1.0,1482.0
2026,6,SJU,STL,4,0.0,2024.0
2026,6,SJU,STT,30,0.0,68.0
2026,6,SJU,STX,30,0.0,94.0
2026,6,SJU,TPA,166,1.0,1237.0
2026,6,SLC,ABQ,116,0.0,493.0
2026,6,SLC,ANC,32,0.0,2125.0
2026,6,SLC,ATL,242,1.0,1590.0
2026,6,SLC,AUS,163,0.0,1086.0
2026,6,SLC,BIL,90,1.0,387.0
2026,6,SLC,BNA,110,0.0,1404.0
2026,6,SLC,BOI,147,3.0,290.0
2026,6,SLC,BOS,110,0.0,2105.0
2026,6,SLC,BTM,30,0.0,357.0
2026,6,SLC,BUR,119,0.0,574.0
2026,6,SLC,BWI,64,0.0,1865.0
2026,6,SLC,BZN,114,0.0,347.0
2026,6,SLC,CDC,51,0.0,221.0
2026,6,SLC,CLE,30,0.0,1565.0
2026,6,SLC,CLT,87,0.0,1727.0
2026,6,SLC,CMH,30,0.0,1528.0
2026,6,SLC,COS,60,0.0,411.0
2026,6,SLC,CVG,83,0.0,1450.0
2026,6,SLC,DAL,60,0.0,999.0
2026,6,SLC,DCA,30,0.0,1851.0
2026,6,SLC,DEN,658,1.0,391.0
2026,6,SLC,DFW,326,12.0,989.0
2026,6,SLC,DTW,148,0.0,1481.0
2026,6,SLC,EKO,47,0.0,200.0
2026,6,SLC,EUG,69,0.0,618.0
2026,6,SLC,EWR,115,1.0,1969.0
2026,6,SLC,FAT,116,0.0,501.0
2026,6,SLC,FCA,119,0.0,532.0
2026,6,SLC,FLL,30,0.0,2084.0
2026,6,SLC,GEG,146,1.0,546.0
2026,6,SLC,GJT,51,0.0,217.0
2026,6,SLC,GTF,90,0.0,463.0
2026,6,SLC,HLN,60,0.0,402.0
2026,6,SLC,HNL,60,2.0,2994.0
2026,6,SLC,HOU,38,0.0,1214.0
2026,6,SLC,IAD,60,1.0,1827.0
2026,6,SLC,IAH,142,2.0,1195.0
2026,6,SLC,IDA,120,0.0,189.0
2026,6,SLC,IND,30,0.0,1355.0
2026,6,SLC,JAC,119,0.0,205.0
2026,6,SLC,JFK,150,1.0,1990.0
2026,6,SLC,LAS,293,0.0,368.0
2026,6,SLC,LAX,327,0.0,590.0
2026,6,SLC,LGB,133,2.0,588.0
2026,6,SLC,LIT,6,0.0,1156.0
2026,6,SLC,LWS,30,0.0,461.0
2026,6,SLC,MCI,86,0.0,920.0
2026,6,SLC,MCO,111,0.0,1931.0
2026,6,SLC,MDW,56,0.0,1259.0
2026,6,SLC,MEM,30,0.0,1262.0
2026,6,SLC,MFR,60,0.0,575.0
2026,6,SLC,MIA,81,0.0,2088.0
2026,6,SLC,MKE,30,0.0,1247.0
2026,6,SLC,MSO,90,0.0,436.0
2026,6,SLC,MSP,143,0.0,991.0
2026,6,SLC,MSY,30,0.0,1429.0
2026,6,SLC,OAK,121,0.0,588.0
2026,6,SLC,OGG,30,0.0,2935.0
2026,6,SLC,OKC,60,0.0,866.0
2026,6,SLC,OMA,69,0.0,840.0
2026,6,SLC,ONT,113,0.0,558.0
2026,6,SLC,ORD,291,7.0,1250.0
2026,6,SLC,PDX,215,2.0,630.0
2026,6,SLC,PHL,76,2.0,1927.0
2026,6,SLC,PHX,435,2.0,507.0
2026,6,SLC,PIH,60,0.0,149.0
2026,6,SLC,PIT,30,0.0,1660.0
2026,6,SLC,PSC,116,0.0,521.0
2026,6,SLC,PSP,90,0.0,541.0
2026,6,SLC,RDM,60,0.0,525.0
2026,6,SLC,RDU,30,0.0,1824.0
2026,6,SLC,RNO,111,0.0,422.0
2026,6,SLC,SAN,254,3.0,626.0
2026,6,SLC,SAT,86,0.0,1087.0
2026,6,SLC,SBA,90,0.0,615.0
2026,6,SLC,SEA,358,0.0,689.0
2026,6,SLC,SFO,291,3.0,599.0
2026,6,SLC,SGU,147,0.0,272.0
2026,6,SLC,SJC,163,0.0,584.0
2026,6,SLC,SMF,199,1.0,532.0
2026,6,SLC,SNA,144,0.0,588.0
2026,6,SLC,STL,90,0.0,1156.0
2026,6,SLC,SUN,90,0.0,222.0
2026,6,SLC,TPA,30,0.0,1888.0
2026,6,SLC,TUL,30,0.0,926.0
2026,6,SLC,TUS,90,0.0,600.0
2026,6,SLC,TWF,83,0.0,175.0
2026,6,SLC,WYS,34,0.0,273.0
2026,6,SLC,XNA,30,0.0,1004.0
2026,6,SLN,DEN,30,0.0,383.0
2026,6,SLN,IAH,22,0.0,621.0
2026,6,SLN,ORD,30,1.0,559.0
2026,6,SMF,ANC,6,0.0,1973.0
2026,6,SMF,ATL,86,0.0,2092.0
2026,6,SMF,AUS,30,0.0,1481.0
2026,6,SMF,BNA,34,0.0,1917.0
2026,6,SMF,BOI,83,0.0,437.0
2026,6,SMF,BUR,201,2.0,358.0
2026,6,SMF,BWI,30,0.0,2395.0
2026,6,SMF,CLT,30,1.0,2244.0
2026,6,SMF,DAL,60,0.0,1442.0
2026,6,SMF,DEN,376,0.0,909.0
2026,6,SMF,DFW,137,8.0,1431.0
2026,6,SMF,EUG,30,0.0,384.0
2026,6,SMF,EWR,30,1.0,2500.0
2026,6,SMF,GEG,54,0.0,649.0
2026,6,SMF,HNL,60,0.0,2462.0
2026,6,SMF,HOU,30,0.0,1624.0
2026,6,SMF,IAD,30,2.0,2357.0
2026,6,SMF,IAH,60,0.0,1609.0
2026,6,SMF,JFK,30,0.0,2521.0
2026,6,SMF,KOA,43,0.0,2435.0
2026,6,SMF,LAS,326,3.0,397.0
2026,6,SMF,LAX,522,1.0,373.0
2026,6,SMF,LGB,142,0.0,387.0
2026,6,SMF,LIH,17,0.0,2508.0
2026,6,SMF,MCI,27,0.0,1442.0
2026,6,SMF,MCO,30,0.0,2408.0
2026,6,SMF,MDW,79,1.0,1790.0
2026,6,SMF,MSP,60,0.0,1517.0
2026,6,SMF,OGG,57,0.0,2403.0
2026,6,SMF,ONT,177,1.0,390.0
2026,6,SMF,ORD,137,2.0,1781.0
2026,6,SMF,PDX,189,1.0,479.0
2026,6,SMF,PHX,271,0.0,647.0
2026,6,SMF,PSP,31,0.0,439.0
2026,6,SMF,SAN,450,1.0,480.0
2026,6,SMF,SBA,30,0.0,310.0
2026,6,SMF,SEA,407,0.0,605.0
2026,6,SMF,SFO,90,0.0,86.0
2026,6,SMF,SLC,199,1.0,532.0
2026,6,SMF,SNA,189,0.0,404.0
2026,6,SMF,STL,30,0.0,1679.0
2026,6,SMX,LAS,8,0.0,310.0
2026,6,SNA,ATL,90,1.0,1919.0
2026,6,SNA,ATW,8,0.0,1729.0
2026,6,SNA,AUS,30,0.0,1209.0
2026,6,SNA,AZA,8,0.0,360.0
2026,6,SNA,BOI,42,0.0,688.0
2026,6,SNA,CLT,30,0.0,2099.0
2026,6,SNA,COS,9,0.0,815.0
2026,6,SNA,CVG,8,0.0,1877.0
2026,6,SNA,DAL,30,0.0,1216.0
2026,6,SNA,DEN,327,0.0,846.0
2026,6,SNA,DFW,269,14.0,1205.0
2026,6,SNA,DSM,10,0.0,1428.0
2026,6,SNA,DTW,26,0.0,1960.0
2026,6,SNA,EUG,8,0.0,776.0
2026,6,SNA,EWR,90,2.0,2433.0
2026,6,SNA,GEG,8,0.0,962.0
2026,6,SNA,GRR,8,0.0,1856.0
2026,6,SNA,IAH,90,0.0,1346.0
2026,6,SNA,IDA,9,0.0,748.0
2026,6,SNA,JFK,60,1.0,2454.0
2026,6,SNA,LAS,286,4.0,226.0
2026,6,SNA,MFR,9,0.0,659.0
2026,6,SNA,MSO,9,0.0,935.0
2026,6,SNA,MSP,47,0.0,1522.0
2026,6,SNA,OAK,204,1.0,371.0
2026,6,SNA,ORD,176,2.0,1726.0
2026,6,SNA,PDX,118,0.0,859.0
2026,6,SNA,PHX,403,3.0,338.0
2026,6,SNA,PSC,8,0.0,871.0
2026,6,SNA,PVU,43,1.0,565.0
2026,6,SNA,SEA,354,1.0,978.0
2026,6,SNA,SFO,388,4.0,372.0
2026,6,SNA,SJC,224,4.0,342.0
2026,6,SNA,SLC,144,1.0,588.0
2026,6,SNA,SMF,189,1.0,404.0
2026,6,SNA,STS,60,0.0,433.0
2026,6,SPI,ORD,60,1.0,174.0
2026,6,SPI,PGD,9,0.0,995.0
2026,6,SPN,GUM,30,0.0,129.0
2026,6,SPS,DFW,60,1.0,113.0
2026,6,SRQ,ABE,8,0.0,1000.0
2026,6,SRQ,ALB,8,0.0,1167.0
2026,6,SRQ,ATL,197,1.0,444.0
2026,6,SRQ,AUS,9,0.0,936.0
2026,6,SRQ,AVL,8,0.0,554.0
2026,6,SRQ,BLV,8,0.0,876.0
2026,6,SRQ,BNA,65,0.0,648.0
2026,6,SRQ,BOS,27,0.0,1220.0
2026,6,SRQ,BWI,93,1.0,880.0
2026,6,SRQ,CAK,17,0.0,934.0
2026,6,SRQ,CLE,11,0.0,967.0
2026,6,SRQ,CLT,90,0.0,547.0
2026,6,SRQ,CMH,13,0.0,869.0
2026,6,SRQ,CVG,29,0.0,812.0
2026,6,SRQ,DAL,4,0.0,934.0
2026,6,SRQ,DCA,30,0.0,851.0
2026,6,SRQ,DEN,4,0.0,1531.0
2026,6,SRQ,DFW,30,1.0,945.0
2026,6,SRQ,DSM,4,0.0,1160.0
2026,6,SRQ,EWR,60,0.0,1034.0
2026,6,SRQ,FNT,9,0.0,1075.0
2026,6,SRQ,FWA,9,0.0,948.0
2026,6,SRQ,GRR,9,0.0,1081.0
2026,6,SRQ,GSP,8,0.0,517.0
2026,6,SRQ,HOU,4,0.0,789.0
2026,6,SRQ,IAD,8,0.0,849.0
2026,6,SRQ,IND,17,0.0,876.0
2026,6,SRQ,JFK,30,0.0,1041.0
2026,6,SRQ,LCK,11,0.0,856.0
2026,6,SRQ,LEX,9,0.0,743.0
2026,6,SRQ,LGA,30,1.0,1047.0
2026,6,SRQ,MCI,4,0.0,1078.0
2026,6,SRQ,MCO,33,0.0,104.0
2026,6,SRQ,MDT,8,0.0,942.0
2026,6,SRQ,MDW,54,0.0,1035.0
2026,6,SRQ,MIA,34,0.0,178.0
2026,6,SRQ,MSP,1,0.0,1342.0
2026,6,SRQ,ORD,34,0.0,1050.0
2026,6,SRQ,PHL,33,0.0,957.0
2026,6,SRQ,PIA,8,0.0,1001.0
2026,6,SRQ,PIT,24,1.0,912.0
2026,6,SRQ,RFD,8,0.0,1085.0
2026,6,SRQ,SBN,8,0.0,1009.0
2026,6,SRQ,SDF,8,0.0,765.0
2026,6,SRQ,STL,34,0.0,903.0
2026,6,SRQ,SYR,5,0.0,1142.0
2026,6,SRQ,TYS,9,0.0,586.0
2026,6,STC,AZA,8,0.0,1259.0
2026,6,STL,ATL,318,4.0,484.0
2026,6,STL,AUS,86,0.0,721.0
2026,6,STL,BNA,108,0.0,272.0
2026,6,STL,BOS,144,1.0,1047.0
2026,6,STL,BUR,8,0.0,1583.0
2026,6,STL,BWI,118,2.0,738.0
2026,6,STL,CHS,30,0.0,706.0
2026,6,STL,CLE,56,0.0,487.0
2026,6,STL,CLT,169,1.0,575.0
2026,6,STL,CMH,56,0.0,409.0
2026,6,STL,DAL,170,0.0,546.0
2026,6,STL,DCA,198,6.0,719.0
2026,6,STL,DEN,358,3.0,770.0
2026,6,STL,DFW,240,13.0,550.0
2026,6,STL,DTW,173,4.0,440.0
2026,6,STL,ECP,46,0.0,634.0
2026,6,STL,EWR,90,2.0,872.0
2026,6,STL,FLL,66,0.0,1057.0
2026,6,STL,HOU,126,0.0,687.0
2026,6,STL,IAH,20,0.0,667.0
2026,6,STL,JAX,38,0.0,753.0
2026,6,STL,LAS,180,3.0,1371.0
2026,6,STL,LAX,88,0.0,1592.0
2026,6,STL,LGA,204,4.0,888.0
2026,6,STL,MCI,90,0.0,237.0
2026,6,STL,MCO,204,2.0,882.0
2026,6,STL,MDW,161,2.0,251.0
2026,6,STL,MIA,99,0.0,1068.0
2026,6,STL,MKE,56,0.0,317.0
2026,6,STL,MSP,165,2.0,448.0
2026,6,STL,MSY,56,0.0,604.0
2026,6,STL,MYR,24,0.0,728.0
2026,6,STL,OMA,64,0.0,342.0
2026,6,STL,ORD,304,13.0,258.0
2026,6,STL,ORF,4,0.0,785.0
2026,6,STL,PDX,38,0.0,1708.0
2026,6,STL,PHL,147,1.0,814.0
2026,6,STL,PHX,166,1.0,1262.0
2026,6,STL,PIT,56,0.0,554.0
2026,6,STL,PNS,31,0.0,598.0
2026,6,STL,RDU,60,0.0,668.0
2026,6,STL,RSW,65,0.0,979.0
2026,6,STL,SAN,38,0.0,1557.0
2026,6,STL,SAT,52,0.0,786.0
2026,6,STL,SAV,27,0.0,689.0
2026,6,STL,SEA,118,0.0,1709.0
2026,6,STL,SFO,60,0.0,1735.0
2026,6,STL,SJU,4,0.0,2024.0
2026,6,STL,SLC,90,0.0,1156.0
2026,6,STL,SMF,30,0.0,1679.0
2026,6,STL,SRQ,34,0.0,903.0
2026,6,STL,TPA,99,0.0,869.0
2026,6,STL,VPS,31,0.0,610.0
2026,6,STS,BUR,88,0.0,387.0
2026,6,STS,DEN,4,0.0,977.0
2026,6,STS,DFW,30,0.0,1495.0
2026,6,STS,LAS,39,0.0,454.0
2026,6,STS,LAX,74,0.0,399.0
2026,6,STS,ONT,21,0.0,423.0
2026,6,STS,PDX,61,0.0,489.0
2026,6,STS,PHX,60,1.0,699.0
2026,6,STS,SAN,116,1.0,508.0
2026,6,STS,SEA,42,0.0,618.0
2026,6,STS,SNA,60,0.0,433.0
2026,6,STT,ATL,63,0.0,1599.0
2026,6,STT,BWI,8,1.0,1598.0
2026,6,STT,CLT,64,0.0,1520.0
2026,6,STT,DFW,25,0.0,2225.0
2026,6,STT,EWR,8,0.0,1634.0
2026,6,STT,IAD,34,0.0,1606.0
2026,6,STT,IAH,30,0.0,2070.0
2026,6,STT,JFK,60,0.0,1623.0
2026,6,STT,MCO,30,0.0,1246.0
2026,6,STT,MIA,64,0.0,1107.0
2026,6,STT,ORD,4,0.0,2116.0
2026,6,STT,PHL,4,0.0,1605.0
2026,6,STT,SJU,40,0.0,68.0
2026,6,STX,ATL,4,0.0,1638.0
2026,6,STX,CLT,4,0.0,1562.0
2026,6,STX,MIA,60,0.0,1139.0
2026,6,STX,SJU,30,0.0,94.0
2026,6,SUN,DEN,60,0.0,557.0
2026,6,SUN,LAX,23,0.0,696.0
2026,6,SUN,ORD,11,0.0,1341.0
2026,6,SUN,SFO,31,0.0,587.0
2026,6,SUN,SLC,90,0.0,222.0
2026,6,SUX,DEN,47,0.0,466.0
2026,6,SUX,ORD,30,0.0,436.0
2026,6,SWF,FLL,4,0.0,1118.0
2026,6,SWF,MYR,19,0.0,601.0
2026,6,SWF,PGD,9,0.0,1101.0
2026,6,SWF,PIE,10,0.0,1055.0
2026,6,SWF,SFB,9,0.0,965.0
2026,6,SWO,DFW,60,1.0,225.0
2026,6,SYR,ATL,92,2.0,794.0
2026,6,SYR,BNA,10,0.0,741.0
2026,6,SYR,BOS,60,0.0,265.0
2026,6,SYR,CLT,89,2.0,603.0
2026,6,SYR,DCA,86,11.0,298.0
2026,6,SYR,DEN,52,0.0,1492.0
2026,6,SYR,DFW,30,3.0,1336.0
2026,6,SYR,DTW,105,1.0,374.0
2026,6,SYR,FLL,38,3.0,1197.0
2026,6,SYR,JFK,30,1.0,209.0
2026,6,SYR,LGA,23,0.0,198.0
2026,6,SYR,MCO,55,1.0,1053.0
2026,6,SYR,MSP,30,0.0,860.0
2026,6,SYR,MYR,9,0.0,668.0
2026,6,SYR,ORD,177,8.0,607.0
2026,6,SYR,PIE,12,0.0,1111.0
2026,6,SYR,SFB,9,0.0,1029.0
2026,6,SYR,SRQ,5,0.0,1142.0
2026,6,TLH,ATL,185,1.0,223.0
2026,6,TLH,DCA,30,1.0,716.0
2026,6,TLH,DFW,90,10.0,767.0
2026,6,TLH,MIA,94,0.0,402.0
2026,6,TOL,PGD,8,0.0,1017.0
2026,6,TOL,PIE,12,0.0,945.0
2026,6,TOL,SFB,9,0.0,895.0
2026,6,TPA,ALB,7,0.0,1130.0
2026,6,TPA,ATL,533,7.0,406.0
2026,6,TPA,AUS,113,0.0,928.0
2026,6,TPA,BDL,60,0.0,1111.0
2026,6,TPA,BHM,30,0.0,459.0
2026,6,TPA,BNA,214,1.0,612.0
2026,6,TPA,BOS,204,1.0,1185.0
2026,6,TPA,BUF,32,0.0,1053.0
2026,6,TPA,BWI,203,2.0,842.0
2026,6,TPA,CLE,90,0.0,927.0
2026,6,TPA,CLT,210,3.0,507.0
2026,6,TPA,CMH,69,0.0,829.0
2026,6,TPA,CVG,60,0.0,773.0
2026,6,TPA,DAL,110,0.0,917.0
2026,6,TPA,DCA,176,2.0,814.0
2026,6,TPA,DEN,267,0.0,1506.0
2026,6,TPA,DFW,260,14.0,929.0
2026,6,TPA,DTW,133,2.0,983.0
2026,6,TPA,EWR,208,1.0,997.0
2026,6,TPA,FLL,73,0.0,197.0
2026,6,TPA,HOU,90,0.0,781.0
2026,6,TPA,HPN,29,0.0,1032.0
2026,6,TPA,IAD,95,0.0,811.0
2026,6,TPA,IAH,107,0.0,787.0
2026,6,TPA,IND,58,0.0,837.0
2026,6,TPA,ISP,25,0.0,1034.0
2026,6,TPA,JFK,200,4.0,1005.0
2026,6,TPA,LAS,105,1.0,1984.0
2026,6,TPA,LAX,83,0.0,2158.0
2026,6,TPA,LGA,190,2.0,1010.0
2026,6,TPA,MCI,60,0.0,1048.0
2026,6,TPA,MDW,128,0.0,997.0
2026,6,TPA,MHT,4,0.0,1204.0
2026,6,TPA,MIA,227,1.0,204.0
2026,6,TPA,MKE,30,0.0,1075.0
2026,6,TPA,MSP,110,0.0,1306.0
2026,6,TPA,MSY,57,0.0,487.0
2026,6,TPA,OMA,4,0.0,1190.0
2026,6,TPA,ORD,212,2.0,1012.0
2026,6,TPA,PHL,206,2.0,920.0
2026,6,TPA,PHX,90,0.0,1788.0
2026,6,TPA,PIT,69,0.0,873.0
2026,6,TPA,PVD,30,1.0,1136.0
2026,6,TPA,RDU,114,3.0,587.0
2026,6,TPA,SAN,60,1.0,2087.0
2026,6,TPA,SAT,30,0.0,972.0
2026,6,TPA,SDF,34,0.0,727.0
2026,6,TPA,SEA,90,0.0,2520.0
2026,6,TPA,SFO,48,0.0,2393.0
2026,6,TPA,SJU,167,1.0,1237.0
2026,6,TPA,SLC,30,0.0,1888.0
2026,6,TPA,STL,99,0.0,869.0
2026,6,TPA,TTN,27,0.0,955.0
2026,6,TPA,TYS,4,0.0,547.0
2026,6,TRI,ATL,54,2.0,227.0
2026,6,TRI,DFW,60,8.0,868.0
2026,6,TRI,ORD,30,2.0,481.0
2026,6,TRI,PIE,9,0.0,590.0
2026,6,TRI,SFB,17,1.0,535.0
2026,6,TTN,FLL,8,0.0,1026.0
2026,6,TTN,MCO,60,2.0,896.0
2026,6,TTN,PGD,9,0.0,1008.0
2026,6,TTN,PIE,8,0.0,964.0
2026,6,TTN,TPA,27,0.0,955.0
2026,6,TUL,ATL,136,3.0,674.0
2026,6,TUL,AUS,26,0.0,426.0
2026,6,TUL,BNA,60,0.0,515.0
2026,6,TUL,CLT,60,0.0,842.0
2026,6,TUL,DAL,82,1.0,237.0
2026,6,TUL,DCA,30,3.0,1050.0
2026,6,TUL,DEN,228,0.0,541.0
2026,6,TUL,DFW,233,12.0,237.0
2026,6,TUL,HOU,34,0.0,453.0
2026,6,TUL,IAH,71,0.0,429.0
2026,6,TUL,LAS,67,0.0,1076.0
2026,6,TUL,LAX,30,0.0,1283.0
2026,6,TUL,LGA,56,1.0,1231.0
2026,6,TUL,MCO,28,0.0,1006.0
2026,6,TUL,MDW,60,1.0,583.0
2026,6,TUL,MIA,34,0.0,1168.0
2026,6,TUL,ORD,197,8.0,585.0
2026,6,TUL,PHX,92,0.0,935.0
2026,6,TUL,PIE,8,0.0,961.0
2026,6,TUL,SFB,8,0.0,995.0
2026,6,TUL,SLC,30,0.0,926.0
2026,6,TUL,VPS,13,0.0,669.0
2026,6,TUS,ATL,60,0.0,1541.0
2026,6,TUS,DAL,1,0.0,824.0
2026,6,TUS,DEN,147,0.0,639.0
2026,6,TUS,DFW,166,14.0,813.0
2026,6,TUS,LAS,87,0.0,364.0
2026,6,TUS,LAX,223,0.0,451.0
2026,6,TUS,MDW,3,0.0,1440.0
2026,6,TUS,ORD,90,1.0,1437.0
2026,6,TUS,PHX,326,1.0,109.0
2026,6,TUS,SAN,56,0.0,367.0
2026,6,TUS,SEA,90,0.0,1215.0
2026,6,TUS,SFO,60,0.0,751.0
2026,6,TUS,SLC,90,0.0,600.0
2026,6,TVC,ATL,10,1.0,769.0
2026,6,TVC,AZA,5,0.0,1599.0
2026,6,TVC,BOS,69,0.0,749.0
2026,6,TVC,CLT,60,0.0,702.0
2026,6,TVC,DCA,32,2.0,599.0
2026,6,TVC,DEN,32,0.0,1032.0
2026,6,TVC,DFW,30,0.0,1022.0
2026,6,TVC,DTW,101,3.0,207.0
2026,6,TVC,EWR,6,0.0,644.0
2026,6,TVC,IAH,4,0.0,1149.0
2026,6,TVC,LGA,26,3.0,655.0
2026,6,TVC,MSP,28,0.0,376.0
2026,6,TVC,ORD,278,20.0,224.0
2026,6,TVC,PHL,34,2.0,627.0
2026,6,TVC,PIE,8,0.0,1172.0
2026,6,TVC,SFB,9,0.0,1127.0
2026,6,TWF,SLC,83,0.0,175.0
2026,6,TXK,DFW,60,4.0,181.0
2026,6,TYR,DFW,90,5.0,102.0
2026,6,TYS,ATL,155,0.0,152.0
2026,6,TYS,AUS,9,0.0,882.0
2026,6,TYS,BNA,60,0.0,152.0
2026,6,TYS,BOS,14,0.0,830.0
2026,6,TYS,BWI,30,0.0,464.0
2026,6,TYS,CLT,64,1.0,176.0
2026,6,TYS,DAL,30,0.0,762.0
2026,6,TYS,DCA,90,6.0,437.0
2026,6,TYS,DEN,107,0.0,1162.0
2026,6,TYS,DFW,171,13.0,772.0
2026,6,TYS,EWR,13,0.0,631.0
2026,6,TYS,EYW,9,0.0,787.0
2026,6,TYS,FLL,42,0.0,709.0
2026,6,TYS,GUF,8,0.0,436.0
2026,6,TYS,HOU,9,0.0,782.0
2026,6,TYS,IAD,9,0.0,420.0
2026,6,TYS,JAX,9,0.0,390.0
2026,6,TYS,LAS,9,0.0,1739.0
2026,6,TYS,MCO,39,0.0,532.0
2026,6,TYS,MDW,8,0.0,459.0
2026,6,TYS,MIA,38,0.0,724.0
2026,6,TYS,ORD,211,8.0,475.0
2026,6,TYS,PGD,16,0.0,624.0
2026,6,TYS,PHL,38,1.0,555.0
2026,6,TYS,PHX,8,0.0,1599.0
2026,6,TYS,PIE,51,1.0,550.0
2026,6,TYS,SFB,51,0.0,511.0
2026,6,TYS,SRQ,10,0.0,586.0
2026,6,TYS,TPA,4,0.0,547.0
2026,6,TYS,VPS,16,0.0,395.0
2026,6,USA,FLL,17,0.0,643.0
2026,6,USA,PGD,9,0.0,588.0
2026,6,USA,PIE,17,0.0,528.0
2026,6,USA,SFB,17,0.0,457.0
2026,6,VCT,IAH,51,0.0,123.0
2026,6,VPS,ATL,222,2.0,250.0
2026,6,VPS,AVL,6,0.0,412.0
2026,6,VPS,BLV,51,0.0,587.0
2026,6,VPS,BNA,61,0.0,389.0
2026,6,VPS,BOS,25,0.0,1187.0
2026,6,VPS,BWI,30,0.0,819.0
2026,6,VPS,CAK,13,0.0,774.0
2026,6,VPS,CKB,4,0.0,705.0
2026,6,VPS,CLT,114,6.0,460.0
2026,6,VPS,COU,8,0.0,659.0
2026,6,VPS,CVG,51,0.0,600.0
2026,6,VPS,DAL,57,0.0,630.0
2026,6,VPS,DCA,30,0.0,789.0
2026,6,VPS,DEN,12,0.0,1210.0
2026,6,VPS,DFW,132,9.0,641.0
2026,6,VPS,DSM,8,1.0,860.0
2026,6,VPS,EVV,9,0.0,524.0
2026,6,VPS,EWR,10,0.0,988.0
2026,6,VPS,HOU,30,0.0,527.0
2026,6,VPS,HTS,8,0.0,589.0
2026,6,VPS,IAD,3,0.0,778.0
2026,6,VPS,ICT,12,0.0,796.0
2026,6,VPS,IND,8,1.0,637.0
2026,6,VPS,JFK,21,0.0,1001.0
2026,6,VPS,LAS,9,0.0,1695.0
2026,6,VPS,LCK,21,0.0,675.0
2026,6,VPS,LEX,11,0.0,532.0
2026,6,VPS,LIT,9,0.0,443.0
2026,6,VPS,MCI,17,0.0,764.0
2026,6,VPS,MDW,9,0.0,782.0
2026,6,VPS,MEM,8,0.0,373.0
2026,6,VPS,MIA,30,0.0,499.0
2026,6,VPS,MSP,30,0.0,1058.0
2026,6,VPS,OKC,17,0.0,726.0
2026,6,VPS,OMA,9,0.0,911.0
2026,6,VPS,ORD,30,0.0,796.0
2026,6,VPS,PHL,4,0.0,908.0
2026,6,VPS,PIA,12,1.0,724.0
2026,6,VPS,PIT,20,0.0,775.0
2026,6,VPS,SDF,12,0.0,532.0
2026,6,VPS,SGF,12,1.0,610.0
2026,6,VPS,SHV,9,0.0,452.0
2026,6,VPS,STL,31,0.0,610.0
2026,6,VPS,TUL,13,0.0,669.0
2026,6,VPS,TYS,16,0.0,395.0
2026,6,VPS,XNA,33,0.0,601.0
2026,6,VRB,BOS,30,0.0,1144.0
2026,6,VRB,CLT,30,0.0,522.0
2026,6,VRB,JFK,30,0.0,972.0
2026,6,WRG,KTN,30,0.0,82.0
2026,6,WRG,PSG,30,0.0,31.0
2026,6,WYS,DEN,42,0.0,469.0
2026,6,WYS,SLC,34,1.0,273.0
2026,6,XNA,ATL,100,0.0,589.0
2026,6,XNA,BNA,9,0.0,426.0
2026,6,XNA,CLT,121,3.0,754.0
2026,6,XNA,DCA,30,0.0,963.0
2026,6,XNA,DEN,137,0.0,616.0
2026,6,XNA,DFW,309,12.0,280.0
2026,6,XNA,DTW,1,0.0,715.0
2026,6,XNA,FLL,9,0.0,1092.0
2026,6,XNA,GUF,12,0.0,563.0
2026,6,XNA,IAH,27,1.0,438.0
2026,6,XNA,LAS,8,0.0,1163.0
2026,6,XNA,LAX,61,0.0,1371.0
2026,6,XNA,LGA,78,2.0,1147.0
2026,6,XNA,MIA,30,0.0,1099.0
2026,6,XNA,MSP,46,0.0,596.0
2026,6,XNA,ORD,158,4.0,522.0
2026,6,XNA,PHL,60,3.0,1067.0
2026,6,XNA,PHX,60,0.0,1023.0
2026,6,XNA,PIE,9,0.0,892.0
2026,6,XNA,SFB,15,0.0,920.0
2026,6,XNA,SFO,1,0.0,1550.0
2026,6,XNA,SLC,30,0.0,1004.0
2026,6,XNA,VPS,33,0.0,601.0
2026,6,XWA,DEN,111,0.0,582.0
2026,6,XWA,MSP,86,1.0,553.0
2026,6,YAK,CDV,30,0.0,213.0
2026,6,YAK,JNU,30,0.0,199.0
2026,6,YUM,DFW,30,0.0,1022.0
2026,6,YUM,PHX,90,0.0,160.0
2026,7,ABE,ATL,31,2.0,692.0
2026,7,ABE,BNA,9,0.0,684.0
2026,7,ABE,CLT,60,3.0,481.0
2026,7,ABE,DEN,9,0.0,1539.0
2026,7,ABE,FLL,9,0.0,1041.0
2026,7,ABE,MCO,10,1.0,906.0
2026,7,ABE,MLB,9,0.0,914.0
2026,7,ABE,MYR,32,0.0,518.0
2026,7,ABE,ORD,96,2.0,654.0
2026,7,ABE,PGD,26,0.0,1018.0
2026,7,ABE,PIE,28,0.0,970.0
2026,7,ABE,RSW,9,0.0,1038.0
2026,7,ABE,SFB,54,0.0,882.0
2026,7,ABE,SRQ,9,0.0,1000.0
2026,7,ABI,DEN,62,0.0,584.0
2026,7,ABI,DFW,150,0.0,158.0
2026,7,ABI,IAH,31,0.0,306.0
2026,7,ABI,PHX,31,0.0,720.0
2026,7,ABQ,ATL,89,1.0,1269.0
2026,7,ABQ,AUS,88,0.0,619.0
2026,7,ABQ,BNA,30,0.0,1123.0
2026,7,ABQ,BUR,27,1.0,672.0
2026,7,ABQ,BWI,34,2.0,1670.0
2026,7,ABQ,DAL,132,0.0,580.0
2026,7,ABQ,DEN,313,0.0,349.0
2026,7,ABQ,DFW,230,1.0,569.0
2026,7,ABQ,HOU,89,0.0,759.0
2026,7,ABQ,IAD,31,1.0,1628.0
2026,7,ABQ,IAH,31,0.0,744.0
2026,7,ABQ,JFK,31,6.0,1826.0
2026,7,ABQ,LAS,147,1.0,486.0
2026,7,ABQ,LAX,199,0.0,677.0
2026,7,ABQ,MCO,4,0.0,1553.0
2026,7,ABQ,MDW,31,0.0,1121.0
2026,7,ABQ,MSP,31,0.0,981.0
2026,7,ABQ,OAK,31,0.0,889.0
2026,7,ABQ,ORD,93,3.0,1118.0
2026,7,ABQ,PHX,252,0.0,328.0
2026,7,ABQ,SAN,61,0.0,628.0
2026,7,ABQ,SAT,4,0.0,609.0
2026,7,ABQ,SEA,68,0.0,1180.0
2026,7,ABQ,SFO,61,0.0,896.0
2026,7,ABQ,SLC,120,0.0,493.0
2026,7,ABR,MSP,62,0.0,257.0
2026,7,ACK,BOS,93,9.0,91.0
2026,7,ACK,CLT,12,0.0,723.0
2026,7,ACK,DCA,94,9.0,405.0
2026,7,ACK,HPN,62,9.0,191.0
2026,7,ACK,JFK,86,22.0,199.0
2026,7,ACK,LGA,125,15.0,202.0
2026,7,ACK,ORD,12,1.0,924.0
2026,7,ACK,PHL,62,4.0,288.0
2026,7,ACT,DFW,92,0.0,90.0
2026,7,ACV,DEN,31,0.0,1026.0
2026,7,ACV,LAX,50,1.0,577.0
2026,7,ACV,SEA,31,1.0,456.0
2026,7,ACV,SFO,123,0.0,250.0
2026,7,ACY,FLL,24,0.0,977.0
2026,7,ACY,MYR,13,1.0,466.0
2026,7,ACY,PIE,9,0.0,922.0
2026,7,ACY,SFB,9,0.0,829.0
2026,7,ADK,ANC,9,0.0,1192.0
2026,7,ADQ,ANC,92,1.0,253.0
2026,7,AEX,DFW,92,0.0,285.0
2026,7,AEX,IAH,62,1.0,190.0
2026,7,AGS,ATL,27,0.0,143.0
2026,7,AGS,DCA,27,1.0,468.0
2026,7,AGS,DFW,64,0.0,874.0
2026,7,AKN,ANC,46,0.0,288.0
2026,7,ALB,ATL,92,0.0,853.0
2026,7,ALB,BNA,40,0.0,825.0
2026,7,ALB,BWI,154,8.0,288.0
2026,7,ALB,CLT,91,0.0,646.0
2026,7,ALB,DCA,113,11.0,318.0
2026,7,ALB,DEN,62,2.0,1610.0
2026,7,ALB,DFW,31,1.0,1434.0
2026,7,ALB,DTW,84,0.0,489.0
2026,7,ALB,FLL,49,3.0,1204.0
2026,7,ALB,MCO,65,1.0,1073.0
2026,7,ALB,MDW,85,3.0,717.0
2026,7,ALB,MYR,13,2.0,685.0
2026,7,ALB,ORD,216,6.0,723.0
2026,7,ALB,PGD,18,0.0,1185.0
2026,7,ALB,PIE,14,0.0,1138.0
2026,7,ALB,SFB,9,0.0,1049.0
2026,7,ALB,SRQ,9,0.0,1167.0
2026,7,ALB,TPA,4,0.0,1130.0
2026,7,ALO,ORD,54,4.0,234.0
2026,7,AMA,AUS,18,0.0,419.0
2026,7,AMA,DAL,115,0.0,323.0
2026,7,AMA,DEN,58,0.0,359.0
2026,7,AMA,DFW,215,2.0,312.0
2026,7,AMA,LAS,31,0.0,759.0
2026,7,ANC,ADK,9,0.0,1192.0
2026,7,ANC,ADQ,92,1.0,253.0
2026,7,ANC,AKN,46,0.0,288.0
2026,7,ANC,ATL,31,0.0,3417.0
2026,7,ANC,BET,61,0.0,399.0
2026,7,ANC,BOI,9,0.0,1842.0
2026,7,ANC,BOS,4,0.0,3383.0
2026,7,ANC,BRW,31,0.0,725.0
2026,7,ANC,CDV,31,0.0,160.0
2026,7,ANC,DEN,157,1.0,2405.0
2026,7,ANC,DFW,62,0.0,3043.0
2026,7,ANC,DLG,31,2.0,329.0
2026,7,ANC,DTW,31,1.0,2986.0
2026,7,ANC,EWR,31,3.0,3370.0
2026,7,ANC,FAI,96,1.0,261.0
2026,7,ANC,HNL,31,0.0,2777.0
2026,7,ANC,IAD,31,0.0,3356.0
2026,7,ANC,IAH,31,0.0,3266.0
2026,7,ANC,JFK,31,1.0,3386.0
2026,7,ANC,JNU,123,0.0,571.0
2026,7,ANC,LAS,62,0.0,2304.0
2026,7,ANC,LAX,61,0.0,2345.0
2026,7,ANC,MSP,124,0.0,2519.0
2026,7,ANC,OME,30,0.0,539.0
2026,7,ANC,ORD,154,3.0,2846.0
2026,7,ANC,OTZ,30,1.0,549.0
2026,7,ANC,PDX,123,0.0,1542.0
2026,7,ANC,PHX,62,0.0,2552.0
2026,7,ANC,SAN,9,0.0,2452.0
2026,7,ANC,SCC,45,1.0,626.0
2026,7,ANC,SEA,721,3.0,1448.0
2026,7,ANC,SFO,74,0.0,2018.0
2026,7,ANC,SLC,40,0.0,2125.0
2026,7,ANC,SMF,9,0.0,1973.0
2026,7,APN,DTW,55,0.0,198.0
2026,7,ASE,ATL,31,0.0,1304.0
2026,7,ASE,AUS,31,1.0,812.0
2026,7,ASE,DEN,254,12.0,125.0
2026,7,ASE,DFW,123,0.0,701.0
2026,7,ASE,IAH,61,1.0,913.0
2026,7,ASE,LAX,95,3.0,737.0
2026,7,ASE,ORD,124,5.0,1013.0
2026,7,ASE,SFO,40,0.0,848.0
2026,7,ATL,ABE,31,1.0,692.0
2026,7,ATL,ABQ,89,1.0,1269.0
2026,7,ATL,AGS,27,0.0,143.0
2026,7,ATL,ALB,92,0.0,853.0
2026,7,ATL,ANC,31,0.0,3417.0
2026,7,ATL,ASE,31,0.0,1304.0
2026,7,ATL,ATW,31,1.0,765.0
2026,7,ATL,AUS,391,3.0,813.0
2026,7,ATL,AVL,193,2.0,164.0
2026,7,ATL,BDL,198,4.0,859.0
2026,7,ATL,BGR,11,1.0,1134.0
2026,7,ATL,BHM,313,3.0,134.0
2026,7,ATL,BNA,403,5.0,214.0
2026,7,ATL,BOI,57,0.0,1838.0
2026,7,ATL,BOS,467,14.0,946.0
2026,7,ATL,BTR,107,0.0,448.0
2026,7,ATL,BTV,39,0.0,961.0
2026,7,ATL,BUF,147,4.0,712.0
2026,7,ATL,BUR,31,2.0,1941.0
2026,7,ATL,BWI,498,25.0,577.0
2026,7,ATL,BZN,42,0.0,1640.0
2026,7,ATL,CAE,154,3.0,192.0
2026,7,ATL,CHA,159,6.0,106.0
2026,7,ATL,CHO,31,0.0,457.0
2026,7,ATL,CHS,290,5.0,259.0
2026,7,ATL,CID,31,1.0,694.0
2026,7,ATL,CLE,320,8.0,554.0
2026,7,ATL,CLT,380,7.0,226.0
2026,7,ATL,CMH,294,3.0,447.0
2026,7,ATL,COS,62,0.0,1184.0
2026,7,ATL,CSG,8,0.0,83.0
2026,7,ATL,CVG,284,3.0,373.0
2026,7,ATL,DAB,123,1.0,366.0
2026,7,ATL,DAL,267,3.0,721.0
2026,7,ATL,DAY,117,4.0,432.0
2026,7,ATL,DCA,570,34.0,547.0
2026,7,ATL,DEN,532,8.0,1199.0
2026,7,ATL,DFW,581,5.0,731.0
2026,7,ATL,DSM,117,3.0,743.0
2026,7,ATL,DTW,420,1.0,594.0
2026,7,ATL,ECP,225,4.0,240.0
2026,7,ATL,ELP,61,2.0,1282.0
2026,7,ATL,EWR,519,48.0,746.0
2026,7,ATL,EYW,126,2.0,646.0
2026,7,ATL,FAR,31,0.0,1123.0
2026,7,ATL,FAY,27,0.0,330.0
2026,7,ATL,FLL,602,21.0,581.0
2026,7,ATL,FSD,31,0.0,954.0
2026,7,ATL,GEG,57,0.0,1969.0
2026,7,ATL,GNV,148,1.0,300.0
2026,7,ATL,GPT,117,1.0,352.0
2026,7,ATL,GRB,31,0.0,774.0
2026,7,ATL,GRR,117,3.0,640.0
2026,7,ATL,GSO,251,4.0,306.0
2026,7,ATL,GSP,253,4.0,153.0
2026,7,ATL,HHH,31,0.0,238.0
2026,7,ATL,HNL,31,0.0,4502.0
2026,7,ATL,HOU,239,4.0,696.0
2026,7,ATL,HPN,62,2.0,781.0
2026,7,ATL,HSV,220,4.0,151.0
2026,7,ATL,IAD,366,16.0,534.0
2026,7,ATL,IAH,426,8.0,689.0
2026,7,ATL,ICT,114,1.0,782.0
2026,7,ATL,ILM,120,1.0,377.0
2026,7,ATL,IND,276,0.0,432.0
2026,7,ATL,JAC,31,0.0,1572.0
2026,7,ATL,JAN,163,5.0,340.0
2026,7,ATL,JAX,382,8.0,269.0
2026,7,ATL,JFK,349,25.0,760.0
2026,7,ATL,LAS,396,5.0,1747.0
2026,7,ATL,LAX,422,4.0,1947.0
2026,7,ATL,LEX,201,3.0,304.0
2026,7,ATL,LGA,689,73.0,762.0
2026,7,ATL,LIT,201,4.0,453.0
2026,7,ATL,MCI,293,2.0,692.0
2026,7,ATL,MCO,694,14.0,404.0
2026,7,ATL,MDT,111,3.0,620.0
2026,7,ATL,MDW,323,10.0,591.0
2026,7,ATL,MEM,316,3.0,332.0
2026,7,ATL,MIA,558,19.0,594.0
2026,7,ATL,MKE,196,4.0,669.0
2026,7,ATL,MLB,123,3.0,443.0
2026,7,ATL,MOB,85,0.0,302.0
2026,7,ATL,MSN,89,4.0,707.0
2026,7,ATL,MSP,299,1.0,907.0
2026,7,ATL,MSY,313,5.0,425.0
2026,7,ATL,MYR,147,4.0,317.0
2026,7,ATL,OAJ,89,5.0,399.0
2026,7,ATL,OKC,148,11.0,761.0
2026,7,ATL,OMA,151,3.0,821.0
2026,7,ATL,ONT,88,1.0,1900.0
2026,7,ATL,ORD,604,20.0,606.0
2026,7,ATL,ORF,285,4.0,516.0
2026,7,ATL,PBI,308,4.0,545.0
2026,7,ATL,PDX,154,2.0,2172.0
2026,7,ATL,PHL,564,41.0,666.0
2026,7,ATL,PHX,286,2.0,1587.0
2026,7,ATL,PIT,227,1.0,526.0
2026,7,ATL,PNS,263,6.0,272.0
2026,7,ATL,PVD,119,6.0,903.0
2026,7,ATL,PWM,92,2.0,1027.0
2026,7,ATL,RAP,8,0.0,1231.0
2026,7,ATL,RDU,410,6.0,356.0
2026,7,ATL,RIC,235,6.0,481.0
2026,7,ATL,RNO,31,1.0,1993.0
2026,7,ATL,ROA,31,0.0,357.0
2026,7,ATL,ROC,92,3.0,749.0
2026,7,ATL,RSW,216,6.0,515.0
2026,7,ATL,SAN,196,1.0,1892.0
2026,7,ATL,SAT,250,5.0,874.0
2026,7,ATL,SAV,286,5.0,215.0
2026,7,ATL,SBN,89,1.0,566.0
2026,7,ATL,SDF,240,1.0,321.0
2026,7,ATL,SEA,348,2.0,2182.0
2026,7,ATL,SFO,317,3.0,2139.0
2026,7,ATL,SGF,62,1.0,563.0
2026,7,ATL,SHV,121,1.0,552.0
2026,7,ATL,SJC,89,1.0,2116.0
2026,7,ATL,SJU,177,1.0,1547.0
2026,7,ATL,SLC,249,2.0,1590.0
2026,7,ATL,SMF,89,0.0,2092.0
2026,7,ATL,SNA,93,1.0,1919.0
2026,7,ATL,SRQ,209,4.0,444.0
2026,7,ATL,STL,330,2.0,484.0
2026,7,ATL,STT,66,0.0,1599.0
2026,7,ATL,STX,4,0.0,1638.0
2026,7,ATL,SYR,116,2.0,794.0
2026,7,ATL,TLH,190,6.0,223.0
2026,7,ATL,TPA,545,9.0,406.0
2026,7,ATL,TRI,62,1.0,227.0
2026,7,ATL,TUL,140,3.0,674.0
2026,7,ATL,TUS,62,0.0,1541.0
2026,7,ATL,TVC,11,0.0,769.0
2026,7,ATL,TYS,153,1.0,152.0
2026,7,ATL,VPS,229,7.0,250.0
2026,7,ATL,XNA,113,3.0,589.0
2026,7,ATW,ATL,31,1.0,765.0
2026,7,ATW,AZA,17,0.0,1452.0
2026,7,ATW,BNA,9,0.0,570.0
2026,7,ATW,CLT,31,2.0,742.0
2026,7,ATW,DEN,40,0.0,883.0
2026,7,ATW,DFW,55,0.0,908.0
2026,7,ATW,DTW,93,1.0,296.0
2026,7,ATW,EWR,9,0.0,772.0
2026,7,ATW,FLL,9,0.0,1338.0
2026,7,ATW,GUF,9,0.0,964.0
2026,7,ATW,LAS,18,0.0,1510.0
2026,7,ATW,MCO,9,0.0,1162.0
2026,7,ATW,MSP,30,0.0,236.0
2026,7,ATW,ORD,186,6.0,160.0
2026,7,ATW,PDX,9,0.0,1662.0
2026,7,ATW,PGD,13,0.0,1250.0
2026,7,ATW,PIE,18,0.0,1173.0
2026,7,ATW,SAV,4,0.0,926.0
2026,7,ATW,SFB,18,0.0,1141.0
2026,7,ATW,SNA,9,0.0,1729.0
2026,7,ATY,DEN,31,0.0,519.0
2026,7,ATY,MSP,31,0.0,193.0
2026,7,AUS,ABQ,88,0.0,619.0
2026,7,AUS,AMA,18,0.0,419.0
2026,7,AUS,ASE,31,0.0,812.0
2026,7,AUS,ATL,391,4.0,813.0
2026,7,AUS,AVL,16,0.0,950.0
2026,7,AUS,BNA,239,0.0,756.0
2026,7,AUS,BOS,181,8.0,1698.0
2026,7,AUS,BUR,30,0.0,1241.0
2026,7,AUS,BWI,120,4.0,1342.0
2026,7,AUS,BZN,7,0.0,1299.0
2026,7,AUS,CHS,30,0.0,1055.0
2026,7,AUS,CLT,121,0.0,1032.0
2026,7,AUS,CMH,62,0.0,1073.0
2026,7,AUS,CVG,39,0.0,958.0
2026,7,AUS,DAL,200,2.0,189.0
2026,7,AUS,DCA,30,1.0,1315.0
2026,7,AUS,DEN,543,2.0,775.0
2026,7,AUS,DFW,414,5.0,190.0
2026,7,AUS,DSM,9,0.0,813.0
2026,7,AUS,DTW,117,5.0,1149.0
2026,7,AUS,ECP,65,0.0,710.0
2026,7,AUS,ELP,101,1.0,528.0
2026,7,AUS,EWR,150,13.0,1504.0
2026,7,AUS,FCA,7,0.0,1527.0
2026,7,AUS,FLL,116,1.0,1105.0
2026,7,AUS,GRR,9,0.0,1103.0
2026,7,AUS,HOU,81,1.0,148.0
2026,7,AUS,HRL,85,1.0,273.0
2026,7,AUS,IAD,89,2.0,1297.0
2026,7,AUS,IAH,209,0.0,140.0
2026,7,AUS,IND,173,0.0,919.0
2026,7,AUS,JAX,62,0.0,953.0
2026,7,AUS,JFK,209,16.0,1521.0
2026,7,AUS,LAS,257,0.0,1090.0
2026,7,AUS,LAX,368,4.0,1242.0
2026,7,AUS,LBB,27,0.0,341.0
2026,7,AUS,LGB,30,0.0,1226.0
2026,7,AUS,MAF,27,0.0,294.0
2026,7,AUS,MCI,142,1.0,650.0
2026,7,AUS,MCO,294,2.0,994.0
2026,7,AUS,MDW,130,1.0,972.0
2026,7,AUS,MEM,31,0.0,559.0
2026,7,AUS,MFE,85,0.0,279.0
2026,7,AUS,MIA,209,2.0,1103.0
2026,7,AUS,MKE,27,1.0,1032.0
2026,7,AUS,MSP,147,1.0,1042.0
2026,7,AUS,MSY,138,0.0,445.0
2026,7,AUS,OAK,31,0.0,1497.0
2026,7,AUS,OKC,30,0.0,358.0
2026,7,AUS,OMA,3,0.0,772.0
2026,7,AUS,ONT,31,1.0,1196.0
2026,7,AUS,ORD,273,13.0,977.0
2026,7,AUS,PDX,62,0.0,1715.0
2026,7,AUS,PHL,90,4.0,1431.0
2026,7,AUS,PHX,265,1.0,872.0
2026,7,AUS,PIT,36,0.0,1210.0
2026,7,AUS,PNS,31,0.0,626.0
2026,7,AUS,PVU,9,0.0,1051.0
2026,7,AUS,RDU,58,1.0,1162.0
2026,7,AUS,RNO,18,0.0,1405.0
2026,7,AUS,SAN,221,4.0,1164.0
2026,7,AUS,SEA,217,0.0,1770.0
2026,7,AUS,SFB,9,0.0,994.0
2026,7,AUS,SFO,251,0.0,1504.0
2026,7,AUS,SJC,89,1.0,1476.0
2026,7,AUS,SJU,4,0.0,2146.0
2026,7,AUS,SLC,170,2.0,1086.0
2026,7,AUS,SMF,31,0.0,1481.0
2026,7,AUS,SNA,31,0.0,1209.0
2026,7,AUS,SRQ,9,0.0,936.0
2026,7,AUS,STL,89,0.0,721.0
2026,7,AUS,TPA,129,1.0,928.0
2026,7,AUS,TUL,27,0.0,426.0
2026,7,AUS,TYS,9,0.0,882.0
2026,7,AVL,ATL,192,3.0,164.0
2026,7,AVL,AUS,16,0.0,950.0
2026,7,AVL,BOS,27,1.0,783.0
2026,7,AVL,CLT,32,5.0,91.0
2026,7,AVL,DCA,61,8.0,384.0
2026,7,AVL,DEN,48,0.0,1248.0
2026,7,AVL,DFW,61,0.0,848.0
2026,7,AVL,EWR,13,0.0,583.0
2026,7,AVL,EYW,9,0.0,751.0
2026,7,AVL,FLL,69,0.0,661.0
2026,7,AVL,HOU,9,0.0,843.0
2026,7,AVL,IAD,9,0.0,371.0
2026,7,AVL,LAS,9,0.0,1824.0
2026,7,AVL,LGA,40,4.0,599.0
2026,7,AVL,MCO,11,0.0,488.0
2026,7,AVL,MDW,9,0.0,521.0
2026,7,AVL,MIA,31,0.0,677.0
2026,7,AVL,MSP,29,0.0,861.0
2026,7,AVL,ORD,183,7.0,536.0
2026,7,AVL,PBI,18,0.0,620.0
2026,7,AVL,PGD,21,0.0,588.0
2026,7,AVL,PHL,10,0.0,504.0
2026,7,AVL,PIE,54,0.0,519.0
2026,7,AVL,SFB,41,0.0,465.0
2026,7,AVL,SRQ,9,0.0,554.0
2026,7,AVL,VPS,9,0.0,412.0
2026,7,AVP,CLT,88,2.0,509.0
2026,7,AVP,ORD,62,1.0,632.0
2026,7,AZA,ATW,17,0.0,1452.0
2026,7,AZA,BIL,16,0.0,878.0
2026,7,AZA,BIS,11,0.0,1092.0
2026,7,AZA,BLI,13,0.0,1208.0
2026,7,AZA,BZN,16,0.0,861.0
2026,7,AZA,CID,9,0.0,1240.0
2026,7,AZA,CVG,9,0.0,1553.0
2026,7,AZA,DSM,14,0.0,1137.0
2026,7,AZA,EUG,11,0.0,971.0
2026,7,AZA,FAR,27,0.0,1220.0
2026,7,AZA,FCA,15,1.0,1044.0
2026,7,AZA,FNT,9,0.0,1650.0
2026,7,AZA,FSD,25,0.0,1072.0
2026,7,AZA,FWA,9,0.0,1546.0
2026,7,AZA,GEG,9,0.0,1034.0
2026,7,AZA,GRI,10,0.0,905.0
2026,7,AZA,GRR,19,0.0,1561.0
2026,7,AZA,GTF,9,0.0,978.0
2026,7,AZA,ICT,9,0.0,855.0
2026,7,AZA,IDA,21,0.0,705.0
2026,7,AZA,LSE,9,0.0,1318.0
2026,7,AZA,MLI,9,0.0,1287.0
2026,7,AZA,MOT,9,0.0,1164.0
2026,7,AZA,MSO,14,0.0,948.0
2026,7,AZA,OMA,9,0.0,1026.0
2026,7,AZA,PDX,9,0.0,1028.0
2026,7,AZA,PIA,17,0.0,1312.0
2026,7,AZA,PSC,10,0.0,977.0
2026,7,AZA,PVU,59,2.0,477.0
2026,7,AZA,RAP,19,0.0,873.0
2026,7,AZA,RFD,18,0.0,1373.0
2026,7,AZA,SBN,14,0.0,1501.0
2026,7,AZA,SGF,23,0.0,1066.0
2026,7,AZA,SNA,9,0.0,360.0
2026,7,AZA,STC,9,0.0,1259.0
2026,7,AZA,TVC,9,0.0,1599.0
2026,7,AZO,DTW,120,7.0,113.0
2026,7,AZO,ORD,62,7.0,122.0
2026,7,BDL,ATL,198,4.0,859.0
2026,7,BDL,BNA,31,0.0,852.0
2026,7,BDL,BWI,151,7.0,283.0
2026,7,BDL,CLT,153,3.0,644.0
2026,7,BDL,DAL,3,0.0,1463.0
2026,7,BDL,DCA,144,18.0,313.0
2026,7,BDL,DEN,61,0.0,1671.0
2026,7,BDL,DFW,59,1.0,1471.0
2026,7,BDL,DTW,117,5.0,549.0
2026,7,BDL,FLL,62,4.0,1173.0
2026,7,BDL,IAD,60,2.0,325.0
2026,7,BDL,IAH,31,0.0,1507.0
2026,7,BDL,JFK,31,5.0,106.0
2026,7,BDL,MCO,145,4.0,1050.0
2026,7,BDL,MDW,85,3.0,776.0
2026,7,BDL,MIA,31,0.0,1194.0
2026,7,BDL,MSP,85,0.0,1050.0
2026,7,BDL,ORD,215,7.0,783.0
2026,7,BDL,PBI,31,1.0,1133.0
2026,7,BDL,PHL,2,0.0,195.0
2026,7,BDL,SJU,93,3.0,1666.0
2026,7,BDL,TPA,39,0.0,1111.0
2026,7,BET,ANC,61,0.0,399.0
2026,7,BFF,DEN,53,1.0,150.0
2026,7,BFL,DEN,61,0.0,845.0
2026,7,BFL,DFW,31,0.0,1271.0
2026,7,BFL,PHX,109,0.0,425.0
2026,7,BFL,SFO,62,0.0,238.0
2026,7,BGM,DTW,31,0.0,378.0
2026,7,BGR,ATL,11,1.0,1134.0
2026,7,BGR,CLT,60,1.0,921.0
2026,7,BGR,DCA,98,12.0,590.0
2026,7,BGR,DEN,4,0.0,1852.0
2026,7,BGR,DTW,7,0.0,750.0
2026,7,BGR,EWR,92,16.0,393.0
2026,7,BGR,LGA,59,5.0,378.0
2026,7,BGR,ORD,124,4.0,978.0
2026,7,BGR,PHL,31,2.0,473.0
2026,7,BGR,PIE,17,0.0,1394.0
2026,7,BGR,SFB,27,0.0,1299.0
2026,7,BHM,ATL,313,4.0,134.0
2026,7,BHM,BNA,62,0.0,177.0
2026,7,BHM,BWI,30,1.0,682.0
2026,7,BHM,CLT,149,3.0,350.0
2026,7,BHM,DAL,88,1.0,587.0
2026,7,BHM,DCA,87,8.0,653.0
2026,7,BHM,DEN,119,0.0,1083.0
2026,7,BHM,DFW,206,2.0,597.0
2026,7,BHM,DTW,62,1.0,625.0
2026,7,BHM,HOU,38,0.0,570.0
2026,7,BHM,LAS,30,0.0,1618.0
2026,7,BHM,MCO,69,0.0,479.0
2026,7,BHM,MDW,31,0.0,570.0
2026,7,BHM,MIA,61,0.0,661.0
2026,7,BHM,ORD,63,3.0,584.0
2026,7,BHM,PHL,62,6.0,772.0
2026,7,BHM,TPA,31,0.0,459.0
2026,7,BIH,SFO,31,0.0,221.0
2026,7,BIL,AZA,16,1.0,878.0
2026,7,BIL,DEN,179,1.0,455.0
2026,7,BIL,DFW,62,0.0,1081.0
2026,7,BIL,LAS,9,0.0,754.0
2026,7,BIL,MSP,31,0.0,748.0
2026,7,BIL,ORD,31,0.0,1060.0
2026,7,BIL,SLC,92,0.0,387.0
2026,7,BIS,AZA,11,0.0,1092.0
2026,7,BIS,DEN,118,0.0,516.0
2026,7,BIS,DFW,62,1.0,977.0
2026,7,BIS,LAS,9,0.0,1048.0
2026,7,BIS,MSP,124,0.0,386.0
2026,7,BIS,ORD,31,0.0,715.0
2026,7,BJI,MSP,62,0.0,199.0
2026,7,BLI,AZA,13,0.0,1208.0
2026,7,BLI,BUR,9,0.0,1030.0
2026,7,BLI,LAS,36,0.0,954.0
2026,7,BLI,PDX,31,0.0,221.0
2026,7,BLI,SEA,93,0.0,93.0
2026,7,BLV,FLL,9,0.0,1028.0
2026,7,BLV,GUF,13,2.0,582.0
2026,7,BLV,JAX,9,0.0,723.0
2026,7,BLV,LAS,9,0.0,1400.0
2026,7,BLV,MYR,13,0.0,696.0
2026,7,BLV,PGD,27,0.0,921.0
2026,7,BLV,PIE,18,0.0,841.0
2026,7,BLV,SAV,4,0.0,658.0
2026,7,BLV,SFB,26,0.0,835.0
2026,7,BLV,SRQ,9,0.0,876.0
2026,7,BLV,VPS,53,0.0,587.0
2026,7,BMI,DFW,60,0.0,690.0
2026,7,BMI,ORD,62,5.0,116.0
2026,7,BMI,PIE,9,0.0,936.0
2026,7,BMI,SFB,13,0.0,917.0
2026,7,BNA,ABE,9,0.0,684.0
2026,7,BNA,ABQ,30,0.0,1123.0
2026,7,BNA,ALB,40,0.0,825.0
2026,7,BNA,ATL,403,7.0,214.0
2026,7,BNA,ATW,9,0.0,570.0
2026,7,BNA,AUS,253,0.0,756.0
2026,7,BNA,BDL,31,0.0,852.0
2026,7,BNA,BHM,62,0.0,177.0
2026,7,BNA,BOS,279,14.0,942.0
2026,7,BNA,BUF,31,0.0,633.0
2026,7,BNA,BUR,27,0.0,1791.0
2026,7,BNA,BWI,151,1.0,587.0
2026,7,BNA,BZN,26,0.0,1435.0
2026,7,BNA,CAK,9,0.0,436.0
2026,7,BNA,CHS,91,0.0,439.0
2026,7,BNA,CID,9,0.0,481.0
2026,7,BNA,CLE,89,0.0,448.0
2026,7,BNA,CLT,294,3.0,328.0
2026,7,BNA,CMH,103,1.0,338.0
2026,7,BNA,CVG,62,1.0,230.0
2026,7,BNA,DAL,239,2.0,623.0
2026,7,BNA,DCA,371,28.0,562.0
2026,7,BNA,DEN,352,2.0,1013.0
2026,7,BNA,DFW,325,8.0,631.0
2026,7,BNA,DSM,20,0.0,530.0
2026,7,BNA,DTW,212,5.0,456.0
2026,7,BNA,ECP,107,0.0,401.0
2026,7,BNA,EWR,176,9.0,748.0
2026,7,BNA,FAR,9,0.0,910.0
2026,7,BNA,FLL,199,8.0,793.0
2026,7,BNA,FNT,9,0.0,497.0
2026,7,BNA,FSD,9,0.0,741.0
2026,7,BNA,GRR,22,0.0,470.0
2026,7,BNA,GSP,92,0.0,265.0
2026,7,BNA,GUF,9,0.0,406.0
2026,7,BNA,HOU,176,0.0,670.0
2026,7,BNA,IAD,98,3.0,542.0
2026,7,BNA,IAH,122,0.0,657.0
2026,7,BNA,IND,62,0.0,249.0
2026,7,BNA,JAN,31,0.0,327.0
2026,7,BNA,JAX,92,0.0,483.0
2026,7,BNA,JFK,93,16.0,765.0
2026,7,BNA,LAS,173,0.0,1587.0
2026,7,BNA,LAX,211,0.0,1798.0
2026,7,BNA,LGA,300,24.0,764.0
2026,7,BNA,LGB,31,0.0,1785.0
2026,7,BNA,LIT,62,0.0,327.0
2026,7,BNA,MCI,134,0.0,491.0
2026,7,BNA,MCO,322,3.0,616.0
2026,7,BNA,MDT,9,0.0,608.0
2026,7,BNA,MDW,176,0.0,395.0
2026,7,BNA,MEM,62,0.0,200.0
2026,7,BNA,MIA,209,0.0,806.0
2026,7,BNA,MKE,89,0.0,475.0
2026,7,BNA,MSP,178,4.0,695.0
2026,7,BNA,MSY,119,0.0,471.0
2026,7,BNA,MYR,65,0.0,471.0
2026,7,BNA,OKC,62,1.0,616.0
2026,7,BNA,OMA,39,0.0,612.0
2026,7,BNA,ONT,31,0.0,1751.0
2026,7,BNA,ORD,424,18.0,409.0
2026,7,BNA,ORF,39,1.0,585.0
2026,7,BNA,PBI,31,1.0,757.0
2026,7,BNA,PDX,30,0.0,1973.0
2026,7,BNA,PGD,9,0.0,692.0
2026,7,BNA,PHL,263,15.0,675.0
2026,7,BNA,PHX,187,0.0,1449.0
2026,7,BNA,PIE,9,0.0,612.0
2026,7,BNA,PIT,98,1.0,462.0
2026,7,BNA,PNS,92,1.0,391.0
2026,7,BNA,PVD,38,0.0,906.0
2026,7,BNA,PVU,9,0.0,1388.0
2026,7,BNA,PWM,31,0.0,1010.0
2026,7,BNA,RDU,174,4.0,442.0
2026,7,BNA,RFD,9,0.0,438.0
2026,7,BNA,RIC,44,0.0,527.0
2026,7,BNA,RSW,61,0.0,722.0
2026,7,BNA,SAN,101,0.0,1751.0
2026,7,BNA,SAT,77,0.0,822.0
2026,7,BNA,SAV,89,0.0,417.0
2026,7,BNA,SDF,62,0.0,151.0
2026,7,BNA,SEA,185,2.0,1978.0
2026,7,BNA,SFB,13,0.0,598.0
2026,7,BNA,SFO,110,2.0,1969.0
2026,7,BNA,SHV,9,0.0,481.0
2026,7,BNA,SJC,31,0.0,1947.0
2026,7,BNA,SJU,8,0.0,1753.0
2026,7,BNA,SLC,117,0.0,1404.0
2026,7,BNA,SMF,34,0.0,1917.0
2026,7,BNA,SRQ,67,0.0,648.0
2026,7,BNA,STL,112,1.0,272.0
2026,7,BNA,SYR,13,0.0,741.0
2026,7,BNA,TPA,222,0.0,612.0
2026,7,BNA,TUL,62,0.0,515.0
2026,7,BNA,TYS,62,0.0,152.0
2026,7,BNA,VPS,62,0.0,389.0
2026,7,BNA,XNA,9,0.0,426.0
2026,7,BOI,ANC,9,0.0,1842.0
2026,7,BOI,ATL,57,0.0,1838.0
2026,7,BOI,BUR,49,0.0,656.0
2026,7,BOI,DAL,4,0.0,1282.0
2026,7,BOI,DEN,259,1.0,649.0
2026,7,BOI,DFW,91,1.0,1272.0
2026,7,BOI,GEG,31,0.0,287.0
2026,7,BOI,LAS,89,1.0,519.0
2026,7,BOI,LAX,123,0.0,674.0
2026,7,BOI,MDW,27,0.0,1448.0
2026,7,BOI,MSP,89,0.0,1142.0
2026,7,BOI,OAK,30,0.0,512.0
2026,7,BOI,ORD,93,2.0,1437.0
2026,7,BOI,PDX,58,0.0,344.0
2026,7,BOI,PHX,183,0.0,735.0
2026,7,BOI,SAN,80,0.0,749.0
2026,7,BOI,SEA,303,0.0,399.0
2026,7,BOI,SFO,151,0.0,522.0
2026,7,BOI,SJC,62,0.0,523.0
2026,7,BOI,SLC,149,0.0,290.0
2026,7,BOI,SMF,89,0.0,437.0
2026,7,BOI,SNA,44,0.0,688.0
2026,7,BOS,ACK,93,6.0,91.0
2026,7,BOS,ANC,4,0.0,3383.0
2026,7,BOS,ATL,467,15.0,946.0
2026,7,BOS,AUS,181,9.0,1698.0
2026,7,BOS,AVL,27,1.0,783.0
2026,7,BOS,BNA,279,15.0,942.0
2026,7,BOS,BUF,183,13.0,395.0
2026,7,BOS,BWI,326,20.0,369.0
2026,7,BOS,BZN,41,4.0,1991.0
2026,7,BOS,CHS,103,8.0,818.0
2026,7,BOS,CLE,146,13.0,563.0
2026,7,BOS,CLT,361,16.0,728.0
2026,7,BOS,CMH,175,10.0,640.0
2026,7,BOS,CVG,197,8.0,752.0
2026,7,BOS,DAB,31,1.0,1068.0
2026,7,BOS,DAL,31,2.0,1554.0
2026,7,BOS,DCA,760,72.0,399.0
2026,7,BOS,DEN,396,11.0,1754.0
2026,7,BOS,DFW,335,12.0,1562.0
2026,7,BOS,DSM,9,0.0,1165.0
2026,7,BOS,DTW,242,15.0,632.0
2026,7,BOS,EWR,291,24.0,200.0
2026,7,BOS,FLL,189,13.0,1237.0
2026,7,BOS,GRR,9,0.0,740.0
2026,7,BOS,HHH,4,0.0,878.0
2026,7,BOS,IAD,176,13.0,412.0
2026,7,BOS,IAH,210,10.0,1597.0
2026,7,BOS,ILM,67,2.0,672.0
2026,7,BOS,IND,183,10.0,818.0
2026,7,BOS,JAX,150,11.0,1011.0
2026,7,BOS,JFK,427,59.0,187.0
2026,7,BOS,LAS,93,2.0,2381.0
2026,7,BOS,LAX,484,15.0,2611.0
2026,7,BOS,LGA,683,82.0,184.0
2026,7,BOS,MCI,87,3.0,1256.0
2026,7,BOS,MCO,353,21.0,1121.0
2026,7,BOS,MDT,31,3.0,335.0
2026,7,BOS,MDW,151,3.0,861.0
2026,7,BOS,MEM,31,3.0,1139.0
2026,7,BOS,MIA,268,7.0,1258.0
2026,7,BOS,MKE,84,2.0,860.0
2026,7,BOS,MSN,62,3.0,932.0
2026,7,BOS,MSP,179,3.0,1124.0
2026,7,BOS,MSY,62,2.0,1367.0
2026,7,BOS,MVY,22,2.0,70.0
2026,7,BOS,MYR,17,1.0,738.0
2026,7,BOS,ORD,786,36.0,867.0
2026,7,BOS,ORF,71,5.0,468.0
2026,7,BOS,PBI,123,17.0,1197.0
2026,7,BOS,PDX,114,7.0,2537.0
2026,7,BOS,PHL,441,35.0,280.0
2026,7,BOS,PHX,153,3.0,2300.0
2026,7,BOS,PIT,219,17.0,496.0
2026,7,BOS,PQI,31,2.0,332.0
2026,7,BOS,RDU,242,12.0,612.0
2026,7,BOS,RIC,150,13.0,473.0
2026,7,BOS,ROC,89,8.0,343.0
2026,7,BOS,RSW,93,6.0,1249.0
2026,7,BOS,SAN,212,7.0,2588.0
2026,7,BOS,SAT,31,0.0,1764.0
2026,7,BOS,SAV,80,7.0,901.0
2026,7,BOS,SDF,62,1.0,829.0
2026,7,BOS,SEA,317,7.0,2496.0
2026,7,BOS,SFO,509,15.0,2704.0
2026,7,BOS,SJU,126,8.0,1674.0
2026,7,BOS,SLC,123,5.0,2105.0
2026,7,BOS,SRQ,19,2.0,1220.0
2026,7,BOS,STL,150,5.0,1047.0
2026,7,BOS,STT,13,1.0,1693.0
2026,7,BOS,SYR,62,2.0,265.0
2026,7,BOS,TPA,215,13.0,1185.0
2026,7,BOS,TVC,75,3.0,749.0
2026,7,BOS,TYS,14,0.0,830.0
2026,7,BOS,VPS,26,1.0,1187.0
2026,7,BOS,VRB,31,3.0,1144.0
2026,7,BPT,DFW,64,0.0,270.0
2026,7,BQN,EWR,31,1.0,1585.0
2026,7,BQN,FLL,53,2.0,982.0
2026,7,BQN,JFK,32,3.0,1576.0
2026,7,BQN,MCO,110,4.0,1129.0
2026,7,BRD,MSP,55,0.0,114.0
2026,7,BRO,DFW,109,0.0,482.0
2026,7,BRW,ANC,31,0.0,725.0
2026,7,BTM,DEN,31,0.0,578.0
2026,7,BTM,SLC,31,0.0,357.0
2026,7,BTR,ATL,107,0.0,448.0
2026,7,BTR,CLT,56,2.0,675.0
2026,7,BTR,DCA,27,2.0,985.0
2026,7,BTR,DFW,171,1.0,383.0
2026,7,BTV,ATL,39,1.0,961.0
2026,7,BTV,CLT,75,0.0,761.0
2026,7,BTV,DCA,91,9.0,437.0
2026,7,BTV,DEN,31,0.0,1639.0
2026,7,BTV,DTW,30,1.0,537.0
2026,7,BTV,EWR,45,6.0,266.0
2026,7,BTV,IAD,45,1.0,441.0
2026,7,BTV,ORD,124,3.0,763.0
2026,7,BTV,PHL,114,7.0,335.0
2026,7,BUF,ATL,147,3.0,712.0
2026,7,BUF,BNA,31,0.0,633.0
2026,7,BUF,BOS,183,13.0,395.0
2026,7,BUF,BWI,154,4.0,281.0
2026,7,BUF,CLT,95,1.0,546.0
2026,7,BUF,DAL,8,0.0,1206.0
2026,7,BUF,DCA,91,9.0,296.0
2026,7,BUF,DEN,69,0.0,1359.0
2026,7,BUF,DFW,70,1.0,1212.0
2026,7,BUF,DTW,150,2.0,241.0
2026,7,BUF,EWR,72,12.0,282.0
2026,7,BUF,FLL,32,3.0,1166.0
2026,7,BUF,IAD,43,1.0,283.0
2026,7,BUF,JFK,124,24.0,301.0
2026,7,BUF,LAS,4,0.0,1986.0
2026,7,BUF,LAX,31,2.0,2218.0
2026,7,BUF,LGA,93,8.0,292.0
2026,7,BUF,MCO,136,6.0,1011.0
2026,7,BUF,MDW,92,2.0,468.0
2026,7,BUF,MSP,31,1.0,735.0
2026,7,BUF,ORD,217,10.0,474.0
2026,7,BUF,PHX,3,0.0,1912.0
2026,7,BUF,RDU,13,0.0,487.0
2026,7,BUF,RSW,13,2.0,1144.0
2026,7,BUF,SJU,18,1.0,1845.0
2026,7,BUF,TPA,31,0.0,1053.0
2026,7,BUR,ABQ,27,0.0,672.0
2026,7,BUR,ATL,31,2.0,1941.0
2026,7,BUR,AUS,30,0.0,1241.0
2026,7,BUR,BLI,9,0.0,1030.0
2026,7,BUR,BNA,27,0.0,1791.0
2026,7,BUR,BOI,49,0.0,656.0
2026,7,BUR,DAL,31,0.0,1243.0
2026,7,BUR,DEN,171,0.0,850.0
2026,7,BUR,DFW,61,0.0,1231.0
2026,7,BUR,DSM,9,0.0,1436.0
2026,7,BUR,EUG,31,0.0,732.0
2026,7,BUR,HNL,31,0.0,2562.0
2026,7,BUR,IND,9,0.0,1805.0
2026,7,BUR,JFK,31,6.0,2465.0
2026,7,BUR,LAS,336,9.0,223.0
2026,7,BUR,MDW,31,0.0,1740.0
2026,7,BUR,OAK,222,1.0,325.0
2026,7,BUR,PDX,92,1.0,817.0
2026,7,BUR,PHX,258,2.0,369.0
2026,7,BUR,PVU,9,0.0,553.0
2026,7,BUR,RDM,31,0.0,709.0
2026,7,BUR,RNO,48,0.0,374.0
2026,7,BUR,SEA,180,4.0,937.0
2026,7,BUR,SFO,269,1.0,326.0
2026,7,BUR,SJC,177,0.0,296.0
2026,7,BUR,SLC,123,0.0,574.0
2026,7,BUR,SMF,204,2.0,358.0
2026,7,BUR,STL,7,0.0,1583.0
2026,7,BUR,STS,92,0.0,387.0
2026,7,BWI,ABQ,34,1.0,1670.0
2026,7,BWI,ALB,154,10.0,288.0
2026,7,BWI,ATL,498,20.0,577.0
2026,7,BWI,AUS,106,3.0,1342.0
2026,7,BWI,BDL,151,13.0,283.0
2026,7,BWI,BHM,30,1.0,682.0
2026,7,BWI,BNA,149,7.0,587.0
2026,7,BWI,BOS,326,20.0,369.0
2026,7,BWI,BUF,154,10.0,281.0
2026,7,BWI,CHS,110,6.0,472.0
2026,7,BWI,CLE,89,5.0,314.0
2026,7,BWI,CLT,272,9.0,361.0
2026,7,BWI,CMH,92,3.0,337.0
2026,7,BWI,CVG,62,4.0,430.0
2026,7,BWI,DAL,161,2.0,1209.0
2026,7,BWI,DEN,264,10.0,1491.0
2026,7,BWI,DFW,150,5.0,1217.0
2026,7,BWI,DTW,210,8.0,409.0
2026,7,BWI,ECP,4,0.0,798.0
2026,7,BWI,FLL,273,10.0,925.0
2026,7,BWI,GRR,61,4.0,528.0
2026,7,BWI,GSP,62,3.0,426.0
2026,7,BWI,HOU,143,1.0,1246.0
2026,7,BWI,IAH,105,4.0,1235.0
2026,7,BWI,IND,119,4.0,516.0
2026,7,BWI,ISP,146,7.0,220.0
2026,7,BWI,JAX,119,8.0,663.0
2026,7,BWI,LAS,149,3.0,2106.0
2026,7,BWI,LAX,150,6.0,2329.0
2026,7,BWI,MCI,91,5.0,966.0
2026,7,BWI,MCO,388,21.0,787.0
2026,7,BWI,MDW,181,9.0,611.0
2026,7,BWI,MEM,27,0.0,787.0
2026,7,BWI,MHT,151,6.0,377.0
2026,7,BWI,MIA,192,11.0,946.0
2026,7,BWI,MKE,88,4.0,641.0
2026,7,BWI,MSP,146,7.0,936.0
2026,7,BWI,MSY,89,4.0,998.0
2026,7,BWI,MYR,95,2.0,399.0
2026,7,BWI,OKC,4,0.0,1180.0
2026,7,BWI,ONT,31,1.0,2283.0
2026,7,BWI,ORD,242,10.0,622.0
2026,7,BWI,ORF,146,9.0,159.0
2026,7,BWI,PBI,92,3.0,883.0
2026,7,BWI,PDX,62,0.0,2358.0
2026,7,BWI,PHX,62,0.0,1999.0
2026,7,BWI,PIT,92,8.0,210.0
2026,7,BWI,PNS,4,0.0,846.0
2026,7,BWI,PVD,154,10.0,327.0
2026,7,BWI,PWM,124,6.0,452.0
2026,7,BWI,RDU,160,9.0,256.0
2026,7,BWI,RIC,62,4.0,120.0
2026,7,BWI,ROC,93,4.0,277.0
2026,7,BWI,RSW,92,6.0,919.0
2026,7,BWI,SAN,106,4.0,2295.0
2026,7,BWI,SAT,81,4.0,1407.0
2026,7,BWI,SAV,83,2.0,548.0
2026,7,BWI,SDF,83,5.0,495.0
2026,7,BWI,SEA,92,2.0,2335.0
2026,7,BWI,SFO,83,1.0,2457.0
2026,7,BWI,SJC,31,1.0,2439.0
2026,7,BWI,SJU,120,3.0,1565.0
2026,7,BWI,SLC,65,1.0,1865.0
2026,7,BWI,SMF,31,1.0,2395.0
2026,7,BWI,SRQ,92,3.0,880.0
2026,7,BWI,STL,125,3.0,738.0
2026,7,BWI,STT,8,0.0,1598.0
2026,7,BWI,TPA,212,6.0,842.0
2026,7,BWI,TYS,31,3.0,464.0
2026,7,BWI,VPS,31,1.0,819.0
2026,7,BZN,ATL,42,0.0,1640.0
2026,7,BZN,AUS,7,0.0,1299.0
2026,7,BZN,AZA,16,0.0,861.0
2026,7,BZN,BNA,26,0.0,1435.0
2026,7,BZN,BOS,41,3.0,1991.0
2026,7,BZN,CLT,16,0.0,1736.0
2026,7,BZN,DAL,4,0.0,1172.0
2026,7,BZN,DEN,265,0.0,524.0
2026,7,BZN,DFW,95,0.0,1163.0
2026,7,BZN,DTW,7,1.0,1400.0
2026,7,BZN,EWR,62,3.0,1882.0
2026,7,BZN,IAD,8,0.0,1773.0
2026,7,BZN,IAH,8,0.0,1385.0
2026,7,BZN,JFK,24,5.0,1902.0
2026,7,BZN,LAS,67,0.0,701.0
2026,7,BZN,LAX,45,0.0,902.0
2026,7,BZN,LGA,4,1.0,1894.0
2026,7,BZN,LGB,3,0.0,904.0
2026,7,BZN,MDW,31,0.0,1198.0
2026,7,BZN,MSP,93,1.0,874.0
2026,7,BZN,ORD,154,3.0,1185.0
2026,7,BZN,PHX,31,0.0,853.0
2026,7,BZN,SAN,22,0.0,956.0
2026,7,BZN,SEA,154,0.0,543.0
2026,7,BZN,SFO,31,0.0,807.0
2026,7,BZN,SLC,123,0.0,347.0
2026,7,CAE,ATL,154,3.0,192.0
2026,7,CAE,DCA,87,9.0,408.0
2026,7,CAE,DFW,90,0.0,922.0
2026,7,CAE,LGA,58,7.0,617.0
2026,7,CAE,MIA,4,0.0,563.0
2026,7,CAE,ORD,62,2.0,666.0
2026,7,CAK,BNA,9,0.0,436.0
2026,7,CAK,CLT,128,0.0,394.0
2026,7,CAK,DCA,30,1.0,274.0
2026,7,CAK,FLL,9,0.0,1026.0
2026,7,CAK,JAX,18,0.0,719.0
2026,7,CAK,MYR,17,0.0,518.0
2026,7,CAK,ORD,186,13.0,344.0
2026,7,CAK,PGD,18,0.0,965.0
2026,7,CAK,PIE,22,0.0,899.0
2026,7,CAK,SAV,26,0.0,606.0
2026,7,CAK,SFB,11,0.0,837.0
2026,7,CAK,SRQ,18,0.0,934.0
2026,7,CAK,VPS,13,0.0,774.0
2026,7,CDC,SLC,55,0.0,221.0
2026,7,CDV,ANC,31,0.0,160.0
2026,7,CDV,YAK,31,0.0,213.0
2026,7,CHA,ATL,159,6.0,106.0
2026,7,CHA,DCA,27,0.0,523.0
2026,7,CHA,DEN,4,0.0,1118.0
2026,7,CHA,DFW,119,4.0,695.0
2026,7,CHA,FLL,9,0.0,687.0
2026,7,CHA,IAH,62,0.0,686.0
2026,7,CHA,MIA,4,0.0,701.0
2026,7,CHA,ORD,30,0.0,501.0
2026,7,CHA,PIE,12,0.0,513.0
2026,7,CHA,SFB,9,1.0,490.0
2026,7,CHO,ATL,31,0.0,457.0
2026,7,CHO,LGA,30,4.0,305.0
2026,7,CHO,ORD,93,2.0,566.0
2026,7,CHS,ATL,290,5.0,259.0
2026,7,CHS,AUS,30,0.0,1055.0
2026,7,CHS,BNA,88,0.0,439.0
2026,7,CHS,BOS,103,9.0,818.0
2026,7,CHS,BWI,110,4.0,472.0
2026,7,CHS,CLT,204,4.0,168.0
2026,7,CHS,CVG,13,0.0,497.0
2026,7,CHS,DAL,31,0.0,977.0
2026,7,CHS,DCA,146,12.0,444.0
2026,7,CHS,DEN,61,0.0,1449.0
2026,7,CHS,DFW,125,0.0,987.0
2026,7,CHS,DTW,22,0.0,667.0
2026,7,CHS,EWR,92,5.0,628.0
2026,7,CHS,FLL,31,2.0,470.0
2026,7,CHS,HOU,22,0.0,928.0
2026,7,CHS,IAD,62,1.0,442.0
2026,7,CHS,IAH,25,0.0,925.0
2026,7,CHS,IND,9,0.0,585.0
2026,7,CHS,JFK,62,13.0,636.0
2026,7,CHS,LGA,136,16.0,641.0
2026,7,CHS,MCI,3,0.0,930.0
2026,7,CHS,MDW,52,1.0,745.0
2026,7,CHS,MIA,92,1.0,489.0
2026,7,CHS,MSP,31,2.0,1087.0
2026,7,CHS,ORD,186,6.0,760.0
2026,7,CHS,PHL,84,3.0,550.0
2026,7,CHS,SEA,31,0.0,2415.0
2026,7,CHS,STL,31,0.0,706.0
2026,7,CID,ATL,31,1.0,694.0
2026,7,CID,AZA,9,0.0,1240.0
2026,7,CID,BNA,9,0.0,481.0
2026,7,CID,CLT,31,2.0,742.0
2026,7,CID,DCA,30,2.0,801.0
2026,7,CID,DEN,130,0.0,692.0
2026,7,CID,DFW,121,0.0,685.0
2026,7,CID,FLL,9,0.0,1273.0
2026,7,CID,LAS,9,0.0,1319.0
2026,7,CID,ORD,226,13.0,196.0
2026,7,CID,PGD,13,0.0,1170.0
2026,7,CID,PHX,61,0.0,1252.0
2026,7,CID,PIE,17,0.0,1090.0
2026,7,CID,SFB,18,0.0,1078.0
2026,7,CIU,DTW,31,2.0,285.0
2026,7,CIU,MSP,27,1.0,434.0
2026,7,CIU,ORD,27,4.0,341.0
2026,7,CKB,IAD,31,0.0,150.0
2026,7,CKB,MYR,9,0.0,394.0
2026,7,CKB,ORD,31,1.0,444.0
2026,7,CKB,PIE,9,0.0,798.0
2026,7,CKB,SFB,9,0.0,727.0
2026,7,CKB,VPS,4,0.0,705.0
2026,7,CLD,DEN,61,0.0,840.0
2026,7,CLD,PHX,121,0.0,306.0
2026,7,CLD,SFO,61,0.0,422.0
2026,7,CLE,ATL,320,8.0,554.0
2026,7,CLE,BNA,89,0.0,448.0
2026,7,CLE,BOS,146,14.0,563.0
2026,7,CLE,BWI,89,2.0,314.0
2026,7,CLE,CLT,152,4.0,430.0
2026,7,CLE,DCA,136,17.0,310.0
2026,7,CLE,DEN,185,2.0,1201.0
2026,7,CLE,DFW,138,1.0,1021.0
2026,7,CLE,DTW,127,1.0,95.0
2026,7,CLE,EWR,177,18.0,404.0
2026,7,CLE,FLL,134,4.0,1062.0
2026,7,CLE,IAD,120,5.0,287.0
2026,7,CLE,IAH,89,0.0,1091.0
2026,7,CLE,JFK,93,18.0,425.0
2026,7,CLE,LAS,92,4.0,1824.0
2026,7,CLE,LAX,90,1.0,2052.0
2026,7,CLE,LGA,104,14.0,419.0
2026,7,CLE,MCO,195,6.0,895.0
2026,7,CLE,MDW,115,3.0,307.0
2026,7,CLE,MIA,85,0.0,1080.0
2026,7,CLE,MSP,117,2.0,622.0
2026,7,CLE,MYR,13,0.0,557.0
2026,7,CLE,ORD,399,23.0,316.0
2026,7,CLE,PHL,58,7.0,363.0
2026,7,CLE,PHX,93,0.0,1737.0
2026,7,CLE,RDU,18,0.0,416.0
2026,7,CLE,RSW,66,2.0,1025.0
2026,7,CLE,SEA,61,0.0,2021.0
2026,7,CLE,SFO,53,0.0,2161.0
2026,7,CLE,SLC,31,0.0,1565.0
2026,7,CLE,SRQ,1,0.0,967.0
2026,7,CLE,STL,58,0.0,487.0
2026,7,CLE,TPA,92,2.0,927.0
2026,7,CLL,DFW,92,0.0,164.0
2026,7,CLT,ABE,60,3.0,481.0
2026,7,CLT,ACK,12,0.0,723.0
2026,7,CLT,ALB,91,0.0,646.0
2026,7,CLT,ATL,382,8.0,226.0
2026,7,CLT,ATW,31,1.0,742.0
2026,7,CLT,AUS,121,0.0,1032.0
2026,7,CLT,AVL,31,7.0,91.0
2026,7,CLT,AVP,88,2.0,509.0
2026,7,CLT,BDL,153,3.0,644.0
2026,7,CLT,BGR,60,1.0,921.0
2026,7,CLT,BHM,149,3.0,350.0
2026,7,CLT,BNA,294,3.0,328.0
2026,7,CLT,BOS,360,12.0,728.0
2026,7,CLT,BTR,55,1.0,675.0
2026,7,CLT,BTV,75,1.0,761.0
2026,7,CLT,BUF,95,1.0,546.0
2026,7,CLT,BWI,272,9.0,361.0
2026,7,CLT,BZN,16,0.0,1736.0
2026,7,CLT,CAK,128,0.0,394.0
2026,7,CLT,CHS,204,4.0,168.0
2026,7,CLT,CID,31,2.0,742.0
2026,7,CLT,CLE,152,3.0,430.0
2026,7,CLT,CMH,183,2.0,347.0
2026,7,CLT,COU,31,0.0,670.0
2026,7,CLT,CRW,82,2.0,221.0
2026,7,CLT,CVG,153,4.0,335.0
2026,7,CLT,DAB,121,4.0,416.0
2026,7,CLT,DAL,31,0.0,926.0
2026,7,CLT,DAY,115,1.0,370.0
2026,7,CLT,DCA,241,16.0,331.0
2026,7,CLT,DEN,228,2.0,1337.0
2026,7,CLT,DFW,334,2.0,935.0
2026,7,CLT,DSM,61,2.0,815.0
2026,7,CLT,DTW,287,5.0,500.0
2026,7,CLT,ECP,113,1.0,437.0
2026,7,CLT,EWR,279,32.0,529.0
2026,7,CLT,EYW,89,0.0,736.0
2026,7,CLT,FLL,250,8.0,632.0
2026,7,CLT,GPT,26,2.0,577.0
2026,7,CLT,GRR,92,0.0,583.0
2026,7,CLT,GSO,129,4.0,84.0
2026,7,CLT,GSP,113,5.0,75.0
2026,7,CLT,HHH,104,0.0,206.0
2026,7,CLT,HPN,109,5.0,564.0
2026,7,CLT,HSV,31,0.0,333.0
2026,7,CLT,IAD,151,7.0,322.0
2026,7,CLT,IAH,201,2.0,912.0
2026,7,CLT,ILM,132,4.0,185.0
2026,7,CLT,IND,175,3.0,427.0
2026,7,CLT,JAC,31,0.0,1685.0
2026,7,CLT,JAN,62,7.0,562.0
2026,7,CLT,JAX,152,2.0,328.0
2026,7,CLT,JFK,154,10.0,542.0
2026,7,CLT,LAS,182,0.0,1916.0
2026,7,CLT,LAX,213,2.0,2125.0
2026,7,CLT,LEX,148,4.0,281.0
2026,7,CLT,LFT,31,0.0,729.0
2026,7,CLT,LGA,327,29.0,544.0
2026,7,CLT,LIT,132,0.0,640.0
2026,7,CLT,LWB,31,1.0,185.0
2026,7,CLT,MCI,92,0.0,808.0
2026,7,CLT,MCO,404,6.0,468.0
2026,7,CLT,MDT,61,1.0,413.0
2026,7,CLT,MDW,84,1.0,584.0
2026,7,CLT,MEM,151,1.0,511.0
2026,7,CLT,MHT,92,3.0,738.0
2026,7,CLT,MIA,306,3.0,650.0
2026,7,CLT,MKE,87,1.0,651.0
2026,7,CLT,MLB,91,4.0,490.0
2026,7,CLT,MSN,88,1.0,708.0
2026,7,CLT,MSP,226,2.0,930.0
2026,7,CLT,MSY,136,0.0,650.0
2026,7,CLT,MVY,3,0.0,704.0
2026,7,CLT,MYR,152,1.0,157.0
2026,7,CLT,OKC,79,1.0,940.0
2026,7,CLT,OMA,89,2.0,913.0
2026,7,CLT,ONT,31,1.0,2078.0
2026,7,CLT,ORD,433,13.0,599.0
2026,7,CLT,ORF,208,2.0,290.0
2026,7,CLT,PBI,154,0.0,590.0
2026,7,CLT,PDX,61,1.0,2282.0
2026,7,CLT,PHL,299,21.0,449.0
2026,7,CLT,PHX,245,1.0,1773.0
2026,7,CLT,PIA,60,2.0,607.0
2026,7,CLT,PIT,179,3.0,366.0
2026,7,CLT,PNS,138,2.0,488.0
2026,7,CLT,PVD,121,4.0,684.0
2026,7,CLT,PWM,94,0.0,813.0
2026,7,CLT,RAP,31,1.0,1322.0
2026,7,CLT,RDU,267,5.0,130.0
2026,7,CLT,RIC,207,3.0,257.0
2026,7,CLT,ROA,18,0.0,155.0
2026,7,CLT,ROC,91,0.0,573.0
2026,7,CLT,RSW,113,1.0,600.0
2026,7,CLT,SAN,121,0.0,2077.0
2026,7,CLT,SAT,121,0.0,1095.0
2026,7,CLT,SAV,165,0.0,213.0
2026,7,CLT,SBN,87,1.0,534.0
2026,7,CLT,SDF,145,4.0,335.0
2026,7,CLT,SEA,152,0.0,2279.0
2026,7,CLT,SFO,144,1.0,2296.0
2026,7,CLT,SGF,114,1.0,708.0
2026,7,CLT,SHD,31,0.0,239.0
2026,7,CLT,SHV,66,2.0,764.0
2026,7,CLT,SJU,79,0.0,1475.0
2026,7,CLT,SLC,92,2.0,1727.0
2026,7,CLT,SMF,31,1.0,2244.0
2026,7,CLT,SNA,31,0.0,2099.0
2026,7,CLT,SRQ,92,0.0,547.0
2026,7,CLT,STL,179,2.0,575.0
2026,7,CLT,STT,64,0.0,1520.0
2026,7,CLT,STX,3,0.0,1562.0
2026,7,CLT,SYR,91,1.0,603.0
2026,7,CLT,TPA,215,3.0,507.0
2026,7,CLT,TUL,61,1.0,842.0
2026,7,CLT,TVC,59,1.0,702.0
2026,7,CLT,TYS,60,2.0,176.0
2026,7,CLT,VPS,121,5.0,460.0
2026,7,CLT,VRB,31,0.0,522.0
2026,7,CLT,XNA,118,1.0,754.0
2026,7,CMH,ATL,294,3.0,447.0
2026,7,CMH,AUS,62,0.0,1073.0
2026,7,CMH,BNA,106,0.0,338.0
2026,7,CMH,BOS,175,4.0,640.0
2026,7,CMH,BWI,89,4.0,337.0
2026,7,CMH,CLT,183,1.0,347.0
2026,7,CMH,DAL,57,1.0,919.0
2026,7,CMH,DCA,176,13.0,323.0
2026,7,CMH,DEN,164,0.0,1154.0
2026,7,CMH,DFW,153,1.0,926.0
2026,7,CMH,DTW,178,0.0,155.0
2026,7,CMH,ECP,8,0.0,684.0
2026,7,CMH,EWR,177,15.0,463.0
2026,7,CMH,FLL,22,0.0,973.0
2026,7,CMH,HOU,31,0.0,1000.0
2026,7,CMH,IAD,3,0.0,299.0
2026,7,CMH,IAH,27,0.0,986.0
2026,7,CMH,JFK,124,16.0,483.0
2026,7,CMH,LAS,65,0.0,1771.0
2026,7,CMH,LAX,61,0.0,1995.0
2026,7,CMH,LGA,225,23.0,479.0
2026,7,CMH,MCI,4,0.0,632.0
2026,7,CMH,MCO,158,2.0,802.0
2026,7,CMH,MDW,119,3.0,283.0
2026,7,CMH,MIA,115,0.0,990.0
2026,7,CMH,MSP,113,2.0,626.0
2026,7,CMH,MYR,7,0.0,488.0
2026,7,CMH,ORD,487,25.0,296.0
2026,7,CMH,PHL,181,11.0,407.0
2026,7,CMH,PHX,93,0.0,1670.0
2026,7,CMH,RSW,38,0.0,930.0
2026,7,CMH,SAN,30,0.0,1964.0
2026,7,CMH,SEA,61,0.0,2016.0
2026,7,CMH,SFO,48,0.0,2120.0
2026,7,CMH,SLC,31,0.0,1528.0
2026,7,CMH,SRQ,10,0.0,869.0
2026,7,CMH,STL,58,0.0,409.0
2026,7,CMH,TPA,69,1.0,829.0
2026,7,CMI,DFW,58,0.0,692.0
2026,7,CMI,ORD,93,3.0,135.0
2026,7,CMX,ORD,80,8.0,360.0
2026,7,COD,DEN,124,1.0,391.0
2026,7,COD,ORD,4,0.0,1077.0
2026,7,COS,ATL,62,0.0,1184.0
2026,7,COS,DAL,62,0.0,602.0
2026,7,COS,DEN,436,2.0,73.0
2026,7,COS,DFW,184,0.0,592.0
2026,7,COS,HOU,30,0.0,829.0
2026,7,COS,LAS,75,0.0,604.0
2026,7,COS,MDW,31,0.0,917.0
2026,7,COS,MSP,31,0.0,725.0
2026,7,COS,ORD,93,3.0,911.0
2026,7,COS,PHX,88,0.0,551.0
2026,7,COS,PIE,9,0.0,1472.0
2026,7,COS,SAN,18,0.0,816.0
2026,7,COS,SLC,61,0.0,411.0
2026,7,COS,SNA,9,0.0,815.0
2026,7,COU,CLT,31,0.0,670.0
2026,7,COU,DEN,31,0.0,671.0
2026,7,COU,DFW,116,2.0,490.0
2026,7,COU,ORD,155,5.0,315.0
2026,7,COU,SFB,9,0.0,936.0
2026,7,COU,VPS,9,0.0,659.0
2026,7,CPR,DEN,240,0.0,230.0
2026,7,CRP,DEN,9,0.0,930.0
2026,7,CRP,DFW,261,2.0,355.0
2026,7,CRP,HOU,89,0.0,187.0
2026,7,CRP,IAH,31,0.0,201.0
2026,7,CRW,CLT,82,3.0,221.0
2026,7,CRW,DCA,27,5.0,249.0
2026,7,CRW,ORD,93,6.0,416.0
2026,7,CSG,ATL,8,0.0,83.0
2026,7,CVG,ATL,284,3.0,373.0
2026,7,CVG,AUS,39,0.0,958.0
2026,7,CVG,AZA,9,0.0,1553.0
2026,7,CVG,BNA,62,0.0,230.0
2026,7,CVG,BOS,197,10.0,752.0
2026,7,CVG,BWI,62,2.0,430.0
2026,7,CVG,CHS,13,0.0,497.0
2026,7,CVG,CLT,153,6.0,335.0
2026,7,CVG,DCA,86,11.0,411.0
2026,7,CVG,DEN,132,2.0,1069.0
2026,7,CVG,DFW,140,2.0,812.0
2026,7,CVG,EWR,105,13.0,569.0
2026,7,CVG,EYW,9,0.0,1013.0
2026,7,CVG,FLL,105,1.0,932.0
2026,7,CVG,GUF,13,0.0,627.0
2026,7,CVG,IAD,62,5.0,388.0
2026,7,CVG,IAH,54,0.0,871.0
2026,7,CVG,JAX,13,0.0,613.0
2026,7,CVG,JFK,62,5.0,589.0
2026,7,CVG,LAS,60,1.0,1678.0
2026,7,CVG,LAX,27,0.0,1900.0
2026,7,CVG,LGA,1,0.0,585.0
2026,7,CVG,MCO,158,1.0,757.0
2026,7,CVG,MDW,62,0.0,249.0
2026,7,CVG,MIA,62,0.0,948.0
2026,7,CVG,MLB,9,0.0,789.0
2026,7,CVG,MSP,117,1.0,596.0
2026,7,CVG,MYR,26,0.0,489.0
2026,7,CVG,ORD,418,15.0,264.0
2026,7,CVG,PBI,9,0.0,892.0
2026,7,CVG,PDX,9,0.0,1975.0
2026,7,CVG,PGD,41,0.0,850.0
2026,7,CVG,PHL,146,12.0,507.0
2026,7,CVG,PHX,30,0.0,1569.0
2026,7,CVG,PIE,44,0.0,776.0
2026,7,CVG,RSW,44,0.0,879.0
2026,7,CVG,SAV,26,0.0,515.0
2026,7,CVG,SEA,92,0.0,1965.0
2026,7,CVG,SFB,44,0.0,735.0
2026,7,CVG,SLC,86,0.0,1450.0
2026,7,CVG,SNA,9,0.0,1877.0
2026,7,CVG,SRQ,31,0.0,812.0
2026,7,CVG,TPA,62,0.0,773.0
2026,7,CVG,VPS,49,0.0,600.0
2026,7,CWA,ORD,94,5.0,213.0
2026,7,CYS,DEN,62,0.0,90.0
2026,7,DAB,ATL,123,1.0,366.0
2026,7,DAB,BOS,31,1.0,1068.0
2026,7,DAB,CLT,121,4.0,416.0
2026,7,DAB,JFK,31,5.0,891.0
2026,7,DAL,ABQ,132,0.0,580.0
2026,7,DAL,AMA,115,1.0,323.0
2026,7,DAL,ATL,267,4.0,721.0
2026,7,DAL,AUS,200,1.0,189.0
2026,7,DAL,BDL,3,0.0,1463.0
2026,7,DAL,BHM,88,1.0,587.0
2026,7,DAL,BNA,236,3.0,623.0
2026,7,DAL,BOI,4,0.0,1282.0
2026,7,DAL,BOS,31,0.0,1554.0
2026,7,DAL,BUF,8,0.0,1206.0
2026,7,DAL,BUR,31,0.0,1243.0
2026,7,DAL,BWI,166,6.0,1209.0
2026,7,DAL,BZN,4,0.0,1172.0
2026,7,DAL,CHS,31,0.0,977.0
2026,7,DAL,CLT,31,0.0,926.0
2026,7,DAL,CMH,58,2.0,919.0
2026,7,DAL,COS,62,0.0,602.0
2026,7,DAL,DCA,147,7.0,1184.0
2026,7,DAL,DEN,272,4.0,651.0
2026,7,DAL,ECP,93,0.0,674.0
2026,7,DAL,ELP,150,1.0,562.0
2026,7,DAL,FAT,4,0.0,1325.0
2026,7,DAL,FLL,38,0.0,1108.0
2026,7,DAL,GEG,8,0.0,1486.0
2026,7,DAL,HOU,335,7.0,239.0
2026,7,DAL,HRL,34,0.0,458.0
2026,7,DAL,IND,61,1.0,755.0
2026,7,DAL,JAX,31,1.0,906.0
2026,7,DAL,LAS,247,1.0,1067.0
2026,7,DAL,LAX,146,1.0,1246.0
2026,7,DAL,LBB,115,0.0,293.0
2026,7,DAL,LGA,142,6.0,1381.0
2026,7,DAL,LGB,35,0.0,1232.0
2026,7,DAL,LIT,88,0.0,296.0
2026,7,DAL,MAF,112,0.0,319.0
2026,7,DAL,MCI,180,0.0,461.0
2026,7,DAL,MCO,245,0.0,973.0
2026,7,DAL,MDW,227,7.0,793.0
2026,7,DAL,MEM,38,0.0,423.0
2026,7,DAL,MIA,38,0.0,1109.0
2026,7,DAL,MKE,35,0.0,850.0
2026,7,DAL,MSP,4,0.0,853.0
2026,7,DAL,MSY,169,1.0,437.0
2026,7,DAL,MTJ,4,0.0,733.0
2026,7,DAL,MYR,11,0.0,1038.0
2026,7,DAL,OAK,35,0.0,1468.0
2026,7,DAL,OKC,62,1.0,181.0
2026,7,DAL,OMA,35,0.0,586.0
2026,7,DAL,ONT,31,0.0,1200.0
2026,7,DAL,ORF,8,0.0,1203.0
2026,7,DAL,PDX,31,0.0,1626.0
2026,7,DAL,PHL,31,0.0,1295.0
2026,7,DAL,PHX,221,3.0,879.0
2026,7,DAL,PIT,31,0.0,1060.0
2026,7,DAL,PNS,61,0.0,592.0
2026,7,DAL,PVD,3,0.0,1521.0
2026,7,DAL,RDU,31,0.0,1052.0
2026,7,DAL,RNO,31,1.0,1356.0
2026,7,DAL,RSW,3,0.0,1005.0
2026,7,DAL,SAN,143,1.0,1182.0
2026,7,DAL,SAT,226,2.0,247.0
2026,7,DAL,SAV,31,0.0,915.0
2026,7,DAL,SDF,30,0.0,725.0
2026,7,DAL,SEA,34,0.0,1670.0
2026,7,DAL,SFO,31,0.0,1476.0
2026,7,DAL,SJC,31,0.0,1450.0
2026,7,DAL,SLC,61,0.0,999.0
2026,7,DAL,SMF,61,1.0,1442.0
2026,7,DAL,SNA,31,0.0,1216.0
2026,7,DAL,SRQ,4,0.0,934.0
2026,7,DAL,STL,178,2.0,546.0
2026,7,DAL,TPA,109,0.0,917.0
2026,7,DAL,TUL,85,0.0,237.0
2026,7,DAL,TYS,31,0.0,762.0
2026,7,DAL,VPS,61,0.0,630.0
2026,7,DAY,ATL,117,4.0,432.0
2026,7,DAY,CLT,115,2.0,370.0
2026,7,DAY,DCA,76,2.0,391.0
2026,7,DAY,DEN,31,0.0,1085.0
2026,7,DAY,DFW,115,1.0,861.0
2026,7,DAY,MYR,9,1.0,520.0
2026,7,DAY,ORD,146,7.0,240.0
2026,7,DAY,PGD,9,0.0,904.0
2026,7,DAY,PHL,31,2.0,477.0
2026,7,DAY,PIE,9,0.0,831.0
2026,7,DAY,SFB,9,0.0,785.0
2026,7,DCA,ACK,94,11.0,405.0
2026,7,DCA,AGS,27,5.0,468.0
2026,7,DCA,ALB,113,8.0,318.0
2026,7,DCA,ATL,570,33.0,547.0
2026,7,DCA,AUS,30,1.0,1315.0
2026,7,DCA,AVL,61,4.0,384.0
2026,7,DCA,BDL,144,18.0,313.0
2026,7,DCA,BGR,98,14.0,590.0
2026,7,DCA,BHM,87,7.0,653.0
2026,7,DCA,BNA,370,24.0,562.0
2026,7,DCA,BOS,759,79.0,399.0
2026,7,DCA,BTR,27,6.0,985.0
2026,7,DCA,BTV,91,13.0,437.0
2026,7,DCA,BUF,91,9.0,296.0
2026,7,DCA,CAE,87,11.0,408.0
2026,7,DCA,CAK,30,3.0,274.0
2026,7,DCA,CHA,27,4.0,523.0
2026,7,DCA,CHS,146,9.0,444.0
2026,7,DCA,CID,30,0.0,801.0
2026,7,DCA,CLE,136,14.0,310.0
2026,7,DCA,CLT,241,16.0,331.0
2026,7,DCA,CMH,176,13.0,323.0
2026,7,DCA,CRW,27,4.0,249.0
2026,7,DCA,CVG,87,9.0,411.0
2026,7,DCA,DAL,148,7.0,1184.0
2026,7,DCA,DAY,76,2.0,391.0
2026,7,DCA,DEN,110,2.0,1476.0
2026,7,DCA,DFW,270,12.0,1192.0
2026,7,DCA,DSM,61,4.0,897.0
2026,7,DCA,DTW,236,19.0,405.0
2026,7,DCA,ECP,37,2.0,769.0
2026,7,DCA,EYW,37,0.0,1023.0
2026,7,DCA,FLL,181,14.0,899.0
2026,7,DCA,GRR,61,4.0,524.0
2026,7,DCA,GSO,57,2.0,248.0
2026,7,DCA,GSP,88,6.0,396.0
2026,7,DCA,HHH,34,1.0,501.0
2026,7,DCA,HOU,90,5.0,1218.0
2026,7,DCA,HPN,112,18.0,234.0
2026,7,DCA,HSV,111,7.0,613.0
2026,7,DCA,HYA,43,5.0,407.0
2026,7,DCA,IAH,284,10.0,1208.0
2026,7,DCA,ICT,30,0.0,1110.0
2026,7,DCA,ILM,87,8.0,320.0
2026,7,DCA,IND,172,9.0,500.0
2026,7,DCA,JAN,27,4.0,860.0
2026,7,DCA,JAX,118,10.0,634.0
2026,7,DCA,JFK,209,32.0,213.0
2026,7,DCA,LAN,26,4.0,479.0
2026,7,DCA,LAS,61,1.0,2089.0
2026,7,DCA,LAX,121,5.0,2311.0
2026,7,DCA,LEX,27,3.0,414.0
2026,7,DCA,LGA,418,65.0,214.0
2026,7,DCA,LIT,31,1.0,888.0
2026,7,DCA,MCI,168,15.0,949.0
2026,7,DCA,MCO,386,31.0,759.0
2026,7,DCA,MDW,176,10.0,601.0
2026,7,DCA,MEM,88,9.0,762.0
2026,7,DCA,MGM,27,1.0,693.0
2026,7,DCA,MHT,89,10.0,406.0
2026,7,DCA,MIA,328,13.0,919.0
2026,7,DCA,MKE,118,14.0,634.0
2026,7,DCA,MSN,110,12.0,707.0
2026,7,DCA,MSP,229,14.0,931.0
2026,7,DCA,MSY,146,16.0,969.0
2026,7,DCA,MVY,87,5.0,383.0
2026,7,DCA,MYR,65,2.0,372.0
2026,7,DCA,OKC,60,5.0,1158.0
2026,7,DCA,OMA,57,3.0,1012.0
2026,7,DCA,ORD,646,40.0,612.0
2026,7,DCA,ORF,87,7.0,142.0
2026,7,DCA,PBI,122,11.0,857.0
2026,7,DCA,PDX,30,0.0,2350.0
2026,7,DCA,PHL,60,5.0,120.0
2026,7,DCA,PHX,91,3.0,1979.0
2026,7,DCA,PIT,115,10.0,204.0
2026,7,DCA,PNS,91,8.0,816.0
2026,7,DCA,PVD,201,27.0,356.0
2026,7,DCA,PWM,94,11.0,482.0
2026,7,DCA,RDU,164,17.0,227.0
2026,7,DCA,ROC,88,12.0,296.0
2026,7,DCA,RSW,60,4.0,892.0
2026,7,DCA,SAN,31,0.0,2276.0
2026,7,DCA,SAT,30,2.0,1380.0
2026,7,DCA,SAV,89,10.0,519.0
2026,7,DCA,SDF,88,8.0,474.0
2026,7,DCA,SEA,91,1.0,2329.0
2026,7,DCA,SFO,90,1.0,2442.0
2026,7,DCA,SJU,30,2.0,1554.0
2026,7,DCA,SLC,30,1.0,1851.0
2026,7,DCA,SRQ,31,0.0,851.0
2026,7,DCA,STL,200,13.0,719.0
2026,7,DCA,SYR,88,6.0,298.0
2026,7,DCA,TLH,31,8.0,716.0
2026,7,DCA,TPA,176,10.0,814.0
2026,7,DCA,TUL,30,1.0,1050.0
2026,7,DCA,TVC,34,1.0,599.0
2026,7,DCA,TYS,90,6.0,437.0
2026,7,DCA,VPS,30,1.0,789.0
2026,7,DCA,XNA,31,3.0,963.0
2026,7,DDC,DEN,54,2.0,292.0
2026,7,DEC,ORD,54,4.0,156.0
2026,7,DEN,ABE,9,0.0,1539.0
2026,7,DEN,ABI,62,0.0,584.0
2026,7,DEN,ABQ,313,1.0,349.0
2026,7,DEN,ACV,31,0.0,1026.0
2026,7,DEN,ALB,62,0.0,1610.0
2026,7,DEN,AMA,58,0.0,359.0
2026,7,DEN,ANC,158,0.0,2405.0
2026,7,DEN,ASE,254,14.0,125.0
2026,7,DEN,ATL,531,7.0,1199.0
2026,7,DEN,ATW,40,0.0,883.0
2026,7,DEN,ATY,31,0.0,519.0
2026,7,DEN,AUS,530,5.0,775.0
2026,7,DEN,AVL,49,1.0,1248.0
2026,7,DEN,BDL,61,0.0,1671.0
2026,7,DEN,BFF,53,1.0,150.0
2026,7,DEN,BFL,61,0.0,845.0
2026,7,DEN,BGR,4,0.0,1852.0
2026,7,DEN,BHM,119,1.0,1083.0
2026,7,DEN,BIL,179,1.0,455.0
2026,7,DEN,BIS,118,0.0,516.0
2026,7,DEN,BNA,353,0.0,1013.0
2026,7,DEN,BOI,259,1.0,649.0
2026,7,DEN,BOS,396,12.0,1754.0
2026,7,DEN,BTM,31,0.0,578.0
2026,7,DEN,BTV,31,0.0,1639.0
2026,7,DEN,BUF,69,0.0,1359.0
2026,7,DEN,BUR,175,0.0,850.0
2026,7,DEN,BWI,264,2.0,1491.0
2026,7,DEN,BZN,265,1.0,524.0
2026,7,DEN,CHA,4,0.0,1118.0
2026,7,DEN,CHS,61,0.0,1449.0
2026,7,DEN,CID,130,0.0,692.0
2026,7,DEN,CLD,61,0.0,840.0
2026,7,DEN,CLE,185,2.0,1201.0
2026,7,DEN,CLT,228,1.0,1337.0
2026,7,DEN,CMH,164,1.0,1154.0
2026,7,DEN,COD,124,0.0,391.0
2026,7,DEN,COS,435,2.0,73.0
2026,7,DEN,COU,31,0.0,671.0
2026,7,DEN,CPR,240,1.0,230.0
2026,7,DEN,CRP,9,0.0,930.0
2026,7,DEN,CVG,131,2.0,1069.0
2026,7,DEN,CYS,62,0.0,90.0
2026,7,DEN,DAL,273,2.0,651.0
2026,7,DEN,DAY,31,0.0,1085.0
2026,7,DEN,DCA,110,0.0,1476.0
2026,7,DEN,DDC,54,2.0,292.0
2026,7,DEN,DFW,547,6.0,641.0
2026,7,DEN,DIK,54,0.0,488.0
2026,7,DEN,DRO,179,0.0,251.0
2026,7,DEN,DSM,225,0.0,589.0
2026,7,DEN,DTW,293,1.0,1123.0
2026,7,DEN,DVL,54,1.0,638.0
2026,7,DEN,EAR,53,0.0,305.0
2026,7,DEN,ECP,38,0.0,1250.0
2026,7,DEN,EGE,92,0.0,120.0
2026,7,DEN,ELP,182,1.0,563.0
2026,7,DEN,EUG,124,1.0,996.0
2026,7,DEN,EWR,306,11.0,1605.0
2026,7,DEN,FAI,31,0.0,2430.0
2026,7,DEN,FAR,140,0.0,627.0
2026,7,DEN,FAT,123,0.0,844.0
2026,7,DEN,FCA,71,0.0,752.0
2026,7,DEN,FLL,100,0.0,1703.0
2026,7,DEN,FMN,31,0.0,289.0
2026,7,DEN,FOD,31,0.0,576.0
2026,7,DEN,FSD,185,1.0,483.0
2026,7,DEN,GCC,78,0.0,313.0
2026,7,DEN,GEG,187,1.0,836.0
2026,7,DEN,GJT,210,0.0,212.0
2026,7,DEN,GRR,118,1.0,1015.0
2026,7,DEN,GSP,30,0.0,1278.0
2026,7,DEN,GTF,61,0.0,623.0
2026,7,DEN,GUC,92,0.0,152.0
2026,7,DEN,HDN,123,1.0,141.0
2026,7,DEN,HLN,61,0.0,594.0
2026,7,DEN,HNL,62,0.0,3365.0
2026,7,DEN,HOB,30,0.0,501.0
2026,7,DEN,HOU,212,2.0,883.0
2026,7,DEN,HSV,61,1.0,1048.0
2026,7,DEN,HYS,54,1.0,298.0
2026,7,DEN,IAD,266,1.0,1452.0
2026,7,DEN,IAH,444,3.0,861.0
2026,7,DEN,ICT,233,0.0,420.0
2026,7,DEN,IDA,153,0.0,458.0
2026,7,DEN,ILM,4,0.0,1522.0
2026,7,DEN,IND,242,1.0,976.0
2026,7,DEN,JAC,153,0.0,406.0
2026,7,DEN,JAX,87,0.0,1446.0
2026,7,DEN,JFK,141,17.0,1626.0
2026,7,DEN,JLN,23,1.0,582.0
2026,7,DEN,JMS,54,0.0,573.0
2026,7,DEN,KOA,31,0.0,3329.0
2026,7,DEN,LAR,54,1.0,113.0
2026,7,DEN,LAS,586,2.0,628.0
2026,7,DEN,LAX,666,4.0,862.0
2026,7,DEN,LBB,88,2.0,456.0
2026,7,DEN,LBF,53,0.0,227.0
2026,7,DEN,LBL,54,0.0,280.0
2026,7,DEN,LEX,31,1.0,1086.0
2026,7,DEN,LGA,404,22.0,1620.0
2026,7,DEN,LGB,92,3.0,854.0
2026,7,DEN,LIH,31,0.0,3414.0
2026,7,DEN,LIT,135,0.0,771.0
2026,7,DEN,LNK,149,0.0,423.0
2026,7,DEN,MAF,156,1.0,563.0
2026,7,DEN,MCI,439,1.0,533.0
2026,7,DEN,MCO,397,4.0,1547.0
2026,7,DEN,MDW,212,1.0,895.0
2026,7,DEN,MEM,133,0.0,872.0
2026,7,DEN,MFR,61,1.0,964.0
2026,7,DEN,MIA,185,0.0,1709.0
2026,7,DEN,MKE,248,1.0,896.0
2026,7,DEN,MLI,30,0.0,751.0
2026,7,DEN,MOT,119,1.0,604.0
2026,7,DEN,MRY,61,0.0,959.0
2026,7,DEN,MSN,126,0.0,826.0
2026,7,DEN,MSO,122,0.0,679.0
2026,7,DEN,MSP,567,1.0,680.0
2026,7,DEN,MSY,167,3.0,1062.0
2026,7,DEN,MTJ,123,0.0,197.0
2026,7,DEN,MYR,34,0.0,1484.0
2026,7,DEN,OAK,154,2.0,957.0
2026,7,DEN,OGG,31,0.0,3302.0
2026,7,DEN,OKC,292,0.0,495.0
2026,7,DEN,OMA,336,1.0,472.0
2026,7,DEN,ONT,243,0.0,819.0
2026,7,DEN,ORD,553,19.0,888.0
2026,7,DEN,ORF,83,1.0,1553.0
2026,7,DEN,OTH,31,0.0,1040.0
2026,7,DEN,PDX,457,1.0,991.0
2026,7,DEN,PHL,344,8.0,1558.0
2026,7,DEN,PHX,701,9.0,602.0
2026,7,DEN,PIA,39,0.0,793.0
2026,7,DEN,PIR,53,1.0,385.0
2026,7,DEN,PIT,146,0.0,1290.0
2026,7,DEN,PNS,78,0.0,1179.0
2026,7,DEN,PRC,54,0.0,558.0
2026,7,DEN,PSC,61,0.0,853.0
2026,7,DEN,PSP,91,0.0,776.0
2026,7,DEN,PWM,30,0.0,1782.0
2026,7,DEN,RAP,254,0.0,301.0
2026,7,DEN,RDD,31,0.0,932.0
2026,7,DEN,RDM,61,0.0,898.0
2026,7,DEN,RDU,157,1.0,1436.0
2026,7,DEN,RIC,97,0.0,1481.0
2026,7,DEN,RIW,62,1.0,296.0
2026,7,DEN,RKS,62,0.0,260.0
2026,7,DEN,RNO,208,1.0,804.0
2026,7,DEN,ROW,62,0.0,452.0
2026,7,DEN,RSW,83,0.0,1607.0
2026,7,DEN,SAF,153,0.0,303.0
2026,7,DEN,SAN,544,5.0,853.0
2026,7,DEN,SAT,291,1.0,794.0
2026,7,DEN,SAV,34,0.0,1414.0
2026,7,DEN,SBA,88,2.0,916.0
2026,7,DEN,SBP,62,1.0,931.0
2026,7,DEN,SDF,91,0.0,1024.0
2026,7,DEN,SEA,678,3.0,1024.0
2026,7,DEN,SFO,514,2.0,967.0
2026,7,DEN,SGF,140,0.0,637.0
2026,7,DEN,SGU,80,0.0,517.0
2026,7,DEN,SHR,62,1.0,359.0
2026,7,DEN,SHV,61,0.0,792.0
2026,7,DEN,SJC,231,1.0,948.0
2026,7,DEN,SJU,31,0.0,2733.0
2026,7,DEN,SLC,662,2.0,391.0
2026,7,DEN,SLN,31,0.0,383.0
2026,7,DEN,SMF,395,3.0,909.0
2026,7,DEN,SNA,336,1.0,846.0
2026,7,DEN,SRQ,4,0.0,1531.0
2026,7,DEN,STL,385,3.0,770.0
2026,7,DEN,STS,4,0.0,977.0
2026,7,DEN,SUN,61,0.0,557.0
2026,7,DEN,SUX,49,0.0,466.0
2026,7,DEN,SYR,61,0.0,1492.0
2026,7,DEN,TPA,276,3.0,1506.0
2026,7,DEN,TUL,236,3.0,541.0
2026,7,DEN,TUS,138,1.0,639.0
2026,7,DEN,TVC,39,0.0,1032.0
2026,7,DEN,TYS,114,0.0,1162.0
2026,7,DEN,VPS,13,0.0,1210.0
2026,7,DEN,WYS,44,0.0,469.0
2026,7,DEN,XNA,139,0.0,616.0
2026,7,DEN,XWA,111,1.0,582.0
2026,7,DFW,ABI,150,0.0,158.0
2026,7,DFW,ABQ,230,1.0,569.0
2026,7,DFW,ACT,92,0.0,90.0
2026,7,DFW,AEX,92,0.0,285.0
2026,7,DFW,AGS,64,1.0,874.0
2026,7,DFW,ALB,31,1.0,1434.0
2026,7,DFW,AMA,215,2.0,312.0
2026,7,DFW,ANC,62,0.0,3043.0
2026,7,DFW,ASE,123,0.0,701.0
2026,7,DFW,ATL,578,6.0,731.0
2026,7,DFW,ATW,54,0.0,908.0
2026,7,DFW,AUS,414,5.0,190.0
2026,7,DFW,AVL,61,0.0,848.0
2026,7,DFW,BDL,59,0.0,1471.0
2026,7,DFW,BFL,31,0.0,1271.0
2026,7,DFW,BHM,207,3.0,597.0
2026,7,DFW,BIL,62,1.0,1081.0
2026,7,DFW,BIS,62,1.0,977.0
2026,7,DFW,BMI,60,0.0,690.0
2026,7,DFW,BNA,325,7.0,631.0
2026,7,DFW,BOI,91,0.0,1272.0
2026,7,DFW,BOS,335,11.0,1562.0
2026,7,DFW,BPT,64,0.0,270.0
2026,7,DFW,BRO,109,0.0,482.0
2026,7,DFW,BTR,171,1.0,383.0
2026,7,DFW,BUF,70,1.0,1212.0
2026,7,DFW,BUR,61,0.0,1231.0
2026,7,DFW,BWI,150,5.0,1217.0
2026,7,DFW,BZN,95,0.0,1163.0
2026,7,DFW,CAE,90,0.0,922.0
2026,7,DFW,CHA,119,1.0,695.0
2026,7,DFW,CHS,125,0.0,987.0
2026,7,DFW,CID,121,0.0,685.0
2026,7,DFW,CLE,137,0.0,1021.0
2026,7,DFW,CLL,92,0.0,164.0
2026,7,DFW,CLT,334,3.0,935.0
2026,7,DFW,CMH,152,0.0,926.0
2026,7,DFW,CMI,58,0.0,692.0
2026,7,DFW,COS,184,0.0,592.0
2026,7,DFW,COU,116,2.0,490.0
2026,7,DFW,CRP,261,1.0,355.0
2026,7,DFW,CVG,140,1.0,812.0
2026,7,DFW,DAY,115,1.0,861.0
2026,7,DFW,DCA,271,14.0,1192.0
2026,7,DFW,DEN,547,4.0,641.0
2026,7,DFW,DRO,158,0.0,674.0
2026,7,DFW,DSM,120,1.0,624.0
2026,7,DFW,DTW,318,7.0,986.0
2026,7,DFW,ECP,173,1.0,685.0
2026,7,DFW,EGE,93,0.0,721.0
2026,7,DFW,ELP,233,1.0,551.0
2026,7,DFW,EVV,92,0.0,642.0
2026,7,DFW,EWR,325,15.0,1372.0
2026,7,DFW,EYW,31,0.0,1089.0
2026,7,DFW,FAR,92,0.0,967.0
2026,7,DFW,FAT,149,0.0,1313.0
2026,7,DFW,FCA,38,0.0,1390.0
2026,7,DFW,FLG,31,1.0,853.0
2026,7,DFW,FLL,312,8.0,1119.0
2026,7,DFW,FSD,92,1.0,737.0
2026,7,DFW,FSM,117,0.0,227.0
2026,7,DFW,FWA,89,1.0,859.0
2026,7,DFW,GCK,61,0.0,404.0
2026,7,DFW,GEG,61,0.0,1477.0
2026,7,DFW,GGG,61,1.0,140.0
2026,7,DFW,GJT,92,0.0,772.0
2026,7,DFW,GNV,54,0.0,900.0
2026,7,DFW,GPT,90,1.0,500.0
2026,7,DFW,GRI,57,0.0,562.0
2026,7,DFW,GRK,185,2.0,134.0
2026,7,DFW,GRR,92,0.0,931.0
2026,7,DFW,GSO,89,0.0,999.0
2026,7,DFW,GSP,120,1.0,862.0
2026,7,DFW,GTR,31,0.0,491.0
2026,7,DFW,GUC,31,0.0,678.0
2026,7,DFW,HNL,62,0.0,3784.0
2026,7,DFW,HOU,163,5.0,247.0
2026,7,DFW,HRL,110,1.0,461.0
2026,7,DFW,HSV,206,1.0,603.0
2026,7,DFW,IAD,196,2.0,1172.0
2026,7,DFW,IAH,482,3.0,224.0
2026,7,DFW,ICT,206,3.0,328.0
2026,7,DFW,IDA,62,0.0,1095.0
2026,7,DFW,ILM,61,0.0,1106.0
2026,7,DFW,IND,191,3.0,761.0
2026,7,DFW,JAC,100,0.0,1047.0
2026,7,DFW,JAN,171,1.0,408.0
2026,7,DFW,JAX,183,2.0,917.0
2026,7,DFW,JFK,187,13.0,1391.0
2026,7,DFW,LAS,402,4.0,1055.0
2026,7,DFW,LAW,92,1.0,140.0
2026,7,DFW,LAX,561,7.0,1235.0
2026,7,DFW,LBB,227,2.0,282.0
2026,7,DFW,LCH,90,0.0,295.0
2026,7,DFW,LEX,120,2.0,785.0
2026,7,DFW,LFT,144,1.0,351.0
2026,7,DFW,LGA,548,41.0,1389.0
2026,7,DFW,LIT,230,1.0,304.0
2026,7,DFW,LNK,62,0.0,549.0
2026,7,DFW,LRD,132,1.0,396.0
2026,7,DFW,MAF,253,7.0,309.0
2026,7,DFW,MCI,229,1.0,460.0
2026,7,DFW,MCO,438,4.0,985.0
2026,7,DFW,MDT,31,0.0,1231.0
2026,7,DFW,MDW,30,1.0,797.0
2026,7,DFW,MEM,202,1.0,431.0
2026,7,DFW,MFE,213,3.0,469.0
2026,7,DFW,MGM,89,7.0,622.0
2026,7,DFW,MHK,92,1.0,431.0
2026,7,DFW,MIA,403,1.0,1121.0
2026,7,DFW,MKE,90,2.0,853.0
2026,7,DFW,MLI,91,0.0,691.0
2026,7,DFW,MLU,123,1.0,293.0
2026,7,DFW,MOB,86,1.0,539.0
2026,7,DFW,MRY,31,0.0,1430.0
2026,7,DFW,MSN,92,0.0,821.0
2026,7,DFW,MSO,61,0.0,1320.0
2026,7,DFW,MSP,314,2.0,852.0
2026,7,DFW,MSY,258,0.0,448.0
2026,7,DFW,MTJ,62,0.0,722.0
2026,7,DFW,MYR,61,0.0,1048.0
2026,7,DFW,OGG,40,0.0,3710.0
2026,7,DFW,OKC,300,2.0,175.0
2026,7,DFW,OMA,138,1.0,583.0
2026,7,DFW,ONT,214,0.0,1188.0
2026,7,DFW,ORD,692,15.0,802.0
2026,7,DFW,ORF,90,0.0,1212.0
2026,7,DFW,PBI,90,1.0,1102.0
2026,7,DFW,PDX,199,0.0,1616.0
2026,7,DFW,PHL,341,15.0,1303.0
2026,7,DFW,PHX,479,7.0,868.0
2026,7,DFW,PIA,89,2.0,672.0
2026,7,DFW,PIT,152,0.0,1067.0
2026,7,DFW,PNS,208,1.0,604.0
2026,7,DFW,PSP,62,1.0,1126.0
2026,7,DFW,PVU,62,0.0,958.0
2026,7,DFW,PWM,30,0.0,1622.0
2026,7,DFW,RAP,119,0.0,835.0
2026,7,DFW,RDU,190,1.0,1061.0
2026,7,DFW,RIC,90,0.0,1158.0
2026,7,DFW,RNO,120,1.0,1345.0
2026,7,DFW,ROA,31,1.0,1012.0
2026,7,DFW,ROW,92,0.0,435.0
2026,7,DFW,RSW,122,1.0,1017.0
2026,7,DFW,SAF,162,0.0,551.0
2026,7,DFW,SAN,397,2.0,1171.0
2026,7,DFW,SAT,389,3.0,247.0
2026,7,DFW,SAV,93,1.0,925.0
2026,7,DFW,SBA,31,0.0,1316.0
2026,7,DFW,SBN,92,0.0,846.0
2026,7,DFW,SBP,30,0.0,1360.0
2026,7,DFW,SDF,178,1.0,733.0
2026,7,DFW,SEA,502,1.0,1660.0
2026,7,DFW,SFO,422,9.0,1464.0
2026,7,DFW,SGF,271,1.0,364.0
2026,7,DFW,SGU,49,0.0,976.0
2026,7,DFW,SHV,203,5.0,190.0
2026,7,DFW,SJC,93,0.0,1438.0
2026,7,DFW,SJT,92,0.0,229.0
2026,7,DFW,SJU,92,4.0,2165.0
2026,7,DFW,SLC,327,5.0,989.0
2026,7,DFW,SMF,149,1.0,1431.0
2026,7,DFW,SNA,281,1.0,1205.0
2026,7,DFW,SPS,62,0.0,113.0
2026,7,DFW,SRQ,31,0.0,945.0
2026,7,DFW,STL,222,4.0,550.0
2026,7,DFW,STS,30,0.0,1495.0
2026,7,DFW,STT,25,0.0,2225.0
2026,7,DFW,SWO,62,0.0,225.0
2026,7,DFW,SYR,31,0.0,1336.0
2026,7,DFW,TLH,90,2.0,767.0
2026,7,DFW,TPA,272,4.0,929.0
2026,7,DFW,TRI,60,2.0,868.0
2026,7,DFW,TUL,241,2.0,237.0
2026,7,DFW,TUS,152,0.0,813.0
2026,7,DFW,TVC,42,0.0,1022.0
2026,7,DFW,TXK,62,0.0,181.0
2026,7,DFW,TYR,92,0.0,102.0
2026,7,DFW,TYS,175,2.0,772.0
2026,7,DFW,VPS,128,1.0,641.0
2026,7,DFW,XNA,308,4.0,280.0
2026,7,DFW,YUM,31,0.0,1022.0
2026,7,DIK,DEN,54,0.0,488.0
2026,7,DLG,ANC,31,2.0,329.0
2026,7,DLH,MSP,124,5.0,144.0
2026,7,DLH,ORD,120,10.0,397.0
2026,7,DRO,DEN,178,2.0,251.0
2026,7,DRO,DFW,158,0.0,674.0
2026,7,DRO,IAH,27,1.0,869.0
2026,7,DRO,PHX,91,0.0,352.0
2026,7,DSM,ATL,117,3.0,743.0
2026,7,DSM,AUS,9,0.0,813.0
2026,7,DSM,AZA,14,0.0,1137.0
2026,7,DSM,BNA,20,0.0,530.0
2026,7,DSM,BOS,9,0.0,1165.0
2026,7,DSM,BUR,9,0.0,1436.0
2026,7,DSM,CLT,61,2.0,815.0
2026,7,DSM,DCA,61,3.0,897.0
2026,7,DSM,DEN,225,0.0,589.0
2026,7,DSM,DFW,120,1.0,624.0
2026,7,DSM,EWR,9,0.0,1017.0
2026,7,DSM,FLL,9,0.0,1316.0
2026,7,DSM,GUF,9,0.0,844.0
2026,7,DSM,HOU,9,0.0,825.0
2026,7,DSM,IAH,30,0.0,802.0
2026,7,DSM,JAX,9,0.0,1012.0
2026,7,DSM,LAS,54,0.0,1216.0
2026,7,DSM,LAX,31,0.0,1447.0
2026,7,DSM,LGA,27,1.0,1031.0
2026,7,DSM,MDW,62,1.0,306.0
2026,7,DSM,MIA,4,0.0,1327.0
2026,7,DSM,ORD,302,18.0,299.0
2026,7,DSM,PDX,13,0.0,1471.0
2026,7,DSM,PGD,13,0.0,1206.0
2026,7,DSM,PHL,71,7.0,973.0
2026,7,DSM,PHX,61,1.0,1149.0
2026,7,DSM,PIE,18,0.0,1126.0
2026,7,DSM,SFB,17,0.0,1124.0
2026,7,DSM,SNA,9,0.0,1428.0
2026,7,DSM,SRQ,4,0.0,1160.0
2026,7,DSM,VPS,9,0.0,860.0
2026,7,DTW,ALB,84,0.0,489.0
2026,7,DTW,ANC,31,1.0,2986.0
2026,7,DTW,APN,55,0.0,198.0
2026,7,DTW,ATL,419,1.0,594.0
2026,7,DTW,ATW,93,1.0,296.0
2026,7,DTW,AUS,118,4.0,1149.0
2026,7,DTW,AZO,120,6.0,113.0
2026,7,DTW,BDL,117,5.0,549.0
2026,7,DTW,BGM,31,0.0,378.0
2026,7,DTW,BGR,7,0.0,750.0
2026,7,DTW,BHM,62,1.0,625.0
2026,7,DTW,BNA,212,4.0,456.0
2026,7,DTW,BOS,242,17.0,632.0
2026,7,DTW,BTV,30,0.0,537.0
2026,7,DTW,BUF,150,1.0,241.0
2026,7,DTW,BWI,210,6.0,409.0
2026,7,DTW,BZN,7,0.0,1400.0
2026,7,DTW,CHS,22,0.0,667.0
2026,7,DTW,CIU,31,1.0,285.0
2026,7,DTW,CLE,127,1.0,95.0
2026,7,DTW,CLT,287,6.0,500.0
2026,7,DTW,CMH,178,2.0,155.0
2026,7,DTW,DCA,236,21.0,405.0
2026,7,DTW,DEN,294,0.0,1123.0
2026,7,DTW,DFW,318,8.0,986.0
2026,7,DTW,ELM,92,0.0,331.0
2026,7,DTW,ESC,31,2.0,306.0
2026,7,DTW,EWR,296,33.0,488.0
2026,7,DTW,FLL,195,10.0,1127.0
2026,7,DTW,FWA,37,0.0,128.0
2026,7,DTW,GRB,65,0.0,287.0
2026,7,DTW,GRR,96,0.0,120.0
2026,7,DTW,GSP,31,1.0,508.0
2026,7,DTW,HNL,31,1.0,4475.0
2026,7,DTW,IAD,123,1.0,383.0
2026,7,DTW,IAH,175,1.0,1075.0
2026,7,DTW,IMT,31,0.0,344.0
2026,7,DTW,IND,85,0.0,231.0
2026,7,DTW,JAX,58,3.0,813.0
2026,7,DTW,JFK,120,16.0,509.0
2026,7,DTW,LAN,62,0.0,74.0
2026,7,DTW,LAS,198,1.0,1749.0
2026,7,DTW,LAX,184,1.0,1979.0
2026,7,DTW,LEX,59,0.0,296.0
2026,7,DTW,LGA,263,26.0,502.0
2026,7,DTW,MBS,117,0.0,98.0
2026,7,DTW,MCI,117,1.0,629.0
2026,7,DTW,MCO,268,3.0,957.0
2026,7,DTW,MDT,30,0.0,371.0
2026,7,DTW,MDW,89,1.0,228.0
2026,7,DTW,MEM,89,1.0,610.0
2026,7,DTW,MIA,98,1.0,1145.0
2026,7,DTW,MKE,123,3.0,237.0
2026,7,DTW,MQT,31,1.0,349.0
2026,7,DTW,MSN,81,0.0,311.0
2026,7,DTW,MSP,182,1.0,528.0
2026,7,DTW,MSY,54,2.0,926.0
2026,7,DTW,MYR,31,1.0,636.0
2026,7,DTW,OMA,120,0.0,650.0
2026,7,DTW,ORD,533,25.0,235.0
2026,7,DTW,ORF,62,0.0,529.0
2026,7,DTW,PBI,31,0.0,1086.0
2026,7,DTW,PDX,46,1.0,1953.0
2026,7,DTW,PHL,282,19.0,453.0
2026,7,DTW,PHX,209,1.0,1671.0
2026,7,DTW,PIT,88,0.0,201.0
2026,7,DTW,PLN,61,0.0,243.0
2026,7,DTW,PNS,7,0.0,837.0
2026,7,DTW,PVD,92,0.0,615.0
2026,7,DTW,PWM,62,2.0,668.0
2026,7,DTW,RDU,117,6.0,501.0
2026,7,DTW,RIC,61,0.0,455.0
2026,7,DTW,ROC,58,0.0,296.0
2026,7,DTW,RSW,69,1.0,1084.0
2026,7,DTW,SAN,109,0.0,1956.0
2026,7,DTW,SAT,85,2.0,1214.0
2026,7,DTW,SAV,62,1.0,705.0
2026,7,DTW,SBN,62,0.0,157.0
2026,7,DTW,SDF,62,1.0,306.0
2026,7,DTW,SEA,216,2.0,1927.0
2026,7,DTW,SFO,187,0.0,2079.0
2026,7,DTW,SJU,31,0.0,1930.0
2026,7,DTW,SLC,151,0.0,1481.0
2026,7,DTW,SNA,27,1.0,1960.0
2026,7,DTW,STL,177,2.0,440.0
2026,7,DTW,SYR,120,0.0,374.0
2026,7,DTW,TPA,140,1.0,983.0
2026,7,DTW,TVC,98,1.0,207.0
2026,7,DTW,TYS,1,0.0,443.0
2026,7,DVL,DEN,54,1.0,638.0
2026,7,EAR,DEN,53,0.0,305.0
2026,7,EAR,ORD,31,0.0,583.0
2026,7,EAU,ORD,54,2.0,269.0
2026,7,ECP,ATL,225,5.0,240.0
2026,7,ECP,AUS,65,0.0,710.0
2026,7,ECP,BNA,99,0.0,401.0
2026,7,ECP,BWI,4,0.0,798.0
2026,7,ECP,CLT,113,3.0,437.0
2026,7,ECP,CMH,8,0.0,684.0
2026,7,ECP,DAL,93,1.0,674.0
2026,7,ECP,DCA,37,4.0,769.0
2026,7,ECP,DEN,38,0.0,1250.0
2026,7,ECP,DFW,173,4.0,685.0
2026,7,ECP,HOU,50,0.0,570.0
2026,7,ECP,IND,11,0.0,646.0
2026,7,ECP,MCI,26,0.0,797.0
2026,7,ECP,MDW,22,0.0,795.0
2026,7,ECP,ORD,93,4.0,810.0
2026,7,ECP,PHL,31,1.0,886.0
2026,7,ECP,STL,45,0.0,634.0
2026,7,EGE,DEN,92,1.0,120.0
2026,7,EGE,DFW,93,0.0,721.0
2026,7,EGE,IAH,8,0.0,934.0
2026,7,EGE,ORD,8,1.0,1007.0
2026,7,EKO,SLC,51,0.0,200.0
2026,7,ELM,DTW,92,0.0,331.0
2026,7,ELM,MYR,9,0.0,595.0
2026,7,ELM,PIE,13,0.0,1035.0
2026,7,ELM,SFB,18,0.0,954.0
2026,7,ELP,ATL,61,2.0,1282.0
2026,7,ELP,AUS,98,0.0,528.0
2026,7,ELP,DAL,150,0.0,562.0
2026,7,ELP,DEN,182,0.0,563.0
2026,7,ELP,DFW,232,1.0,551.0
2026,7,ELP,HOU,84,0.0,677.0
2026,7,ELP,LAS,127,0.0,584.0
2026,7,ELP,LAX,107,0.0,715.0
2026,7,ELP,MCO,8,0.0,1516.0
2026,7,ELP,MDW,31,0.0,1237.0
2026,7,ELP,ORD,62,3.0,1236.0
2026,7,ELP,PHX,207,1.0,347.0
2026,7,ELP,SAN,31,0.0,636.0
2026,7,ELP,SAT,66,0.0,496.0
2026,7,ERI,ORD,31,2.0,398.0
2026,7,ESC,DTW,31,2.0,306.0
2026,7,ESC,MSP,24,1.0,304.0
2026,7,EUG,AZA,11,0.0,971.0
2026,7,EUG,BUR,31,0.0,732.0
2026,7,EUG,DEN,124,0.0,996.0
2026,7,EUG,LAS,40,0.0,700.0
2026,7,EUG,LAX,31,0.0,748.0
2026,7,EUG,ORD,31,1.0,1780.0
2026,7,EUG,PDX,49,0.0,105.0
2026,7,EUG,PHX,60,0.0,952.0
2026,7,EUG,SAN,93,0.0,850.0
2026,7,EUG,SEA,163,1.0,234.0
2026,7,EUG,SFO,89,2.0,451.0
2026,7,EUG,SJC,30,0.0,471.0
2026,7,EUG,SLC,92,0.0,618.0
2026,7,EUG,SMF,31,0.0,384.0
2026,7,EUG,SNA,9,0.0,776.0
2026,7,EVV,DFW,92,0.0,642.0
2026,7,EVV,ORD,62,6.0,272.0
2026,7,EVV,PIE,9,0.0,752.0
2026,7,EVV,SFB,11,0.0,734.0
2026,7,EVV,VPS,9,0.0,524.0
2026,7,EWR,ANC,31,3.0,3370.0
2026,7,EWR,ATL,520,47.0,746.0
2026,7,EWR,ATW,9,0.0,772.0
2026,7,EWR,AUS,150,13.0,1504.0
2026,7,EWR,AVL,13,0.0,583.0
2026,7,EWR,BGR,92,14.0,393.0
2026,7,EWR,BNA,176,13.0,748.0
2026,7,EWR,BOS,291,23.0,200.0
2026,7,EWR,BQN,31,1.0,1585.0
2026,7,EWR,BTV,45,1.0,266.0
2026,7,EWR,BUF,72,11.0,282.0
2026,7,EWR,BZN,62,3.0,1882.0
2026,7,EWR,CHS,92,5.0,628.0
2026,7,EWR,CLE,177,20.0,404.0
2026,7,EWR,CLT,279,24.0,529.0
2026,7,EWR,CMH,177,19.0,463.0
2026,7,EWR,CVG,127,16.0,569.0
2026,7,EWR,DEN,306,13.0,1605.0
2026,7,EWR,DFW,327,15.0,1372.0
2026,7,EWR,DSM,10,1.0,1017.0
2026,7,EWR,DTW,296,35.0,488.0
2026,7,EWR,EYW,31,0.0,1196.0
2026,7,EWR,FCA,4,0.0,2024.0
2026,7,EWR,FLL,302,27.0,1065.0
2026,7,EWR,GRR,101,13.0,605.0
2026,7,EWR,GSO,8,1.0,445.0
2026,7,EWR,GSP,93,16.0,594.0
2026,7,EWR,HHH,31,3.0,687.0
2026,7,EWR,IAD,156,17.0,212.0
2026,7,EWR,IAH,310,13.0,1400.0
2026,7,EWR,ILM,61,9.0,488.0
2026,7,EWR,IND,180,18.0,645.0
2026,7,EWR,JAC,31,6.0,1874.0
2026,7,EWR,JAX,123,10.0,820.0
2026,7,EWR,LAS,198,9.0,2227.0
2026,7,EWR,LAX,403,18.0,2454.0
2026,7,EWR,MCI,62,3.0,1092.0
2026,7,EWR,MCO,385,32.0,937.0
2026,7,EWR,MEM,62,12.0,946.0
2026,7,EWR,MIA,269,20.0,1085.0
2026,7,EWR,MKE,89,12.0,725.0
2026,7,EWR,MSN,61,8.0,799.0
2026,7,EWR,MSP,196,18.0,1008.0
2026,7,EWR,MSY,80,3.0,1167.0
2026,7,EWR,MYR,61,4.0,550.0
2026,7,EWR,ORD,525,51.0,719.0
2026,7,EWR,ORF,112,18.0,284.0
2026,7,EWR,PBI,215,16.0,1024.0
2026,7,EWR,PDX,122,6.0,2434.0
2026,7,EWR,PHX,206,13.0,2133.0
2026,7,EWR,PIT,122,17.0,319.0
2026,7,EWR,PWM,119,19.0,284.0
2026,7,EWR,RDU,154,15.0,416.0
2026,7,EWR,RIC,62,8.0,277.0
2026,7,EWR,ROC,60,11.0,246.0
2026,7,EWR,RSW,92,5.0,1068.0
2026,7,EWR,SAN,153,10.0,2425.0
2026,7,EWR,SAT,54,2.0,1569.0
2026,7,EWR,SAV,61,4.0,708.0
2026,7,EWR,SDF,92,11.0,642.0
2026,7,EWR,SEA,246,13.0,2402.0
2026,7,EWR,SFO,367,17.0,2565.0
2026,7,EWR,SJU,183,11.0,1608.0
2026,7,EWR,SLC,91,3.0,1969.0
2026,7,EWR,SMF,31,3.0,2500.0
2026,7,EWR,SNA,92,5.0,2433.0
2026,7,EWR,SRQ,62,3.0,1034.0
2026,7,EWR,STL,92,12.0,872.0
2026,7,EWR,STT,8,0.0,1634.0
2026,7,EWR,TPA,161,6.0,997.0
2026,7,EWR,TVC,31,2.0,644.0
2026,7,EWR,TYS,13,0.0,631.0
2026,7,EWR,VPS,10,0.0,988.0
2026,7,EYW,ATL,126,2.0,646.0
2026,7,EYW,AVL,9,0.0,751.0
2026,7,EYW,CLT,89,0.0,736.0
2026,7,EYW,CVG,9,0.0,1013.0
2026,7,EYW,DCA,37,2.0,1023.0
2026,7,EYW,DFW,31,0.0,1089.0
2026,7,EYW,EWR,31,1.0,1196.0
2026,7,EYW,IND,9,0.0,1078.0
2026,7,EYW,LCK,9,0.0,1054.0
2026,7,EYW,MIA,93,0.0,126.0
2026,7,EYW,ORD,62,2.0,1251.0
2026,7,EYW,PHL,31,1.0,1122.0
2026,7,EYW,PIE,27,0.0,238.0
2026,7,EYW,PIT,9,1.0,1102.0
2026,7,EYW,SFB,18,0.0,292.0
2026,7,EYW,TYS,9,0.0,787.0
2026,7,FAI,ANC,96,1.0,261.0
2026,7,FAI,DEN,31,0.0,2430.0
2026,7,FAI,MSP,31,0.0,2466.0
2026,7,FAI,ORD,31,1.0,2785.0
2026,7,FAI,PDX,31,0.0,1640.0
2026,7,FAI,SEA,217,1.0,1533.0
2026,7,FAR,ATL,31,0.0,1123.0
2026,7,FAR,AZA,27,0.0,1220.0
2026,7,FAR,BNA,9,0.0,910.0
2026,7,FAR,DEN,140,0.0,627.0
2026,7,FAR,DFW,92,0.0,967.0
2026,7,FAR,LAS,9,0.0,1205.0
2026,7,FAR,MSP,92,0.0,223.0
2026,7,FAR,ORD,186,9.0,557.0
2026,7,FAR,SFB,9,0.0,1508.0
2026,7,FAT,DAL,4,0.0,1325.0
2026,7,FAT,DEN,123,0.0,844.0
2026,7,FAT,DFW,149,3.0,1313.0
2026,7,FAT,LAS,151,0.0,259.0
2026,7,FAT,LAX,91,0.0,209.0
2026,7,FAT,ORD,31,2.0,1730.0
2026,7,FAT,PDX,61,0.0,626.0
2026,7,FAT,PHX,116,0.0,493.0
2026,7,FAT,SAN,150,4.0,314.0
2026,7,FAT,SEA,83,0.0,748.0
2026,7,FAT,SFO,93,0.0,158.0
2026,7,FAT,SLC,120,0.0,501.0
2026,7,FAY,ATL,27,0.0,330.0
2026,7,FCA,AUS,7,0.0,1527.0
2026,7,FCA,AZA,15,1.0,1044.0
2026,7,FCA,DEN,71,2.0,752.0
2026,7,FCA,DFW,38,0.0,1390.0
2026,7,FCA,EWR,4,0.0,2024.0
2026,7,FCA,IAH,4,0.0,1613.0
2026,7,FCA,LAS,9,0.0,846.0
2026,7,FCA,LAX,19,0.0,1015.0
2026,7,FCA,LGA,4,0.0,2035.0
2026,7,FCA,MSP,42,0.0,1025.0
2026,7,FCA,ORD,70,3.0,1352.0
2026,7,FCA,PHX,9,0.0,1033.0
2026,7,FCA,SFO,27,0.0,844.0
2026,7,FCA,SLC,71,0.0,532.0
2026,7,FLG,DFW,31,1.0,853.0
2026,7,FLG,PHX,92,10.0,119.0
2026,7,FLL,ABE,9,0.0,1041.0
2026,7,FLL,ACY,24,0.0,977.0
2026,7,FLL,ALB,50,3.0,1204.0
2026,7,FLL,ATL,602,21.0,581.0
2026,7,FLL,ATW,9,0.0,1338.0
2026,7,FLL,AUS,116,3.0,1105.0
2026,7,FLL,AVL,69,0.0,661.0
2026,7,FLL,BDL,62,3.0,1173.0
2026,7,FLL,BLV,9,0.0,1028.0
2026,7,FLL,BNA,216,8.0,793.0
2026,7,FLL,BOS,187,15.0,1237.0
2026,7,FLL,BQN,54,4.0,982.0
2026,7,FLL,BUF,31,1.0,1166.0
2026,7,FLL,BWI,263,9.0,925.0
2026,7,FLL,CAK,9,0.0,1026.0
2026,7,FLL,CHA,9,0.0,687.0
2026,7,FLL,CHS,31,2.0,470.0
2026,7,FLL,CID,9,0.0,1273.0
2026,7,FLL,CLE,135,4.0,1062.0
2026,7,FLL,CLT,252,9.0,632.0
2026,7,FLL,CMH,22,0.0,973.0
2026,7,FLL,CVG,105,1.0,932.0
2026,7,FLL,DAL,38,1.0,1108.0
2026,7,FLL,DCA,180,9.0,899.0
2026,7,FLL,DEN,100,0.0,1703.0
2026,7,FLL,DFW,314,7.0,1119.0
2026,7,FLL,DSM,9,0.0,1316.0
2026,7,FLL,DTW,196,6.0,1127.0
2026,7,FLL,EWR,299,25.0,1065.0
2026,7,FLL,FWA,9,0.0,1067.0
2026,7,FLL,GRR,9,0.0,1198.0
2026,7,FLL,GSP,20,0.0,620.0
2026,7,FLL,HOU,81,1.0,957.0
2026,7,FLL,HPN,62,1.0,1097.0
2026,7,FLL,HSV,9,0.0,710.0
2026,7,FLL,IAD,82,3.0,901.0
2026,7,FLL,IAH,256,5.0,966.0
2026,7,FLL,IND,65,0.0,1005.0
2026,7,FLL,ISP,44,1.0,1092.0
2026,7,FLL,JAX,54,6.0,319.0
2026,7,FLL,JFK,303,39.0,1069.0
2026,7,FLL,LAS,84,1.0,2173.0
2026,7,FLL,LAX,185,3.0,2343.0
2026,7,FLL,LCK,9,0.0,961.0
2026,7,FLL,LEX,13,0.0,865.0
2026,7,FLL,LGA,346,27.0,1076.0
2026,7,FLL,MCI,34,0.0,1242.0
2026,7,FLL,MCO,95,4.0,177.0
2026,7,FLL,MDT,9,0.0,993.0
2026,7,FLL,MDW,93,1.0,1167.0
2026,7,FLL,MEM,24,0.0,851.0
2026,7,FLL,MSP,31,0.0,1487.0
2026,7,FLL,MSY,97,3.0,673.0
2026,7,FLL,ORD,253,4.0,1182.0
2026,7,FLL,ORF,29,3.0,781.0
2026,7,FLL,ORH,31,0.0,1211.0
2026,7,FLL,PBG,16,0.0,1334.0
2026,7,FLL,PHL,331,24.0,993.0
2026,7,FLL,PHX,31,0.0,1972.0
2026,7,FLL,PIT,69,0.0,994.0
2026,7,FLL,PSE,23,1.0,1032.0
2026,7,FLL,PVD,31,2.0,1188.0
2026,7,FLL,RDU,137,3.0,680.0
2026,7,FLL,RFD,9,0.0,1222.0
2026,7,FLL,RIC,62,3.0,806.0
2026,7,FLL,SBN,9,0.0,1134.0
2026,7,FLL,SDF,14,0.0,895.0
2026,7,FLL,SEA,62,1.0,2717.0
2026,7,FLL,SFO,93,0.0,2584.0
2026,7,FLL,SJU,217,9.0,1046.0
2026,7,FLL,SLC,31,0.0,2084.0
2026,7,FLL,STL,69,0.0,1057.0
2026,7,FLL,SWF,9,0.0,1118.0
2026,7,FLL,SYR,40,0.0,1197.0
2026,7,FLL,TPA,93,6.0,197.0
2026,7,FLL,TTN,9,0.0,1026.0
2026,7,FLL,TYS,43,0.0,709.0
2026,7,FLL,USA,18,0.0,643.0
2026,7,FLL,XNA,9,0.0,1092.0
2026,7,FMN,DEN,31,0.0,289.0
2026,7,FNT,AZA,9,0.0,1650.0
2026,7,FNT,BNA,9,0.0,497.0
2026,7,FNT,JAX,9,0.0,867.0
2026,7,FNT,LAS,9,0.0,1733.0
2026,7,FNT,ORD,124,6.0,223.0
2026,7,FNT,PDX,6,1.0,1917.0
2026,7,FNT,PGD,19,0.0,1111.0
2026,7,FNT,PIE,17,0.0,1040.0
2026,7,FNT,SFB,18,0.0,988.0
2026,7,FNT,SRQ,9,0.0,1075.0
2026,7,FOD,DEN,31,2.0,576.0
2026,7,FOD,ORD,31,2.0,324.0
2026,7,FSD,ATL,31,0.0,954.0
2026,7,FSD,AZA,25,0.0,1072.0
2026,7,FSD,BNA,9,0.0,741.0
2026,7,FSD,DEN,185,3.0,483.0
2026,7,FSD,DFW,92,1.0,737.0
2026,7,FSD,LAS,14,0.0,1104.0
2026,7,FSD,MSP,151,2.0,196.0
2026,7,FSD,ORD,124,8.0,462.0
2026,7,FSD,PHX,61,0.0,1081.0
2026,7,FSD,PIE,9,0.0,1334.0
2026,7,FSD,SFB,10,0.0,1334.0
2026,7,FSM,DFW,117,0.0,227.0
2026,7,FWA,AZA,9,0.0,1546.0
2026,7,FWA,DFW,89,1.0,859.0
2026,7,FWA,DTW,38,0.0,128.0
2026,7,FWA,FLL,9,0.0,1067.0
2026,7,FWA,LAS,9,0.0,1649.0
2026,7,FWA,MSP,31,0.0,488.0
2026,7,FWA,MYR,9,0.0,610.0
2026,7,FWA,ORD,276,14.0,157.0
2026,7,FWA,PGD,13,0.0,986.0
2026,7,FWA,PIE,18,0.0,912.0
2026,7,FWA,SFB,17,0.0,870.0
2026,7,FWA,SRQ,9,0.0,948.0
2026,7,GCC,DEN,78,0.0,313.0
2026,7,GCK,DFW,61,0.0,404.0
2026,7,GEG,ATL,57,0.0,1969.0
2026,7,GEG,AZA,9,0.0,1034.0
2026,7,GEG,BOI,31,0.0,287.0
2026,7,GEG,DAL,8,0.0,1486.0
2026,7,GEG,DEN,187,2.0,836.0
2026,7,GEG,DFW,61,0.0,1477.0
2026,7,GEG,IAH,4,0.0,1695.0
2026,7,GEG,LAS,70,0.0,806.0
2026,7,GEG,LAX,120,1.0,945.0
2026,7,GEG,MDW,27,0.0,1511.0
2026,7,GEG,MSP,92,1.0,1175.0
2026,7,GEG,OAK,27,0.0,723.0
2026,7,GEG,ORD,62,3.0,1498.0
2026,7,GEG,PDX,124,0.0,279.0
2026,7,GEG,PHX,113,1.0,1020.0
2026,7,GEG,SAN,53,0.0,1027.0
2026,7,GEG,SEA,385,2.0,224.0
2026,7,GEG,SFO,110,2.0,733.0
2026,7,GEG,SJC,21,0.0,742.0
2026,7,GEG,SLC,151,0.0,546.0
2026,7,GEG,SMF,58,0.0,649.0
2026,7,GEG,SNA,9,0.0,962.0
2026,7,GFK,MSP,115,0.0,284.0
2026,7,GGG,DFW,60,1.0,140.0
2026,7,GJT,DEN,210,0.0,212.0
2026,7,GJT,DFW,92,0.0,772.0
2026,7,GJT,PHX,91,0.0,438.0
2026,7,GJT,SLC,55,0.0,217.0
2026,7,GNV,ATL,148,1.0,300.0
2026,7,GNV,DFW,54,0.0,900.0
2026,7,GNV,MIA,31,0.0,294.0
2026,7,GPT,ATL,117,1.0,352.0
2026,7,GPT,CLT,26,1.0,577.0
2026,7,GPT,DFW,90,1.0,500.0
2026,7,GRB,ATL,31,0.0,774.0
2026,7,GRB,DTW,65,0.0,287.0
2026,7,GRB,MSP,93,0.0,252.0
2026,7,GRB,ORD,187,6.0,173.0
2026,7,GRI,AZA,10,0.0,905.0
2026,7,GRI,DFW,57,0.0,562.0
2026,7,GRI,LAS,9,0.0,971.0
2026,7,GRK,DFW,185,2.0,134.0
2026,7,GRR,ATL,117,3.0,640.0
2026,7,GRR,AUS,9,0.0,1103.0
2026,7,GRR,AZA,19,0.0,1561.0
2026,7,GRR,BNA,22,0.0,470.0
2026,7,GRR,BOS,9,0.0,740.0
2026,7,GRR,BWI,61,1.0,528.0
2026,7,GRR,CLT,92,0.0,583.0
2026,7,GRR,DCA,61,2.0,524.0
2026,7,GRR,DEN,118,1.0,1015.0
2026,7,GRR,DFW,92,0.0,931.0
2026,7,GRR,DTW,96,0.0,120.0
2026,7,GRR,EWR,101,13.0,605.0
2026,7,GRR,FLL,9,0.0,1198.0
2026,7,GRR,JAX,9,0.0,880.0
2026,7,GRR,LAS,26,0.0,1642.0
2026,7,GRR,LGA,90,7.0,618.0
2026,7,GRR,MCO,13,0.0,1024.0
2026,7,GRR,MDW,89,0.0,137.0
2026,7,GRR,MIA,8,0.0,1214.0
2026,7,GRR,MSP,120,2.0,408.0
2026,7,GRR,MYR,9,0.0,728.0
2026,7,GRR,ORD,323,15.0,137.0
2026,7,GRR,PDX,9,0.0,1833.0
2026,7,GRR,PGD,13,0.0,1118.0
2026,7,GRR,PHL,84,6.0,573.0
2026,7,GRR,PIE,28,0.0,1044.0
2026,7,GRR,SFB,29,1.0,1001.0
2026,7,GRR,SNA,9,0.0,1856.0
2026,7,GRR,SRQ,9,0.0,1081.0
2026,7,GSO,ATL,251,4.0,306.0
2026,7,GSO,CLT,129,3.0,84.0
2026,7,GSO,DCA,57,5.0,248.0
2026,7,GSO,DFW,89,0.0,999.0
2026,7,GSO,EWR,8,1.0,445.0
2026,7,GSO,LGA,108,13.0,461.0
2026,7,GSO,MIA,53,1.0,710.0
2026,7,GSO,ORD,93,4.0,589.0
2026,7,GSO,PHL,27,3.0,365.0
2026,7,GSO,PIE,9,0.0,587.0
2026,7,GSP,ATL,253,4.0,153.0
2026,7,GSP,BNA,92,0.0,265.0
2026,7,GSP,BWI,62,1.0,426.0
2026,7,GSP,CLT,113,4.0,75.0
2026,7,GSP,DCA,88,9.0,396.0
2026,7,GSP,DEN,30,0.0,1278.0
2026,7,GSP,DFW,120,1.0,862.0
2026,7,GSP,DTW,31,1.0,508.0
2026,7,GSP,EWR,93,14.0,594.0
2026,7,GSP,FLL,20,0.0,620.0
2026,7,GSP,LGA,73,5.0,610.0
2026,7,GSP,MIA,66,0.0,637.0
2026,7,GSP,ORD,186,5.0,577.0
2026,7,GSP,PHL,31,0.0,515.0
2026,7,GSP,PIE,18,0.0,482.0
2026,7,GSP,SFB,18,0.0,426.0
2026,7,GSP,SRQ,9,0.0,517.0
2026,7,GST,JNU,31,2.0,41.0
2026,7,GTF,AZA,9,0.0,978.0
2026,7,GTF,DEN,61,0.0,623.0
2026,7,GTF,LAS,9,0.0,810.0
2026,7,GTF,ORD,16,0.0,1210.0
2026,7,GTF,SLC,92,0.0,463.0
2026,7,GTR,DFW,31,0.0,491.0
2026,7,GUC,DEN,92,0.0,152.0
2026,7,GUC,DFW,31,0.0,678.0
2026,7,GUF,ATW,9,0.0,964.0
2026,7,GUF,BLV,13,2.0,582.0
2026,7,GUF,BNA,9,0.0,406.0
2026,7,GUF,CVG,13,0.0,627.0
2026,7,GUF,DSM,9,0.0,844.0
2026,7,GUF,HSV,9,0.0,304.0
2026,7,GUF,MCI,9,0.0,738.0
2026,7,GUF,OKC,13,0.0,675.0
2026,7,GUF,OMA,9,0.0,888.0
2026,7,GUF,SDF,9,0.0,555.0
2026,7,GUF,SGF,9,0.0,581.0
2026,7,GUF,TYS,9,0.0,436.0
2026,7,GUF,XNA,13,1.0,563.0
2026,7,GUM,HNL,31,3.0,3801.0
2026,7,GUM,SPN,31,3.0,129.0
2026,7,HDN,DEN,123,1.0,141.0
2026,7,HDN,IAH,13,0.0,985.0
2026,7,HEZ,IAH,31,1.0,265.0
2026,7,HGR,MYR,13,0.0,421.0
2026,7,HGR,PIE,9,0.0,861.0
2026,7,HGR,SFB,13,0.0,780.0
2026,7,HHH,ATL,31,0.0,238.0
2026,7,HHH,BOS,4,1.0,878.0
2026,7,HHH,CLT,104,0.0,206.0
2026,7,HHH,DCA,34,1.0,501.0
2026,7,HHH,EWR,31,3.0,687.0
2026,7,HHH,LGA,31,2.0,701.0
2026,7,HHH,ORD,62,1.0,781.0
2026,7,HHH,PHL,4,1.0,609.0
2026,7,HIB,MSP,55,1.0,174.0
2026,7,HLN,DEN,61,0.0,594.0
2026,7,HLN,SLC,62,0.0,402.0
2026,7,HNL,ANC,31,0.0,2777.0
2026,7,HNL,ATL,31,0.0,4502.0
2026,7,HNL,BUR,31,0.0,2562.0
2026,7,HNL,DEN,62,0.0,3365.0
2026,7,HNL,DFW,62,0.0,3784.0
2026,7,HNL,DTW,31,1.0,4475.0
2026,7,HNL,GUM,31,2.0,3801.0
2026,7,HNL,IAD,31,1.0,4816.0
2026,7,HNL,IAH,31,0.0,3904.0
2026,7,HNL,ITO,518,2.0,216.0
2026,7,HNL,JFK,62,3.0,4983.0
2026,7,HNL,KOA,598,1.0,163.0
2026,7,HNL,LAS,181,0.0,2762.0
2026,7,HNL,LAX,603,6.0,2556.0
2026,7,HNL,LGB,62,0.0,2569.0
2026,7,HNL,LIH,664,1.0,102.0
2026,7,HNL,MSP,31,1.0,3972.0
2026,7,HNL,OAK,62,0.0,2409.0
2026,7,HNL,OGG,803,2.0,101.0
2026,7,HNL,ONT,62,0.0,2603.0
2026,7,HNL,ORD,31,0.0,4243.0
2026,7,HNL,PDX,80,0.0,2603.0
2026,7,HNL,PHX,124,0.0,2917.0
2026,7,HNL,SAN,151,3.0,2614.0
2026,7,HNL,SEA,243,5.0,2677.0
2026,7,HNL,SFO,279,5.0,2398.0
2026,7,HNL,SJC,93,0.0,2417.0
2026,7,HNL,SLC,62,5.0,2994.0
2026,7,HNL,SMF,62,1.0,2462.0
2026,7,HOB,DEN,30,0.0,501.0
2026,7,HOU,ABQ,92,1.0,759.0
2026,7,HOU,ATL,240,4.0,696.0
2026,7,HOU,AUS,90,1.0,148.0
2026,7,HOU,AVL,9,0.0,843.0
2026,7,HOU,BHM,38,0.0,570.0
2026,7,HOU,BNA,174,1.0,670.0
2026,7,HOU,BWI,150,4.0,1246.0
2026,7,HOU,CHS,22,0.0,928.0
2026,7,HOU,CMH,31,0.0,1000.0
2026,7,HOU,COS,30,0.0,829.0
2026,7,HOU,CRP,89,0.0,187.0
2026,7,HOU,DAL,331,5.0,239.0
2026,7,HOU,DCA,89,7.0,1218.0
2026,7,HOU,DEN,224,0.0,883.0
2026,7,HOU,DFW,163,3.0,247.0
2026,7,HOU,DSM,9,0.0,825.0
2026,7,HOU,ECP,42,0.0,570.0
2026,7,HOU,ELP,90,0.0,677.0
2026,7,HOU,FLL,81,1.0,957.0
2026,7,HOU,HRL,93,1.0,277.0
2026,7,HOU,IND,49,1.0,861.0
2026,7,HOU,JAN,62,0.0,359.0
2026,7,HOU,JAX,31,1.0,815.0
2026,7,HOU,LAS,165,0.0,1235.0
2026,7,HOU,LAX,116,0.0,1390.0
2026,7,HOU,LBB,31,0.0,474.0
2026,7,HOU,LGA,115,5.0,1428.0
2026,7,HOU,LGB,31,0.0,1374.0
2026,7,HOU,LIT,4,0.0,393.0
2026,7,HOU,MAF,115,0.0,441.0
2026,7,HOU,MCI,92,0.0,666.0
2026,7,HOU,MCO,200,0.0,849.0
2026,7,HOU,MDW,193,4.0,937.0
2026,7,HOU,MEM,81,1.0,484.0
2026,7,HOU,MIA,38,0.0,955.0
2026,7,HOU,MSY,200,1.0,303.0
2026,7,HOU,MYR,3,0.0,1001.0
2026,7,HOU,OAK,31,0.0,1642.0
2026,7,HOU,OKC,92,0.0,419.0
2026,7,HOU,OMA,34,0.0,804.0
2026,7,HOU,ONT,31,0.0,1345.0
2026,7,HOU,PHX,150,1.0,1020.0
2026,7,HOU,PIT,30,0.0,1131.0
2026,7,HOU,PNS,31,0.0,488.0
2026,7,HOU,PVU,13,0.0,1181.0
2026,7,HOU,RDU,31,0.0,1050.0
2026,7,HOU,SAN,89,0.0,1313.0
2026,7,HOU,SAT,91,0.0,192.0
2026,7,HOU,SAV,22,0.0,853.0
2026,7,HOU,SDF,31,0.0,803.0
2026,7,HOU,SEA,31,0.0,1894.0
2026,7,HOU,SJC,31,0.0,1621.0
2026,7,HOU,SJU,31,0.0,1997.0
2026,7,HOU,SLC,38,1.0,1214.0
2026,7,HOU,SMF,31,0.0,1624.0
2026,7,HOU,SRQ,4,0.0,789.0
2026,7,HOU,STL,159,3.0,687.0
2026,7,HOU,TPA,84,1.0,781.0
2026,7,HOU,TUL,35,0.0,453.0
2026,7,HOU,TYS,9,0.0,782.0
2026,7,HOU,VPS,31,0.0,527.0
2026,7,HPN,ACK,62,7.0,191.0
2026,7,HPN,ATL,62,3.0,781.0
2026,7,HPN,CLT,109,8.0,564.0
2026,7,HPN,DCA,112,17.0,234.0
2026,7,HPN,FLL,62,5.0,1097.0
2026,7,HPN,MCO,112,9.0,972.0
2026,7,HPN,ORD,153,9.0,738.0
2026,7,HPN,PBI,120,7.0,1056.0
2026,7,HPN,RSW,31,1.0,1102.0
2026,7,HPN,SJU,31,6.0,1624.0
2026,7,HPN,TPA,31,1.0,1032.0
2026,7,HRL,AUS,85,0.0,273.0
2026,7,HRL,DAL,34,0.0,458.0
2026,7,HRL,DFW,110,1.0,461.0
2026,7,HRL,HOU,93,1.0,277.0
2026,7,HSV,ATL,221,4.0,151.0
2026,7,HSV,CLT,31,0.0,333.0
2026,7,HSV,DCA,111,9.0,613.0
2026,7,HSV,DEN,61,1.0,1048.0
2026,7,HSV,DFW,206,3.0,603.0
2026,7,HSV,FLL,9,0.0,710.0
2026,7,HSV,GUF,9,0.0,304.0
2026,7,HSV,MIA,4,0.0,722.0
2026,7,HSV,ORD,62,1.0,510.0
2026,7,HSV,PIE,9,0.0,523.0
2026,7,HSV,SFB,9,0.0,519.0
2026,7,HTS,MYR,17,2.0,382.0
2026,7,HTS,PIE,26,0.0,721.0
2026,7,HTS,SFB,17,0.0,665.0
2026,7,HTS,VPS,8,0.0,589.0
2026,7,HYA,DCA,43,6.0,407.0
2026,7,HYA,JFK,31,4.0,196.0
2026,7,HYA,LGA,31,4.0,197.0
2026,7,HYA,ORD,4,0.0,909.0
2026,7,HYA,PHL,31,1.0,288.0
2026,7,HYS,DEN,54,1.0,298.0
2026,7,IAD,ABQ,31,1.0,1628.0
2026,7,IAD,ANC,31,2.0,3356.0
2026,7,IAD,ATL,366,18.0,534.0
2026,7,IAD,AUS,89,2.0,1297.0
2026,7,IAD,AVL,9,0.0,371.0
2026,7,IAD,BDL,60,2.0,325.0
2026,7,IAD,BNA,98,2.0,542.0
2026,7,IAD,BOS,176,12.0,412.0
2026,7,IAD,BTV,46,3.0,441.0
2026,7,IAD,BUF,42,5.0,283.0
2026,7,IAD,BZN,8,0.0,1773.0
2026,7,IAD,CHS,62,0.0,442.0
2026,7,IAD,CKB,31,0.0,150.0
2026,7,IAD,CLE,120,4.0,287.0
2026,7,IAD,CLT,150,7.0,322.0
2026,7,IAD,CMH,4,0.0,299.0
2026,7,IAD,CVG,40,8.0,388.0
2026,7,IAD,DEN,266,2.0,1452.0
2026,7,IAD,DFW,196,1.0,1172.0
2026,7,IAD,DTW,123,1.0,383.0
2026,7,IAD,EWR,155,14.0,212.0
2026,7,IAD,FLL,82,3.0,901.0
2026,7,IAD,HNL,31,0.0,4816.0
2026,7,IAD,IAH,159,0.0,1190.0
2026,7,IAD,IND,89,3.0,476.0
2026,7,IAD,JAX,71,2.0,631.0
2026,7,IAD,JFK,31,5.0,228.0
2026,7,IAD,JST,23,0.0,119.0
2026,7,IAD,LAS,92,0.0,2065.0
2026,7,IAD,LAX,242,0.0,2288.0
2026,7,IAD,LGA,62,8.0,228.0
2026,7,IAD,LYH,31,0.0,147.0
2026,7,IAD,MCI,62,1.0,926.0
2026,7,IAD,MCO,177,7.0,758.0
2026,7,IAD,MGW,31,3.0,140.0
2026,7,IAD,MIA,31,0.0,922.0
2026,7,IAD,MSP,147,5.0,907.0
2026,7,IAD,MSY,48,1.0,955.0
2026,7,IAD,ORD,216,7.0,588.0
2026,7,IAD,ORF,62,1.0,158.0
2026,7,IAD,PDX,31,1.0,2327.0
2026,7,IAD,PGD,9,0.0,870.0
2026,7,IAD,PHL,57,2.0,135.0
2026,7,IAD,PHX,31,1.0,1956.0
2026,7,IAD,PIT,88,8.0,182.0
2026,7,IAD,PWM,109,8.0,493.0
2026,7,IAD,RDU,86,5.0,225.0
2026,7,IAD,ROC,1,0.0,287.0
2026,7,IAD,RSW,31,0.0,891.0
2026,7,IAD,SAN,124,2.0,2253.0
2026,7,IAD,SAT,58,0.0,1362.0
2026,7,IAD,SAV,40,2.0,516.0
2026,7,IAD,SDF,62,4.0,451.0
2026,7,IAD,SEA,212,2.0,2305.0
2026,7,IAD,SFO,209,0.0,2418.0
2026,7,IAD,SJU,62,0.0,1572.0
2026,7,IAD,SLC,62,2.0,1827.0
2026,7,IAD,SMF,31,1.0,2357.0
2026,7,IAD,SRQ,9,0.0,849.0
2026,7,IAD,STT,35,0.0,1606.0
2026,7,IAD,TPA,108,2.0,811.0
2026,7,IAD,TYS,9,0.0,420.0
2026,7,IAD,VPS,4,0.0,778.0
2026,7,IAG,MYR,9,0.0,650.0
2026,7,IAG,PGD,13,1.0,1129.0
2026,7,IAG,PIE,9,0.0,1069.0
2026,7,IAH,ABI,31,0.0,306.0
2026,7,IAH,ABQ,31,0.0,744.0
2026,7,IAH,AEX,62,1.0,190.0
2026,7,IAH,ANC,31,0.0,3266.0
2026,7,IAH,ASE,61,0.0,913.0
2026,7,IAH,ATL,426,10.0,689.0
2026,7,IAH,AUS,209,0.0,140.0
2026,7,IAH,BDL,31,0.0,1507.0
2026,7,IAH,BNA,121,0.0,657.0
2026,7,IAH,BOS,210,9.0,1597.0
2026,7,IAH,BWI,106,2.0,1235.0
2026,7,IAH,BZN,9,0.0,1385.0
2026,7,IAH,CHA,62,0.0,686.0
2026,7,IAH,CHS,26,0.0,925.0
2026,7,IAH,CLE,89,0.0,1091.0
2026,7,IAH,CLT,200,3.0,912.0
2026,7,IAH,CMH,27,0.0,986.0
2026,7,IAH,CRP,31,0.0,201.0
2026,7,IAH,CVG,54,0.0,871.0
2026,7,IAH,DCA,284,13.0,1208.0
2026,7,IAH,DEN,444,7.0,861.0
2026,7,IAH,DFW,482,4.0,224.0
2026,7,IAH,DRO,27,0.0,869.0
2026,7,IAH,DSM,30,0.0,802.0
2026,7,IAH,DTW,175,1.0,1075.0
2026,7,IAH,EGE,9,0.0,934.0
2026,7,IAH,EWR,310,13.0,1400.0
2026,7,IAH,FCA,4,0.0,1613.0
2026,7,IAH,FLL,255,4.0,966.0
2026,7,IAH,GEG,4,0.0,1695.0
2026,7,IAH,HDN,14,0.0,985.0
2026,7,IAH,HEZ,31,1.0,265.0
2026,7,IAH,HNL,31,0.0,3904.0
2026,7,IAH,IAD,159,0.0,1190.0
2026,7,IAH,ICT,31,0.0,542.0
2026,7,IAH,IND,61,0.0,844.0
2026,7,IAH,JAC,9,0.0,1265.0
2026,7,IAH,JAX,30,0.0,816.0
2026,7,IAH,JFK,62,9.0,1417.0
2026,7,IAH,LAS,264,4.0,1222.0
2026,7,IAH,LAX,414,1.0,1379.0
2026,7,IAH,LGA,351,16.0,1416.0
2026,7,IAH,LIT,61,0.0,374.0
2026,7,IAH,MAF,30,0.0,429.0
2026,7,IAH,MCI,61,0.0,643.0
2026,7,IAH,MCO,263,0.0,854.0
2026,7,IAH,MEI,54,0.0,422.0
2026,7,IAH,MEM,92,1.0,468.0
2026,7,IAH,MFE,58,0.0,316.0
2026,7,IAH,MGM,62,0.0,554.0
2026,7,IAH,MIA,288,7.0,964.0
2026,7,IAH,MKE,31,0.0,984.0
2026,7,IAH,MSP,208,1.0,1034.0
2026,7,IAH,MSY,210,0.0,305.0
2026,7,IAH,OKC,92,1.0,395.0
2026,7,IAH,OMA,62,0.0,781.0
2026,7,IAH,ONT,62,0.0,1334.0
2026,7,IAH,ORD,553,15.0,925.0
2026,7,IAH,ORF,31,0.0,1201.0
2026,7,IAH,PAH,31,0.0,617.0
2026,7,IAH,PBI,31,0.0,956.0
2026,7,IAH,PDX,117,0.0,1825.0
2026,7,IAH,PHL,168,5.0,1325.0
2026,7,IAH,PHX,245,1.0,1009.0
2026,7,IAH,PIB,54,1.0,372.0
2026,7,IAH,PIT,84,0.0,1117.0
2026,7,IAH,PNS,31,0.0,489.0
2026,7,IAH,PWM,4,0.0,1667.0
2026,7,IAH,RAP,4,0.0,1058.0
2026,7,IAH,RDU,84,1.0,1042.0
2026,7,IAH,RIC,30,0.0,1157.0
2026,7,IAH,RNO,8,0.0,1530.0
2026,7,IAH,RSW,58,0.0,861.0
2026,7,IAH,SAN,144,0.0,1303.0
2026,7,IAH,SAT,180,0.0,191.0
2026,7,IAH,SEA,231,1.0,1874.0
2026,7,IAH,SFO,297,0.0,1635.0
2026,7,IAH,SGF,1,0.0,513.0
2026,7,IAH,SHV,146,1.0,192.0
2026,7,IAH,SJC,30,0.0,1608.0
2026,7,IAH,SJU,93,0.0,2007.0
2026,7,IAH,SLC,146,0.0,1195.0
2026,7,IAH,SLN,22,0.0,621.0
2026,7,IAH,SMF,61,0.0,1609.0
2026,7,IAH,SNA,91,0.0,1346.0
2026,7,IAH,STL,26,0.0,667.0
2026,7,IAH,STT,31,0.0,2070.0
2026,7,IAH,TPA,109,0.0,787.0
2026,7,IAH,TUL,71,0.0,429.0
2026,7,IAH,TVC,23,0.0,1149.0
2026,7,IAH,VCT,54,0.0,123.0
2026,7,IAH,XNA,23,0.0,438.0
2026,7,ICT,ATL,114,1.0,782.0
2026,7,ICT,AZA,9,0.0,855.0
2026,7,ICT,DCA,30,5.0,1110.0
2026,7,ICT,DEN,233,0.0,420.0
2026,7,ICT,DFW,206,3.0,328.0
2026,7,ICT,IAH,31,0.0,542.0
2026,7,ICT,LAS,40,0.0,986.0
2026,7,ICT,MCO,4,0.0,1129.0
2026,7,ICT,MDW,62,1.0,589.0
2026,7,ICT,MIA,4,0.0,1295.0
2026,7,ICT,MSP,61,0.0,545.0
2026,7,ICT,ORD,181,8.0,588.0
2026,7,ICT,PHX,58,0.0,870.0
2026,7,ICT,PIE,9,0.0,1087.0
2026,7,ICT,SFB,9,0.0,1117.0
2026,7,ICT,VPS,13,0.0,796.0
2026,7,IDA,AZA,21,0.0,705.0
2026,7,IDA,DEN,153,0.0,458.0
2026,7,IDA,DFW,62,0.0,1095.0
2026,7,IDA,LAS,9,0.0,539.0
2026,7,IDA,ORD,35,2.0,1229.0
2026,7,IDA,PDX,40,0.0,539.0
2026,7,IDA,SEA,62,0.0,566.0
2026,7,IDA,SLC,123,1.0,189.0
2026,7,IDA,SNA,9,0.0,748.0
2026,7,ILM,ATL,120,1.0,377.0
2026,7,ILM,BOS,67,5.0,672.0
2026,7,ILM,CLT,132,4.0,185.0
2026,7,ILM,DCA,87,10.0,320.0
2026,7,ILM,DEN,4,0.0,1522.0
2026,7,ILM,DFW,61,0.0,1106.0
2026,7,ILM,EWR,61,4.0,488.0
2026,7,ILM,LGA,86,11.0,500.0
2026,7,ILM,MIA,35,0.0,601.0
2026,7,ILM,MSP,8,0.0,1094.0
2026,7,ILM,ORD,89,2.0,760.0
2026,7,IMT,DTW,31,1.0,344.0
2026,7,IMT,MSP,31,1.0,257.0
2026,7,IND,ATL,276,0.0,432.0
2026,7,IND,AUS,173,0.0,919.0
2026,7,IND,BNA,62,0.0,249.0
2026,7,IND,BOS,183,8.0,818.0
2026,7,IND,BUR,9,0.0,1805.0
2026,7,IND,BWI,119,3.0,516.0
2026,7,IND,CHS,9,0.0,585.0
2026,7,IND,CLT,175,4.0,427.0
2026,7,IND,DAL,61,0.0,755.0
2026,7,IND,DCA,173,12.0,500.0
2026,7,IND,DEN,242,0.0,976.0
2026,7,IND,DFW,191,3.0,761.0
2026,7,IND,DTW,85,0.0,231.0
2026,7,IND,ECP,11,0.0,646.0
2026,7,IND,EWR,180,22.0,645.0
2026,7,IND,EYW,9,0.0,1078.0
2026,7,IND,FLL,65,0.0,1005.0
2026,7,IND,HOU,49,0.0,861.0
2026,7,IND,IAD,89,4.0,476.0
2026,7,IND,IAH,61,0.0,844.0
2026,7,IND,JAX,9,0.0,687.0
2026,7,IND,JFK,93,10.0,665.0
2026,7,IND,LAS,128,0.0,1590.0
2026,7,IND,LAX,83,1.0,1814.0
2026,7,IND,LGA,234,22.0,660.0
2026,7,IND,MCI,31,0.0,451.0
2026,7,IND,MCO,211,0.0,829.0
2026,7,IND,MDW,62,2.0,162.0
2026,7,IND,MIA,65,2.0,1020.0
2026,7,IND,MSP,117,0.0,503.0
2026,7,IND,MYR,4,0.0,583.0
2026,7,IND,ORD,464,23.0,177.0
2026,7,IND,PDX,8,0.0,1877.0
2026,7,IND,PGD,25,0.0,916.0
2026,7,IND,PHL,169,13.0,588.0
2026,7,IND,PHX,126,0.0,1489.0
2026,7,IND,PIE,25,0.0,840.0
2026,7,IND,RSW,34,0.0,945.0
2026,7,IND,SAN,31,0.0,1782.0
2026,7,IND,SAV,4,0.0,596.0
2026,7,IND,SEA,61,0.0,1866.0
2026,7,IND,SFB,32,1.0,807.0
2026,7,IND,SFO,51,0.0,1943.0
2026,7,IND,SJU,3,0.0,1902.0
2026,7,IND,SLC,31,0.0,1355.0
2026,7,IND,SRQ,17,0.0,876.0
2026,7,IND,TPA,56,0.0,837.0
2026,7,IND,VPS,9,0.0,637.0
2026,7,INL,MSP,61,0.0,255.0
2026,7,ISP,BWI,146,4.0,220.0
2026,7,ISP,FLL,44,0.0,1092.0
2026,7,ISP,MCO,120,2.0,971.0
2026,7,ISP,MYR,17,3.0,586.0
2026,7,ISP,PBI,92,2.0,1052.0
2026,7,ISP,TPA,24,1.0,1034.0
2026,7,ITO,HNL,518,2.0,216.0
2026,7,ITO,OGG,27,0.0,121.0
2026,7,JAC,ATL,31,0.0,1572.0
2026,7,JAC,CLT,31,0.0,1685.0
2026,7,JAC,DEN,153,1.0,406.0
2026,7,JAC,DFW,100,1.0,1047.0
2026,7,JAC,EWR,31,6.0,1874.0
2026,7,JAC,IAH,8,0.0,1265.0
2026,7,JAC,JFK,31,2.0,1894.0
2026,7,JAC,LAX,81,2.0,784.0
2026,7,JAC,MSP,31,0.0,872.0
2026,7,JAC,ORD,124,5.0,1162.0
2026,7,JAC,PDX,9,0.0,600.0
2026,7,JAC,SAN,13,0.0,828.0
2026,7,JAC,SEA,31,1.0,621.0
2026,7,JAC,SFO,66,1.0,737.0
2026,7,JAC,SLC,123,1.0,205.0
2026,7,JAN,ATL,163,5.0,340.0
2026,7,JAN,BNA,31,0.0,327.0
2026,7,JAN,CLT,62,5.0,562.0
2026,7,JAN,DCA,27,2.0,860.0
2026,7,JAN,DFW,171,0.0,408.0
2026,7,JAN,HOU,62,0.0,359.0
2026,7,JAN,MIA,4,0.0,742.0
2026,7,JAX,ATL,382,8.0,269.0
2026,7,JAX,AUS,62,0.0,953.0
2026,7,JAX,BLV,9,0.0,723.0
2026,7,JAX,BNA,101,0.0,483.0
2026,7,JAX,BOS,150,8.0,1011.0
2026,7,JAX,BWI,110,3.0,663.0
2026,7,JAX,CAK,18,0.0,719.0
2026,7,JAX,CLT,152,1.0,328.0
2026,7,JAX,CVG,13,0.0,613.0
2026,7,JAX,DAL,31,1.0,906.0
2026,7,JAX,DCA,118,6.0,634.0
2026,7,JAX,DEN,87,1.0,1446.0
2026,7,JAX,DFW,183,3.0,917.0
2026,7,JAX,DSM,9,0.0,1012.0
2026,7,JAX,DTW,58,3.0,813.0
2026,7,JAX,EWR,123,9.0,820.0
2026,7,JAX,FLL,53,9.0,319.0
2026,7,JAX,FNT,9,0.0,867.0
2026,7,JAX,GRR,9,0.0,880.0
2026,7,JAX,HOU,31,0.0,815.0
2026,7,JAX,IAD,71,1.0,631.0
2026,7,JAX,IAH,30,0.0,816.0
2026,7,JAX,IND,9,0.0,687.0
2026,7,JAX,JFK,93,20.0,829.0
2026,7,JAX,LGA,73,7.0,834.0
2026,7,JAX,MDT,9,0.0,724.0
2026,7,JAX,MDW,58,2.0,848.0
2026,7,JAX,MIA,124,0.0,335.0
2026,7,JAX,MSP,31,0.0,1173.0
2026,7,JAX,ORD,208,8.0,864.0
2026,7,JAX,PHL,153,8.0,742.0
2026,7,JAX,PHX,25,0.0,1785.0
2026,7,JAX,PIT,18,0.0,694.0
2026,7,JAX,SJU,62,2.0,1288.0
2026,7,JAX,STL,39,1.0,753.0
2026,7,JAX,TYS,9,0.0,390.0
2026,7,JFK,ABQ,31,3.0,1826.0
2026,7,JFK,ACK,86,19.0,199.0
2026,7,JFK,ANC,31,1.0,3386.0
2026,7,JFK,ATL,350,28.0,760.0
2026,7,JFK,AUS,209,16.0,1521.0
2026,7,JFK,BDL,31,5.0,106.0
2026,7,JFK,BNA,93,18.0,765.0
2026,7,JFK,BOS,427,54.0,187.0
2026,7,JFK,BQN,31,2.0,1576.0
2026,7,JFK,BUF,124,24.0,301.0
2026,7,JFK,BUR,31,5.0,2465.0
2026,7,JFK,BZN,24,4.0,1902.0
2026,7,JFK,CHS,62,13.0,636.0
2026,7,JFK,CLE,93,15.0,425.0
2026,7,JFK,CLT,154,10.0,542.0
2026,7,JFK,CMH,124,22.0,483.0
2026,7,JFK,CVG,62,5.0,589.0
2026,7,JFK,DAB,31,5.0,891.0
2026,7,JFK,DCA,209,36.0,213.0
2026,7,JFK,DEN,141,15.0,1626.0
2026,7,JFK,DFW,187,14.0,1391.0
2026,7,JFK,DTW,120,17.0,509.0
2026,7,JFK,FLL,306,38.0,1069.0
2026,7,JFK,HNL,61,2.0,4983.0
2026,7,JFK,HYA,31,4.0,196.0
2026,7,JFK,IAD,31,1.0,228.0
2026,7,JFK,IAH,62,5.0,1417.0
2026,7,JFK,IND,93,13.0,665.0
2026,7,JFK,JAC,31,2.0,1894.0
2026,7,JFK,JAX,93,16.0,829.0
2026,7,JFK,LAS,321,26.0,2248.0
2026,7,JFK,LAX,919,68.0,2475.0
2026,7,JFK,MCO,390,43.0,944.0
2026,7,JFK,MIA,373,26.0,1089.0
2026,7,JFK,MSP,62,3.0,1029.0
2026,7,JFK,MSY,92,13.0,1182.0
2026,7,JFK,MVY,62,8.0,173.0
2026,7,JFK,ONT,31,2.0,2429.0
2026,7,JFK,ORD,217,38.0,740.0
2026,7,JFK,ORF,62,8.0,290.0
2026,7,JFK,PBI,155,25.0,1028.0
2026,7,JFK,PDX,93,5.0,2454.0
2026,7,JFK,PHX,265,22.0,2153.0
2026,7,JFK,PIT,155,29.0,340.0
2026,7,JFK,PVD,31,5.0,144.0
2026,7,JFK,PWM,54,7.0,273.0
2026,7,JFK,RDU,198,39.0,427.0
2026,7,JFK,RNO,31,7.0,2411.0
2026,7,JFK,ROC,62,12.0,264.0
2026,7,JFK,RSW,93,13.0,1074.0
2026,7,JFK,SAN,215,14.0,2446.0
2026,7,JFK,SAT,31,4.0,1587.0
2026,7,JFK,SAV,62,13.0,717.0
2026,7,JFK,SEA,279,25.0,2422.0
2026,7,JFK,SFO,622,41.0,2586.0
2026,7,JFK,SJU,310,24.0,1598.0
2026,7,JFK,SLC,155,11.0,1990.0
2026,7,JFK,SMF,31,5.0,2521.0
2026,7,JFK,SNA,62,4.0,2454.0
2026,7,JFK,SRQ,31,4.0,1041.0
2026,7,JFK,STT,62,0.0,1623.0
2026,7,JFK,SYR,31,8.0,209.0
2026,7,JFK,TPA,217,25.0,1005.0
2026,7,JFK,VPS,22,4.0,1001.0
2026,7,JFK,VRB,30,5.0,972.0
2026,7,JLN,DEN,23,0.0,582.0
2026,7,JLN,ORD,31,2.0,484.0
2026,7,JMS,DEN,54,0.0,573.0
2026,7,JNU,ANC,123,1.0,571.0
2026,7,JNU,GST,31,2.0,41.0
2026,7,JNU,KTN,31,0.0,234.0
2026,7,JNU,PSG,31,1.0,123.0
2026,7,JNU,SEA,216,0.0,909.0
2026,7,JNU,SIT,62,0.0,95.0
2026,7,JNU,YAK,31,0.0,199.0
2026,7,JST,IAD,23,0.0,119.0
2026,7,JST,ORD,31,2.0,487.0
2026,7,KOA,DEN,31,0.0,3329.0
2026,7,KOA,HNL,598,2.0,163.0
2026,7,KOA,LAS,31,0.0,2718.0
2026,7,KOA,LAX,167,1.0,2504.0
2026,7,KOA,LIH,31,0.0,263.0
2026,7,KOA,OGG,124,0.0,84.0
2026,7,KOA,PDX,31,0.0,2607.0
2026,7,KOA,PHX,31,0.0,2860.0
2026,7,KOA,SAN,31,0.0,2556.0
2026,7,KOA,SEA,123,3.0,2688.0
2026,7,KOA,SFO,155,1.0,2368.0
2026,7,KOA,SJC,18,0.0,2384.0
2026,7,KOA,SMF,44,0.0,2435.0
2026,7,KTN,JNU,31,1.0,234.0
2026,7,KTN,SEA,155,1.0,680.0
2026,7,KTN,SIT,31,0.0,183.0
2026,7,KTN,WRG,31,0.0,82.0
2026,7,LAF,ORD,49,3.0,119.0
2026,7,LAN,DCA,26,6.0,479.0
2026,7,LAN,DTW,62,0.0,74.0
2026,7,LAN,ORD,62,1.0,179.0
2026,7,LAR,DEN,54,1.0,113.0
2026,7,LAS,ABQ,147,2.0,486.0
2026,7,LAS,AMA,31,0.0,759.0
2026,7,LAS,ANC,62,1.0,2304.0
2026,7,LAS,ATL,396,4.0,1747.0
2026,7,LAS,ATW,18,0.0,1510.0
2026,7,LAS,AUS,257,2.0,1090.0
2026,7,LAS,AVL,9,0.0,1824.0
2026,7,LAS,BHM,30,0.0,1618.0
2026,7,LAS,BIL,9,0.0,754.0
2026,7,LAS,BIS,9,0.0,1048.0
2026,7,LAS,BLI,36,0.0,954.0
2026,7,LAS,BLV,9,0.0,1400.0
2026,7,LAS,BNA,189,0.0,1587.0
2026,7,LAS,BOI,89,0.0,519.0
2026,7,LAS,BOS,93,2.0,2381.0
2026,7,LAS,BUF,4,0.0,1986.0
2026,7,LAS,BUR,319,5.0,223.0
2026,7,LAS,BWI,149,2.0,2106.0
2026,7,LAS,BZN,67,0.0,701.0
2026,7,LAS,CID,9,0.0,1319.0
2026,7,LAS,CLE,92,4.0,1824.0
2026,7,LAS,CLT,182,0.0,1916.0
2026,7,LAS,CMH,65,1.0,1771.0
2026,7,LAS,COS,75,0.0,604.0
2026,7,LAS,CVG,60,1.0,1678.0
2026,7,LAS,DAL,237,0.0,1067.0
2026,7,LAS,DCA,60,0.0,2089.0
2026,7,LAS,DEN,574,2.0,628.0
2026,7,LAS,DFW,401,4.0,1055.0
2026,7,LAS,DSM,54,0.0,1216.0
2026,7,LAS,DTW,199,1.0,1749.0
2026,7,LAS,ELP,127,0.0,584.0
2026,7,LAS,EUG,40,0.0,700.0
2026,7,LAS,EWR,196,10.0,2227.0
2026,7,LAS,FAR,9,0.0,1205.0
2026,7,LAS,FAT,151,0.0,259.0
2026,7,LAS,FCA,9,0.0,846.0
2026,7,LAS,FLL,83,2.0,2173.0
2026,7,LAS,FNT,9,0.0,1733.0
2026,7,LAS,FSD,14,0.0,1104.0
2026,7,LAS,FWA,9,0.0,1649.0
2026,7,LAS,GEG,70,0.0,806.0
2026,7,LAS,GRI,9,0.0,971.0
2026,7,LAS,GRR,26,0.0,1642.0
2026,7,LAS,GTF,9,0.0,810.0
2026,7,LAS,HNL,181,0.0,2762.0
2026,7,LAS,HOU,163,1.0,1235.0
2026,7,LAS,IAD,92,0.0,2065.0
2026,7,LAS,IAH,264,5.0,1222.0
2026,7,LAS,ICT,40,0.0,986.0
2026,7,LAS,IDA,9,0.0,539.0
2026,7,LAS,IND,128,0.0,1590.0
2026,7,LAS,JFK,321,24.0,2248.0
2026,7,LAS,KOA,31,0.0,2718.0
2026,7,LAS,LAX,666,4.0,236.0
2026,7,LAS,LBB,31,0.0,775.0
2026,7,LAS,LEX,9,0.0,1686.0
2026,7,LAS,LGB,155,0.0,231.0
2026,7,LAS,LIH,31,0.0,2817.0
2026,7,LAS,LIT,31,0.0,1294.0
2026,7,LAS,LRD,9,0.0,1092.0
2026,7,LAS,MAF,31,0.0,795.0
2026,7,LAS,MCI,173,1.0,1139.0
2026,7,LAS,MCO,197,2.0,2039.0
2026,7,LAS,MDW,209,0.0,1521.0
2026,7,LAS,MEM,36,0.0,1416.0
2026,7,LAS,MFE,40,0.0,1210.0
2026,7,LAS,MFR,18,0.0,600.0
2026,7,LAS,MIA,151,1.0,2174.0
2026,7,LAS,MKE,85,0.0,1524.0
2026,7,LAS,MLI,9,0.0,1376.0
2026,7,LAS,MOT,9,0.0,1098.0
2026,7,LAS,MRY,13,0.0,375.0
2026,7,LAS,MSO,9,0.0,750.0
2026,7,LAS,MSP,146,2.0,1299.0
2026,7,LAS,MSY,80,0.0,1500.0
2026,7,LAS,OAK,288,1.0,407.0
2026,7,LAS,OGG,62,2.0,2695.0
2026,7,LAS,OKC,111,0.0,986.0
2026,7,LAS,OMA,97,0.0,1099.0
2026,7,LAS,ONT,212,1.0,197.0
2026,7,LAS,ORD,419,10.0,1514.0
2026,7,LAS,PAE,52,2.0,894.0
2026,7,LAS,PDX,276,2.0,763.0
2026,7,LAS,PHL,149,5.0,2177.0
2026,7,LAS,PHX,488,6.0,255.0
2026,7,LAS,PIA,9,0.0,1413.0
2026,7,LAS,PIT,38,0.0,1910.0
2026,7,LAS,PSC,9,0.0,732.0
2026,7,LAS,PSP,52,0.0,173.0
2026,7,LAS,RAP,9,0.0,843.0
2026,7,LAS,RDU,8,0.0,2026.0
2026,7,LAS,RFD,9,0.0,1455.0
2026,7,LAS,RNO,411,4.0,345.0
2026,7,LAS,SAN,400,3.0,258.0
2026,7,LAS,SAT,151,1.0,1069.0
2026,7,LAS,SBA,76,0.0,289.0
2026,7,LAS,SBN,9,0.0,1594.0
2026,7,LAS,SCK,36,0.0,359.0
2026,7,LAS,SDF,31,1.0,1624.0
2026,7,LAS,SEA,491,4.0,867.0
2026,7,LAS,SFB,5,0.0,2034.0
2026,7,LAS,SFO,549,8.0,414.0
2026,7,LAS,SGF,14,0.0,1209.0
2026,7,LAS,SHV,9,0.0,1243.0
2026,7,LAS,SJC,315,1.0,386.0
2026,7,LAS,SLC,302,2.0,368.0
2026,7,LAS,SMF,336,2.0,397.0
2026,7,LAS,SMX,9,0.0,310.0
2026,7,LAS,SNA,313,1.0,226.0
2026,7,LAS,STL,192,0.0,1371.0
2026,7,LAS,STS,31,0.0,454.0
2026,7,LAS,TPA,102,5.0,1984.0
2026,7,LAS,TUL,70,0.0,1076.0
2026,7,LAS,TUS,89,1.0,364.0
2026,7,LAS,TYS,9,0.0,1739.0
2026,7,LAS,VPS,9,0.0,1695.0
2026,7,LAS,XNA,9,0.0,1163.0
2026,7,LAW,DFW,92,1.0,140.0
2026,7,LAX,ABQ,199,0.0,677.0
2026,7,LAX,ACV,49,1.0,577.0
2026,7,LAX,ANC,61,0.0,2345.0
2026,7,LAX,ASE,96,0.0,737.0
2026,7,LAX,ATL,423,4.0,1947.0
2026,7,LAX,AUS,356,3.0,1242.0
2026,7,LAX,BNA,199,0.0,1798.0
2026,7,LAX,BOI,123,0.0,674.0
2026,7,LAX,BOS,483,15.0,2611.0
2026,7,LAX,BUF,31,4.0,2218.0
2026,7,LAX,BWI,141,4.0,2329.0
2026,7,LAX,BZN,45,0.0,902.0
2026,7,LAX,CLE,90,1.0,2052.0
2026,7,LAX,CLT,213,2.0,2125.0
2026,7,LAX,CMH,61,0.0,1995.0
2026,7,LAX,CVG,27,1.0,1900.0
2026,7,LAX,DAL,146,0.0,1246.0
2026,7,LAX,DCA,121,4.0,2311.0
2026,7,LAX,DEN,667,3.0,862.0
2026,7,LAX,DFW,559,8.0,1235.0
2026,7,LAX,DSM,31,0.0,1447.0
2026,7,LAX,DTW,184,1.0,1979.0
2026,7,LAX,ELP,107,0.0,715.0
2026,7,LAX,EUG,31,0.0,748.0
2026,7,LAX,EWR,403,16.0,2454.0
2026,7,LAX,FAT,91,0.0,209.0
2026,7,LAX,FCA,19,0.0,1015.0
2026,7,LAX,FLL,186,3.0,2343.0
2026,7,LAX,GEG,120,0.0,945.0
2026,7,LAX,HNL,603,3.0,2556.0
2026,7,LAX,HOU,116,0.0,1390.0
2026,7,LAX,IAD,241,0.0,2288.0
2026,7,LAX,IAH,414,0.0,1379.0
2026,7,LAX,IND,83,1.0,1814.0
2026,7,LAX,JAC,81,1.0,784.0
2026,7,LAX,JFK,919,71.0,2475.0
2026,7,LAX,KOA,167,0.0,2504.0
2026,7,LAX,LAS,661,3.0,236.0
2026,7,LAX,LIH,201,1.0,2615.0
2026,7,LAX,MCI,156,0.0,1363.0
2026,7,LAX,MCO,339,3.0,2218.0
2026,7,LAX,MDW,116,1.0,1751.0
2026,7,LAX,MEM,23,1.0,1619.0
2026,7,LAX,MFR,31,0.0,630.0
2026,7,LAX,MIA,284,4.0,2342.0
2026,7,LAX,MRY,61,0.0,266.0
2026,7,LAX,MSO,62,0.0,923.0
2026,7,LAX,MSP,209,2.0,1535.0
2026,7,LAX,MSY,103,0.0,1671.0
2026,7,LAX,MTJ,4,0.0,666.0
2026,7,LAX,OAK,165,1.0,337.0
2026,7,LAX,OGG,279,2.0,2485.0
2026,7,LAX,OKC,61,0.0,1187.0
2026,7,LAX,OMA,61,0.0,1330.0
2026,7,LAX,ORD,749,14.0,1744.0
2026,7,LAX,PDX,351,1.0,833.0
2026,7,LAX,PHL,250,8.0,2402.0
2026,7,LAX,PHX,630,1.0,370.0
2026,7,LAX,PIT,61,0.0,2136.0
2026,7,LAX,PRC,31,0.0,346.0
2026,7,LAX,PSC,31,0.0,851.0
2026,7,LAX,PSP,31,0.0,110.0
2026,7,LAX,PWM,4,0.0,2642.0
2026,7,LAX,RDD,31,0.0,501.0
2026,7,LAX,RDM,62,0.0,726.0
2026,7,LAX,RDU,83,0.0,2239.0
2026,7,LAX,RNO,224,0.0,390.0
2026,7,LAX,SAF,30,0.0,710.0
2026,7,LAX,SAN,215,0.0,109.0
2026,7,LAX,SAT,151,0.0,1211.0
2026,7,LAX,SBA,61,0.0,89.0
2026,7,LAX,SBP,53,0.0,155.0
2026,7,LAX,SEA,668,3.0,954.0
2026,7,LAX,SFO,1118,5.0,337.0
2026,7,LAX,SGU,16,0.0,349.0
2026,7,LAX,SJC,411,6.0,308.0
2026,7,LAX,SLC,336,3.0,590.0
2026,7,LAX,SMF,518,2.0,373.0
2026,7,LAX,STL,92,1.0,1592.0
2026,7,LAX,STS,85,0.0,399.0
2026,7,LAX,SUN,54,0.0,696.0
2026,7,LAX,TPA,86,2.0,2158.0
2026,7,LAX,TUL,30,0.0,1283.0
2026,7,LAX,TUS,229,0.0,451.0
2026,7,LAX,XNA,61,0.0,1371.0
2026,7,LBB,AUS,27,0.0,341.0
2026,7,LBB,DAL,115,0.0,293.0
2026,7,LBB,DEN,88,0.0,456.0
2026,7,LBB,DFW,227,4.0,282.0
2026,7,LBB,HOU,31,0.0,474.0
2026,7,LBB,LAS,31,0.0,775.0
2026,7,LBB,PHX,31,0.0,588.0
2026,7,LBF,DEN,53,0.0,227.0
2026,7,LBL,DEN,54,0.0,280.0
2026,7,LCH,DFW,90,0.0,295.0
2026,7,LCK,EYW,9,0.0,1054.0
2026,7,LCK,FLL,9,0.0,961.0
2026,7,LCK,MYR,26,1.0,478.0
2026,7,LCK,PGD,17,0.0,890.0
2026,7,LCK,PIE,27,0.0,821.0
2026,7,LCK,SAV,18,0.0,539.0
2026,7,LCK,SFB,18,0.0,767.0
2026,7,LCK,SRQ,9,0.0,856.0
2026,7,LCK,VPS,21,1.0,675.0
2026,7,LEX,ATL,201,3.0,304.0
2026,7,LEX,CLT,147,2.0,281.0
2026,7,LEX,DCA,27,1.0,414.0
2026,7,LEX,DEN,31,1.0,1086.0
2026,7,LEX,DFW,120,3.0,785.0
2026,7,LEX,DTW,59,0.0,296.0
2026,7,LEX,FLL,13,0.0,865.0
2026,7,LEX,LAS,9,0.0,1686.0
2026,7,LEX,LGA,31,6.0,604.0
2026,7,LEX,MYR,9,0.0,438.0
2026,7,LEX,ORD,128,7.0,323.0
2026,7,LEX,PGD,15,0.0,781.0
2026,7,LEX,PHL,61,3.0,520.0
2026,7,LEX,PIE,24,0.0,707.0
2026,7,LEX,SFB,28,0.0,667.0
2026,7,LEX,SRQ,9,0.0,743.0
2026,7,LEX,VPS,13,0.0,532.0
2026,7,LFT,CLT,31,0.0,729.0
2026,7,LFT,DFW,144,2.0,351.0
2026,7,LGA,ACK,125,12.0,202.0
2026,7,LGA,ATL,688,72.0,762.0
2026,7,LGA,AVL,40,2.0,599.0
2026,7,LGA,BGR,59,4.0,378.0
2026,7,LGA,BNA,300,40.0,764.0
2026,7,LGA,BOS,683,72.0,184.0
2026,7,LGA,BUF,93,10.0,292.0
2026,7,LGA,BZN,4,1.0,1894.0
2026,7,LGA,CAE,58,8.0,617.0
2026,7,LGA,CHO,30,3.0,305.0
2026,7,LGA,CHS,135,11.0,641.0
2026,7,LGA,CLE,103,14.0,419.0
2026,7,LGA,CLT,327,27.0,544.0
2026,7,LGA,CMH,225,25.0,479.0
2026,7,LGA,CVG,1,1.0,585.0
2026,7,LGA,DAL,143,10.0,1381.0
2026,7,LGA,DCA,418,53.0,214.0
2026,7,LGA,DEN,404,29.0,1620.0
2026,7,LGA,DFW,547,40.0,1389.0
2026,7,LGA,DSM,27,5.0,1031.0
2026,7,LGA,DTW,263,26.0,502.0
2026,7,LGA,FCA,4,0.0,2035.0
2026,7,LGA,FLL,346,24.0,1076.0
2026,7,LGA,GRR,90,10.0,618.0
2026,7,LGA,GSO,108,14.0,461.0
2026,7,LGA,GSP,72,6.0,610.0
2026,7,LGA,HHH,31,0.0,701.0
2026,7,LGA,HOU,116,12.0,1428.0
2026,7,LGA,HYA,31,2.0,197.0
2026,7,LGA,IAD,62,8.0,228.0
2026,7,LGA,IAH,351,20.0,1416.0
2026,7,LGA,ILM,86,13.0,500.0
2026,7,LGA,IND,234,26.0,660.0
2026,7,LGA,JAX,74,11.0,834.0
2026,7,LGA,LEX,31,3.0,604.0
2026,7,LGA,LIT,27,5.0,1085.0
2026,7,LGA,MCI,173,16.0,1107.0
2026,7,LGA,MCO,358,39.0,950.0
2026,7,LGA,MDW,211,25.0,725.0
2026,7,LGA,MEM,120,19.0,963.0
2026,7,LGA,MIA,460,30.0,1096.0
2026,7,LGA,MKE,116,14.0,738.0
2026,7,LGA,MSN,62,8.0,812.0
2026,7,LGA,MSP,154,13.0,1020.0
2026,7,LGA,MSY,118,9.0,1183.0
2026,7,LGA,MVY,103,6.0,175.0
2026,7,LGA,MYR,43,1.0,563.0
2026,7,LGA,OKC,53,9.0,1341.0
2026,7,LGA,OMA,30,2.0,1148.0
2026,7,LGA,ORD,997,105.0,733.0
2026,7,LGA,ORF,81,10.0,296.0
2026,7,LGA,PBI,208,18.0,1035.0
2026,7,LGA,PIT,277,34.0,335.0
2026,7,LGA,PNS,8,4.0,1030.0
2026,7,LGA,PWM,127,17.0,269.0
2026,7,LGA,RDU,135,11.0,431.0
2026,7,LGA,RIC,187,25.0,291.0
2026,7,LGA,ROA,31,4.0,405.0
2026,7,LGA,RSW,55,5.0,1080.0
2026,7,LGA,SAV,9,1.0,722.0
2026,7,LGA,SDF,89,6.0,659.0
2026,7,LGA,SRQ,31,5.0,1047.0
2026,7,LGA,STL,204,21.0,888.0
2026,7,LGA,SYR,29,2.0,198.0
2026,7,LGA,TPA,194,12.0,1010.0
2026,7,LGA,TUL,58,7.0,1231.0
2026,7,LGA,TVC,34,3.0,655.0
2026,7,LGA,XNA,78,11.0,1147.0
2026,7,LGB,AUS,30,0.0,1226.0
2026,7,LGB,BNA,31,0.0,1785.0
2026,7,LGB,BZN,3,0.0,904.0
2026,7,LGB,DAL,35,0.0,1232.0
2026,7,LGB,DEN,92,0.0,854.0
2026,7,LGB,HNL,62,1.0,2569.0
2026,7,LGB,HOU,31,0.0,1374.0
2026,7,LGB,LAS,155,1.0,231.0
2026,7,LGB,MDW,27,0.0,1741.0
2026,7,LGB,OAK,119,2.0,353.0
2026,7,LGB,OGG,31,0.0,2498.0
2026,7,LGB,PHX,119,0.0,355.0
2026,7,LGB,RNO,62,0.0,402.0
2026,7,LGB,SJC,115,0.0,324.0
2026,7,LGB,SLC,137,2.0,588.0
2026,7,LGB,SMF,147,2.0,387.0
2026,7,LIH,DEN,31,0.0,3414.0
2026,7,LIH,HNL,664,3.0,102.0
2026,7,LIH,KOA,31,0.0,263.0
2026,7,LIH,LAS,31,0.0,2817.0
2026,7,LIH,LAX,201,0.0,2615.0
2026,7,LIH,OAK,62,1.0,2456.0
2026,7,LIH,OGG,124,0.0,202.0
2026,7,LIH,PDX,31,0.0,2630.0
2026,7,LIH,PHX,31,0.0,2979.0
2026,7,LIH,SAN,31,0.0,2676.0
2026,7,LIH,SEA,93,2.0,2700.0
2026,7,LIH,SFO,124,2.0,2446.0
2026,7,LIH,SJC,13,0.0,2465.0
2026,7,LIH,SMF,18,0.0,2508.0
2026,7,LIT,ATL,201,4.0,453.0
2026,7,LIT,BNA,62,0.0,327.0
2026,7,LIT,CLT,131,0.0,640.0
2026,7,LIT,DAL,88,0.0,296.0
2026,7,LIT,DCA,31,0.0,888.0
2026,7,LIT,DEN,135,0.0,771.0
2026,7,LIT,DFW,230,1.0,304.0
2026,7,LIT,HOU,4,0.0,393.0
2026,7,LIT,IAH,61,0.0,374.0
2026,7,LIT,LAS,31,0.0,1294.0
2026,7,LIT,LGA,27,4.0,1085.0
2026,7,LIT,MCO,4,0.0,776.0
2026,7,LIT,MIA,4,0.0,941.0
2026,7,LIT,ORD,186,6.0,552.0
2026,7,LIT,PHX,31,0.0,1136.0
2026,7,LIT,PIE,9,0.0,734.0
2026,7,LIT,SFB,9,0.0,765.0
2026,7,LIT,VPS,9,0.0,443.0
2026,7,LNK,DEN,148,0.0,423.0
2026,7,LNK,DFW,62,0.0,549.0
2026,7,LNK,ORD,155,8.0,466.0
2026,7,LNS,ORD,54,3.0,620.0
2026,7,LRD,DFW,132,2.0,396.0
2026,7,LRD,LAS,9,0.0,1092.0
2026,7,LSE,AZA,9,0.0,1318.0
2026,7,LSE,ORD,93,4.0,215.0
2026,7,LSE,SFB,9,0.0,1180.0
2026,7,LWB,CLT,31,2.0,185.0
2026,7,LWB,ORD,31,2.0,489.0
2026,7,LWS,SEA,31,0.0,262.0
2026,7,LWS,SLC,31,0.0,461.0
2026,7,LYH,IAD,31,2.0,147.0
2026,7,LYH,ORD,31,0.0,564.0
2026,7,MAF,AUS,27,0.0,294.0
2026,7,MAF,DAL,112,0.0,319.0
2026,7,MAF,DEN,157,0.0,563.0
2026,7,MAF,DFW,252,3.0,309.0
2026,7,MAF,HOU,115,0.0,441.0
2026,7,MAF,IAH,30,0.0,429.0
2026,7,MAF,LAS,31,0.0,795.0
2026,7,MAF,PHX,32,0.0,581.0
2026,7,MBS,DTW,117,0.0,98.0
2026,7,MBS,ORD,62,1.0,222.0
2026,7,MCI,ATL,293,2.0,692.0
2026,7,MCI,AUS,142,0.0,650.0
2026,7,MCI,BNA,134,1.0,491.0
2026,7,MCI,BOS,87,3.0,1256.0
2026,7,MCI,BWI,91,4.0,966.0
2026,7,MCI,CHS,3,0.0,930.0
2026,7,MCI,CLT,94,1.0,808.0
2026,7,MCI,CMH,4,0.0,632.0
2026,7,MCI,DAL,165,0.0,461.0
2026,7,MCI,DCA,167,14.0,949.0
2026,7,MCI,DEN,440,2.0,533.0
2026,7,MCI,DFW,228,1.0,460.0
2026,7,MCI,DTW,117,1.0,629.0
2026,7,MCI,ECP,26,0.0,797.0
2026,7,MCI,EWR,62,5.0,1092.0
2026,7,MCI,FLL,34,0.0,1242.0
2026,7,MCI,GUF,9,0.0,738.0
2026,7,MCI,HOU,92,0.0,666.0
2026,7,MCI,IAD,62,4.0,926.0
2026,7,MCI,IAH,61,0.0,643.0
2026,7,MCI,IND,31,0.0,451.0
2026,7,MCI,LAS,180,0.0,1139.0
2026,7,MCI,LAX,144,0.0,1363.0
2026,7,MCI,LGA,173,10.0,1107.0
2026,7,MCI,MCO,130,0.0,1072.0
2026,7,MCI,MDW,213,4.0,404.0
2026,7,MCI,MIA,95,1.0,1251.0
2026,7,MCI,MKE,34,0.0,436.0
2026,7,MCI,MSP,120,0.0,393.0
2026,7,MCI,MSY,27,0.0,690.0
2026,7,MCI,MYR,8,0.0,959.0
2026,7,MCI,ORD,391,19.0,403.0
2026,7,MCI,ORF,3,0.0,1021.0
2026,7,MCI,PDX,39,1.0,1482.0
2026,7,MCI,PGD,9,0.0,1125.0
2026,7,MCI,PHL,92,7.0,1038.0
2026,7,MCI,PHX,184,0.0,1044.0
2026,7,MCI,PIE,18,0.0,1045.0
2026,7,MCI,PNS,33,0.0,743.0
2026,7,MCI,RDU,7,0.0,904.0
2026,7,MCI,RSW,3,0.0,1155.0
2026,7,MCI,SAN,34,0.0,1334.0
2026,7,MCI,SAT,27,0.0,706.0
2026,7,MCI,SAV,3,0.0,905.0
2026,7,MCI,SEA,127,0.0,1490.0
2026,7,MCI,SFO,31,1.0,1499.0
2026,7,MCI,SLC,89,0.0,920.0
2026,7,MCI,SMF,31,0.0,1442.0
2026,7,MCI,SRQ,4,0.0,1078.0
2026,7,MCI,STL,92,1.0,237.0
2026,7,MCI,TPA,61,0.0,1048.0
2026,7,MCI,VPS,17,0.0,764.0
2026,7,MCO,ABE,10,1.0,906.0
2026,7,MCO,ABQ,4,0.0,1553.0
2026,7,MCO,ALB,65,0.0,1073.0
2026,7,MCO,ATL,693,15.0,404.0
2026,7,MCO,ATW,9,0.0,1162.0
2026,7,MCO,AUS,294,3.0,994.0
2026,7,MCO,AVL,11,0.0,488.0
2026,7,MCO,BDL,145,3.0,1050.0
2026,7,MCO,BHM,69,0.0,479.0
2026,7,MCO,BNA,315,1.0,616.0
2026,7,MCO,BOS,355,21.0,1121.0
2026,7,MCO,BQN,110,2.0,1129.0
2026,7,MCO,BUF,136,3.0,1011.0
2026,7,MCO,BWI,398,20.0,787.0
2026,7,MCO,CLE,195,4.0,895.0
2026,7,MCO,CLT,403,5.0,468.0
2026,7,MCO,CMH,158,0.0,802.0
2026,7,MCO,CVG,158,1.0,757.0
2026,7,MCO,DAL,239,0.0,973.0
2026,7,MCO,DCA,387,23.0,759.0
2026,7,MCO,DEN,398,3.0,1547.0
2026,7,MCO,DFW,439,4.0,985.0
2026,7,MCO,DTW,268,3.0,957.0
2026,7,MCO,ELP,8,0.0,1516.0
2026,7,MCO,EWR,385,31.0,937.0
2026,7,MCO,FLL,97,1.0,177.0
2026,7,MCO,GRR,13,0.0,1024.0
2026,7,MCO,HOU,199,1.0,849.0
2026,7,MCO,HPN,112,7.0,972.0
2026,7,MCO,IAD,176,7.0,758.0
2026,7,MCO,IAH,263,1.0,854.0
2026,7,MCO,ICT,4,0.0,1129.0
2026,7,MCO,IND,211,0.0,829.0
2026,7,MCO,ISP,120,0.0,971.0
2026,7,MCO,JFK,390,43.0,944.0
2026,7,MCO,LAS,173,1.0,2039.0
2026,7,MCO,LAX,339,2.0,2218.0
2026,7,MCO,LGA,358,32.0,950.0
2026,7,MCO,LIT,4,0.0,776.0
2026,7,MCO,MCI,130,0.0,1072.0
2026,7,MCO,MDW,241,3.0,990.0
2026,7,MCO,MEM,50,0.0,684.0
2026,7,MCO,MHT,39,0.0,1142.0
2026,7,MCO,MIA,270,2.0,192.0
2026,7,MCO,MKE,116,0.0,1066.0
2026,7,MCO,MSP,154,2.0,1310.0
2026,7,MCO,MSY,215,2.0,551.0
2026,7,MCO,OKC,34,1.0,1069.0
2026,7,MCO,OMA,34,0.0,1211.0
2026,7,MCO,ORD,438,8.0,1005.0
2026,7,MCO,ORF,65,2.0,655.0
2026,7,MCO,ORH,31,0.0,1091.0
2026,7,MCO,PBI,31,0.0,141.0
2026,7,MCO,PDX,31,0.0,2535.0
2026,7,MCO,PHL,426,21.0,862.0
2026,7,MCO,PHX,154,1.0,1849.0
2026,7,MCO,PIT,209,2.0,834.0
2026,7,MCO,PNS,27,1.0,381.0
2026,7,MCO,PSE,62,1.0,1178.0
2026,7,MCO,PVD,114,4.0,1072.0
2026,7,MCO,RDU,218,4.0,534.0
2026,7,MCO,RIC,95,2.0,667.0
2026,7,MCO,ROC,53,0.0,1033.0
2026,7,MCO,RSW,31,0.0,133.0
2026,7,MCO,SAN,119,2.0,2149.0
2026,7,MCO,SAT,101,0.0,1041.0
2026,7,MCO,SDF,68,0.0,719.0
2026,7,MCO,SEA,154,2.0,2554.0
2026,7,MCO,SFO,79,0.0,2446.0
2026,7,MCO,SJU,645,13.0,1188.0
2026,7,MCO,SLC,120,1.0,1931.0
2026,7,MCO,SMF,31,0.0,2408.0
2026,7,MCO,SRQ,31,0.0,104.0
2026,7,MCO,STL,221,1.0,882.0
2026,7,MCO,STT,31,0.0,1246.0
2026,7,MCO,SYR,36,2.0,1053.0
2026,7,MCO,TTN,50,2.0,896.0
2026,7,MCO,TUL,31,0.0,1006.0
2026,7,MCO,TYS,40,0.0,532.0
2026,7,MCW,ORD,54,3.0,288.0
2026,7,MDT,ATL,111,3.0,620.0
2026,7,MDT,BNA,9,0.0,608.0
2026,7,MDT,BOS,31,2.0,335.0
2026,7,MDT,CLT,61,1.0,413.0
2026,7,MDT,DFW,31,0.0,1231.0
2026,7,MDT,DTW,30,0.0,371.0
2026,7,MDT,FLL,9,0.0,993.0
2026,7,MDT,JAX,9,0.0,724.0
2026,7,MDT,MYR,13,2.0,465.0
2026,7,MDT,ORD,199,11.0,594.0
2026,7,MDT,PGD,10,0.0,963.0
2026,7,MDT,PIE,18,0.0,912.0
2026,7,MDT,SFB,31,0.0,827.0
2026,7,MDT,SRQ,9,0.0,942.0
2026,7,MDW,ABQ,31,0.0,1121.0
2026,7,MDW,ALB,85,2.0,717.0
2026,7,MDW,ATL,323,13.0,591.0
2026,7,MDW,AUS,134,1.0,972.0
2026,7,MDW,AVL,9,0.0,521.0
2026,7,MDW,BDL,85,2.0,776.0
2026,7,MDW,BHM,31,0.0,570.0
2026,7,MDW,BNA,159,2.0,395.0
2026,7,MDW,BOI,27,1.0,1448.0
2026,7,MDW,BOS,151,3.0,861.0
2026,7,MDW,BUF,92,2.0,468.0
2026,7,MDW,BUR,31,0.0,1740.0
2026,7,MDW,BWI,193,7.0,611.0
2026,7,MDW,BZN,31,0.0,1198.0
2026,7,MDW,CHS,49,1.0,745.0
2026,7,MDW,CLE,115,2.0,307.0
2026,7,MDW,CLT,84,1.0,584.0
2026,7,MDW,CMH,119,3.0,283.0
2026,7,MDW,COS,31,0.0,917.0
2026,7,MDW,CVG,62,3.0,249.0
2026,7,MDW,DAL,234,4.0,793.0
2026,7,MDW,DCA,177,6.0,601.0
2026,7,MDW,DEN,235,4.0,895.0
2026,7,MDW,DFW,30,1.0,797.0
2026,7,MDW,DSM,62,0.0,306.0
2026,7,MDW,DTW,89,3.0,228.0
2026,7,MDW,ECP,22,0.0,795.0
2026,7,MDW,ELP,31,1.0,1237.0
2026,7,MDW,FLL,93,2.0,1167.0
2026,7,MDW,GEG,27,0.0,1511.0
2026,7,MDW,GRR,89,1.0,137.0
2026,7,MDW,HOU,202,3.0,937.0
2026,7,MDW,ICT,62,0.0,589.0
2026,7,MDW,IND,62,0.0,162.0
2026,7,MDW,JAX,58,1.0,848.0
2026,7,MDW,LAS,195,1.0,1521.0
2026,7,MDW,LAX,116,0.0,1751.0
2026,7,MDW,LGA,211,18.0,725.0
2026,7,MDW,LGB,27,1.0,1741.0
2026,7,MDW,MCI,208,5.0,404.0
2026,7,MDW,MCO,241,6.0,990.0
2026,7,MDW,MEM,62,2.0,480.0
2026,7,MDW,MHT,62,0.0,838.0
2026,7,MDW,MIA,31,0.0,1182.0
2026,7,MDW,MKE,62,2.0,80.0
2026,7,MDW,MSP,132,3.0,349.0
2026,7,MDW,MSY,93,4.0,825.0
2026,7,MDW,MYR,48,1.0,738.0
2026,7,MDW,OAK,58,1.0,1844.0
2026,7,MDW,OKC,62,2.0,691.0
2026,7,MDW,OMA,119,2.0,423.0
2026,7,MDW,ONT,31,0.0,1706.0
2026,7,MDW,ORF,92,1.0,704.0
2026,7,MDW,PDX,85,2.0,1751.0
2026,7,MDW,PGD,9,0.0,1076.0
2026,7,MDW,PHL,150,8.0,668.0
2026,7,MDW,PHX,193,6.0,1444.0
2026,7,MDW,PIT,89,2.0,402.0
2026,7,MDW,PNS,31,0.0,781.0
2026,7,MDW,PVD,85,1.0,842.0
2026,7,MDW,PVU,9,1.0,1254.0
2026,7,MDW,PWM,31,0.0,895.0
2026,7,MDW,RDU,92,3.0,632.0
2026,7,MDW,RIC,53,0.0,629.0
2026,7,MDW,RNO,31,0.0,1680.0
2026,7,MDW,ROC,62,3.0,523.0
2026,7,MDW,RSW,88,3.0,1105.0
2026,7,MDW,SAN,106,2.0,1728.0
2026,7,MDW,SAT,62,1.0,1036.0
2026,7,MDW,SAV,38,0.0,758.0
2026,7,MDW,SDF,92,1.0,271.0
2026,7,MDW,SEA,88,2.0,1733.0
2026,7,MDW,SFO,61,1.0,1855.0
2026,7,MDW,SJC,61,0.0,1838.0
2026,7,MDW,SJU,8,0.0,2057.0
2026,7,MDW,SLC,58,1.0,1259.0
2026,7,MDW,SMF,85,2.0,1790.0
2026,7,MDW,SRQ,58,0.0,1035.0
2026,7,MDW,STL,172,6.0,251.0
2026,7,MDW,TPA,137,3.0,997.0
2026,7,MDW,TUL,62,3.0,583.0
2026,7,MDW,TYS,9,0.0,459.0
2026,7,MDW,VPS,9,0.0,782.0
2026,7,MEI,IAH,54,0.0,422.0
2026,7,MEM,ATL,316,3.0,332.0
2026,7,MEM,AUS,31,0.0,559.0
2026,7,MEM,BNA,62,0.0,200.0
2026,7,MEM,BOS,31,1.0,1139.0
2026,7,MEM,BWI,27,0.0,787.0
2026,7,MEM,CLT,151,2.0,511.0
2026,7,MEM,DAL,38,1.0,423.0
2026,7,MEM,DCA,88,7.0,762.0
2026,7,MEM,DEN,133,0.0,872.0
2026,7,MEM,DFW,202,2.0,431.0
2026,7,MEM,DTW,89,1.0,610.0
2026,7,MEM,EWR,62,9.0,946.0
2026,7,MEM,FLL,24,0.0,851.0
2026,7,MEM,HOU,81,0.0,484.0
2026,7,MEM,IAH,92,1.0,468.0
2026,7,MEM,LAS,36,0.0,1416.0
2026,7,MEM,LAX,23,0.0,1619.0
2026,7,MEM,LGA,120,16.0,963.0
2026,7,MEM,MCO,50,0.0,684.0
2026,7,MEM,MDW,62,1.0,480.0
2026,7,MEM,MIA,31,1.0,859.0
2026,7,MEM,MSP,89,0.0,700.0
2026,7,MEM,ORD,244,15.0,491.0
2026,7,MEM,PHL,88,7.0,875.0
2026,7,MEM,PHX,31,0.0,1264.0
2026,7,MEM,PIE,9,0.0,653.0
2026,7,MEM,SFB,9,0.0,671.0
2026,7,MEM,SLC,31,1.0,1262.0
2026,7,MEM,VPS,9,0.0,373.0
2026,7,MFE,AUS,85,0.0,279.0
2026,7,MFE,DFW,213,3.0,469.0
2026,7,MFE,IAH,58,0.0,316.0
2026,7,MFE,LAS,40,0.0,1210.0
2026,7,MFE,PHX,31,0.0,965.0
2026,7,MFE,SFB,18,0.0,1059.0
2026,7,MFR,DEN,61,1.0,964.0
2026,7,MFR,LAS,18,0.0,600.0
2026,7,MFR,LAX,31,0.0,630.0
2026,7,MFR,PDX,31,0.0,222.0
2026,7,MFR,PHX,61,1.0,855.0
2026,7,MFR,SAN,31,0.0,734.0
2026,7,MFR,SEA,123,1.0,352.0
2026,7,MFR,SFO,92,0.0,329.0
2026,7,MFR,SLC,62,0.0,575.0
2026,7,MFR,SNA,9,1.0,659.0
2026,7,MGM,DCA,27,3.0,693.0
2026,7,MGM,DFW,89,6.0,622.0
2026,7,MGM,IAH,62,0.0,554.0
2026,7,MGW,IAD,31,1.0,140.0
2026,7,MGW,ORD,23,2.0,449.0
2026,7,MHK,DFW,91,1.0,431.0
2026,7,MHK,ORD,32,1.0,501.0
2026,7,MHT,BWI,151,3.0,377.0
2026,7,MHT,CLT,92,3.0,738.0
2026,7,MHT,DCA,89,9.0,406.0
2026,7,MHT,MCO,39,0.0,1142.0
2026,7,MHT,MDW,62,1.0,838.0
2026,7,MHT,ORD,93,4.0,843.0
2026,7,MHT,TPA,3,0.0,1204.0
2026,7,MIA,ATL,557,19.0,594.0
2026,7,MIA,AUS,209,2.0,1103.0
2026,7,MIA,AVL,31,0.0,677.0
2026,7,MIA,BDL,31,0.0,1194.0
2026,7,MIA,BHM,61,0.0,661.0
2026,7,MIA,BNA,209,0.0,806.0
2026,7,MIA,BOS,268,7.0,1258.0
2026,7,MIA,BWI,192,11.0,946.0
2026,7,MIA,CAE,4,0.0,563.0
2026,7,MIA,CHA,4,0.0,701.0
2026,7,MIA,CHS,92,1.0,489.0
2026,7,MIA,CLE,85,0.0,1080.0
2026,7,MIA,CLT,306,2.0,650.0
2026,7,MIA,CMH,115,0.0,990.0
2026,7,MIA,CVG,62,0.0,948.0
2026,7,MIA,DAL,38,0.0,1109.0
2026,7,MIA,DCA,328,12.0,919.0
2026,7,MIA,DEN,185,0.0,1709.0
2026,7,MIA,DFW,405,1.0,1121.0
2026,7,MIA,DSM,4,0.0,1327.0
2026,7,MIA,DTW,98,1.0,1145.0
2026,7,MIA,EWR,269,20.0,1085.0
2026,7,MIA,EYW,93,0.0,126.0
2026,7,MIA,GNV,31,0.0,294.0
2026,7,MIA,GRR,9,0.0,1214.0
2026,7,MIA,GSO,53,0.0,710.0
2026,7,MIA,GSP,66,0.0,637.0
2026,7,MIA,HOU,38,0.0,955.0
2026,7,MIA,HSV,4,0.0,722.0
2026,7,MIA,IAD,31,0.0,922.0
2026,7,MIA,IAH,287,8.0,964.0
2026,7,MIA,ICT,4,0.0,1295.0
2026,7,MIA,ILM,35,0.0,601.0
2026,7,MIA,IND,65,2.0,1020.0
2026,7,MIA,JAN,4,0.0,742.0
2026,7,MIA,JAX,124,0.0,335.0
2026,7,MIA,JFK,372,26.0,1089.0
2026,7,MIA,LAS,151,0.0,2174.0
2026,7,MIA,LAX,282,4.0,2342.0
2026,7,MIA,LGA,460,30.0,1096.0
2026,7,MIA,LIT,4,0.0,941.0
2026,7,MIA,MCI,95,2.0,1251.0
2026,7,MIA,MCO,270,1.0,192.0
2026,7,MIA,MDW,31,0.0,1182.0
2026,7,MIA,MEM,31,1.0,859.0
2026,7,MIA,MSP,96,0.0,1501.0
2026,7,MIA,MSY,124,2.0,674.0
2026,7,MIA,OKC,35,0.0,1222.0
2026,7,MIA,ORD,340,9.0,1197.0
2026,7,MIA,ORF,62,0.0,802.0
2026,7,MIA,PHL,310,22.0,1013.0
2026,7,MIA,PHX,154,2.0,1972.0
2026,7,MIA,PIT,65,0.0,1013.0
2026,7,MIA,PNS,97,0.0,530.0
2026,7,MIA,RDU,233,3.0,700.0
2026,7,MIA,RIC,53,0.0,826.0
2026,7,MIA,SAN,62,0.0,2267.0
2026,7,MIA,SAT,32,0.0,1143.0
2026,7,MIA,SAV,53,0.0,440.0
2026,7,MIA,SDF,36,0.0,910.0
2026,7,MIA,SEA,125,1.0,2724.0
2026,7,MIA,SFO,176,0.0,2585.0
2026,7,MIA,SGF,4,0.0,1102.0
2026,7,MIA,SJU,217,0.0,1045.0
2026,7,MIA,SLC,82,0.0,2088.0
2026,7,MIA,SRQ,35,0.0,178.0
2026,7,MIA,STL,100,0.0,1068.0
2026,7,MIA,STT,66,0.0,1107.0
2026,7,MIA,STX,62,0.0,1139.0
2026,7,MIA,TLH,123,0.0,402.0
2026,7,MIA,TPA,231,1.0,204.0
2026,7,MIA,TUL,35,0.0,1168.0
2026,7,MIA,TYS,40,1.0,724.0
2026,7,MIA,VPS,31,0.0,499.0
2026,7,MIA,XNA,32,0.0,1099.0
2026,7,MKE,ATL,196,4.0,669.0
2026,7,MKE,AUS,27,0.0,1032.0
2026,7,MKE,BNA,90,0.0,475.0
2026,7,MKE,BOS,84,2.0,860.0
2026,7,MKE,BWI,88,1.0,641.0
2026,7,MKE,CLT,87,1.0,651.0
2026,7,MKE,DAL,35,0.0,850.0
2026,7,MKE,DCA,117,8.0,634.0
2026,7,MKE,DEN,248,1.0,896.0
2026,7,MKE,DFW,90,2.0,853.0
2026,7,MKE,DTW,123,3.0,237.0
2026,7,MKE,EWR,89,9.0,725.0
2026,7,MKE,IAH,31,0.0,984.0
2026,7,MKE,LAS,85,0.0,1524.0
2026,7,MKE,LGA,116,15.0,738.0
2026,7,MKE,MCI,34,1.0,436.0
2026,7,MKE,MCO,116,0.0,1066.0
2026,7,MKE,MDW,62,0.0,80.0
2026,7,MKE,MSP,180,0.0,297.0
2026,7,MKE,ORD,461,26.0,67.0
2026,7,MKE,PHL,92,9.0,690.0
2026,7,MKE,PHX,96,0.0,1460.0
2026,7,MKE,SAN,31,0.0,1739.0
2026,7,MKE,SEA,61,0.0,1694.0
2026,7,MKE,SLC,31,0.0,1247.0
2026,7,MKE,STL,58,0.0,317.0
2026,7,MKE,TPA,31,0.0,1075.0
2026,7,MLB,ABE,9,0.0,914.0
2026,7,MLB,ATL,123,3.0,443.0
2026,7,MLB,CLT,91,5.0,490.0
2026,7,MLB,CVG,9,0.0,789.0
2026,7,MLB,PIT,9,0.0,854.0
2026,7,MLI,AZA,9,0.0,1287.0
2026,7,MLI,DEN,30,0.0,751.0
2026,7,MLI,DFW,91,0.0,691.0
2026,7,MLI,LAS,9,0.0,1376.0
2026,7,MLI,ORD,220,14.0,139.0
2026,7,MLI,PGD,9,0.0,1113.0
2026,7,MLI,PIE,9,0.0,1033.0
2026,7,MLI,SFB,9,0.0,1018.0
2026,7,MLU,DFW,123,1.0,293.0
2026,7,MOB,ATL,85,0.0,302.0
2026,7,MOB,DFW,86,1.0,539.0
2026,7,MOT,AZA,9,0.0,1164.0
2026,7,MOT,DEN,119,0.0,604.0
2026,7,MOT,LAS,9,0.0,1098.0
2026,7,MOT,MSP,124,1.0,449.0
2026,7,MQT,DTW,31,1.0,349.0
2026,7,MQT,MSP,23,1.0,300.0
2026,7,MQT,ORD,62,3.0,303.0
2026,7,MRY,DEN,61,0.0,959.0
2026,7,MRY,DFW,31,0.0,1430.0
2026,7,MRY,LAS,13,0.0,375.0
2026,7,MRY,LAX,61,0.0,266.0
2026,7,MRY,ORD,4,0.0,1844.0
2026,7,MRY,PHX,121,0.0,598.0
2026,7,MRY,SAN,62,4.0,375.0
2026,7,MRY,SFO,85,1.0,77.0
2026,7,MSN,ATL,89,3.0,707.0
2026,7,MSN,BOS,62,1.0,932.0
2026,7,MSN,CLT,88,3.0,708.0
2026,7,MSN,DCA,110,11.0,707.0
2026,7,MSN,DEN,127,1.0,826.0
2026,7,MSN,DFW,92,0.0,821.0
2026,7,MSN,DTW,80,0.0,311.0
2026,7,MSN,EWR,61,5.0,799.0
2026,7,MSN,LGA,62,5.0,812.0
2026,7,MSN,MSP,123,0.0,228.0
2026,7,MSN,ORD,334,13.0,108.0
2026,7,MSN,PHL,92,16.0,764.0
2026,7,MSN,PHX,61,0.0,1396.0
2026,7,MSO,AZA,14,0.0,948.0
2026,7,MSO,DEN,122,0.0,679.0
2026,7,MSO,DFW,61,0.0,1320.0
2026,7,MSO,LAS,9,0.0,750.0
2026,7,MSO,LAX,62,0.0,923.0
2026,7,MSO,MSP,62,0.0,1013.0
2026,7,MSO,ORD,67,0.0,1332.0
2026,7,MSO,PDX,31,0.0,418.0
2026,7,MSO,SEA,67,0.0,389.0
2026,7,MSO,SFO,31,0.0,769.0
2026,7,MSO,SLC,92,0.0,436.0
2026,7,MSO,SNA,9,0.0,935.0
2026,7,MSP,ABQ,31,0.0,981.0
2026,7,MSP,ABR,62,0.0,257.0
2026,7,MSP,ANC,124,0.0,2519.0
2026,7,MSP,ATL,298,2.0,907.0
2026,7,MSP,ATW,30,0.0,236.0
2026,7,MSP,ATY,31,0.0,193.0
2026,7,MSP,AUS,147,1.0,1042.0
2026,7,MSP,AVL,29,0.0,861.0
2026,7,MSP,BDL,85,0.0,1050.0
2026,7,MSP,BIL,31,0.0,748.0
2026,7,MSP,BIS,124,0.0,386.0
2026,7,MSP,BJI,62,0.0,199.0
2026,7,MSP,BNA,178,3.0,695.0
2026,7,MSP,BOI,89,0.0,1142.0
2026,7,MSP,BOS,180,2.0,1124.0
2026,7,MSP,BRD,55,0.0,114.0
2026,7,MSP,BUF,31,0.0,735.0
2026,7,MSP,BWI,146,5.0,936.0
2026,7,MSP,BZN,93,1.0,874.0
2026,7,MSP,CHS,31,2.0,1087.0
2026,7,MSP,CIU,27,1.0,434.0
2026,7,MSP,CLE,117,2.0,622.0
2026,7,MSP,CLT,226,2.0,930.0
2026,7,MSP,CMH,113,2.0,626.0
2026,7,MSP,COS,31,0.0,725.0
2026,7,MSP,CVG,117,1.0,596.0
2026,7,MSP,DAL,4,0.0,853.0
2026,7,MSP,DCA,229,11.0,931.0
2026,7,MSP,DEN,553,0.0,680.0
2026,7,MSP,DFW,313,3.0,852.0
2026,7,MSP,DLH,124,5.0,144.0
2026,7,MSP,DTW,182,1.0,528.0
2026,7,MSP,ESC,24,1.0,304.0
2026,7,MSP,EWR,196,17.0,1008.0
2026,7,MSP,FAI,31,0.0,2466.0
2026,7,MSP,FAR,92,0.0,223.0
2026,7,MSP,FCA,42,0.0,1025.0
2026,7,MSP,FLL,31,0.0,1487.0
2026,7,MSP,FSD,151,1.0,196.0
2026,7,MSP,FWA,31,0.0,488.0
2026,7,MSP,GEG,92,1.0,1175.0
2026,7,MSP,GFK,115,0.0,284.0
2026,7,MSP,GRB,93,0.0,252.0
2026,7,MSP,GRR,120,2.0,408.0
2026,7,MSP,HIB,55,1.0,174.0
2026,7,MSP,HNL,31,0.0,3972.0
2026,7,MSP,IAD,147,7.0,907.0
2026,7,MSP,IAH,208,0.0,1034.0
2026,7,MSP,ICT,61,0.0,545.0
2026,7,MSP,ILM,8,0.0,1094.0
2026,7,MSP,IMT,31,2.0,257.0
2026,7,MSP,IND,117,0.0,503.0
2026,7,MSP,INL,61,0.0,255.0
2026,7,MSP,JAC,31,0.0,872.0
2026,7,MSP,JAX,31,0.0,1173.0
2026,7,MSP,JFK,62,3.0,1029.0
2026,7,MSP,LAS,146,2.0,1299.0
2026,7,MSP,LAX,208,2.0,1535.0
2026,7,MSP,LGA,154,12.0,1020.0
2026,7,MSP,MCI,120,0.0,393.0
2026,7,MSP,MCO,154,2.0,1310.0
2026,7,MSP,MDW,146,4.0,349.0
2026,7,MSP,MEM,89,0.0,700.0
2026,7,MSP,MIA,96,0.0,1501.0
2026,7,MSP,MKE,180,0.0,297.0
2026,7,MSP,MOT,124,1.0,449.0
2026,7,MSP,MQT,23,1.0,300.0
2026,7,MSP,MSN,123,0.0,228.0
2026,7,MSP,MSO,62,0.0,1013.0
2026,7,MSP,MSY,31,1.0,1040.0
2026,7,MSP,MYR,31,0.0,1085.0
2026,7,MSP,OKC,31,0.0,694.0
2026,7,MSP,OMA,147,0.0,282.0
2026,7,MSP,ORD,564,30.0,334.0
2026,7,MSP,PDX,181,1.0,1426.0
2026,7,MSP,PHL,196,11.0,981.0
2026,7,MSP,PHX,211,1.0,1276.0
2026,7,MSP,PIT,89,0.0,726.0
2026,7,MSP,PSC,31,0.0,1254.0
2026,7,MSP,PVD,31,0.0,1117.0
2026,7,MSP,PWM,31,0.0,1136.0
2026,7,MSP,RAP,119,0.0,490.0
2026,7,MSP,RDU,117,1.0,980.0
2026,7,MSP,RHI,62,0.0,190.0
2026,7,MSP,RNO,31,0.0,1405.0
2026,7,MSP,RST,30,0.0,76.0
2026,7,MSP,RSW,84,1.0,1416.0
2026,7,MSP,SAN,108,1.0,1532.0
2026,7,MSP,SAT,86,0.0,1097.0
2026,7,MSP,SAV,31,0.0,1092.0
2026,7,MSP,SBN,31,0.0,411.0
2026,7,MSP,SEA,290,1.0,1399.0
2026,7,MSP,SFO,188,0.0,1589.0
2026,7,MSP,SJC,58,1.0,1575.0
2026,7,MSP,SJU,1,0.0,2404.0
2026,7,MSP,SLC,149,1.0,991.0
2026,7,MSP,SMF,61,0.0,1517.0
2026,7,MSP,SNA,49,1.0,1522.0
2026,7,MSP,STL,186,1.0,448.0
2026,7,MSP,SYR,31,0.0,860.0
2026,7,MSP,TPA,112,1.0,1306.0
2026,7,MSP,TVC,35,0.0,376.0
2026,7,MSP,VPS,31,0.0,1058.0
2026,7,MSP,XNA,58,0.0,596.0
2026,7,MSP,XWA,89,0.0,553.0
2026,7,MSY,ATL,312,5.0,425.0
2026,7,MSY,AUS,152,0.0,445.0
2026,7,MSY,BNA,116,0.0,471.0
2026,7,MSY,BOS,62,2.0,1367.0
2026,7,MSY,BWI,89,0.0,998.0
2026,7,MSY,CLT,136,0.0,650.0
2026,7,MSY,DAL,169,2.0,437.0
2026,7,MSY,DCA,146,16.0,969.0
2026,7,MSY,DEN,167,1.0,1062.0
2026,7,MSY,DFW,258,2.0,448.0
2026,7,MSY,DTW,54,2.0,926.0
2026,7,MSY,EWR,80,3.0,1167.0
2026,7,MSY,FLL,97,4.0,673.0
2026,7,MSY,HOU,200,2.0,303.0
2026,7,MSY,IAD,48,1.0,955.0
2026,7,MSY,IAH,210,0.0,305.0
2026,7,MSY,JFK,92,14.0,1182.0
2026,7,MSY,LAS,88,0.0,1500.0
2026,7,MSY,LAX,103,0.0,1671.0
2026,7,MSY,LGA,118,8.0,1183.0
2026,7,MSY,MCI,27,0.0,690.0
2026,7,MSY,MCO,196,2.0,551.0
2026,7,MSY,MDW,93,1.0,825.0
2026,7,MSY,MIA,124,1.0,674.0
2026,7,MSY,MSP,31,1.0,1040.0
2026,7,MSY,ORD,182,9.0,837.0
2026,7,MSY,PHL,100,4.0,1089.0
2026,7,MSY,PHX,59,0.0,1301.0
2026,7,MSY,SAN,27,0.0,1600.0
2026,7,MSY,SAT,27,0.0,495.0
2026,7,MSY,SEA,61,0.0,2086.0
2026,7,MSY,SFO,30,0.0,1911.0
2026,7,MSY,SLC,31,0.0,1429.0
2026,7,MSY,STL,58,0.0,604.0
2026,7,MSY,TPA,58,0.0,487.0
2026,7,MTJ,DAL,4,0.0,733.0
2026,7,MTJ,DEN,123,0.0,197.0
2026,7,MTJ,DFW,62,0.0,722.0
2026,7,MTJ,LAX,4,0.0,666.0
2026,7,MTJ,ORD,22,0.0,1081.0
2026,7,MVY,BOS,23,2.0,70.0
2026,7,MVY,CLT,3,0.0,704.0
2026,7,MVY,DCA,86,10.0,383.0
2026,7,MVY,JFK,62,9.0,173.0
2026,7,MVY,LGA,103,8.0,175.0
2026,7,MVY,ORD,4,0.0,894.0
2026,7,MVY,PHL,31,0.0,265.0
2026,7,MYR,ABE,32,1.0,518.0
2026,7,MYR,ACY,13,1.0,466.0
2026,7,MYR,ALB,13,1.0,685.0
2026,7,MYR,ATL,147,4.0,317.0
2026,7,MYR,BLV,13,0.0,696.0
2026,7,MYR,BNA,65,0.0,471.0
2026,7,MYR,BOS,16,1.0,738.0
2026,7,MYR,BWI,95,1.0,399.0
2026,7,MYR,CAK,17,0.0,518.0
2026,7,MYR,CKB,9,0.0,394.0
2026,7,MYR,CLE,13,0.0,557.0
2026,7,MYR,CLT,152,1.0,157.0
2026,7,MYR,CMH,7,0.0,488.0
2026,7,MYR,CVG,26,0.0,489.0
2026,7,MYR,DAL,11,0.0,1038.0
2026,7,MYR,DAY,9,1.0,520.0
2026,7,MYR,DCA,65,3.0,372.0
2026,7,MYR,DEN,34,0.0,1484.0
2026,7,MYR,DFW,61,0.0,1048.0
2026,7,MYR,DTW,31,1.0,636.0
2026,7,MYR,ELM,9,0.0,595.0
2026,7,MYR,EWR,61,8.0,550.0
2026,7,MYR,FWA,9,0.0,610.0
2026,7,MYR,GRR,9,0.0,728.0
2026,7,MYR,HGR,13,0.0,421.0
2026,7,MYR,HOU,3,0.0,1001.0
2026,7,MYR,HTS,17,2.0,382.0
2026,7,MYR,IAG,9,0.0,650.0
2026,7,MYR,IND,4,0.0,583.0
2026,7,MYR,ISP,17,0.0,586.0
2026,7,MYR,LCK,26,1.0,478.0
2026,7,MYR,LEX,9,0.0,438.0
2026,7,MYR,LGA,42,2.0,563.0
2026,7,MYR,MCI,8,0.0,959.0
2026,7,MYR,MDT,13,2.0,465.0
2026,7,MYR,MDW,48,2.0,738.0
2026,7,MYR,MSP,31,0.0,1085.0
2026,7,MYR,ORD,66,2.0,753.0
2026,7,MYR,PHL,18,3.0,474.0
2026,7,MYR,PIT,25,1.0,475.0
2026,7,MYR,SDF,4,0.0,491.0
2026,7,MYR,STL,26,0.0,728.0
2026,7,MYR,SWF,22,1.0,601.0
2026,7,MYR,SYR,13,0.0,668.0
2026,7,OAJ,ATL,89,5.0,399.0
2026,7,OAK,ABQ,31,0.0,889.0
2026,7,OAK,AUS,31,0.0,1497.0
2026,7,OAK,BOI,30,0.0,512.0
2026,7,OAK,BUR,222,2.0,325.0
2026,7,OAK,DAL,35,0.0,1468.0
2026,7,OAK,DEN,154,0.0,957.0
2026,7,OAK,GEG,27,0.0,723.0
2026,7,OAK,HNL,62,0.0,2409.0
2026,7,OAK,HOU,31,0.0,1642.0
2026,7,OAK,LAS,305,1.0,407.0
2026,7,OAK,LAX,165,1.0,337.0
2026,7,OAK,LGB,119,1.0,353.0
2026,7,OAK,LIH,62,1.0,2456.0
2026,7,OAK,MDW,58,0.0,1844.0
2026,7,OAK,OGG,62,1.0,2348.0
2026,7,OAK,ONT,116,0.0,362.0
2026,7,OAK,PDX,127,0.0,543.0
2026,7,OAK,PHX,148,0.0,646.0
2026,7,OAK,PSP,19,0.0,418.0
2026,7,OAK,SAN,301,0.0,446.0
2026,7,OAK,SBA,31,0.0,263.0
2026,7,OAK,SEA,211,0.0,672.0
2026,7,OAK,SLC,123,0.0,588.0
2026,7,OAK,SNA,215,2.0,371.0
2026,7,OGG,DEN,31,0.0,3302.0
2026,7,OGG,DFW,40,0.0,3710.0
2026,7,OGG,HNL,803,4.0,101.0
2026,7,OGG,ITO,27,0.0,121.0
2026,7,OGG,KOA,124,0.0,84.0
2026,7,OGG,LAS,62,1.0,2695.0
2026,7,OGG,LAX,279,2.0,2485.0
2026,7,OGG,LGB,31,0.0,2498.0
2026,7,OGG,LIH,124,0.0,202.0
2026,7,OGG,OAK,62,0.0,2348.0
2026,7,OGG,ORD,4,0.0,4184.0
2026,7,OGG,PDX,62,0.0,2561.0
2026,7,OGG,PHX,93,0.0,2844.0
2026,7,OGG,SAN,93,0.0,2540.0
2026,7,OGG,SEA,155,0.0,2639.0
2026,7,OGG,SFO,190,3.0,2338.0
2026,7,OGG,SJC,53,0.0,2355.0
2026,7,OGG,SLC,31,2.0,2935.0
2026,7,OGG,SMF,62,1.0,2403.0
2026,7,OKC,ATL,148,11.0,761.0
2026,7,OKC,AUS,30,0.0,358.0
2026,7,OKC,BNA,62,0.0,616.0
2026,7,OKC,BWI,4,0.0,1180.0
2026,7,OKC,CLT,79,1.0,940.0
2026,7,OKC,DAL,62,0.0,181.0
2026,7,OKC,DCA,60,8.0,1158.0
2026,7,OKC,DEN,292,3.0,495.0
2026,7,OKC,DFW,300,2.0,175.0
2026,7,OKC,GUF,13,0.0,675.0
2026,7,OKC,HOU,92,0.0,419.0
2026,7,OKC,IAH,92,1.0,395.0
2026,7,OKC,LAS,111,1.0,986.0
2026,7,OKC,LAX,61,0.0,1187.0
2026,7,OKC,LGA,54,9.0,1341.0
2026,7,OKC,MCO,34,0.0,1069.0
2026,7,OKC,MDW,62,1.0,691.0
2026,7,OKC,MIA,35,0.0,1222.0
2026,7,OKC,MSP,31,0.0,694.0
2026,7,OKC,ORD,248,10.0,693.0
2026,7,OKC,PHX,152,1.0,833.0
2026,7,OKC,SEA,61,0.0,1519.0
2026,7,OKC,SFB,9,0.0,1061.0
2026,7,OKC,SLC,62,0.0,866.0
2026,7,OKC,VPS,17,0.0,726.0
2026,7,OMA,ATL,151,3.0,821.0
2026,7,OMA,AUS,3,0.0,772.0
2026,7,OMA,AZA,9,0.0,1026.0
2026,7,OMA,BNA,39,0.0,612.0
2026,7,OMA,CLT,89,2.0,913.0
2026,7,OMA,DAL,35,0.0,586.0
2026,7,OMA,DCA,57,2.0,1012.0
2026,7,OMA,DEN,335,2.0,472.0
2026,7,OMA,DFW,138,1.0,583.0
2026,7,OMA,DTW,120,0.0,650.0
2026,7,OMA,GUF,9,0.0,888.0
2026,7,OMA,HOU,34,0.0,804.0
2026,7,OMA,IAH,62,0.0,781.0
2026,7,OMA,LAS,97,2.0,1099.0
2026,7,OMA,LAX,61,0.0,1330.0
2026,7,OMA,LGA,31,1.0,1148.0
2026,7,OMA,MCO,34,0.0,1211.0
2026,7,OMA,MDW,119,1.0,423.0
2026,7,OMA,MSP,147,0.0,282.0
2026,7,OMA,ORD,305,20.0,416.0
2026,7,OMA,PGD,9,0.0,1269.0
2026,7,OMA,PHL,62,6.0,1089.0
2026,7,OMA,PHX,152,0.0,1037.0
2026,7,OMA,PIE,14,0.0,1188.0
2026,7,OMA,SAN,21,0.0,1313.0
2026,7,OMA,SEA,61,1.0,1368.0
2026,7,OMA,SFB,9,0.0,1195.0
2026,7,OMA,SFO,31,0.0,1433.0
2026,7,OMA,SLC,89,0.0,840.0
2026,7,OMA,STL,66,1.0,342.0
2026,7,OMA,TPA,3,0.0,1190.0
2026,7,OMA,VPS,9,0.0,911.0
2026,7,OME,ANC,30,0.0,539.0
2026,7,ONT,ATL,88,1.0,1900.0
2026,7,ONT,AUS,31,0.0,1196.0
2026,7,ONT,BNA,31,0.0,1751.0
2026,7,ONT,BWI,31,0.0,2283.0
2026,7,ONT,CLT,31,1.0,2078.0
2026,7,ONT,DAL,31,0.0,1200.0
2026,7,ONT,DEN,243,0.0,819.0
2026,7,ONT,DFW,214,2.0,1188.0
2026,7,ONT,HNL,62,0.0,2603.0
2026,7,ONT,HOU,31,0.0,1345.0
2026,7,ONT,IAH,62,1.0,1334.0
2026,7,ONT,JFK,31,2.0,2429.0
2026,7,ONT,LAS,213,4.0,197.0
2026,7,ONT,MDW,31,0.0,1706.0
2026,7,ONT,OAK,116,0.0,362.0
2026,7,ONT,ORD,31,2.0,1700.0
2026,7,ONT,PDX,41,1.0,838.0
2026,7,ONT,PHX,231,1.0,325.0
2026,7,ONT,SEA,256,3.0,956.0
2026,7,ONT,SFO,123,1.0,363.0
2026,7,ONT,SJC,119,0.0,333.0
2026,7,ONT,SLC,116,0.0,558.0
2026,7,ONT,SMF,183,2.0,390.0
2026,7,ONT,STS,31,0.0,423.0
2026,7,ORD,ABE,96,3.0,654.0
2026,7,ORD,ABQ,93,5.0,1118.0
2026,7,ORD,ACK,12,0.0,924.0
2026,7,ORD,ALB,216,7.0,723.0
2026,7,ORD,ALO,54,6.0,234.0
2026,7,ORD,ANC,154,1.0,2846.0
2026,7,ORD,ASE,124,4.0,1013.0
2026,7,ORD,ATL,602,18.0,606.0
2026,7,ORD,ATW,186,8.0,160.0
2026,7,ORD,AUS,273,9.0,977.0
2026,7,ORD,AVL,185,5.0,536.0
2026,7,ORD,AVP,62,1.0,632.0
2026,7,ORD,AZO,62,6.0,122.0
2026,7,ORD,BDL,215,5.0,783.0
2026,7,ORD,BGR,124,4.0,978.0
2026,7,ORD,BHM,62,3.0,584.0
2026,7,ORD,BIL,31,0.0,1060.0
2026,7,ORD,BIS,31,0.0,715.0
2026,7,ORD,BMI,62,5.0,116.0
2026,7,ORD,BNA,424,14.0,409.0
2026,7,ORD,BOI,93,3.0,1437.0
2026,7,ORD,BOS,786,40.0,867.0
2026,7,ORD,BTV,124,3.0,763.0
2026,7,ORD,BUF,217,10.0,474.0
2026,7,ORD,BWI,242,11.0,622.0
2026,7,ORD,BZN,154,3.0,1185.0
2026,7,ORD,CAE,62,2.0,666.0
2026,7,ORD,CAK,186,11.0,344.0
2026,7,ORD,CHA,31,3.0,501.0
2026,7,ORD,CHO,93,2.0,566.0
2026,7,ORD,CHS,186,3.0,760.0
2026,7,ORD,CID,226,9.0,196.0
2026,7,ORD,CIU,27,2.0,341.0
2026,7,ORD,CKB,31,0.0,444.0
2026,7,ORD,CLE,399,23.0,316.0
2026,7,ORD,CLT,434,12.0,599.0
2026,7,ORD,CMH,488,23.0,296.0
2026,7,ORD,CMI,93,4.0,135.0
2026,7,ORD,CMX,80,7.0,360.0
2026,7,ORD,COD,5,0.0,1077.0
2026,7,ORD,COS,93,4.0,911.0
2026,7,ORD,COU,155,7.0,315.0
2026,7,ORD,CRW,93,4.0,416.0
2026,7,ORD,CVG,418,16.0,264.0
2026,7,ORD,CWA,94,6.0,213.0
2026,7,ORD,DAY,146,5.0,240.0
2026,7,ORD,DCA,644,34.0,612.0
2026,7,ORD,DEC,54,3.0,156.0
2026,7,ORD,DEN,552,17.0,888.0
2026,7,ORD,DFW,692,15.0,802.0
2026,7,ORD,DLH,120,9.0,397.0
2026,7,ORD,DSM,302,17.0,299.0
2026,7,ORD,DTW,533,26.0,235.0
2026,7,ORD,EAR,31,0.0,583.0
2026,7,ORD,EAU,54,2.0,269.0
2026,7,ORD,ECP,93,2.0,810.0
2026,7,ORD,EGE,9,1.0,1007.0
2026,7,ORD,ELP,62,3.0,1236.0
2026,7,ORD,ERI,31,2.0,398.0
2026,7,ORD,EUG,31,0.0,1780.0
2026,7,ORD,EVV,62,6.0,272.0
2026,7,ORD,EWR,525,50.0,719.0
2026,7,ORD,EYW,62,2.0,1251.0
2026,7,ORD,FAI,31,1.0,2785.0
2026,7,ORD,FAR,186,8.0,557.0
2026,7,ORD,FAT,31,2.0,1730.0
2026,7,ORD,FCA,70,4.0,1352.0
2026,7,ORD,FLL,252,6.0,1182.0
2026,7,ORD,FNT,124,7.0,223.0
2026,7,ORD,FOD,31,2.0,324.0
2026,7,ORD,FSD,124,6.0,462.0
2026,7,ORD,FWA,274,16.0,157.0
2026,7,ORD,GEG,62,2.0,1498.0
2026,7,ORD,GRB,186,5.0,173.0
2026,7,ORD,GRR,324,15.0,137.0
2026,7,ORD,GSO,93,3.0,589.0
2026,7,ORD,GSP,186,5.0,577.0
2026,7,ORD,GTF,16,0.0,1210.0
2026,7,ORD,HHH,62,1.0,781.0
2026,7,ORD,HNL,31,0.0,4243.0
2026,7,ORD,HPN,153,9.0,738.0
2026,7,ORD,HSV,62,2.0,510.0
2026,7,ORD,HYA,4,0.0,909.0
2026,7,ORD,IAD,216,5.0,588.0
2026,7,ORD,IAH,553,15.0,925.0
2026,7,ORD,ICT,182,5.0,588.0
2026,7,ORD,IDA,35,0.0,1229.0
2026,7,ORD,ILM,89,1.0,760.0
2026,7,ORD,IND,465,27.0,177.0
2026,7,ORD,JAC,124,4.0,1162.0
2026,7,ORD,JAX,208,6.0,864.0
2026,7,ORD,JFK,217,34.0,740.0
2026,7,ORD,JLN,31,1.0,484.0
2026,7,ORD,JST,31,3.0,487.0
2026,7,ORD,LAF,49,3.0,119.0
2026,7,ORD,LAN,62,1.0,179.0
2026,7,ORD,LAS,419,10.0,1514.0
2026,7,ORD,LAX,749,15.0,1744.0
2026,7,ORD,LEX,128,12.0,323.0
2026,7,ORD,LGA,997,102.0,733.0
2026,7,ORD,LIT,186,6.0,552.0
2026,7,ORD,LNK,154,9.0,466.0
2026,7,ORD,LNS,54,3.0,620.0
2026,7,ORD,LSE,93,3.0,215.0
2026,7,ORD,LWB,31,2.0,489.0
2026,7,ORD,LYH,31,1.0,564.0
2026,7,ORD,MBS,62,3.0,222.0
2026,7,ORD,MCI,393,15.0,403.0
2026,7,ORD,MCO,438,7.0,1005.0
2026,7,ORD,MCW,54,1.0,288.0
2026,7,ORD,MDT,199,8.0,594.0
2026,7,ORD,MEM,244,11.0,491.0
2026,7,ORD,MGW,23,1.0,449.0
2026,7,ORD,MHK,31,1.0,501.0
2026,7,ORD,MHT,93,3.0,843.0
2026,7,ORD,MIA,340,8.0,1197.0
2026,7,ORD,MKE,461,24.0,67.0
2026,7,ORD,MLI,220,19.0,139.0
2026,7,ORD,MQT,62,4.0,303.0
2026,7,ORD,MRY,4,0.0,1844.0
2026,7,ORD,MSN,335,13.0,108.0
2026,7,ORD,MSO,67,0.0,1332.0
2026,7,ORD,MSP,564,30.0,334.0
2026,7,ORD,MSY,182,8.0,837.0
2026,7,ORD,MTJ,22,0.0,1081.0
2026,7,ORD,MVY,4,0.0,894.0
2026,7,ORD,MYR,66,1.0,753.0
2026,7,ORD,OGG,4,0.0,4184.0
2026,7,ORD,OKC,248,9.0,693.0
2026,7,ORD,OMA,305,14.0,416.0
2026,7,ORD,ONT,31,2.0,1700.0
2026,7,ORD,ORF,186,7.0,717.0
2026,7,ORD,PAH,31,0.0,342.0
2026,7,ORD,PBI,93,1.0,1144.0
2026,7,ORD,PDX,339,3.0,1739.0
2026,7,ORD,PHL,494,40.0,678.0
2026,7,ORD,PHX,433,13.0,1440.0
2026,7,ORD,PIA,186,7.0,130.0
2026,7,ORD,PIT,390,20.0,413.0
2026,7,ORD,PLN,53,4.0,293.0
2026,7,ORD,PNS,62,1.0,794.0
2026,7,ORD,PVD,151,10.0,849.0
2026,7,ORD,PWM,155,4.0,900.0
2026,7,ORD,RAP,124,2.0,780.0
2026,7,ORD,RDU,341,17.0,646.0
2026,7,ORD,RHI,31,2.0,264.0
2026,7,ORD,RIC,185,7.0,642.0
2026,7,ORD,RNO,31,2.0,1671.0
2026,7,ORD,ROA,93,8.0,530.0
2026,7,ORD,ROC,217,8.0,528.0
2026,7,ORD,RST,93,6.0,268.0
2026,7,ORD,RSW,181,3.0,1120.0
2026,7,ORD,SAF,31,3.0,1072.0
2026,7,ORD,SAN,398,6.0,1723.0
2026,7,ORD,SAT,178,4.0,1041.0
2026,7,ORD,SAV,123,5.0,773.0
2026,7,ORD,SBA,31,0.0,1803.0
2026,7,ORD,SBN,217,11.0,84.0
2026,7,ORD,SCE,31,0.0,528.0
2026,7,ORD,SDF,248,12.0,286.0
2026,7,ORD,SEA,608,9.0,1721.0
2026,7,ORD,SFO,523,13.0,1846.0
2026,7,ORD,SGF,151,8.0,438.0
2026,7,ORD,SGU,4,0.0,1404.0
2026,7,ORD,SHD,31,2.0,541.0
2026,7,ORD,SJC,31,2.0,1829.0
2026,7,ORD,SJU,122,4.0,2072.0
2026,7,ORD,SLC,275,9.0,1250.0
2026,7,ORD,SLN,31,1.0,559.0
2026,7,ORD,SMF,141,6.0,1781.0
2026,7,ORD,SNA,182,2.0,1726.0
2026,7,ORD,SPI,62,3.0,174.0
2026,7,ORD,SRQ,35,0.0,1050.0
2026,7,ORD,STL,310,10.0,258.0
2026,7,ORD,STT,4,0.0,2116.0
2026,7,ORD,SUN,31,1.0,1341.0
2026,7,ORD,SUX,31,2.0,436.0
2026,7,ORD,SYR,187,6.0,607.0
2026,7,ORD,TPA,215,2.0,1012.0
2026,7,ORD,TRI,31,0.0,481.0
2026,7,ORD,TUL,186,5.0,585.0
2026,7,ORD,TUS,93,3.0,1437.0
2026,7,ORD,TVC,368,16.0,224.0
2026,7,ORD,TYS,214,8.0,475.0
2026,7,ORD,VPS,31,0.0,796.0
2026,7,ORD,XNA,248,12.0,522.0
2026,7,ORF,ATL,285,4.0,516.0
2026,7,ORF,BNA,39,0.0,585.0
2026,7,ORF,BOS,71,5.0,468.0
2026,7,ORF,BWI,146,11.0,159.0
2026,7,ORF,CLT,208,3.0,290.0
2026,7,ORF,DAL,8,0.0,1203.0
2026,7,ORF,DCA,87,6.0,142.0
2026,7,ORF,DEN,83,1.0,1553.0
2026,7,ORF,DFW,90,1.0,1212.0
2026,7,ORF,DTW,62,0.0,529.0
2026,7,ORF,EWR,112,14.0,284.0
2026,7,ORF,FLL,28,2.0,781.0
2026,7,ORF,IAD,62,1.0,158.0
2026,7,ORF,IAH,31,0.0,1201.0
2026,7,ORF,JFK,62,17.0,290.0
2026,7,ORF,LGA,81,8.0,296.0
2026,7,ORF,MCI,3,0.0,1021.0
2026,7,ORF,MCO,65,1.0,655.0
2026,7,ORF,MDW,92,2.0,704.0
2026,7,ORF,MIA,62,0.0,802.0
2026,7,ORF,ORD,186,5.0,717.0
2026,7,ORF,PHL,93,5.0,212.0
2026,7,ORF,SJU,18,1.0,1414.0
2026,7,ORF,STL,4,0.0,785.0
2026,7,ORH,FLL,31,0.0,1211.0
2026,7,ORH,MCO,31,0.0,1091.0
2026,7,OTH,DEN,31,0.0,1040.0
2026,7,OTH,SFO,31,0.0,412.0
2026,7,OTZ,ANC,30,1.0,549.0
2026,7,PAE,LAS,52,2.0,894.0
2026,7,PAE,PHX,53,0.0,1133.0
2026,7,PAH,IAH,31,0.0,617.0
2026,7,PAH,ORD,31,0.0,342.0
2026,7,PBG,FLL,16,0.0,1334.0
2026,7,PBG,PIE,9,0.0,1262.0
2026,7,PBG,SFB,9,0.0,1175.0
2026,7,PBI,ATL,308,3.0,545.0
2026,7,PBI,AVL,18,0.0,620.0
2026,7,PBI,BDL,31,2.0,1133.0
2026,7,PBI,BNA,31,0.0,757.0
2026,7,PBI,BOS,124,16.0,1197.0
2026,7,PBI,BWI,92,2.0,883.0
2026,7,PBI,CLT,154,0.0,590.0
2026,7,PBI,CVG,9,0.0,892.0
2026,7,PBI,DCA,122,13.0,857.0
2026,7,PBI,DFW,90,1.0,1102.0
2026,7,PBI,DTW,31,0.0,1086.0
2026,7,PBI,EWR,213,19.0,1024.0
2026,7,PBI,HPN,120,7.0,1056.0
2026,7,PBI,IAH,31,0.0,956.0
2026,7,PBI,ISP,93,0.0,1052.0
2026,7,PBI,JFK,155,22.0,1028.0
2026,7,PBI,LGA,208,16.0,1035.0
2026,7,PBI,MCO,31,1.0,141.0
2026,7,PBI,ORD,93,1.0,1144.0
2026,7,PBI,PHL,107,6.0,951.0
2026,7,PBI,PIT,10,0.0,952.0
2026,7,PBI,PVD,31,3.0,1148.0
2026,7,PDX,ANC,123,0.0,1542.0
2026,7,PDX,ATL,154,2.0,2172.0
2026,7,PDX,ATW,9,0.0,1662.0
2026,7,PDX,AUS,62,0.0,1715.0
2026,7,PDX,AZA,9,0.0,1028.0
2026,7,PDX,BLI,31,0.0,221.0
2026,7,PDX,BNA,30,0.0,1973.0
2026,7,PDX,BOI,58,0.0,344.0
2026,7,PDX,BOS,114,5.0,2537.0
2026,7,PDX,BUR,92,1.0,817.0
2026,7,PDX,BWI,62,0.0,2358.0
2026,7,PDX,CLT,61,1.0,2282.0
2026,7,PDX,CVG,9,0.0,1975.0
2026,7,PDX,DAL,31,0.0,1626.0
2026,7,PDX,DCA,30,0.0,2350.0
2026,7,PDX,DEN,457,3.0,991.0
2026,7,PDX,DFW,198,0.0,1616.0
2026,7,PDX,DSM,13,0.0,1471.0
2026,7,PDX,DTW,46,1.0,1953.0
2026,7,PDX,EUG,49,0.0,105.0
2026,7,PDX,EWR,122,4.0,2434.0
2026,7,PDX,FAI,31,0.0,1640.0
2026,7,PDX,FAT,61,0.0,626.0
2026,7,PDX,FNT,6,1.0,1917.0
2026,7,PDX,GEG,124,0.0,279.0
2026,7,PDX,GRR,9,0.0,1833.0
2026,7,PDX,HNL,80,1.0,2603.0
2026,7,PDX,IAD,31,1.0,2327.0
2026,7,PDX,IAH,117,1.0,1825.0
2026,7,PDX,IDA,40,0.0,539.0
2026,7,PDX,IND,8,0.0,1877.0
2026,7,PDX,JAC,9,0.0,600.0
2026,7,PDX,JFK,93,6.0,2454.0
2026,7,PDX,KOA,31,0.0,2607.0
2026,7,PDX,LAS,276,1.0,763.0
2026,7,PDX,LAX,351,1.0,833.0
2026,7,PDX,LIH,31,0.0,2630.0
2026,7,PDX,MCI,39,1.0,1482.0
2026,7,PDX,MCO,31,0.0,2535.0
2026,7,PDX,MDW,85,1.0,1751.0
2026,7,PDX,MFR,31,0.0,222.0
2026,7,PDX,MSO,31,0.0,418.0
2026,7,PDX,MSP,180,1.0,1426.0
2026,7,PDX,OAK,127,2.0,543.0
2026,7,PDX,OGG,62,0.0,2561.0
2026,7,PDX,ONT,40,1.0,838.0
2026,7,PDX,ORD,339,4.0,1739.0
2026,7,PDX,PHL,92,3.0,2406.0
2026,7,PDX,PHX,329,1.0,1010.0
2026,7,PDX,PSC,31,1.0,174.0
2026,7,PDX,PSP,31,0.0,873.0
2026,7,PDX,PVU,9,0.0,664.0
2026,7,PDX,RDM,26,0.0,116.0
2026,7,PDX,RNO,62,0.0,444.0
2026,7,PDX,SAN,156,2.0,933.0
2026,7,PDX,SEA,427,2.0,129.0
2026,7,PDX,SFO,294,2.0,550.0
2026,7,PDX,SJC,172,0.0,569.0
2026,7,PDX,SLC,240,6.0,630.0
2026,7,PDX,SMF,192,0.0,479.0
2026,7,PDX,SNA,123,1.0,859.0
2026,7,PDX,STL,39,1.0,1708.0
2026,7,PDX,STS,58,0.0,489.0
2026,7,PGD,ABE,26,0.0,1018.0
2026,7,PGD,ALB,18,0.0,1185.0
2026,7,PGD,ATW,13,0.0,1250.0
2026,7,PGD,AVL,21,0.0,588.0
2026,7,PGD,BLV,27,0.0,921.0
2026,7,PGD,BNA,9,0.0,692.0
2026,7,PGD,CAK,18,0.0,965.0
2026,7,PGD,CID,13,0.0,1170.0
2026,7,PGD,CVG,41,0.0,850.0
2026,7,PGD,DAY,9,0.0,904.0
2026,7,PGD,DSM,13,0.0,1206.0
2026,7,PGD,FNT,19,0.0,1111.0
2026,7,PGD,FWA,13,0.0,986.0
2026,7,PGD,GRR,13,0.0,1118.0
2026,7,PGD,IAD,9,0.0,870.0
2026,7,PGD,IAG,13,0.0,1129.0
2026,7,PGD,IND,25,0.0,916.0
2026,7,PGD,LCK,17,0.0,890.0
2026,7,PGD,LEX,15,0.0,781.0
2026,7,PGD,MCI,9,0.0,1125.0
2026,7,PGD,MDT,10,0.0,963.0
2026,7,PGD,MDW,9,0.0,1076.0
2026,7,PGD,MLI,9,0.0,1113.0
2026,7,PGD,OMA,9,0.0,1269.0
2026,7,PGD,PIA,18,0.0,1044.0
2026,7,PGD,PIT,18,0.0,941.0
2026,7,PGD,PSM,18,0.0,1279.0
2026,7,PGD,PVD,11,0.0,1184.0
2026,7,PGD,RFD,17,0.0,1127.0
2026,7,PGD,SBN,16,0.0,1049.0
2026,7,PGD,SDF,18,0.0,806.0
2026,7,PGD,SGF,9,0.0,975.0
2026,7,PGD,SPI,9,0.0,995.0
2026,7,PGD,SWF,9,0.0,1101.0
2026,7,PGD,TOL,9,0.0,1017.0
2026,7,PGD,TTN,9,0.0,1008.0
2026,7,PGD,TYS,18,0.0,624.0
2026,7,PGD,USA,9,0.0,588.0
2026,7,PHL,ACK,62,2.0,288.0
2026,7,PHL,ATL,565,34.0,666.0
2026,7,PHL,AUS,90,3.0,1431.0
2026,7,PHL,AVL,9,0.0,504.0
2026,7,PHL,BDL,1,0.0,195.0
2026,7,PHL,BGR,31,2.0,473.0
2026,7,PHL,BHM,62,8.0,772.0
2026,7,PHL,BNA,263,15.0,675.0
2026,7,PHL,BOS,442,34.0,280.0
2026,7,PHL,BTV,114,7.0,335.0
2026,7,PHL,CHS,84,3.0,550.0
2026,7,PHL,CLE,58,5.0,363.0
2026,7,PHL,CLT,297,19.0,449.0
2026,7,PHL,CMH,180,10.0,407.0
2026,7,PHL,CVG,145,11.0,507.0
2026,7,PHL,DAL,31,2.0,1295.0
2026,7,PHL,DAY,31,6.0,477.0
2026,7,PHL,DCA,60,7.0,120.0
2026,7,PHL,DEN,345,12.0,1558.0
2026,7,PHL,DFW,340,16.0,1303.0
2026,7,PHL,DSM,71,8.0,973.0
2026,7,PHL,DTW,282,20.0,453.0
2026,7,PHL,ECP,31,0.0,886.0
2026,7,PHL,EYW,31,1.0,1122.0
2026,7,PHL,FLL,330,19.0,993.0
2026,7,PHL,GRR,85,7.0,573.0
2026,7,PHL,GSO,27,1.0,365.0
2026,7,PHL,GSP,31,2.0,515.0
2026,7,PHL,HHH,4,0.0,609.0
2026,7,PHL,HYA,31,1.0,288.0
2026,7,PHL,IAD,57,2.0,135.0
2026,7,PHL,IAH,169,5.0,1325.0
2026,7,PHL,IND,169,15.0,588.0
2026,7,PHL,JAX,153,7.0,742.0
2026,7,PHL,LAS,149,5.0,2177.0
2026,7,PHL,LAX,251,8.0,2402.0
2026,7,PHL,LEX,61,5.0,520.0
2026,7,PHL,MCI,92,7.0,1038.0
2026,7,PHL,MCO,427,24.0,862.0
2026,7,PHL,MDW,150,6.0,668.0
2026,7,PHL,MEM,88,6.0,875.0
2026,7,PHL,MIA,309,17.0,1013.0
2026,7,PHL,MKE,92,13.0,690.0
2026,7,PHL,MSN,92,15.0,764.0
2026,7,PHL,MSP,196,13.0,981.0
2026,7,PHL,MSY,101,4.0,1089.0
2026,7,PHL,MVY,31,0.0,265.0
2026,7,PHL,MYR,18,0.0,474.0
2026,7,PHL,OMA,62,5.0,1089.0
2026,7,PHL,ORD,494,42.0,678.0
2026,7,PHL,ORF,93,5.0,212.0
2026,7,PHL,PBI,107,6.0,951.0
2026,7,PHL,PDX,92,3.0,2406.0
2026,7,PHL,PHX,217,6.0,2076.0
2026,7,PHL,PIT,122,8.0,268.0
2026,7,PHL,PNS,30,0.0,935.0
2026,7,PHL,PVD,111,9.0,237.0
2026,7,PHL,PWM,58,2.0,364.0
2026,7,PHL,RDU,261,15.0,337.0
2026,7,PHL,RSW,94,2.0,993.0
2026,7,PHL,SAN,93,3.0,2370.0
2026,7,PHL,SAT,61,3.0,1496.0
2026,7,PHL,SAV,92,4.0,630.0
2026,7,PHL,SDF,62,5.0,577.0
2026,7,PHL,SEA,184,5.0,2379.0
2026,7,PHL,SFO,234,5.0,2522.0
2026,7,PHL,SJU,185,9.0,1576.0
2026,7,PHL,SLC,77,3.0,1927.0
2026,7,PHL,SRQ,35,1.0,957.0
2026,7,PHL,STL,150,7.0,814.0
2026,7,PHL,STT,4,0.0,1605.0
2026,7,PHL,TPA,215,6.0,920.0
2026,7,PHL,TVC,35,2.0,627.0
2026,7,PHL,TYS,40,2.0,555.0
2026,7,PHL,VPS,4,0.0,908.0
2026,7,PHL,XNA,62,5.0,1067.0
2026,7,PHX,ABI,31,0.0,720.0
2026,7,PHX,ABQ,249,0.0,328.0
2026,7,PHX,ANC,62,0.0,2552.0
2026,7,PHX,ATL,287,5.0,1587.0
2026,7,PHX,AUS,245,0.0,872.0
2026,7,PHX,BFL,109,0.0,425.0
2026,7,PHX,BNA,192,0.0,1449.0
2026,7,PHX,BOI,183,1.0,735.0
2026,7,PHX,BOS,153,3.0,2300.0
2026,7,PHX,BUF,3,0.0,1912.0
2026,7,PHX,BUR,275,2.0,369.0
2026,7,PHX,BWI,62,2.0,1999.0
2026,7,PHX,BZN,31,0.0,853.0
2026,7,PHX,CID,61,0.0,1252.0
2026,7,PHX,CLD,121,0.0,306.0
2026,7,PHX,CLE,93,0.0,1737.0
2026,7,PHX,CLT,245,1.0,1773.0
2026,7,PHX,CMH,93,0.0,1670.0
2026,7,PHX,COS,88,0.0,551.0
2026,7,PHX,CVG,30,0.0,1569.0
2026,7,PHX,DAL,230,0.0,879.0
2026,7,PHX,DCA,91,3.0,1979.0
2026,7,PHX,DEN,682,7.0,602.0
2026,7,PHX,DFW,479,6.0,868.0
2026,7,PHX,DRO,91,0.0,352.0
2026,7,PHX,DSM,61,1.0,1149.0
2026,7,PHX,DTW,209,3.0,1671.0
2026,7,PHX,ELP,198,0.0,347.0
2026,7,PHX,EUG,60,0.0,952.0
2026,7,PHX,EWR,207,11.0,2133.0
2026,7,PHX,FAT,116,0.0,493.0
2026,7,PHX,FCA,9,0.0,1033.0
2026,7,PHX,FLG,92,9.0,119.0
2026,7,PHX,FLL,31,0.0,1972.0
2026,7,PHX,FSD,61,0.0,1081.0
2026,7,PHX,GEG,113,1.0,1020.0
2026,7,PHX,GJT,91,0.0,438.0
2026,7,PHX,HNL,124,0.0,2917.0
2026,7,PHX,HOU,158,0.0,1020.0
2026,7,PHX,IAD,31,1.0,1956.0
2026,7,PHX,IAH,245,1.0,1009.0
2026,7,PHX,ICT,58,0.0,870.0
2026,7,PHX,IND,126,0.0,1489.0
2026,7,PHX,JAX,26,0.0,1785.0
2026,7,PHX,JFK,265,22.0,2153.0
2026,7,PHX,KOA,31,0.0,2860.0
2026,7,PHX,LAS,489,7.0,255.0
2026,7,PHX,LAX,616,2.0,370.0
2026,7,PHX,LBB,31,0.0,588.0
2026,7,PHX,LGB,119,1.0,355.0
2026,7,PHX,LIH,31,0.0,2979.0
2026,7,PHX,LIT,31,0.0,1136.0
2026,7,PHX,MAF,31,0.0,581.0
2026,7,PHX,MCI,181,1.0,1044.0
2026,7,PHX,MCO,154,0.0,1849.0
2026,7,PHX,MDW,206,2.0,1444.0
2026,7,PHX,MEM,31,0.0,1264.0
2026,7,PHX,MFE,31,0.0,965.0
2026,7,PHX,MFR,61,0.0,855.0
2026,7,PHX,MIA,154,2.0,1972.0
2026,7,PHX,MKE,96,0.0,1460.0
2026,7,PHX,MRY,121,0.0,598.0
2026,7,PHX,MSN,61,0.0,1396.0
2026,7,PHX,MSP,212,1.0,1276.0
2026,7,PHX,MSY,59,0.0,1301.0
2026,7,PHX,OAK,165,1.0,646.0
2026,7,PHX,OGG,93,0.0,2844.0
2026,7,PHX,OKC,152,1.0,833.0
2026,7,PHX,OMA,152,0.0,1037.0
2026,7,PHX,ONT,231,0.0,325.0
2026,7,PHX,ORD,433,12.0,1440.0
2026,7,PHX,PAE,53,0.0,1133.0
2026,7,PHX,PDX,329,1.0,1010.0
2026,7,PHX,PHL,216,6.0,2076.0
2026,7,PHX,PIT,64,0.0,1814.0
2026,7,PHX,PSC,61,1.0,962.0
2026,7,PHX,PSP,121,1.0,261.0
2026,7,PHX,PVU,26,0.0,468.0
2026,7,PHX,RAP,31,0.0,876.0
2026,7,PHX,RDM,61,0.0,893.0
2026,7,PHX,RDU,85,1.0,1891.0
2026,7,PHX,RNO,240,1.0,601.0
2026,7,PHX,SAF,31,0.0,370.0
2026,7,PHX,SAN,542,7.0,304.0
2026,7,PHX,SAT,203,0.0,843.0
2026,7,PHX,SBA,121,0.0,455.0
2026,7,PHX,SBP,120,1.0,509.0
2026,7,PHX,SCK,9,0.0,603.0
2026,7,PHX,SDF,31,0.0,1506.0
2026,7,PHX,SEA,578,3.0,1107.0
2026,7,PHX,SFO,404,2.0,651.0
2026,7,PHX,SGF,3,0.0,1082.0
2026,7,PHX,SGU,52,0.0,262.0
2026,7,PHX,SJC,219,1.0,621.0
2026,7,PHX,SLC,447,3.0,507.0
2026,7,PHX,SMF,265,2.0,647.0
2026,7,PHX,SNA,411,3.0,338.0
2026,7,PHX,STL,198,1.0,1262.0
2026,7,PHX,STS,61,0.0,699.0
2026,7,PHX,TPA,92,0.0,1788.0
2026,7,PHX,TUL,92,0.0,935.0
2026,7,PHX,TUS,330,0.0,109.0
2026,7,PHX,TYS,9,0.0,1599.0
2026,7,PHX,XNA,61,0.0,1023.0
2026,7,PHX,YUM,91,1.0,160.0
2026,7,PIA,AZA,17,0.0,1312.0
2026,7,PIA,CLT,59,2.0,607.0
2026,7,PIA,DEN,39,0.0,793.0
2026,7,PIA,DFW,90,1.0,672.0
2026,7,PIA,LAS,9,0.0,1413.0
2026,7,PIA,ORD,187,10.0,130.0
2026,7,PIA,PGD,18,0.0,1044.0
2026,7,PIA,PIE,17,0.0,965.0
2026,7,PIA,SFB,14,0.0,949.0
2026,7,PIA,SRQ,9,0.0,1001.0
2026,7,PIA,VPS,13,0.0,724.0
2026,7,PIB,IAH,54,1.0,372.0
2026,7,PIE,ABE,28,0.0,970.0
2026,7,PIE,ACY,9,0.0,922.0
2026,7,PIE,ALB,14,0.0,1138.0
2026,7,PIE,ATW,18,0.0,1173.0
2026,7,PIE,AVL,54,0.0,519.0
2026,7,PIE,BGR,17,0.0,1394.0
2026,7,PIE,BLV,18,0.0,841.0
2026,7,PIE,BMI,9,0.0,936.0
2026,7,PIE,BNA,9,0.0,612.0
2026,7,PIE,CAK,22,0.0,899.0
2026,7,PIE,CHA,12,0.0,513.0
2026,7,PIE,CID,17,0.0,1090.0
2026,7,PIE,CKB,9,0.0,798.0
2026,7,PIE,COS,9,0.0,1472.0
2026,7,PIE,CVG,44,0.0,776.0
2026,7,PIE,DAY,9,0.0,831.0
2026,7,PIE,DSM,18,0.0,1126.0
2026,7,PIE,ELM,13,0.0,1035.0
2026,7,PIE,EVV,9,0.0,752.0
2026,7,PIE,EYW,27,0.0,238.0
2026,7,PIE,FNT,17,0.0,1040.0
2026,7,PIE,FSD,9,0.0,1334.0
2026,7,PIE,FWA,18,0.0,912.0
2026,7,PIE,GRR,28,0.0,1044.0
2026,7,PIE,GSO,9,0.0,587.0
2026,7,PIE,GSP,18,0.0,482.0
2026,7,PIE,HGR,9,0.0,861.0
2026,7,PIE,HSV,9,0.0,523.0
2026,7,PIE,HTS,26,0.0,721.0
2026,7,PIE,IAG,9,0.0,1069.0
2026,7,PIE,ICT,9,0.0,1087.0
2026,7,PIE,IND,25,0.0,840.0
2026,7,PIE,LCK,27,0.0,821.0
2026,7,PIE,LEX,24,0.0,707.0
2026,7,PIE,LIT,9,0.0,734.0
2026,7,PIE,MCI,18,0.0,1045.0
2026,7,PIE,MDT,18,0.0,912.0
2026,7,PIE,MEM,9,0.0,653.0
2026,7,PIE,MLI,9,0.0,1033.0
2026,7,PIE,OMA,14,0.0,1188.0
2026,7,PIE,PBG,9,0.0,1262.0
2026,7,PIE,PIA,17,0.0,965.0
2026,7,PIE,PIT,23,0.0,878.0
2026,7,PIE,PSM,9,0.0,1239.0
2026,7,PIE,RFD,11,0.0,1049.0
2026,7,PIE,RIC,9,0.0,732.0
2026,7,PIE,ROA,9,0.0,668.0
2026,7,PIE,SBN,14,0.0,973.0
2026,7,PIE,SDF,9,0.0,729.0
2026,7,PIE,SGF,26,0.0,895.0
2026,7,PIE,SWF,12,0.0,1055.0
2026,7,PIE,SYR,17,0.0,1111.0
2026,7,PIE,TOL,12,0.0,945.0
2026,7,PIE,TRI,9,0.0,590.0
2026,7,PIE,TTN,9,0.0,964.0
2026,7,PIE,TUL,9,0.0,961.0
2026,7,PIE,TVC,9,0.0,1172.0
2026,7,PIE,TYS,51,0.0,550.0
2026,7,PIE,USA,17,0.0,528.0
2026,7,PIE,XNA,9,0.0,892.0
2026,7,PIH,SLC,61,0.0,149.0
2026,7,PIR,DEN,53,0.0,385.0
2026,7,PIT,ATL,227,2.0,526.0
2026,7,PIT,AUS,36,0.0,1210.0
2026,7,PIT,BNA,98,2.0,462.0
2026,7,PIT,BOS,219,20.0,496.0
2026,7,PIT,BWI,92,6.0,210.0
2026,7,PIT,CLT,179,4.0,366.0
2026,7,PIT,DAL,31,0.0,1060.0
2026,7,PIT,DCA,115,7.0,204.0
2026,7,PIT,DEN,146,1.0,1290.0
2026,7,PIT,DFW,152,0.0,1067.0
2026,7,PIT,DTW,88,3.0,201.0
2026,7,PIT,EWR,122,20.0,319.0
2026,7,PIT,EYW,9,1.0,1102.0
2026,7,PIT,FLL,69,1.0,994.0
2026,7,PIT,HOU,30,0.0,1131.0
2026,7,PIT,IAD,88,7.0,182.0
2026,7,PIT,IAH,84,0.0,1117.0
2026,7,PIT,JAX,18,0.0,694.0
2026,7,PIT,JFK,155,21.0,340.0
2026,7,PIT,LAS,38,0.0,1910.0
2026,7,PIT,LAX,61,0.0,2136.0
2026,7,PIT,LGA,278,28.0,335.0
2026,7,PIT,MCO,209,1.0,834.0
2026,7,PIT,MDW,89,2.0,402.0
2026,7,PIT,MIA,65,0.0,1013.0
2026,7,PIT,MLB,9,0.0,854.0
2026,7,PIT,MSP,89,1.0,726.0
2026,7,PIT,MYR,25,0.0,475.0
2026,7,PIT,ORD,390,15.0,413.0
2026,7,PIT,PBI,10,0.0,952.0
2026,7,PIT,PGD,18,0.0,941.0
2026,7,PIT,PHL,120,6.0,268.0
2026,7,PIT,PHX,64,0.0,1814.0
2026,7,PIT,PIE,23,0.0,878.0
2026,7,PIT,RDU,63,2.0,328.0
2026,7,PIT,RSW,34,0.0,966.0
2026,7,PIT,SAN,18,0.0,2106.0
2026,7,PIT,SAV,13,0.0,579.0
2026,7,PIT,SEA,61,1.0,2125.0
2026,7,PIT,SFB,18,0.0,810.0
2026,7,PIT,SFO,56,0.0,2254.0
2026,7,PIT,SLC,31,0.0,1660.0
2026,7,PIT,SRQ,24,0.0,912.0
2026,7,PIT,STL,58,0.0,554.0
2026,7,PIT,TPA,67,0.0,873.0
2026,7,PIT,VPS,21,0.0,775.0
2026,7,PLN,DTW,61,0.0,243.0
2026,7,PLN,ORD,53,4.0,293.0
2026,7,PNS,ATL,263,6.0,272.0
2026,7,PNS,AUS,31,0.0,626.0
2026,7,PNS,BNA,92,0.0,391.0
2026,7,PNS,BWI,4,0.0,846.0
2026,7,PNS,CLT,138,3.0,488.0
2026,7,PNS,DAL,61,0.0,592.0
2026,7,PNS,DCA,91,9.0,816.0
2026,7,PNS,DEN,78,0.0,1179.0
2026,7,PNS,DFW,208,1.0,604.0
2026,7,PNS,DTW,7,0.0,837.0
2026,7,PNS,HOU,31,0.0,488.0
2026,7,PNS,IAH,31,0.0,489.0
2026,7,PNS,LGA,8,4.0,1030.0
2026,7,PNS,MCI,33,0.0,743.0
2026,7,PNS,MCO,27,1.0,381.0
2026,7,PNS,MDW,31,0.0,781.0
2026,7,PNS,MIA,97,0.0,530.0
2026,7,PNS,ORD,62,1.0,794.0
2026,7,PNS,PHL,30,1.0,935.0
2026,7,PNS,STL,35,1.0,598.0
2026,7,PQI,BOS,31,2.0,332.0
2026,7,PRC,DEN,54,1.0,558.0
2026,7,PRC,LAX,31,0.0,346.0
2026,7,PSC,AZA,10,0.0,977.0
2026,7,PSC,DEN,61,1.0,853.0
2026,7,PSC,LAS,9,0.0,732.0
2026,7,PSC,LAX,31,1.0,851.0
2026,7,PSC,MSP,31,0.0,1254.0
2026,7,PSC,PDX,31,0.0,174.0
2026,7,PSC,PHX,61,0.0,962.0
2026,7,PSC,SEA,93,0.0,172.0
2026,7,PSC,SFO,49,0.0,620.0
2026,7,PSC,SLC,120,1.0,521.0
2026,7,PSC,SNA,9,1.0,871.0
2026,7,PSE,FLL,22,2.0,1032.0
2026,7,PSE,MCO,62,1.0,1178.0
2026,7,PSG,JNU,31,0.0,123.0
2026,7,PSG,WRG,31,1.0,31.0
2026,7,PSM,PGD,18,0.0,1279.0
2026,7,PSM,PIE,9,0.0,1239.0
2026,7,PSM,SFB,9,0.0,1144.0
2026,7,PSP,DEN,91,0.0,776.0
2026,7,PSP,DFW,62,1.0,1126.0
2026,7,PSP,LAS,52,0.0,173.0
2026,7,PSP,LAX,31,0.0,110.0
2026,7,PSP,OAK,18,0.0,418.0
2026,7,PSP,PDX,31,0.0,873.0
2026,7,PSP,PHX,121,1.0,261.0
2026,7,PSP,SEA,62,1.0,987.0
2026,7,PSP,SFO,200,0.0,421.0
2026,7,PSP,SLC,92,0.0,541.0
2026,7,PSP,SMF,31,0.0,439.0
2026,7,PVD,ATL,119,7.0,903.0
2026,7,PVD,BNA,38,1.0,906.0
2026,7,PVD,BWI,154,7.0,327.0
2026,7,PVD,CLT,121,4.0,684.0
2026,7,PVD,DAL,3,0.0,1521.0
2026,7,PVD,DCA,201,25.0,356.0
2026,7,PVD,DTW,92,0.0,615.0
2026,7,PVD,FLL,31,1.0,1188.0
2026,7,PVD,JFK,31,5.0,144.0
2026,7,PVD,MCO,114,8.0,1072.0
2026,7,PVD,MDW,85,1.0,842.0
2026,7,PVD,MSP,31,0.0,1117.0
2026,7,PVD,ORD,151,13.0,849.0
2026,7,PVD,PBI,31,3.0,1148.0
2026,7,PVD,PGD,11,0.0,1184.0
2026,7,PVD,PHL,111,12.0,237.0
2026,7,PVD,SJU,6,0.0,1636.0
2026,7,PVD,TPA,31,1.0,1136.0
2026,7,PVU,AUS,9,0.0,1051.0
2026,7,PVU,AZA,59,1.0,477.0
2026,7,PVU,BNA,9,0.0,1388.0
2026,7,PVU,BUR,9,0.0,553.0
2026,7,PVU,DFW,62,0.0,958.0
2026,7,PVU,HOU,13,0.0,1181.0
2026,7,PVU,MDW,9,1.0,1254.0
2026,7,PVU,PDX,9,0.0,664.0
2026,7,PVU,PHX,26,0.0,468.0
2026,7,PVU,SNA,45,0.0,565.0
2026,7,PWM,ATL,92,2.0,1027.0
2026,7,PWM,BNA,31,1.0,1010.0
2026,7,PWM,BWI,124,3.0,452.0
2026,7,PWM,CLT,94,0.0,813.0
2026,7,PWM,DCA,94,8.0,482.0
2026,7,PWM,DEN,30,0.0,1782.0
2026,7,PWM,DFW,30,0.0,1622.0
2026,7,PWM,DTW,62,2.0,668.0
2026,7,PWM,EWR,110,13.0,284.0
2026,7,PWM,IAD,118,11.0,493.0
2026,7,PWM,IAH,4,0.0,1667.0
2026,7,PWM,JFK,53,9.0,273.0
2026,7,PWM,LAX,4,0.0,2642.0
2026,7,PWM,LGA,127,14.0,269.0
2026,7,PWM,MDW,31,0.0,895.0
2026,7,PWM,MSP,31,0.0,1136.0
2026,7,PWM,ORD,155,6.0,900.0
2026,7,PWM,PHL,57,2.0,364.0
2026,7,PWM,SFO,4,0.0,2723.0
2026,7,RAP,ATL,8,0.0,1231.0
2026,7,RAP,AZA,19,0.0,873.0
2026,7,RAP,CLT,31,3.0,1322.0
2026,7,RAP,DEN,254,0.0,301.0
2026,7,RAP,DFW,119,0.0,835.0
2026,7,RAP,IAH,4,0.0,1058.0
2026,7,RAP,LAS,9,0.0,843.0
2026,7,RAP,MSP,119,0.0,490.0
2026,7,RAP,ORD,124,2.0,780.0
2026,7,RAP,PHX,31,0.0,876.0
2026,7,RAP,SFB,9,0.0,1600.0
2026,7,RDD,DEN,31,0.0,932.0
2026,7,RDD,LAX,31,0.0,501.0
2026,7,RDD,SFO,82,0.0,199.0
2026,7,RDM,BUR,31,0.0,709.0
2026,7,RDM,DEN,61,0.0,898.0
2026,7,RDM,LAX,62,0.0,726.0
2026,7,RDM,PDX,26,0.0,116.0
2026,7,RDM,PHX,61,0.0,893.0
2026,7,RDM,SEA,153,1.0,228.0
2026,7,RDM,SFO,140,0.0,462.0
2026,7,RDM,SLC,62,0.0,525.0
2026,7,RDU,ATL,410,6.0,356.0
2026,7,RDU,AUS,58,0.0,1162.0
2026,7,RDU,BNA,174,1.0,442.0
2026,7,RDU,BOS,242,11.0,612.0
2026,7,RDU,BUF,13,1.0,487.0
2026,7,RDU,BWI,160,6.0,256.0
2026,7,RDU,CLE,18,0.0,416.0
2026,7,RDU,CLT,267,6.0,130.0
2026,7,RDU,DAL,31,0.0,1052.0
2026,7,RDU,DCA,165,21.0,227.0
2026,7,RDU,DEN,157,1.0,1436.0
2026,7,RDU,DFW,191,1.0,1061.0
2026,7,RDU,DTW,117,5.0,501.0
2026,7,RDU,EWR,154,10.0,416.0
2026,7,RDU,FLL,137,3.0,680.0
2026,7,RDU,HOU,31,0.0,1050.0
2026,7,RDU,IAD,86,5.0,225.0
2026,7,RDU,IAH,84,1.0,1042.0
2026,7,RDU,JFK,198,36.0,427.0
2026,7,RDU,LAS,8,0.0,2026.0
2026,7,RDU,LAX,83,0.0,2239.0
2026,7,RDU,LGA,134,18.0,431.0
2026,7,RDU,MCI,7,0.0,904.0
2026,7,RDU,MCO,218,3.0,534.0
2026,7,RDU,MDW,92,2.0,632.0
2026,7,RDU,MIA,233,3.0,700.0
2026,7,RDU,MSP,117,1.0,980.0
2026,7,RDU,ORD,341,26.0,646.0
2026,7,RDU,PHL,261,17.0,337.0
2026,7,RDU,PHX,85,1.0,1891.0
2026,7,RDU,PIT,62,3.0,328.0
2026,7,RDU,SAN,31,0.0,2193.0
2026,7,RDU,SEA,92,0.0,2354.0
2026,7,RDU,SFO,75,2.0,2400.0
2026,7,RDU,SJU,44,1.0,1432.0
2026,7,RDU,SLC,31,0.0,1824.0
2026,7,RDU,STL,61,0.0,668.0
2026,7,RDU,TPA,119,3.0,587.0
2026,7,RFD,AZA,18,0.0,1373.0
2026,7,RFD,BNA,9,0.0,438.0
2026,7,RFD,FLL,9,0.0,1222.0
2026,7,RFD,LAS,9,0.0,1455.0
2026,7,RFD,PGD,17,0.0,1127.0
2026,7,RFD,PIE,11,0.0,1049.0
2026,7,RFD,SFB,16,0.0,1025.0
2026,7,RFD,SRQ,9,0.0,1085.0
2026,7,RHI,MSP,62,0.0,190.0
2026,7,RHI,ORD,31,2.0,264.0
2026,7,RIC,ATL,235,6.0,481.0
2026,7,RIC,BNA,44,0.0,527.0
2026,7,RIC,BOS,150,15.0,473.0
2026,7,RIC,BWI,62,2.0,120.0
2026,7,RIC,CLT,207,3.0,257.0
2026,7,RIC,DEN,97,0.0,1481.0
2026,7,RIC,DFW,90,1.0,1158.0
2026,7,RIC,DTW,61,0.0,455.0
2026,7,RIC,EWR,61,12.0,277.0
2026,7,RIC,FLL,62,2.0,806.0
2026,7,RIC,IAH,30,0.0,1157.0
2026,7,RIC,LGA,187,20.0,291.0
2026,7,RIC,MCO,96,2.0,667.0
2026,7,RIC,MDW,53,0.0,629.0
2026,7,RIC,MIA,53,1.0,826.0
2026,7,RIC,ORD,186,14.0,642.0
2026,7,RIC,PIE,9,0.0,732.0
2026,7,RIC,SJU,13,0.0,1482.0
2026,7,RIW,DEN,62,0.0,296.0
2026,7,RKS,DEN,62,0.0,260.0
2026,7,RNO,ATL,31,1.0,1993.0
2026,7,RNO,AUS,18,0.0,1405.0
2026,7,RNO,BUR,48,0.0,374.0
2026,7,RNO,DAL,31,0.0,1356.0
2026,7,RNO,DEN,208,0.0,804.0
2026,7,RNO,DFW,120,2.0,1345.0
2026,7,RNO,IAH,8,0.0,1530.0
2026,7,RNO,JFK,31,7.0,2411.0
2026,7,RNO,LAS,411,3.0,345.0
2026,7,RNO,LAX,224,0.0,390.0
2026,7,RNO,LGB,62,0.0,402.0
2026,7,RNO,MDW,31,0.0,1680.0
2026,7,RNO,MSP,31,0.0,1405.0
2026,7,RNO,ORD,31,3.0,1671.0
2026,7,RNO,PDX,62,0.0,444.0
2026,7,RNO,PHX,240,0.0,601.0
2026,7,RNO,SAN,133,1.0,488.0
2026,7,RNO,SEA,116,0.0,564.0
2026,7,RNO,SFO,150,0.0,192.0
2026,7,RNO,SJC,18,0.0,188.0
2026,7,RNO,SLC,120,0.0,422.0
2026,7,ROA,ATL,31,0.0,357.0
2026,7,ROA,CLT,18,0.0,155.0
2026,7,ROA,DFW,31,0.0,1012.0
2026,7,ROA,LGA,31,4.0,405.0
2026,7,ROA,ORD,93,6.0,530.0
2026,7,ROA,PIE,9,0.0,668.0
2026,7,ROA,SFB,9,0.0,594.0
2026,7,ROC,ATL,92,3.0,749.0
2026,7,ROC,BOS,89,8.0,343.0
2026,7,ROC,BWI,93,2.0,277.0
2026,7,ROC,CLT,91,0.0,573.0
2026,7,ROC,DCA,88,10.0,296.0
2026,7,ROC,DTW,58,0.0,296.0
2026,7,ROC,EWR,61,9.0,246.0
2026,7,ROC,IAD,1,0.0,287.0
2026,7,ROC,JFK,62,11.0,264.0
2026,7,ROC,MCO,53,1.0,1033.0
2026,7,ROC,MDW,62,3.0,523.0
2026,7,ROC,ORD,216,9.0,528.0
2026,7,ROW,DEN,62,1.0,452.0
2026,7,ROW,DFW,92,0.0,435.0
2026,7,RST,MSP,30,0.0,76.0
2026,7,RST,ORD,93,5.0,268.0
2026,7,RSW,ABE,9,0.0,1038.0
2026,7,RSW,ATL,216,6.0,515.0
2026,7,RSW,BNA,61,0.0,722.0
2026,7,RSW,BOS,93,5.0,1249.0
2026,7,RSW,BUF,13,2.0,1144.0
2026,7,RSW,BWI,92,4.0,919.0
2026,7,RSW,CLE,66,2.0,1025.0
2026,7,RSW,CLT,113,1.0,600.0
2026,7,RSW,CMH,38,0.0,930.0
2026,7,RSW,CVG,44,0.0,879.0
2026,7,RSW,DAL,3,0.0,1005.0
2026,7,RSW,DCA,60,4.0,892.0
2026,7,RSW,DEN,82,0.0,1607.0
2026,7,RSW,DFW,122,1.0,1017.0
2026,7,RSW,DTW,69,1.0,1084.0
2026,7,RSW,EWR,92,6.0,1068.0
2026,7,RSW,HPN,31,1.0,1102.0
2026,7,RSW,IAD,31,0.0,891.0
2026,7,RSW,IAH,58,0.0,861.0
2026,7,RSW,IND,34,0.0,945.0
2026,7,RSW,JFK,93,14.0,1074.0
2026,7,RSW,LGA,55,6.0,1080.0
2026,7,RSW,MCI,3,0.0,1155.0
2026,7,RSW,MCO,31,0.0,133.0
2026,7,RSW,MDW,88,2.0,1105.0
2026,7,RSW,MSP,84,1.0,1416.0
2026,7,RSW,ORD,180,3.0,1120.0
2026,7,RSW,PHL,94,2.0,993.0
2026,7,RSW,PIT,34,0.0,966.0
2026,7,RSW,STL,65,0.0,979.0
2026,7,SAF,DEN,153,1.0,303.0
2026,7,SAF,DFW,162,2.0,551.0
2026,7,SAF,LAX,30,0.0,710.0
2026,7,SAF,ORD,31,2.0,1072.0
2026,7,SAF,PHX,31,0.0,370.0
2026,7,SAN,ABQ,61,1.0,628.0
2026,7,SAN,ANC,9,0.0,2452.0
2026,7,SAN,ATL,196,1.0,1892.0
2026,7,SAN,AUS,230,2.0,1164.0
2026,7,SAN,BNA,115,0.0,1751.0
2026,7,SAN,BOI,80,0.0,749.0
2026,7,SAN,BOS,212,5.0,2588.0
2026,7,SAN,BWI,106,1.0,2295.0
2026,7,SAN,BZN,22,0.0,956.0
2026,7,SAN,CLT,121,0.0,2077.0
2026,7,SAN,CMH,30,0.0,1964.0
2026,7,SAN,COS,18,0.0,816.0
2026,7,SAN,DAL,143,0.0,1182.0
2026,7,SAN,DCA,31,0.0,2276.0
2026,7,SAN,DEN,544,5.0,853.0
2026,7,SAN,DFW,397,2.0,1171.0
2026,7,SAN,DTW,109,0.0,1956.0
2026,7,SAN,ELP,31,0.0,636.0
2026,7,SAN,EUG,93,2.0,850.0
2026,7,SAN,EWR,153,8.0,2425.0
2026,7,SAN,FAT,150,7.0,314.0
2026,7,SAN,GEG,53,0.0,1027.0
2026,7,SAN,HNL,151,7.0,2614.0
2026,7,SAN,HOU,89,0.0,1313.0
2026,7,SAN,IAD,124,2.0,2253.0
2026,7,SAN,IAH,144,0.0,1303.0
2026,7,SAN,IND,31,0.0,1782.0
2026,7,SAN,JAC,13,0.0,828.0
2026,7,SAN,JFK,215,16.0,2446.0
2026,7,SAN,KOA,31,0.0,2556.0
2026,7,SAN,LAS,390,7.0,258.0
2026,7,SAN,LAX,215,0.0,109.0
2026,7,SAN,LIH,31,0.0,2676.0
2026,7,SAN,MCI,34,0.0,1334.0
2026,7,SAN,MCO,119,0.0,2149.0
2026,7,SAN,MDW,106,2.0,1728.0
2026,7,SAN,MFR,31,1.0,734.0
2026,7,SAN,MIA,62,1.0,2267.0
2026,7,SAN,MKE,31,0.0,1739.0
2026,7,SAN,MRY,62,7.0,375.0
2026,7,SAN,MSP,108,1.0,1532.0
2026,7,SAN,MSY,27,0.0,1600.0
2026,7,SAN,OAK,296,0.0,446.0
2026,7,SAN,OGG,93,0.0,2540.0
2026,7,SAN,OMA,21,0.0,1313.0
2026,7,SAN,ORD,398,5.0,1723.0
2026,7,SAN,PDX,156,2.0,933.0
2026,7,SAN,PHL,93,3.0,2370.0
2026,7,SAN,PHX,529,6.0,304.0
2026,7,SAN,PIT,18,0.0,2106.0
2026,7,SAN,RDU,31,0.0,2193.0
2026,7,SAN,RNO,133,1.0,488.0
2026,7,SAN,SAT,61,1.0,1129.0
2026,7,SAN,SEA,457,4.0,1050.0
2026,7,SAN,SFO,659,9.0,447.0
2026,7,SAN,SJC,476,2.0,417.0
2026,7,SAN,SLC,271,0.0,626.0
2026,7,SAN,SMF,462,4.0,480.0
2026,7,SAN,STL,38,0.0,1557.0
2026,7,SAN,STS,115,6.0,508.0
2026,7,SAN,TPA,62,0.0,2087.0
2026,7,SAN,TUS,58,0.0,367.0
2026,7,SAT,ABQ,4,0.0,609.0
2026,7,SAT,ATL,250,5.0,874.0
2026,7,SAT,BNA,89,0.0,822.0
2026,7,SAT,BOS,31,0.0,1764.0
2026,7,SAT,BWI,81,3.0,1407.0
2026,7,SAT,CLT,121,0.0,1095.0
2026,7,SAT,DAL,227,2.0,247.0
2026,7,SAT,DCA,30,2.0,1380.0
2026,7,SAT,DEN,291,1.0,794.0
2026,7,SAT,DFW,389,4.0,247.0
2026,7,SAT,DTW,85,2.0,1214.0
2026,7,SAT,ELP,66,0.0,496.0
2026,7,SAT,EWR,54,2.0,1569.0
2026,7,SAT,HOU,100,0.0,192.0
2026,7,SAT,IAD,58,0.0,1362.0
2026,7,SAT,IAH,180,0.0,191.0
2026,7,SAT,JFK,31,4.0,1587.0
2026,7,SAT,LAS,161,0.0,1069.0
2026,7,SAT,LAX,151,0.0,1211.0
2026,7,SAT,MCI,27,0.0,706.0
2026,7,SAT,MCO,82,0.0,1041.0
2026,7,SAT,MDW,62,1.0,1036.0
2026,7,SAT,MIA,32,0.0,1143.0
2026,7,SAT,MSP,86,0.0,1097.0
2026,7,SAT,MSY,27,0.0,495.0
2026,7,SAT,ORD,178,6.0,1041.0
2026,7,SAT,PHL,61,3.0,1496.0
2026,7,SAT,PHX,190,0.0,843.0
2026,7,SAT,SAN,61,0.0,1129.0
2026,7,SAT,SEA,61,0.0,1774.0
2026,7,SAT,SFO,31,0.0,1482.0
2026,7,SAT,SLC,89,0.0,1087.0
2026,7,SAT,STL,54,0.0,786.0
2026,7,SAT,TPA,31,0.0,972.0
2026,7,SAV,ATL,286,5.0,215.0
2026,7,SAV,ATW,4,0.0,926.0
2026,7,SAV,BLV,4,0.0,658.0
2026,7,SAV,BNA,89,0.0,417.0
2026,7,SAV,BOS,80,9.0,901.0
2026,7,SAV,BWI,83,2.0,548.0
2026,7,SAV,CAK,26,0.0,606.0
2026,7,SAV,CLT,165,1.0,213.0
2026,7,SAV,CVG,26,0.0,515.0
2026,7,SAV,DAL,31,0.0,915.0
2026,7,SAV,DCA,89,10.0,519.0
2026,7,SAV,DEN,34,0.0,1414.0
2026,7,SAV,DFW,93,1.0,925.0
2026,7,SAV,DTW,62,1.0,705.0
2026,7,SAV,EWR,61,5.0,708.0
2026,7,SAV,HOU,22,0.0,853.0
2026,7,SAV,IAD,40,2.0,516.0
2026,7,SAV,IND,4,0.0,596.0
2026,7,SAV,JFK,62,12.0,717.0
2026,7,SAV,LCK,18,0.0,539.0
2026,7,SAV,LGA,8,0.0,722.0
2026,7,SAV,MCI,3,0.0,905.0
2026,7,SAV,MDW,38,0.0,758.0
2026,7,SAV,MIA,53,0.0,440.0
2026,7,SAV,MSP,31,0.0,1092.0
2026,7,SAV,ORD,123,5.0,773.0
2026,7,SAV,PHL,92,5.0,630.0
2026,7,SAV,PIT,13,0.0,579.0
2026,7,SAV,SDF,9,0.0,489.0
2026,7,SAV,STL,31,0.0,689.0
2026,7,SBA,DEN,88,1.0,916.0
2026,7,SBA,DFW,31,0.0,1316.0
2026,7,SBA,LAS,76,0.0,289.0
2026,7,SBA,LAX,61,0.0,89.0
2026,7,SBA,OAK,31,0.0,263.0
2026,7,SBA,ORD,31,0.0,1803.0
2026,7,SBA,PHX,121,0.0,455.0
2026,7,SBA,SEA,30,0.0,908.0
2026,7,SBA,SFO,152,0.0,262.0
2026,7,SBA,SLC,93,0.0,615.0
2026,7,SBA,SMF,31,0.0,310.0
2026,7,SBN,ATL,89,1.0,566.0
2026,7,SBN,AZA,14,0.0,1501.0
2026,7,SBN,CLT,87,1.0,534.0
2026,7,SBN,DFW,92,1.0,846.0
2026,7,SBN,DTW,62,0.0,157.0
2026,7,SBN,FLL,9,0.0,1134.0
2026,7,SBN,LAS,9,0.0,1594.0
2026,7,SBN,MSP,31,0.0,411.0
2026,7,SBN,ORD,217,7.0,84.0
2026,7,SBN,PGD,16,0.0,1049.0
2026,7,SBN,PIE,14,0.0,973.0
2026,7,SBN,SFB,27,0.0,936.0
2026,7,SBN,SRQ,9,0.0,1009.0
2026,7,SBP,DEN,62,1.0,931.0
2026,7,SBP,DFW,30,0.0,1360.0
2026,7,SBP,LAX,53,0.0,155.0
2026,7,SBP,PHX,120,1.0,509.0
2026,7,SBP,SFO,92,1.0,191.0
2026,7,SCC,ANC,45,1.0,626.0
2026,7,SCE,ORD,31,0.0,528.0
2026,7,SCK,LAS,36,0.0,359.0
2026,7,SCK,PHX,9,0.0,603.0
2026,7,SDF,ATL,240,1.0,321.0
2026,7,SDF,BNA,62,1.0,151.0
2026,7,SDF,BOS,62,3.0,829.0
2026,7,SDF,BWI,83,2.0,495.0
2026,7,SDF,CLT,145,4.0,335.0
2026,7,SDF,DAL,30,0.0,725.0
2026,7,SDF,DCA,88,6.0,474.0
2026,7,SDF,DEN,91,0.0,1024.0
2026,7,SDF,DFW,178,3.0,733.0
2026,7,SDF,DTW,62,0.0,306.0
2026,7,SDF,EWR,92,11.0,642.0
2026,7,SDF,FLL,14,0.0,895.0
2026,7,SDF,GUF,9,0.0,555.0
2026,7,SDF,HOU,31,0.0,803.0
2026,7,SDF,IAD,62,1.0,451.0
2026,7,SDF,LAS,31,0.0,1624.0
2026,7,SDF,LGA,89,7.0,659.0
2026,7,SDF,MCO,68,0.0,719.0
2026,7,SDF,MDW,92,1.0,271.0
2026,7,SDF,MIA,36,0.0,910.0
2026,7,SDF,MYR,4,0.0,491.0
2026,7,SDF,ORD,248,8.0,286.0
2026,7,SDF,PGD,18,0.0,806.0
2026,7,SDF,PHL,62,4.0,577.0
2026,7,SDF,PHX,31,0.0,1506.0
2026,7,SDF,PIE,9,0.0,729.0
2026,7,SDF,SAV,9,0.0,489.0
2026,7,SDF,SFB,13,0.0,698.0
2026,7,SDF,SRQ,9,0.0,765.0
2026,7,SDF,TPA,34,0.0,727.0
2026,7,SDF,VPS,13,0.0,532.0
2026,7,SEA,ABQ,68,0.0,1180.0
2026,7,SEA,ACV,31,1.0,456.0
2026,7,SEA,ANC,721,2.0,1448.0
2026,7,SEA,ATL,348,2.0,2182.0
2026,7,SEA,AUS,217,0.0,1770.0
2026,7,SEA,BLI,93,1.0,93.0
2026,7,SEA,BNA,185,2.0,1978.0
2026,7,SEA,BOI,303,0.0,399.0
2026,7,SEA,BOS,317,9.0,2496.0
2026,7,SEA,BUR,180,4.0,937.0
2026,7,SEA,BWI,92,0.0,2335.0
2026,7,SEA,BZN,154,0.0,543.0
2026,7,SEA,CHS,31,0.0,2415.0
2026,7,SEA,CLE,61,0.0,2021.0
2026,7,SEA,CLT,152,1.0,2279.0
2026,7,SEA,CMH,61,0.0,2016.0
2026,7,SEA,CVG,92,0.0,1965.0
2026,7,SEA,DAL,34,0.0,1670.0
2026,7,SEA,DCA,91,1.0,2329.0
2026,7,SEA,DEN,678,1.0,1024.0
2026,7,SEA,DFW,501,0.0,1660.0
2026,7,SEA,DTW,216,3.0,1927.0
2026,7,SEA,EUG,163,1.0,234.0
2026,7,SEA,EWR,246,12.0,2402.0
2026,7,SEA,FAI,217,1.0,1533.0
2026,7,SEA,FAT,83,0.0,748.0
2026,7,SEA,FLL,62,1.0,2717.0
2026,7,SEA,GEG,385,2.0,224.0
2026,7,SEA,HNL,243,4.0,2677.0
2026,7,SEA,HOU,31,0.0,1894.0
2026,7,SEA,IAD,212,1.0,2305.0
2026,7,SEA,IAH,231,1.0,1874.0
2026,7,SEA,IDA,62,0.0,566.0
2026,7,SEA,IND,61,0.0,1866.0
2026,7,SEA,JAC,31,0.0,621.0
2026,7,SEA,JFK,279,23.0,2422.0
2026,7,SEA,JNU,216,0.0,909.0
2026,7,SEA,KOA,123,2.0,2688.0
2026,7,SEA,KTN,155,0.0,680.0
2026,7,SEA,LAS,492,4.0,867.0
2026,7,SEA,LAX,668,3.0,954.0
2026,7,SEA,LIH,93,0.0,2700.0
2026,7,SEA,LWS,31,0.0,262.0
2026,7,SEA,MCI,127,0.0,1490.0
2026,7,SEA,MCO,154,0.0,2554.0
2026,7,SEA,MDW,88,0.0,1733.0
2026,7,SEA,MFR,123,1.0,352.0
2026,7,SEA,MIA,124,2.0,2724.0
2026,7,SEA,MKE,61,0.0,1694.0
2026,7,SEA,MSO,66,0.0,389.0
2026,7,SEA,MSP,290,0.0,1399.0
2026,7,SEA,MSY,61,0.0,2086.0
2026,7,SEA,OAK,211,1.0,672.0
2026,7,SEA,OGG,155,0.0,2639.0
2026,7,SEA,OKC,61,0.0,1519.0
2026,7,SEA,OMA,61,0.0,1368.0
2026,7,SEA,ONT,256,4.0,956.0
2026,7,SEA,ORD,608,9.0,1721.0
2026,7,SEA,PDX,426,1.0,129.0
2026,7,SEA,PHL,185,5.0,2379.0
2026,7,SEA,PHX,578,3.0,1107.0
2026,7,SEA,PIT,61,0.0,2125.0
2026,7,SEA,PSC,93,0.0,172.0
2026,7,SEA,PSP,62,3.0,987.0
2026,7,SEA,RDM,153,1.0,228.0
2026,7,SEA,RDU,92,0.0,2354.0
2026,7,SEA,RNO,116,0.0,564.0
2026,7,SEA,SAN,457,2.0,1050.0
2026,7,SEA,SAT,61,0.0,1774.0
2026,7,SEA,SBA,30,0.0,908.0
2026,7,SEA,SFO,666,6.0,679.0
2026,7,SEA,SIT,62,0.0,861.0
2026,7,SEA,SJC,438,0.0,696.0
2026,7,SEA,SLC,411,1.0,689.0
2026,7,SEA,SMF,429,1.0,605.0
2026,7,SEA,SNA,369,1.0,978.0
2026,7,SEA,STL,123,1.0,1709.0
2026,7,SEA,STS,61,0.0,618.0
2026,7,SEA,TPA,92,0.0,2520.0
2026,7,SEA,TUS,93,0.0,1215.0
2026,7,SFB,ABE,54,0.0,882.0
2026,7,SFB,ACY,9,0.0,829.0
2026,7,SFB,ALB,9,0.0,1049.0
2026,7,SFB,ATW,18,0.0,1141.0
2026,7,SFB,AUS,9,0.0,994.0
2026,7,SFB,AVL,41,0.0,465.0
2026,7,SFB,BGR,27,0.0,1299.0
2026,7,SFB,BLV,26,0.0,835.0
2026,7,SFB,BMI,13,0.0,917.0
2026,7,SFB,BNA,13,0.0,598.0
2026,7,SFB,CAK,11,0.0,837.0
2026,7,SFB,CHA,9,1.0,490.0
2026,7,SFB,CID,18,0.0,1078.0
2026,7,SFB,CKB,9,0.0,727.0
2026,7,SFB,COU,9,0.0,936.0
2026,7,SFB,CVG,44,0.0,735.0
2026,7,SFB,DAY,9,0.0,785.0
2026,7,SFB,DSM,17,0.0,1124.0
2026,7,SFB,ELM,18,0.0,954.0
2026,7,SFB,EVV,11,0.0,734.0
2026,7,SFB,EYW,18,0.0,292.0
2026,7,SFB,FAR,9,0.0,1508.0
2026,7,SFB,FNT,18,0.0,988.0
2026,7,SFB,FSD,10,0.0,1334.0
2026,7,SFB,FWA,17,0.0,870.0
2026,7,SFB,GRR,29,1.0,1001.0
2026,7,SFB,GSP,18,0.0,426.0
2026,7,SFB,HGR,13,0.0,780.0
2026,7,SFB,HSV,9,0.0,519.0
2026,7,SFB,HTS,17,0.0,665.0
2026,7,SFB,ICT,9,0.0,1117.0
2026,7,SFB,IND,32,1.0,807.0
2026,7,SFB,LAS,4,0.0,2034.0
2026,7,SFB,LCK,18,0.0,767.0
2026,7,SFB,LEX,28,0.0,667.0
2026,7,SFB,LIT,9,0.0,765.0
2026,7,SFB,LSE,9,0.0,1180.0
2026,7,SFB,MDT,31,0.0,827.0
2026,7,SFB,MEM,9,0.0,671.0
2026,7,SFB,MFE,18,0.0,1059.0
2026,7,SFB,MLI,9,0.0,1018.0
2026,7,SFB,OKC,9,0.0,1061.0
2026,7,SFB,OMA,9,0.0,1195.0
2026,7,SFB,PBG,9,0.0,1175.0
2026,7,SFB,PIA,14,0.0,949.0
2026,7,SFB,PIT,18,0.0,810.0
2026,7,SFB,PSM,9,0.0,1144.0
2026,7,SFB,RAP,9,0.0,1600.0
2026,7,SFB,RFD,16,0.0,1025.0
2026,7,SFB,ROA,9,0.0,594.0
2026,7,SFB,SBN,27,0.0,936.0
2026,7,SFB,SDF,13,0.0,698.0
2026,7,SFB,SGF,18,1.0,914.0
2026,7,SFB,SHV,9,0.0,791.0
2026,7,SFB,SWF,9,0.0,965.0
2026,7,SFB,SYR,9,0.0,1029.0
2026,7,SFB,TOL,9,0.0,895.0
2026,7,SFB,TRI,18,0.0,535.0
2026,7,SFB,TUL,9,0.0,995.0
2026,7,SFB,TVC,9,0.0,1127.0
2026,7,SFB,TYS,53,0.0,511.0
2026,7,SFB,USA,18,0.0,457.0
2026,7,SFB,XNA,14,0.0,920.0
2026,7,SFO,ABQ,61,0.0,896.0
2026,7,SFO,ACV,123,0.0,250.0
2026,7,SFO,ANC,74,0.0,2018.0
2026,7,SFO,ASE,39,0.0,848.0
2026,7,SFO,ATL,318,4.0,2139.0
2026,7,SFO,AUS,251,0.0,1504.0
2026,7,SFO,BFL,62,0.0,238.0
2026,7,SFO,BIH,31,0.0,221.0
2026,7,SFO,BNA,110,0.0,1969.0
2026,7,SFO,BOI,151,0.0,522.0
2026,7,SFO,BOS,509,17.0,2704.0
2026,7,SFO,BUR,269,1.0,326.0
2026,7,SFO,BWI,83,1.0,2457.0
2026,7,SFO,BZN,31,0.0,807.0
2026,7,SFO,CLD,61,0.0,422.0
2026,7,SFO,CLE,53,0.0,2161.0
2026,7,SFO,CLT,143,1.0,2296.0
2026,7,SFO,CMH,48,0.0,2120.0
2026,7,SFO,DAL,31,0.0,1476.0
2026,7,SFO,DCA,90,0.0,2442.0
2026,7,SFO,DEN,514,5.0,967.0
2026,7,SFO,DFW,421,8.0,1464.0
2026,7,SFO,DTW,187,0.0,2079.0
2026,7,SFO,EUG,89,0.0,451.0
2026,7,SFO,EWR,367,14.0,2565.0
2026,7,SFO,FAT,93,0.0,158.0
2026,7,SFO,FCA,28,0.0,844.0
2026,7,SFO,FLL,93,0.0,2584.0
2026,7,SFO,GEG,110,2.0,733.0
2026,7,SFO,HNL,279,2.0,2398.0
2026,7,SFO,IAD,209,0.0,2418.0
2026,7,SFO,IAH,297,0.0,1635.0
2026,7,SFO,IND,51,0.0,1943.0
2026,7,SFO,JAC,64,1.0,737.0
2026,7,SFO,JFK,622,38.0,2586.0
2026,7,SFO,KOA,155,0.0,2368.0
2026,7,SFO,LAS,548,10.0,414.0
2026,7,SFO,LAX,1116,6.0,337.0
2026,7,SFO,LIH,124,0.0,2446.0
2026,7,SFO,MCI,31,0.0,1499.0
2026,7,SFO,MCO,79,0.0,2446.0
2026,7,SFO,MDW,61,1.0,1855.0
2026,7,SFO,MFR,92,0.0,329.0
2026,7,SFO,MIA,176,0.0,2585.0
2026,7,SFO,MRY,84,1.0,77.0
2026,7,SFO,MSO,31,0.0,769.0
2026,7,SFO,MSP,187,0.0,1589.0
2026,7,SFO,MSY,30,0.0,1911.0
2026,7,SFO,OGG,190,0.0,2338.0
2026,7,SFO,OMA,31,0.0,1433.0
2026,7,SFO,ONT,123,0.0,363.0
2026,7,SFO,ORD,523,10.0,1846.0
2026,7,SFO,OTH,31,0.0,412.0
2026,7,SFO,PDX,294,1.0,550.0
2026,7,SFO,PHL,234,4.0,2522.0
2026,7,SFO,PHX,403,3.0,651.0
2026,7,SFO,PIT,56,0.0,2254.0
2026,7,SFO,PSC,49,0.0,620.0
2026,7,SFO,PSP,197,0.0,421.0
2026,7,SFO,PWM,4,0.0,2723.0
2026,7,SFO,RDD,82,0.0,199.0
2026,7,SFO,RDM,140,0.0,462.0
2026,7,SFO,RDU,75,2.0,2400.0
2026,7,SFO,RNO,150,0.0,192.0
2026,7,SFO,SAN,655,10.0,447.0
2026,7,SFO,SAT,31,0.0,1482.0
2026,7,SFO,SBA,152,0.0,262.0
2026,7,SFO,SBP,92,1.0,191.0
2026,7,SFO,SEA,666,5.0,679.0
2026,7,SFO,SLC,296,4.0,599.0
2026,7,SFO,SMF,92,0.0,86.0
2026,7,SFO,SNA,387,6.0,372.0
2026,7,SFO,STL,62,1.0,1735.0
2026,7,SFO,SUN,35,0.0,587.0
2026,7,SFO,TPA,53,0.0,2393.0
2026,7,SFO,TUS,62,0.0,751.0
2026,7,SGF,ATL,62,1.0,563.0
2026,7,SGF,AZA,23,0.0,1066.0
2026,7,SGF,CLT,114,2.0,708.0
2026,7,SGF,DEN,140,0.0,637.0
2026,7,SGF,DFW,271,3.0,364.0
2026,7,SGF,GUF,9,0.0,581.0
2026,7,SGF,IAH,1,0.0,513.0
2026,7,SGF,LAS,15,1.0,1209.0
2026,7,SGF,MIA,4,0.0,1102.0
2026,7,SGF,ORD,151,9.0,438.0
2026,7,SGF,PGD,9,1.0,975.0
2026,7,SGF,PHX,3,0.0,1082.0
2026,7,SGF,PIE,26,0.0,895.0
2026,7,SGF,SFB,18,1.0,914.0
2026,7,SGF,VPS,13,0.0,610.0
2026,7,SGU,DEN,81,0.0,517.0
2026,7,SGU,DFW,50,0.0,976.0
2026,7,SGU,LAX,16,0.0,349.0
2026,7,SGU,ORD,4,0.0,1404.0
2026,7,SGU,PHX,53,0.0,262.0
2026,7,SGU,SLC,128,0.0,272.0
2026,7,SHD,CLT,31,0.0,239.0
2026,7,SHD,ORD,31,0.0,541.0
2026,7,SHR,DEN,62,2.0,359.0
2026,7,SHV,ATL,121,1.0,552.0
2026,7,SHV,BNA,9,0.0,481.0
2026,7,SHV,CLT,66,3.0,764.0
2026,7,SHV,DEN,61,0.0,792.0
2026,7,SHV,DFW,203,4.0,190.0
2026,7,SHV,IAH,146,1.0,192.0
2026,7,SHV,LAS,9,0.0,1243.0
2026,7,SHV,SFB,9,0.0,791.0
2026,7,SHV,VPS,9,0.0,452.0
2026,7,SIT,JNU,62,1.0,95.0
2026,7,SIT,KTN,31,0.0,183.0
2026,7,SIT,SEA,62,0.0,861.0
2026,7,SJC,ATL,89,1.0,2116.0
2026,7,SJC,AUS,89,0.0,1476.0
2026,7,SJC,BNA,31,0.0,1947.0
2026,7,SJC,BOI,62,1.0,523.0
2026,7,SJC,BUR,177,0.0,296.0
2026,7,SJC,BWI,31,0.0,2439.0
2026,7,SJC,DAL,31,0.0,1450.0
2026,7,SJC,DEN,234,1.0,948.0
2026,7,SJC,DFW,93,0.0,1438.0
2026,7,SJC,EUG,30,0.0,471.0
2026,7,SJC,GEG,21,0.0,742.0
2026,7,SJC,HNL,93,0.0,2417.0
2026,7,SJC,HOU,31,0.0,1621.0
2026,7,SJC,IAH,30,0.0,1608.0
2026,7,SJC,JAC,2,0.0,729.0
2026,7,SJC,KOA,18,0.0,2384.0
2026,7,SJC,LAS,301,1.0,386.0
2026,7,SJC,LAX,411,5.0,308.0
2026,7,SJC,LGB,115,0.0,324.0
2026,7,SJC,LIH,13,0.0,2465.0
2026,7,SJC,MDW,61,0.0,1838.0
2026,7,SJC,MSP,58,1.0,1575.0
2026,7,SJC,OGG,53,0.0,2355.0
2026,7,SJC,ONT,119,1.0,333.0
2026,7,SJC,ORD,31,2.0,1829.0
2026,7,SJC,PDX,168,0.0,569.0
2026,7,SJC,PHX,235,3.0,621.0
2026,7,SJC,PSP,2,0.0,390.0
2026,7,SJC,RNO,18,0.0,188.0
2026,7,SJC,SAN,478,3.0,417.0
2026,7,SJC,SEA,438,2.0,696.0
2026,7,SJC,SLC,169,0.0,584.0
2026,7,SJC,SNA,248,4.0,342.0
2026,7,SJT,DFW,92,0.0,229.0
2026,7,SJU,ATL,176,2.0,1547.0
2026,7,SJU,AUS,4,0.0,2146.0
2026,7,SJU,BDL,93,6.0,1666.0
2026,7,SJU,BNA,8,0.0,1753.0
2026,7,SJU,BOS,139,11.0,1674.0
2026,7,SJU,BUF,18,1.0,1845.0
2026,7,SJU,BWI,120,2.0,1565.0
2026,7,SJU,CLT,79,0.0,1475.0
2026,7,SJU,DCA,30,2.0,1554.0
2026,7,SJU,DEN,31,0.0,2733.0
2026,7,SJU,DFW,91,6.0,2165.0
2026,7,SJU,DTW,31,0.0,1930.0
2026,7,SJU,EWR,183,9.0,1608.0
2026,7,SJU,FLL,217,3.0,1046.0
2026,7,SJU,HOU,31,0.0,1997.0
2026,7,SJU,HPN,31,6.0,1624.0
2026,7,SJU,IAD,62,0.0,1572.0
2026,7,SJU,IAH,93,0.0,2007.0
2026,7,SJU,IND,3,0.0,1902.0
2026,7,SJU,JAX,62,2.0,1288.0
2026,7,SJU,JFK,310,30.0,1598.0
2026,7,SJU,MCO,647,11.0,1188.0
2026,7,SJU,MDW,8,0.0,2057.0
2026,7,SJU,MIA,217,2.0,1045.0
2026,7,SJU,MSP,1,0.0,2404.0
2026,7,SJU,ORD,123,3.0,2072.0
2026,7,SJU,ORF,18,1.0,1414.0
2026,7,SJU,PHL,185,7.0,1576.0
2026,7,SJU,PVD,6,0.0,1636.0
2026,7,SJU,RDU,44,0.0,1432.0
2026,7,SJU,RIC,13,0.0,1482.0
2026,7,SJU,STL,4,0.0,2024.0
2026,7,SJU,STT,31,0.0,68.0
2026,7,SJU,STX,31,0.0,94.0
2026,7,SJU,TPA,186,5.0,1237.0
2026,7,SLC,ABQ,120,0.0,493.0
2026,7,SLC,ANC,40,0.0,2125.0
2026,7,SLC,ATL,249,2.0,1590.0
2026,7,SLC,AUS,170,2.0,1086.0
2026,7,SLC,BIL,92,0.0,387.0
2026,7,SLC,BNA,117,0.0,1404.0
2026,7,SLC,BOI,149,0.0,290.0
2026,7,SLC,BOS,123,5.0,2105.0
2026,7,SLC,BTM,31,0.0,357.0
2026,7,SLC,BUR,123,0.0,574.0
2026,7,SLC,BWI,65,0.0,1865.0
2026,7,SLC,BZN,123,0.0,347.0
2026,7,SLC,CDC,55,0.0,221.0
2026,7,SLC,CLE,31,0.0,1565.0
2026,7,SLC,CLT,92,2.0,1727.0
2026,7,SLC,CMH,31,0.0,1528.0
2026,7,SLC,COS,61,0.0,411.0
2026,7,SLC,CVG,86,0.0,1450.0
2026,7,SLC,DAL,61,1.0,999.0
2026,7,SLC,DCA,30,0.0,1851.0
2026,7,SLC,DEN,659,2.0,391.0
2026,7,SLC,DFW,327,5.0,989.0
2026,7,SLC,DTW,151,0.0,1481.0
2026,7,SLC,EKO,51,0.0,200.0
2026,7,SLC,EUG,92,0.0,618.0
2026,7,SLC,EWR,91,3.0,1969.0
2026,7,SLC,FAT,120,0.0,501.0
2026,7,SLC,FCA,71,0.0,532.0
2026,7,SLC,FLL,31,0.0,2084.0
2026,7,SLC,GEG,151,0.0,546.0
2026,7,SLC,GJT,55,0.0,217.0
2026,7,SLC,GTF,92,0.0,463.0
2026,7,SLC,HLN,62,0.0,402.0
2026,7,SLC,HNL,62,5.0,2994.0
2026,7,SLC,HOU,38,0.0,1214.0
2026,7,SLC,IAD,61,2.0,1827.0
2026,7,SLC,IAH,146,0.0,1195.0
2026,7,SLC,IDA,123,1.0,189.0
2026,7,SLC,IND,31,0.0,1355.0
2026,7,SLC,JAC,123,0.0,205.0
2026,7,SLC,JFK,155,12.0,1990.0
2026,7,SLC,LAS,302,3.0,368.0
2026,7,SLC,LAX,336,2.0,590.0
2026,7,SLC,LGB,137,2.0,588.0
2026,7,SLC,LWS,31,0.0,461.0
2026,7,SLC,MCI,89,0.0,920.0
2026,7,SLC,MCO,120,2.0,1931.0
2026,7,SLC,MDW,58,0.0,1259.0
2026,7,SLC,MEM,31,0.0,1262.0
2026,7,SLC,MFR,62,0.0,575.0
2026,7,SLC,MIA,82,0.0,2088.0
2026,7,SLC,MKE,31,0.0,1247.0
2026,7,SLC,MSO,92,0.0,436.0
2026,7,SLC,MSP,148,1.0,991.0
2026,7,SLC,MSY,31,0.0,1429.0
2026,7,SLC,OAK,123,0.0,588.0
2026,7,SLC,OGG,31,2.0,2935.0
2026,7,SLC,OKC,62,0.0,866.0
2026,7,SLC,OMA,89,0.0,840.0
2026,7,SLC,ONT,116,0.0,558.0
2026,7,SLC,ORD,276,10.0,1250.0
2026,7,SLC,PDX,240,5.0,630.0
2026,7,SLC,PHL,77,3.0,1927.0
2026,7,SLC,PHX,447,4.0,507.0
2026,7,SLC,PIH,61,0.0,149.0
2026,7,SLC,PIT,31,0.0,1660.0
2026,7,SLC,PSC,120,0.0,521.0
2026,7,SLC,PSP,92,0.0,541.0
2026,7,SLC,RDM,62,0.0,525.0
2026,7,SLC,RDU,31,0.0,1824.0
2026,7,SLC,RNO,120,0.0,422.0
2026,7,SLC,SAN,271,0.0,626.0
2026,7,SLC,SAT,89,0.0,1087.0
2026,7,SLC,SBA,93,0.0,615.0
2026,7,SLC,SEA,411,1.0,689.0
2026,7,SLC,SFO,296,4.0,599.0
2026,7,SLC,SGU,126,0.0,272.0
2026,7,SLC,SJC,169,0.0,584.0
2026,7,SLC,SMF,206,4.0,532.0
2026,7,SLC,SNA,148,0.0,588.0
2026,7,SLC,STL,93,1.0,1156.0
2026,7,SLC,SUN,93,0.0,222.0
2026,7,SLC,TPA,31,0.0,1888.0
2026,7,SLC,TUL,31,0.0,926.0
2026,7,SLC,TUS,92,0.0,600.0
2026,7,SLC,TWF,85,0.0,175.0
2026,7,SLC,WYS,34,0.0,273.0
2026,7,SLC,XNA,31,1.0,1004.0
2026,7,SLN,DEN,31,0.0,383.0
2026,7,SLN,IAH,21,0.0,621.0
2026,7,SLN,ORD,31,0.0,559.0
2026,7,SMF,ANC,9,0.0,1973.0
2026,7,SMF,ATL,89,0.0,2092.0
2026,7,SMF,AUS,31,0.0,1481.0
2026,7,SMF,BNA,34,0.0,1917.0
2026,7,SMF,BOI,89,0.0,437.0
2026,7,SMF,BUR,200,4.0,358.0
2026,7,SMF,BWI,31,0.0,2395.0
2026,7,SMF,CLT,31,1.0,2244.0
2026,7,SMF,DAL,61,0.0,1442.0
2026,7,SMF,DEN,395,1.0,909.0
2026,7,SMF,DFW,149,1.0,1431.0
2026,7,SMF,EUG,31,0.0,384.0
2026,7,SMF,EWR,31,3.0,2500.0
2026,7,SMF,GEG,58,0.0,649.0
2026,7,SMF,HNL,62,1.0,2462.0
2026,7,SMF,HOU,31,0.0,1624.0
2026,7,SMF,IAD,31,1.0,2357.0
2026,7,SMF,IAH,61,0.0,1609.0
2026,7,SMF,JFK,31,6.0,2521.0
2026,7,SMF,KOA,44,0.0,2435.0
2026,7,SMF,LAS,328,3.0,397.0
2026,7,SMF,LAX,518,2.0,373.0
2026,7,SMF,LGB,147,1.0,387.0
2026,7,SMF,LIH,18,0.0,2508.0
2026,7,SMF,MCI,31,0.0,1442.0
2026,7,SMF,MCO,31,0.0,2408.0
2026,7,SMF,MDW,85,0.0,1790.0
2026,7,SMF,MSP,61,0.0,1517.0
2026,7,SMF,OGG,62,2.0,2403.0
2026,7,SMF,ONT,183,3.0,390.0
2026,7,SMF,ORD,141,6.0,1781.0
2026,7,SMF,PDX,192,0.0,479.0
2026,7,SMF,PHX,277,2.0,647.0
2026,7,SMF,PSP,31,0.0,439.0
2026,7,SMF,SAN,463,4.0,480.0
2026,7,SMF,SBA,31,0.0,310.0
2026,7,SMF,SEA,429,1.0,605.0
2026,7,SMF,SFO,92,0.0,86.0
2026,7,SMF,SLC,206,4.0,532.0
2026,7,SMF,SNA,215,2.0,404.0
2026,7,SMF,STL,31,0.0,1679.0
2026,7,SMX,LAS,9,0.0,310.0
2026,7,SNA,ATL,93,1.0,1919.0
2026,7,SNA,ATW,9,0.0,1729.0
2026,7,SNA,AUS,31,0.0,1209.0
2026,7,SNA,AZA,9,1.0,360.0
2026,7,SNA,BOI,44,1.0,688.0
2026,7,SNA,CLT,31,0.0,2099.0
2026,7,SNA,COS,9,0.0,815.0
2026,7,SNA,CVG,9,0.0,1877.0
2026,7,SNA,DAL,31,0.0,1216.0
2026,7,SNA,DEN,336,1.0,846.0
2026,7,SNA,DFW,281,1.0,1205.0
2026,7,SNA,DSM,9,0.0,1428.0
2026,7,SNA,DTW,27,1.0,1960.0
2026,7,SNA,EUG,9,0.0,776.0
2026,7,SNA,EWR,92,6.0,2433.0
2026,7,SNA,GEG,9,0.0,962.0
2026,7,SNA,GRR,9,0.0,1856.0
2026,7,SNA,IAH,91,0.0,1346.0
2026,7,SNA,IDA,9,0.0,748.0
2026,7,SNA,JFK,62,4.0,2454.0
2026,7,SNA,LAS,308,0.0,226.0
2026,7,SNA,MFR,9,1.0,659.0
2026,7,SNA,MSO,9,0.0,935.0
2026,7,SNA,MSP,49,1.0,1522.0
2026,7,SNA,OAK,218,0.0,371.0
2026,7,SNA,ORD,182,2.0,1726.0
2026,7,SNA,PDX,123,1.0,859.0
2026,7,SNA,PHX,410,2.0,338.0
2026,7,SNA,PSC,9,1.0,871.0
2026,7,SNA,PVU,45,0.0,565.0
2026,7,SNA,SEA,369,1.0,978.0
2026,7,SNA,SFO,404,9.0,372.0
2026,7,SNA,SJC,232,2.0,342.0
2026,7,SNA,SLC,148,0.0,588.0
2026,7,SNA,SMF,216,9.0,404.0
2026,7,SNA,STS,61,0.0,433.0
2026,7,SPI,ORD,62,2.0,174.0
2026,7,SPI,PGD,9,0.0,995.0
2026,7,SPN,GUM,31,3.0,129.0
2026,7,SPS,DFW,62,0.0,113.0
2026,7,SRQ,ABE,9,0.0,1000.0
2026,7,SRQ,ALB,9,0.0,1167.0
2026,7,SRQ,ATL,209,4.0,444.0
2026,7,SRQ,AUS,9,0.0,936.0
2026,7,SRQ,AVL,9,0.0,554.0
2026,7,SRQ,BLV,9,0.0,876.0
2026,7,SRQ,BNA,67,0.0,648.0
2026,7,SRQ,BOS,19,2.0,1220.0
2026,7,SRQ,BWI,92,1.0,880.0
2026,7,SRQ,CAK,18,0.0,934.0
2026,7,SRQ,CLE,1,0.0,967.0
2026,7,SRQ,CLT,92,0.0,547.0
2026,7,SRQ,CMH,10,0.0,869.0
2026,7,SRQ,CVG,31,0.0,812.0
2026,7,SRQ,DAL,4,0.0,934.0
2026,7,SRQ,DCA,31,0.0,851.0
2026,7,SRQ,DEN,4,0.0,1531.0
2026,7,SRQ,DFW,31,0.0,945.0
2026,7,SRQ,DSM,4,0.0,1160.0
2026,7,SRQ,EWR,62,4.0,1034.0
2026,7,SRQ,FNT,9,0.0,1075.0
2026,7,SRQ,FWA,9,0.0,948.0
2026,7,SRQ,GRR,9,0.0,1081.0
2026,7,SRQ,GSP,9,0.0,517.0
2026,7,SRQ,HOU,4,0.0,789.0
2026,7,SRQ,IAD,9,0.0,849.0
2026,7,SRQ,IND,17,0.0,876.0
2026,7,SRQ,JFK,31,4.0,1041.0
2026,7,SRQ,LCK,9,0.0,856.0
2026,7,SRQ,LEX,9,0.0,743.0
2026,7,SRQ,LGA,31,5.0,1047.0
2026,7,SRQ,MCI,4,0.0,1078.0
2026,7,SRQ,MCO,31,0.0,104.0
2026,7,SRQ,MDT,9,0.0,942.0
2026,7,SRQ,MDW,58,0.0,1035.0
2026,7,SRQ,MIA,35,0.0,178.0
2026,7,SRQ,ORD,35,0.0,1050.0
2026,7,SRQ,PHL,35,1.0,957.0
2026,7,SRQ,PIA,9,0.0,1001.0
2026,7,SRQ,PIT,24,0.0,912.0
2026,7,SRQ,RFD,9,0.0,1085.0
2026,7,SRQ,SBN,9,0.0,1009.0
2026,7,SRQ,SDF,9,0.0,765.0
2026,7,SRQ,STL,34,0.0,903.0
2026,7,SRQ,SYR,9,0.0,1142.0
2026,7,SRQ,TYS,9,0.0,586.0
2026,7,STC,AZA,9,0.0,1259.0
2026,7,STL,ATL,330,2.0,484.0
2026,7,STL,AUS,89,0.0,721.0
2026,7,STL,BNA,112,0.0,272.0
2026,7,STL,BOS,150,6.0,1047.0
2026,7,STL,BUR,7,0.0,1583.0
2026,7,STL,BWI,125,4.0,738.0
2026,7,STL,CHS,31,0.0,706.0
2026,7,STL,CLE,58,0.0,487.0
2026,7,STL,CLT,178,2.0,575.0
2026,7,STL,CMH,58,0.0,409.0
2026,7,STL,DAL,189,2.0,546.0
2026,7,STL,DCA,202,13.0,719.0
2026,7,STL,DEN,373,0.0,770.0
2026,7,STL,DFW,223,4.0,550.0
2026,7,STL,DTW,177,2.0,440.0
2026,7,STL,ECP,45,0.0,634.0
2026,7,STL,EWR,92,13.0,872.0
2026,7,STL,FLL,71,0.0,1057.0
2026,7,STL,HOU,150,3.0,687.0
2026,7,STL,IAH,26,0.0,667.0
2026,7,STL,JAX,39,0.0,753.0
2026,7,STL,LAS,192,2.0,1371.0
2026,7,STL,LAX,92,1.0,1592.0
2026,7,STL,LGA,204,13.0,888.0
2026,7,STL,MCI,92,0.0,237.0
2026,7,STL,MCO,232,2.0,882.0
2026,7,STL,MDW,169,3.0,251.0
2026,7,STL,MIA,100,0.0,1068.0
2026,7,STL,MKE,58,0.0,317.0
2026,7,STL,MSP,186,2.0,448.0
2026,7,STL,MSY,58,0.0,604.0
2026,7,STL,MYR,26,0.0,728.0
2026,7,STL,OMA,66,0.0,342.0
2026,7,STL,ORD,309,16.0,258.0
2026,7,STL,ORF,4,0.0,785.0
2026,7,STL,PDX,39,2.0,1708.0
2026,7,STL,PHL,150,6.0,814.0
2026,7,STL,PHX,197,1.0,1262.0
2026,7,STL,PIT,58,0.0,554.0
2026,7,STL,PNS,35,0.0,598.0
2026,7,STL,RDU,61,0.0,668.0
2026,7,STL,RSW,65,0.0,979.0
2026,7,STL,SAN,38,0.0,1557.0
2026,7,STL,SAT,54,0.0,786.0
2026,7,STL,SAV,31,0.0,689.0
2026,7,STL,SEA,123,1.0,1709.0
2026,7,STL,SFO,62,0.0,1735.0
2026,7,STL,SJU,4,0.0,2024.0
2026,7,STL,SLC,93,1.0,1156.0
2026,7,STL,SMF,31,0.0,1679.0
2026,7,STL,SRQ,34,0.0,903.0
2026,7,STL,TPA,103,0.0,869.0
2026,7,STL,VPS,34,0.0,610.0
2026,7,STS,BUR,92,0.0,387.0
2026,7,STS,DEN,4,0.0,977.0
2026,7,STS,DFW,30,0.0,1495.0
2026,7,STS,LAS,31,0.0,454.0
2026,7,STS,LAX,85,1.0,399.0
2026,7,STS,ONT,31,0.0,423.0
2026,7,STS,PDX,62,1.0,489.0
2026,7,STS,PHX,61,0.0,699.0
2026,7,STS,SAN,111,6.0,508.0
2026,7,STS,SEA,61,0.0,618.0
2026,7,STS,SNA,61,0.0,433.0
2026,7,STT,ATL,66,1.0,1599.0
2026,7,STT,BWI,8,0.0,1598.0
2026,7,STT,CLT,64,0.0,1520.0
2026,7,STT,DFW,25,0.0,2225.0
2026,7,STT,EWR,8,0.0,1634.0
2026,7,STT,IAD,35,0.0,1606.0
2026,7,STT,IAH,31,0.0,2070.0
2026,7,STT,JFK,62,0.0,1623.0
2026,7,STT,MCO,31,0.0,1246.0
2026,7,STT,MIA,66,0.0,1107.0
2026,7,STT,ORD,4,0.0,2116.0
2026,7,STT,PHL,4,0.0,1605.0
2026,7,STT,SJU,44,1.0,68.0
2026,7,STX,ATL,4,0.0,1638.0
2026,7,STX,CLT,3,0.0,1562.0
2026,7,STX,MIA,62,0.0,1139.0
2026,7,STX,SJU,31,0.0,94.0
2026,7,SUN,DEN,61,0.0,557.0
2026,7,SUN,LAX,53,0.0,696.0
2026,7,SUN,ORD,31,1.0,1341.0
2026,7,SUN,SFO,35,0.0,587.0
2026,7,SUN,SLC,93,0.0,222.0
2026,7,SUX,DEN,49,2.0,466.0
2026,7,SUX,ORD,31,0.0,436.0
2026,7,SWF,FLL,9,0.0,1118.0
2026,7,SWF,MYR,22,2.0,601.0
2026,7,SWF,PGD,9,0.0,1101.0
2026,7,SWF,PIE,12,0.0,1055.0
2026,7,SWF,SFB,9,0.0,965.0
2026,7,SWO,DFW,62,0.0,225.0
2026,7,SYR,ATL,116,2.0,794.0
2026,7,SYR,BNA,13,0.0,741.0
2026,7,SYR,BOS,62,3.0,265.0
2026,7,SYR,CLT,91,1.0,603.0
2026,7,SYR,DCA,88,6.0,298.0
2026,7,SYR,DEN,61,0.0,1492.0
2026,7,SYR,DFW,31,0.0,1336.0
2026,7,SYR,DTW,120,0.0,374.0
2026,7,SYR,FLL,40,0.0,1197.0
2026,7,SYR,JFK,31,8.0,209.0
2026,7,SYR,LGA,30,2.0,198.0
2026,7,SYR,MCO,36,2.0,1053.0
2026,7,SYR,MSP,31,0.0,860.0
2026,7,SYR,MYR,13,0.0,668.0
2026,7,SYR,ORD,187,7.0,607.0
2026,7,SYR,PIE,17,0.0,1111.0
2026,7,SYR,SFB,9,0.0,1029.0
2026,7,SYR,SRQ,9,0.0,1142.0
2026,7,TLH,ATL,190,6.0,223.0
2026,7,TLH,DCA,31,6.0,716.0
2026,7,TLH,DFW,90,4.0,767.0
2026,7,TLH,MIA,123,0.0,402.0
2026,7,TOL,PGD,9,0.0,1017.0
2026,7,TOL,PIE,12,0.0,945.0
2026,7,TOL,SFB,9,0.0,895.0
2026,7,TPA,ALB,4,0.0,1130.0
2026,7,TPA,ATL,545,9.0,406.0
2026,7,TPA,AUS,141,2.0,928.0
2026,7,TPA,BDL,39,0.0,1111.0
2026,7,TPA,BHM,31,0.0,459.0
2026,7,TPA,BNA,218,1.0,612.0
2026,7,TPA,BOS,215,12.0,1185.0
2026,7,TPA,BUF,31,0.0,1053.0
2026,7,TPA,BWI,195,3.0,842.0
2026,7,TPA,CLE,92,2.0,927.0
2026,7,TPA,CLT,215,3.0,507.0
2026,7,TPA,CMH,69,1.0,829.0
2026,7,TPA,CVG,62,0.0,773.0
2026,7,TPA,DAL,116,2.0,917.0
2026,7,TPA,DCA,177,10.0,814.0
2026,7,TPA,DEN,273,2.0,1506.0
2026,7,TPA,DFW,272,4.0,929.0
2026,7,TPA,DTW,140,1.0,983.0
2026,7,TPA,EWR,161,6.0,997.0
2026,7,TPA,FLL,93,6.0,197.0
2026,7,TPA,HOU,93,1.0,781.0
2026,7,TPA,HPN,31,2.0,1032.0
2026,7,TPA,IAD,108,2.0,811.0
2026,7,TPA,IAH,109,0.0,787.0
2026,7,TPA,IND,56,0.0,837.0
2026,7,TPA,ISP,24,0.0,1034.0
2026,7,TPA,JFK,217,25.0,1005.0
2026,7,TPA,LAS,113,6.0,1984.0
2026,7,TPA,LAX,86,1.0,2158.0
2026,7,TPA,LGA,194,12.0,1010.0
2026,7,TPA,MCI,49,0.0,1048.0
2026,7,TPA,MDW,130,2.0,997.0
2026,7,TPA,MHT,3,0.0,1204.0
2026,7,TPA,MIA,230,1.0,204.0
2026,7,TPA,MKE,31,0.0,1075.0
2026,7,TPA,MSP,112,1.0,1306.0
2026,7,TPA,MSY,58,0.0,487.0
2026,7,TPA,OMA,3,0.0,1190.0
2026,7,TPA,ORD,215,2.0,1012.0
2026,7,TPA,PHL,216,6.0,920.0
2026,7,TPA,PHX,92,0.0,1788.0
2026,7,TPA,PIT,67,0.0,873.0
2026,7,TPA,PVD,31,0.0,1136.0
2026,7,TPA,RDU,119,3.0,587.0
2026,7,TPA,SAN,62,0.0,2087.0
2026,7,TPA,SAT,31,0.0,972.0
2026,7,TPA,SDF,34,0.0,727.0
2026,7,TPA,SEA,92,1.0,2520.0
2026,7,TPA,SFO,53,0.0,2393.0
2026,7,TPA,SJU,186,4.0,1237.0
2026,7,TPA,SLC,31,0.0,1888.0
2026,7,TPA,STL,106,0.0,869.0
2026,7,TPA,TTN,32,0.0,955.0
2026,7,TPA,TYS,3,0.0,547.0
2026,7,TRI,ATL,62,1.0,227.0
2026,7,TRI,DFW,60,2.0,868.0
2026,7,TRI,ORD,31,0.0,481.0
2026,7,TRI,PIE,9,0.0,590.0
2026,7,TRI,SFB,18,0.0,535.0
2026,7,TTN,FLL,9,0.0,1026.0
2026,7,TTN,MCO,50,3.0,896.0
2026,7,TTN,PGD,9,0.0,1008.0
2026,7,TTN,PIE,9,0.0,964.0
2026,7,TTN,TPA,31,0.0,955.0
2026,7,TUL,ATL,140,3.0,674.0
2026,7,TUL,AUS,27,0.0,426.0
2026,7,TUL,BNA,62,0.0,515.0
2026,7,TUL,CLT,61,1.0,842.0
2026,7,TUL,DAL,85,0.0,237.0
2026,7,TUL,DCA,30,4.0,1050.0
2026,7,TUL,DEN,236,0.0,541.0
2026,7,TUL,DFW,241,2.0,237.0
2026,7,TUL,HOU,35,0.0,453.0
2026,7,TUL,IAH,70,0.0,429.0
2026,7,TUL,LAS,70,0.0,1076.0
2026,7,TUL,LAX,30,0.0,1283.0
2026,7,TUL,LGA,58,8.0,1231.0
2026,7,TUL,MCO,31,0.0,1006.0
2026,7,TUL,MDW,62,1.0,583.0
2026,7,TUL,MIA,35,0.0,1168.0
2026,7,TUL,ORD,186,6.0,585.0
2026,7,TUL,PHX,92,0.0,935.0
2026,7,TUL,PIE,9,0.0,961.0
2026,7,TUL,SFB,9,0.0,995.0
2026,7,TUL,SLC,31,0.0,926.0
2026,7,TUL,VPS,13,0.0,669.0
2026,7,TUS,ATL,62,0.0,1541.0
2026,7,TUS,DEN,150,0.0,639.0
2026,7,TUS,DFW,152,0.0,813.0
2026,7,TUS,LAS,89,0.0,364.0
2026,7,TUS,LAX,217,0.0,451.0
2026,7,TUS,ORD,93,3.0,1437.0
2026,7,TUS,PHX,330,0.0,109.0
2026,7,TUS,SAN,58,0.0,367.0
2026,7,TUS,SEA,93,0.0,1215.0
2026,7,TUS,SFO,62,0.0,751.0
2026,7,TUS,SLC,92,0.0,600.0
2026,7,TVC,ATL,11,0.0,769.0
2026,7,TVC,AZA,9,0.0,1599.0
2026,7,TVC,BOS,75,4.0,749.0
2026,7,TVC,CLT,59,2.0,702.0
2026,7,TVC,DCA,34,3.0,599.0
2026,7,TVC,DEN,38,0.0,1032.0
2026,7,TVC,DFW,42,0.0,1022.0
2026,7,TVC,DTW,98,1.0,207.0
2026,7,TVC,EWR,31,3.0,644.0
2026,7,TVC,IAH,23,0.0,1149.0
2026,7,TVC,LGA,34,8.0,655.0
2026,7,TVC,MSP,35,0.0,376.0
2026,7,TVC,ORD,367,15.0,224.0
2026,7,TVC,PHL,35,1.0,627.0
2026,7,TVC,PIE,9,0.0,1172.0
2026,7,TVC,SFB,9,0.0,1127.0
2026,7,TWF,SLC,85,0.0,175.0
2026,7,TXK,DFW,62,0.0,181.0
2026,7,TYR,DFW,92,0.0,102.0
2026,7,TYS,ATL,153,2.0,152.0
2026,7,TYS,AUS,9,0.0,882.0
2026,7,TYS,BNA,62,0.0,152.0
2026,7,TYS,BOS,14,0.0,830.0
2026,7,TYS,BWI,31,0.0,464.0
2026,7,TYS,CLT,60,2.0,176.0
2026,7,TYS,DAL,31,0.0,762.0
2026,7,TYS,DCA,90,7.0,437.0
2026,7,TYS,DEN,114,0.0,1162.0
2026,7,TYS,DFW,175,3.0,772.0
2026,7,TYS,DTW,1,0.0,443.0
2026,7,TYS,EWR,13,0.0,631.0
2026,7,TYS,EYW,9,0.0,787.0
2026,7,TYS,FLL,43,0.0,709.0
2026,7,TYS,GUF,9,0.0,436.0
2026,7,TYS,HOU,9,0.0,782.0
2026,7,TYS,IAD,9,0.0,420.0
2026,7,TYS,JAX,9,0.0,390.0
2026,7,TYS,LAS,9,0.0,1739.0
2026,7,TYS,MCO,40,0.0,532.0
2026,7,TYS,MDW,9,0.0,459.0
2026,7,TYS,MIA,40,1.0,724.0
2026,7,TYS,ORD,213,9.0,475.0
2026,7,TYS,PGD,18,0.0,624.0
2026,7,TYS,PHL,40,0.0,555.0
2026,7,TYS,PHX,9,0.0,1599.0
2026,7,TYS,PIE,51,0.0,550.0
2026,7,TYS,SFB,53,0.0,511.0
2026,7,TYS,SRQ,9,0.0,586.0
2026,7,TYS,TPA,3,0.0,547.0
2026,7,TYS,VPS,17,0.0,395.0
2026,7,USA,FLL,18,0.0,643.0
2026,7,USA,PGD,9,0.0,588.0
2026,7,USA,PIE,17,0.0,528.0
2026,7,USA,SFB,18,0.0,457.0
2026,7,VCT,IAH,54,0.0,123.0
2026,7,VPS,ATL,229,7.0,250.0
2026,7,VPS,AVL,9,0.0,412.0
2026,7,VPS,BLV,53,0.0,587.0
2026,7,VPS,BNA,62,0.0,389.0
2026,7,VPS,BOS,26,1.0,1187.0
2026,7,VPS,BWI,31,1.0,819.0
2026,7,VPS,CAK,13,0.0,774.0
2026,7,VPS,CKB,4,0.0,705.0
2026,7,VPS,CLT,121,4.0,460.0
2026,7,VPS,COU,9,0.0,659.0
2026,7,VPS,CVG,49,0.0,600.0
2026,7,VPS,DAL,61,0.0,630.0
2026,7,VPS,DCA,30,2.0,789.0
2026,7,VPS,DEN,13,0.0,1210.0
2026,7,VPS,DFW,128,1.0,641.0
2026,7,VPS,DSM,9,0.0,860.0
2026,7,VPS,EVV,9,0.0,524.0
2026,7,VPS,EWR,10,0.0,988.0
2026,7,VPS,HOU,31,0.0,527.0
2026,7,VPS,HTS,8,0.0,589.0
2026,7,VPS,IAD,4,0.0,778.0
2026,7,VPS,ICT,13,0.0,796.0
2026,7,VPS,IND,9,0.0,637.0
2026,7,VPS,JFK,22,5.0,1001.0
2026,7,VPS,LAS,9,0.0,1695.0
2026,7,VPS,LCK,21,1.0,675.0
2026,7,VPS,LEX,13,0.0,532.0
2026,7,VPS,LIT,9,0.0,443.0
2026,7,VPS,MCI,17,0.0,764.0
2026,7,VPS,MDW,9,0.0,782.0
2026,7,VPS,MEM,9,0.0,373.0
2026,7,VPS,MIA,31,1.0,499.0
2026,7,VPS,MSP,31,0.0,1058.0
2026,7,VPS,OKC,17,0.0,726.0
2026,7,VPS,OMA,9,0.0,911.0
2026,7,VPS,ORD,31,0.0,796.0
2026,7,VPS,PHL,4,1.0,908.0
2026,7,VPS,PIA,13,0.0,724.0
2026,7,VPS,PIT,21,0.0,775.0
2026,7,VPS,SDF,13,0.0,532.0
2026,7,VPS,SGF,13,0.0,610.0
2026,7,VPS,SHV,9,0.0,452.0
2026,7,VPS,STL,34,0.0,610.0
2026,7,VPS,TUL,13,0.0,669.0
2026,7,VPS,TYS,17,0.0,395.0
2026,7,VPS,XNA,35,0.0,601.0
2026,7,VRB,BOS,31,4.0,1144.0
2026,7,VRB,CLT,31,0.0,522.0
2026,7,VRB,JFK,30,7.0,972.0
2026,7,WRG,KTN,31,1.0,82.0
2026,7,WRG,PSG,31,0.0,31.0
2026,7,WYS,DEN,44,0.0,469.0
2026,7,WYS,SLC,34,0.0,273.0
2026,7,XNA,ATL,113,3.0,589.0
2026,7,XNA,BNA,9,0.0,426.0
2026,7,XNA,CLT,118,1.0,754.0
2026,7,XNA,DCA,31,0.0,963.0
2026,7,XNA,DEN,139,1.0,616.0
2026,7,XNA,DFW,308,5.0,280.0
2026,7,XNA,FLL,9,0.0,1092.0
2026,7,XNA,GUF,13,1.0,563.0
2026,7,XNA,IAH,24,0.0,438.0
2026,7,XNA,LAS,9,0.0,1163.0
2026,7,XNA,LAX,61,0.0,1371.0
2026,7,XNA,LGA,79,13.0,1147.0
2026,7,XNA,MIA,32,0.0,1099.0
2026,7,XNA,MSP,58,0.0,596.0
2026,7,XNA,ORD,247,11.0,522.0
2026,7,XNA,PHL,62,6.0,1067.0
2026,7,XNA,PHX,61,0.0,1023.0
2026,7,XNA,PIE,9,0.0,892.0
2026,7,XNA,SFB,14,0.0,920.0
2026,7,XNA,SLC,31,1.0,1004.0
2026,7,XNA,VPS,35,0.0,601.0
2026,7,XWA,DEN,111,0.0,582.0
2026,7,XWA,MSP,89,0.0,553.0
2026,7,YAK,CDV,31,0.0,213.0
2026,7,YAK,JNU,31,0.0,199.0
2026,7,YUM,DFW,31,0.0,1022.0
2026,7,YUM,PHX,91,1.0,160.0
